-0.01178835380020444,-0.07042429235423306,0.7125381604790246,0.008322695926622659,-0.002931094908565837,0.6881139780259967,0.725548960898152,0.005522028883722824,-0.02480402775828907,-0.009011889260730379,0.02187287163948657,-0.004646321516431791,0.148709012607499,0.03205113093785734,-0.03736234583905284,0.02519097930943585,0.03555620009118973,0.07045329769979541,0.2158408991604127,0.2485371280209514,-0.04152892265883154,-0.04496072296709601,0.05864260879433234,-0.1359586279050542,0.01136225004225703,-0.01347183939278301,-0.09595282790809247,0.05706980491253286,0.4786568022632884,0.4502105083194363,-0.001387830140456998,0.0008237325915582502,0.06022335951903292,0.05627720664141604,2.959296695645447e-11,-2.976270870624179e-11
-0.01255602907456875,-0.05900452183841687,0.7117771013237678,0.007897127974579435,-0.004693383319784228,0.6862730965662225,0.7272859440771388,0.02068572070702628,-0.01745405278435387,-0.006557060922883571,0.02436144943310839,-0.003932024586335182,0.1099893974761679,0.04224556690299101,-0.04782011892394047,0.0332387816104838,0.05193726236348763,0.09940016776893884,0.1902935592222603,0.2410970360861065,-0.07018893573606304,-0.07466691218378438,0.07563224501539147,-0.1755936752936134,0.01488038679503888,-0.01712517905225014,-0.1697974898264951,0.1182450023278907,0.700525671875683,0.6470008817343441,-0.002318270351924559,0.001538903238173431,0.05769411045838404,0.05228305445158272,2.373315899874116e-09,-5.243056253916862e-10
-0.01287736620047687,-0.05382712881432671,0.7117829668832421,0.00605024966077032,-0.003333185459771048,0.6844583164739233,0.7290192709136128,0.02374248525538588,-0.01845229594711491,-0.002202990494000991,0.02435407728860636,-0.004050567544747689,0.08572835202125888,0.04544792123388487,-0.05016044131115201,0.0376761969282553,0.05769155105649569,0.1097442195770255,0.1558276123540063,0.221020339949053,-0.08980570795257338,-0.09265136732461689,0.07890802949199423,-0.1939471861371957,0.01591536429627968,-0.01787723391505437,-0.2297254607498317,0.1654233861356752,0.8289298308073698,0.7565395418801411,-0.002668024156447478,0.001794733570224882,0.04420774747178952,0.03956054515366655,0.001309393830990752,-4.432816813765553e-10
-0.01294800878526319,-0.05136129604107587,0.7126748735573644,0.003245676823793786,-0.001851231960564032,0.6863338586374427,0.727277026318048,0.01979374679716734,-0.02180367674036121,-0.0028982425924323,0.0257585825279758,-0.002186985234321486,0.06956777242140413,0.04584066333938211,-0.05074677949469587,0.04159191575623088,0.05901077409765713,0.1141659211155137,0.1248736951831738,0.2079160998363937,-0.1018918296904223,-0.1026026790308255,0.08258062930003751,-0.2017061813521704,0.01602674309167059,-0.01798674146843996,-0.2700700991629758,0.2015911665966407,0.8955848115927616,0.8259954046251222,-0.001968914822875685,0.001767554678520309,0.02365110573878356,0.02831155708737733,0.01603964563203529,-7.599206420258301e-10
-0.01272003158666428,-0.0510354163232743,0.7117949261161317,0.00099126695456403,-0.0004354297011467335,0.6878306778311581,0.7258703647519505,0.01377158712874164,-0.02723561951277863,-0.006412056635850654,0.02734269150903951,-0.001257029262998463,0.06164046400938198,0.04601979249981709,-0.05137854139918583,0.0409156398940581,0.06078019644385998,0.1181870657004293,0.1073898798679618,0.195830187273097,-0.1096087115171188,-0.1097854823481244,0.0874416689276179,-0.2052837516289185,0.01611752253322362,-0.01817119115883899,-0.3009978233217084,0.2312943035744815,0.9343976499118153,0.8731908659938665,-0.0008779940171692352,0.001617228894464423,0.007685243839472001,0.019963462123134,0.03405926097257254,-1.382469505673355e-08
-0.0126957408797019,-0.05040792378901271,0.7111253948732642,-0.0007479065339105561,0.001378953568140825,0.6890004472117045,0.7247592171645316,0.008652580667220706,-0.03255027284133807,-0.00719416270907366,0.02739940024817087,-0.001475467094707204,0.05543849575196066,0.04503182857079875,-0.05176157925100608,0.04136819119492401,0.06165502369689237,0.1217624403628168,0.09710375019364315,0.188198899826788,-0.115773308399486,-0.1151857362809922,0.09082604862391845,-0.2073136634041934,0.01578597527707852,-0.01831900975894476,-0.3264890931038862,0.2548181725470919,0.9581326841557029,0.9041631301425114,0.0003759473640677189,0.001391794316562613,-0.003068630076144248,0.01356533349458352,0.05182915209738859,-0.001488732911783934
-0.0127199676473892,-0.04972154014939387,0.7114428833234533,-0.002008604914137252,0.002948801372528384,0.6887048265454148,0.725033055777331,0.004400271113918802,-0.03751186937148845,-0.006640171272325918,0.02655496508493963,-0.002379049858231813,0.04946046036078722,0.04461633116611167,-0.05193766493110146,0.03941799734313053,0.06289590824084607,0.1240440115929047,0.09123717553698187,0.1825070047835124,-0.1194993957230798,-0.1190186545228366,0.09560329930222504,-0.2099767914680672,0.01565580192902239,-0.0184323726708212,-0.3466969935174569,0.2710644695857319,0.9731874359059784,0.9209204362872689,0.001622339614969297,0.001090412916933157,-0.009521686552472436,0.00766850332675571,0.06731853073896138,-0.009154021026622775
-0.0133979333150578,-0.04960602491772645,0.7115425820128409,-0.003007568352336482,0.004467388871350925,0.6884605113607184,0.7252538323002619,0.0009534347941263572,-0.04122426220276418,-0.004991919322967583,0.02504855082634418,-0.003630307754788778,0.04461844360155912,0.04403575006966792,-0.05202017891829577,0.03878329144936187,0.06342284391399175,0.1243255296954689,0.08777551804626711,0.1798807647563171,-0.1218511358642752,-0.120663301227091,0.1001930272050228,-0.2114550355426511,0.01544190993278071,-0.01852689482096179,-0.3637956284964729,0.28440384069812,0.9837280571821553,0.9280036806262881,0.002838299144757374,0.0007810638141955048,-0.01336333400970104,0.002887286618463845,0.081279212426404,-0.01993950196818577
-0.01431505016466157,-0.04910936383854683,0.7119314858574871,-0.003962331422782187,0.005529762257700654,0.6887551845032622,0.7249620800282911,-0.002372542868080194,-0.04335680669741807,2.55686420478022e-05,0.02343971658283699,-0.005282146180982631,0.04133885272155767,0.04401150801113264,-0.05202508493353613,0.04253515786379296,0.06451603333915372,0.1238596953003974,0.08467121388824395,0.1827446111812981,-0.1228858177504289,-0.1213496057662347,0.1042813046268616,-0.2155731755641778,0.01542950824609429,-0.01858670401182844,-0.3796724685961063,0.2945234324166514,0.9930060241302636,0.9256206164617476,0.003860821313122214,0.0004752813367334888,-0.01456710888462332,-0.001156494807069329,0.09193431264507899,-0.03212264663737619
-0.01511681653709242,-0.04942824398865875,0.7113853871168945,-0.005184010962328712,0.006739778132965274,0.6885811585991942,0.7251094327363644,-0.004963692051601934,-0.04666197887081355,0.003688518479701329,0.02313192723986609,-0.006260101342641855,0.03954705994307205,0.04394332334719748,-0.05231426182996044,0.04285206757517569,0.06401444308225442,0.1236593927679798,0.08294289647579103,0.1864438755634284,-0.1235905216445055,-0.1217636846770587,0.11006792005208,-0.2181257865222215,0.01539044060667388,-0.01872546743161702,-0.3925370001713036,0.3042891495760085,0.9992919085819666,0.9203121865746816,0.004806478780453875,0.0001634440046210463,-0.0154488200734115,-0.003910554834729817,0.1020876715379943,-0.04485589554631205
-0.01534066609353319,-0.04819267654548651,0.7108559331967286,-0.006208750954387967,0.007510362839434917,0.6883293772082996,0.7253328300398659,-0.005644498027158155,-0.04950224129716169,0.005073912861700967,0.02236864456881181,-0.006762569824740005,0.03587610818242521,0.0435446677992967,-0.05225348046171252,0.04145431887660607,0.0631712549421691,0.1264726374663115,0.08301561184045608,0.1903039040306571,-0.1261092371708148,-0.123686563912779,0.1139690300616626,-0.2189903808904473,0.01521428052053277,-0.01876874071040895,-0.4030897788136447,0.3140539926124928,1.002560002698585,0.9129112113497091,0.005684844376494864,-0.0001695549141785158,-0.01625520629452374,-0.005886548651581168,0.1112437162191829,-0.05734705667918302
-0.01592733052276823,-0.0473974737955302,0.7109080961494512,-0.006703880231100337,0.008462562439120212,0.6891118663728345,0.7245745500988561,-0.006485870402645581,-0.05509541286085155,0.006495150635295358,0.02143985701548378,-0.008337365372181906,0.03352913793057076,0.04317287667180113,-0.05201559965275996,0.04144028425797345,0.0625806935321071,0.135056645935483,0.08203838193558065,0.1934862326532094,-0.1273142644424266,-0.1271460288620997,0.1170175025028096,-0.2201839008582037,0.01504494766915566,-0.01887920937769668,-0.4129037730885212,0.32162574820609,1.006673666067827,0.9056157427472733,0.006450197859817037,-0.0005511495157505063,-0.0162479226028076,-0.007315510958115111,0.1188000869694639,-0.07038839429113422
-0.01628038848047421,-0.04682480971060323,0.7112360660595279,-0.006583328902100705,0.008754570363298193,0.68986361715791,0.7238564823223769,-0.006590549344510844,-0.06311294192251848,0.007205889086373515,0.01986660657712826,-0.01018639820272666,0.03309262997315891,0.04262500590027407,-0.05149846945088594,0.04309832408032195,0.06281120592757379,0.1506456571710465,0.07899234700473365,0.195025727564874,-0.1288749037958158,-0.1314872881419893,0.11712290469378,-0.2219547847268508,0.01482838660400118,-0.01900395769372874,-0.4222616632305922,0.3258200442300497,1.011071990798238,0.9016725480894744,0.007131556512819545,-0.000954841556721309,-0.01600384653677698,-0.007799629303512488,0.1248215310797191,-0.08260176013651178
-0.01668141003002028,-0.04640216526925599,0.7109973350635127,-0.006805131775441391,0.00930062635384179,0.6909252124770207,0.7228343788825549,-0.007164292437070572,-0.07113158273938959,0.006399479712061137,0.01882474953939274,-0.01137796373665512,0.03306963052949372,0.04223956575783881,-0.05077674875235509,0.04308921359797809,0.06221778816415256,0.1655733491649472,0.07657189804963159,0.1958849518326924,-0.1295814917283549,-0.1371988855110862,0.1180212300880109,-0.2220729771703702,0.01466788238520573,-0.0191000495516224,-0.4294676982171649,0.3288599192365211,1.015529207324012,0.8964529268829035,0.007831729178697655,-0.001356350385607895,-0.01612794655302723,-0.008269784478640086,0.1312725506045757,-0.09264233465207525
-0.01629376683748259,-0.04527491384956476,0.7106142496607772,-0.006932545689481492,0.01035391632195699,0.6910387981429605,0.7227102570796915,-0.00722826428363038,-0.07694229310834885,0.004099304952535744,0.01840549743533799,-0.01201663982758541,0.03149636735791835,0.04187781628850246,-0.0502750418137287,0.04039977150336465,0.06201357255840403,0.1759370743887467,0.07671730690640163,0.1969131399757333,-0.1301602635138834,-0.1434529762620735,0.1202428803535873,-0.2212664715562815,0.01452349099584402,-0.0192583126246278,-0.4352099773342059,0.3330902643004878,1.016822311247501,0.892934767247916,0.00851536581201741,-0.001735316652212948,-0.01674179074617925,-0.008240913469425232,0.1374402988299375,-0.1003519123688829
-0.01609210073866426,-0.04433009915526621,0.7105680146181315,-0.007539716810393726,0.01097313769779213,0.6918782760719295,0.7218914004330701,-0.008504866421902353,-0.0798386795306989,0.001705066741768371,0.01760338175061587,-0.01212685051263445,0.0290637788039997,0.0409213846873484,-0.04977729454206506,0.03829400680575618,0.0625286654971616,0.1819534257826017,0.0775449511131964,0.1993718197491353,-0.131357778542955,-0.1486000084551906,0.118737613156073,-0.2217228512594946,0.01420461362536727,-0.01927874227267618,-0.4391501180269243,0.3377275837666156,1.013891893398309,0.8897097817401165,0.009385631858083214,-0.002077221206844658,-0.01841040347911245,-0.00813605187905787,0.1445075756524534,-0.10658554106297
-0.0161513108206349,-0.04379007623211507,0.7104698342623038,-0.007362826363071132,0.01114408651298574,0.693231242682511,0.7205914531082088,-0.01030505627564915,-0.08017282359514326,0.003010075326920943,0.01716868499313561,-0.01318592245120732,0.02812555462919226,0.0405467187551555,-0.05013346074511876,0.03985383631624707,0.06568758993724473,0.185807709333284,0.07665902748182256,0.2042364207148694,-0.1315028686148694,-0.1520533707468953,0.1158423490562998,-0.2261574627012148,0.01413730257997389,-0.01957993758100998,-0.4444667088569731,0.3418202656351088,1.011005371580692,0.8859466510811869,0.01020526314945808,-0.002323563460366758,-0.0193334687967866,-0.007855233078719794,0.149549036096945,-0.1108140948731765
-0.01618944906080583,-0.04274134862866912,0.709872332637735,-0.007683198484231843,0.0110672005815707,0.6940686136661022,0.7197827762984844,-0.009975941006130992,-0.07861516428625626,0.004076181139732744,0.01718483655830403,-0.01330598839681885,0.02585880448682948,0.03973487858994468,-0.0505483913938012,0.04050589420112678,0.06714600134811259,0.1870315518948945,0.07783100523418968,0.2092045789624907,-0.1343558051722918,-0.1558279113610958,0.1147121134744823,-0.2302539959530269,0.01392244133369661,-0.01977734613227299,-0.4491019205867071,0.3463480759719457,1.007889844115354,0.8839058201535319,0.01101387250527155,-0.002466314664521011,-0.0200769664310869,-0.00714579603738604,0.1540218927064889,-0.1130050222876012
-0.0165986384457821,-0.04003088949727698,0.7093949481172135,-0.005151635918702382,0.008825713244001826,0.696601094806799,0.7173858669830796,-0.003996048173576417,-0.06769164621135185,0.001319663464219643,0.01581911791619098,-0.01535148551338417,0.02753112812049774,0.03912590723304878,-0.05179187265547392,0.04080074873623252,0.07308971029473627,0.1892014227428039,0.07928752829750903,0.2134349837647437,-0.1386208625527618,-0.1609948841674748,0.1144245173164031,-0.2359780819326166,0.01386811850787592,-0.02018380397904437,-0.4545867430874955,0.3515259312532319,1.003327731361316,0.884336972747411,0.01172678654275395,-0.002472580445646668,-0.02063077634588415,-0.005924873287493234,0.1571581306045174,-0.1127378597199096
-0.01752847281099191,-0.03868487400707409,0.7093378659346126,-0.003704508079082119,0.007102066856110928,0.6980957216957231,0.7159596361642121,-0.0001490977845524107,-0.06038991960723003,0.001641184359837678,0.01505444074380469,-0.0157941029032168,0.03020005590245831,0.03846175319320645,-0.05272135151713889,0.04226019563246174,0.07751814115505831,0.1899971819684434,0.07992309662736412,0.2141522692481136,-0.141620273567254,-0.1651794574547534,0.1150483932759087,-0.2389758697954633,0.01376445928920803,-0.02047190845712548,-0.459290787267279,0.3541372776167556,0.9997181586538713,0.8856676376237309,0.01232901190483123,-0.002477145647666949,-0.02076060959528669,-0.005159534669971889,0.1596789836272954,-0.1135433375271346
-0.01768377006709031,-0.03786521429551305,0.7089103889816405,-0.002399942818805116,0.005754692110078369,0.6987050479613435,0.7153826806308086,0.004068698654862036,-0.05564675165240724,0.0004196337308706236,0.01461896027065143,-0.01652088375772274,0.03275936908486658,0.03816500931192781,-0.05338193470340426,0.04254027346762719,0.08018367562145723,0.1926847439039198,0.08156396784626174,0.2125702273303869,-0.1460015831365228,-0.1694017368567137,0.1174390455034428,-0.2406737344396799,0.01374026869020724,-0.02072738952955133,-0.4624918092094408,0.3570283326057153,0.9970584993723781,0.8888341817329583,0.01280541397235117,-0.002464266446698374,-0.02059471419010252,-0.004412782564588135,0.1618998693674861,-0.1140677722508039
-0.01802319350738184,-0.03682567154524671,0.7091116215012634,-0.001039597538927393,0.00467218589676247,0.6997738211055116,0.7143484368368805,0.006756625672141963,-0.05282320658945838,0.001142874164098968,0.01372419702479107,-0.01742859024370345,0.03538455995954722,0.03769504554843334,-0.05386177715980453,0.04384881619931424,0.08310047609272118,0.1977596069158799,0.08128045802220299,0.2123433030402023,-0.149112457368514,-0.1723603631370683,0.1174843495039257,-0.2427660580550309,0.01363981671042378,-0.02098141245394134,-0.46543505895101,0.3578348321186611,0.9951472675919633,0.8929199485256423,0.01325372750898248,-0.002443455373898463,-0.02046788152895245,-0.003845963763820778,0.1640475118852298,-0.1153447002170168
-0.01813097738730445,-0.03642288806820128,0.7088540948284103,-0.000253674455311562,0.003569485580054365,0.7000503494528512,0.7140845206646798,0.01016912832937264,-0.05193412871759014,-0.0002052003603322306,0.0136775178293095,-0.0179398263107781,0.03760037633112998,0.03722200072657216,-0.054032359341944,0.04394602934335615,0.08355641201062197,0.2032528153696845,0.08219557583285135,0.2102089399865445,-0.1514460374057475,-0.1757401708824727,0.1186246028537011,-0.2432769848166331,0.01350561740610207,-0.02112054086379306,-0.4671638567841436,0.3592801222228329,0.9937445933245491,0.8953336963668319,0.01370109173900628,-0.002420369623013282,-0.02050414490445861,-0.003711199081621058,0.1666536573550063,-0.1164024572738872
-0.01847581164383897,-0.03593677276651559,0.7093713479310565,0.000451820696813424,0.003235230724381253,0.701191277794888,0.7129657222367638,0.01423417581136232,-0.0518634581467816,0.002355642845921727,0.01213873869263215,-0.0199042985881597,0.03886493788979799,0.03701438625812266,-0.05427075843987859,0.04809554807867321,0.07963657898651219,0.2091373203011541,0.08139408006849302,0.2115022870616818,-0.153767321550871,-0.1787298109727101,0.1177731890440581,-0.246236609656883,0.01333636001426693,-0.0213434382722767,-0.4700251294964153,0.3582399850028197,0.9960164857266454,0.8957216529076026,0.01395550298204746,-0.002399632738066483,-0.01955418219906432,-0.003893488231555269,0.1676864170073941,-0.1182516465802921
-0.01870134965743199,-0.03613353571073223,0.7087275474860056,0.001185332207862909,0.002893248108540876,0.7016149499630085,0.7125494271216168,0.01842751679663835,-0.05403512910354195,0.001551784753441712,0.01172116903094007,-0.02103008101147848,0.04087279955146639,0.03760357587559865,-0.05431429392966182,0.0497870073515785,0.07434731291455007,0.2163499548296124,0.07961392837298999,0.2107042046562075,-0.1529760383027624,-0.1819599345470999,0.1177155565735943,-0.2473603289215433,0.01338731665403412,-0.02152765508897013,-0.4729764200538025,0.3580162913317594,0.9996114182991613,0.8939801388477269,0.0141357202260627,-0.002383672551988389,-0.01874991971572624,-0.004248424320538013,0.1685244285321459,-0.1196047179579512
-0.01860646359610176,-0.03574443583807387,0.7091659417569105,0.00173927425626105,0.002857943712138804,0.7022466364465482,0.7119258870713364,0.02362820050484929,-0.05734723125482611,-0.0001889523800379492,0.01035198097948993,-0.02179367551393845,0.04148802990108496,0.03767282267856636,-0.05412738020912754,0.05071561928325027,0.0667588293424794,0.2251344807799474,0.0767961124872792,0.2102762190698485,-0.1515104764550642,-0.1853951830479261,0.1155605917378185,-0.2471916267315318,0.01318828699023223,-0.02166111232033532,-0.4756987200199381,0.3566428850155292,1.004460345529973,0.8917344634246619,0.01427359182836581,-0.002406537049671145,-0.01807597705998725,-0.004631380204995925,0.1687067007377818,-0.1217972128859422
-0.01873919861097506,-0.03575493750797161,0.7087114054033704,0.002673763777677897,0.002968467125794362,0.7032347823423322,0.7109464678118296,0.02687491707320943,-0.06209462919677566,-0.002583640792502161,0.009381060386544429,-0.02400299913454229,0.04379415352932222,0.03823352605241409,-0.05360103316043869,0.05298899983871035,0.06291532429422603,0.2380165242118567,0.07415297964229434,0.2105278787412974,-0.150445359767356,-0.1896954933826948,0.1146335093138339,-0.2493608472323865,0.01321910860204344,-0.02190671067049579,-0.4782821615798689,0.3551025049114883,1.010126000354346,0.8904179696219932,0.01435096042962216,-0.002402609843575955,-0.0175152827080656,-0.004599781769402205,0.168951707405555,-0.1233600963641987
-0.0180720942180733,-0.03565734979679355,0.7086662224725977,0.003140892023041329,0.002811331762744884,0.7035575752330794,0.710625759132871,0.02796336425838607,-0.06662910461311779,-0.007104715399010828,0.01070889172531984,-0.02035602574310128,0.04643081258841999,0.03816936140845244,-0.05048165478732178,0.05303709409092483,0.06163001507909298,0.2489728271771152,0.07089852337943138,0.2081493506362533,-0.1481404464267788,-0.200654227913405,0.1146170668034703,-0.2504846371476959,0.01313884555462459,-0.02064728863910879,-0.4807219493107738,0.3543586352313071,1.014746255450109,0.8962258828534299,0.0142289080559477,-0.002288584118976297,-0.0168343730682048,-0.003160037771550331,0.1674413287992414,-0.1206454405095708
-0.01690956013894784,-0.03506958534061303,0.7076098380395958,0.003581295863478517,0.003555809247787727,0.7039436374420507,0.7102379079191607,0.02937679834782207,-0.07346608128456759,-0.01155117309731463,0.01136190910673501,-0.02084091617291688,0.04805454554936879,0.0377712023166674,-0.04908158166897501,0.05100477767875192,0.06098623477650799,0.2638542609780166,0.07051713471192182,0.206216249148073,-0.1500904352674172,-0.213279290049666,0.1170893617850185,-0.2503014516088977,0.01297606215665285,-0.02034972023773815,-0.4820135608400913,0.3543490988741431,1.016584822678591,0.8987684262480767,0.01406758795981899,-0.002181906858900931,-0.01675990867112285,-0.002795443712241409,0.1663863415056284,-0.1191012265072348
-0.01546071010403683,-0.03517428876612219,0.7071704285687787,0.004706712788586609,0.004334711353579891,0.7044412499948489,0.7097334587279239,0.02923725956459861,-0.08188274299702201,-0.0173450793697165,0.01110487588365855,-0.02142349000768241,0.05064212610225027,0.03722254119898506,-0.04768213818760608,0.04735856787025026,0.06172953107423414,0.2817112438230128,0.06834305137217236,0.2033422557322551,-0.1506062893470628,-0.2247063376725191,0.1191185269300325,-0.2490444276073036,0.01278798822915195,-0.02025067999981174,-0.4833062855197744,0.3548965586647954,1.018703538232002,0.9000150785035252,0.013830855500078,-0.002087021244173846,-0.01640812007834329,-0.002748431904794137,0.1646751288464076,-0.1184553009659577
-0.01225682143360835,-0.03538772563927543,0.7074870179214822,0.00350776314066303,0.006154282497374208,0.7052615514232859,0.7089118171456245,0.02640574069191617,-0.09372059719118953,-0.02349423022435143,0.01434142900704326,-0.02050892067157276,0.04892213091067983,0.03599639802259785,-0.04274638679115076,0.04482343499497107,0.05889887001944023,0.2968769200872668,0.06667697904893403,0.1980950986461479,-0.1507190102845181,-0.2325309656411804,0.1214949028121262,-0.2448185530567087,0.01236844620886571,-0.01932805092791514,-0.4852622288621585,0.3533931319376501,1.024188918495824,0.896263041129283,0.01336007681326421,-0.002047716497606059,-0.0150143941840259,-0.003559644952975745,0.1608399960875904,-0.1171572569472273
-0.009598046188713915,-0.03498512634506446,0.7074266827753583,0.002999653259807962,0.008558810931202395,0.7057251425185619,0.7084276759507074,0.02297975241886614,-0.1045649767132707,-0.02620406596709334,0.01519945258694087,-0.01976954725320971,0.04692802371261035,0.03476713001079355,-0.04072434897980282,0.04459480518282442,0.0583798491912178,0.3111912696606491,0.06338522278034529,0.1996176294381998,-0.1529256131368083,-0.2420734141773558,0.1202824648181739,-0.2447013928464842,0.01196578024979772,-0.01908596803185688,-0.4873408774952246,0.3508336694111382,1.029527005965086,0.8929143336920297,0.01292463746730287,-0.002000134691867913,-0.01426566185571888,-0.003916940227612282,0.1573886408067648,-0.1159103674960113
-0.004424142530027182,-0.0365011495979527,0.7062759111520746,0.003300234028662378,0.01081034561778876,0.7054418085980132,0.7086777120560124,0.0188427140712724,-0.116143848718773,-0.03742128695812505,0.01956921444524947,-0.01615772814663998,0.05052745060208563,0.03410061009947262,-0.03917084875189355,0.03497528002635235,0.05797375060555211,0.3250654615608248,0.06051007754546796,0.1965418678787129,-0.1519549768958909,-0.2531164714481463,0.1262117843909338,-0.2421186926633934,0.01182791381160608,-0.01872910350155034,-0.4880763504798526,0.3547018463386394,1.033017548606491,0.8908730606277347,0.01264115129061183,-0.001880223285086365,-0.01446313467554137,-0.003562952187159681,0.1563839431684436,-0.1111651907688016
2.369745154349879e-05,-0.03622005972501553,0.7059177660003977,0.003407038824132688,0.01359589917513465,0.7054944562193904,0.7085768242440454,0.0149855090649163,-0.123448072389815,-0.04618765813293243,0.0223063703528801,-0.01346688841506581,0.05081919625928359,0.03394553891625103,-0.03830579651669552,0.02716861625155165,0.05797936080296429,0.3329281859126445,0.05973037986355866,0.194131009741548,-0.1503202778233358,-0.2631859631994437,0.1317306896131118,-0.2395719573099845,0.01184227227856113,-0.0186006287529176,-0.4879682933940981,0.3585516678315279,1.0368215682362,0.8887670788216979,0.01228586163955344,-0.001758487532342521,-0.01419106167001087,-0.003319378103352714,0.1550002137467535,-0.106350959439003
0.005285932890918685,-0.03551547680544249,0.706169323134655,0.003205945520108514,0.01629496779373888,0.7034885860349231,0.7105124947926726,0.006656633604923079,-0.125269323122205,-0.05260002483898028,0.02627083990231935,-0.008592084339550367,0.0492182733872485,0.03363161193359324,-0.0379834627653926,0.01734511999364978,0.06878501293507829,0.3307724810343403,0.05944821284963491,0.1918752102195274,-0.1499081330509109,-0.271623621539023,0.1382948722359442,-0.2348741292370758,0.01204016403123156,-0.01832121455223939,-0.4852499912836687,0.3631752563428352,1.040462627110584,0.8874243968433754,0.0120068351486356,-0.001644453552197387,-0.01417704370628577,-0.003059834912079417,0.1551146071532695,-0.1010980870649066
0.00706201504547348,-0.03547154999919716,0.7065616448768745,0.005264079127265803,0.01649847917668669,0.6984837985993086,0.7154162933216428,-0.01884766154265715,-0.1195643645518801,-0.04247255742391415,0.0284520471775861,-0.004798978221906349,0.05740828518419418,0.03381083557532835,-0.04030388632904772,0.01986761937261967,0.1211392667852879,0.3238877235554248,0.05521499021787373,0.1902086433702961,-0.1554157646767936,-0.2757678035100822,0.1459710409709568,-0.2381677108651316,0.01323715443141565,-0.0189626285016517,-0.4823234164760836,0.3645190474234103,1.0441043376129,0.8929669538810607,0.0117049257915672,-0.001542303671424258,-0.01387054683567276,-0.002005357168228277,0.1577677422919277,-0.09801828378038756
0.01232126909210189,-0.03155479701665757,0.7055253146008839,0.008243543438413724,0.01352784142612012,0.6942591770884008,0.7195507185226524,-0.05559309389023358,-0.09482976608874458,-0.03991572683645291,0.03609519523334107,0.006773700715427248,0.0664249145793348,0.02973196589984642,-0.03821195834413822,0.01464344653626595,0.2119985973372711,0.3080485651153989,0.04933551824458154,0.1914422522596213,-0.1564957918251735,-0.2887617286704927,0.1516652258564738,-0.2380198075658093,0.01491684061919064,-0.01761351281879522,-0.4718296425331431,0.3689914479000647,1.046735469433996,0.8904481985059238,0.01191123440276211,-0.001386784370578241,-0.0151224534755954,-0.002182652112835248,0.1684357093378265,-0.09125235165145699
0.01883007986325986,-0.0282683736044676,0.7074721119810519,0.01215541866248567,0.01400171741572583,0.6846369151013637,0.7286484009363076,-0.09555809234116087,-0.07280078118218136,-0.02219089030833929,0.03609459033163074,0.00736934606769677,0.07373146208329955,0.02593346771666651,-0.03853011189106071,-0.00129901721495314,0.3168012513309271,0.2869929394592376,0.03607829380940369,0.1974274607382039,-0.1622302639594151,-0.2849426949346073,0.1628991926828386,-0.2345230331839234,0.01687345516074094,-0.01708982246734011,-0.4557417267637786,0.3812596698242296,1.062910704566706,0.881843709906081,0.01202928043400845,-0.001292361446106572,-0.01335120001721284,-0.003271831060171897,0.1792171100337828,-0.08837519165881644
0.02343350597280195,-0.0255974236162445,0.7079375668629226,0.01492088712848497,0.01346958248268213,0.680918215599564,0.73208354792315,-0.1553686472370147,-0.04804516176757978,-0.006599703820110271,0.03818287830294987,0.0103881246508205,0.08686931292893985,0.02266364655605889,-0.03506583756880354,-0.005740365184720923,0.4341715913481085,0.2535010598260596,0.02379966594997241,0.2020128476786906,-0.1582041921467803,-0.2784631290522863,0.1667195453590724,-0.2393121894945557,0.01986090160581322,-0.01567517829662427,-0.4368002563382755,0.3906727276644862,1.075802230694883,0.8791908201936099,0.012716479466039,-0.001147501143722758,-0.01385099520280004,-0.002695808008175648,0.2020342142217369,-0.08284923938346557
0.02721453077887039,-0.02204691271985816,0.7090572807106813,0.01660838680657578,0.01331695095077925,0.6756155614071078,0.736946696504989,-0.2149321933627977,-0.02390875244940118,0.01402415922629349,0.03444597988322748,0.01369669272569002,0.09942940550684522,0.02148126046193999,-0.03642262342129835,-0.004755942482648926,0.5412125762831783,0.2195327625681038,0.01777183297669968,0.2054982575243948,-0.1587853147291753,-0.2708413935198936,0.1687098535246745,-0.2468856399673027,0.02334507541278042,-0.01508237677452077,-0.4147690334420879,0.3988998044197808,1.091996398684442,0.8860921589295467,0.01324628897406012,-0.0009663447116002157,-0.01264344269650433,-0.0007885418207409635,0.228788019662194,-0.07414998148244349
0.03092842306305954,-0.01874153903598566,0.7103724044235737,0.01689367214713866,0.01288051057650014,0.6703468784333538,0.7417437285635329,-0.272349561758784,-0.001156368465342947,0.03844595111350103,0.03050815258935834,0.0193348615379632,0.1120929668033437,0.01610750474228346,-0.03543795123622167,-0.002955282762380568,0.6102150870025965,0.1854746923198614,0.01628150367053088,0.2061939116618021,-0.1732571762641975,-0.2700030092581128,0.1699050185840477,-0.2531128610065239,0.02366371504351091,-0.01345897384195999,-0.3901542850960204,0.4061480626928599,1.103013626431759,0.9004534404872111,0.01321147383522119,-0.0007767561225611757,-0.01086400828414676,0.001384366432432731,0.2548196896135642,-0.06138833931506039
0.03688222880906601,-0.01516021859379499,0.7115598524492278,0.01494383323044891,0.01192148077095744,0.6626022138046239,0.7487274980964836,-0.3240859363924542,0.01529799013331131,0.06516053361428302,0.0318811468936509,0.03278084136869418,0.1217709408484293,0.01040461589874363,-0.02913612459404337,-0.007402171840046978,0.6283462760012817,0.158807774380245,0.02097322149778724,0.1957686049331539,-0.1817893080634556,-0.2671677966752765,0.1762250195942808,-0.249100860557451,0.0214112077784959,-0.01111660808405518,-0.366363971571579,0.4110688505889238,1.107566946746144,0.9210937262055705,0.0119262002790868,-0.000615288781231315,-0.007936494861445046,0.003297546924447909,0.2688104708098879,-0.04911069844749674
0.03865636795264659,-0.009510748913764615,0.7124082185828184,0.01339982314197974,0.01244678545367443,0.6563206906012404,0.754260348527181,-0.3636993099735238,0.02990461609760412,0.09006369210325794,0.02922416182169124,0.03586936790670044,0.1270116971351016,0.006314814954775375,-0.02641051183987599,-0.00152449807945143,0.5976658635710289,0.1386120956586127,0.0258751177308392,0.1899050297679485,-0.172391801601048,-0.2673033700930589,0.173137827279265,-0.2551220862405877,0.0188151894835797,-0.009426175769523362,-0.3450040899712056,0.4092532595049811,1.112811607925494,0.9403409469812812,0.01012821072916993,-0.0004940677042043514,-0.004671352535315913,0.004077519649258539,0.2765426156128615,-0.03928856056942189
0.04060404289654253,-0.0007075209681608442,0.7116701143528567,0.01215970254192989,0.01345511481743656,0.652876667501267,0.7572470921382144,-0.3860167620061463,0.04871929933012226,0.1033446050599079,0.03170557272604993,0.03554791912995495,0.1264519092464114,0.004405397938169523,-0.02154248835909578,-0.004992965405075714,0.5262275888806426,0.1248499013951044,0.03654365882329184,0.183733691562985,-0.1384840784282036,-0.2733591815417707,0.1749059992167612,-0.2600814264058106,0.01631752075057216,-0.006691265891795615,-0.3259697974007403,0.4070006115940278,1.12143315880068,0.95578478133617,0.007924648521155748,-0.00039780329108635,-0.001002275383977862,0.003983450187859067,0.2774473802748763,-0.03143084967146011
0.04127682490658845,0.008826265963521282,0.710195013889471,0.01076409948690254,0.01550728763149278,0.6480046373947218,0.7614024219212108,-0.4012855928388031,0.06267546424683726,0.1240342377976423,0.03648742342802543,0.03354081039890262,0.1233943229269704,-0.001298903099264089,-0.02360398844578566,-0.0009462782183993613,0.4361035303917797,0.1140299545968551,0.04125860576050269,0.1828319647441781,-0.1006365197640224,-0.2846835870801158,0.1694377740852746,-0.2735050680250536,0.0128801621729193,-0.008714906953522292,-0.3090036756648594,0.4000544066939082,1.112145479129785,0.9611314502574537,0.006233279577775039,-0.0003244766042825842,-0.001629940240443265,0.002668772516005218,0.2790712283092402,-0.02514467979075808
0.04203178319962596,0.01760655631721248,0.7077825277583154,0.007386027007327044,0.01774610826713795,0.6473459583508822,0.7619538912908025,-0.4230452239897639,0.07457347840985995,0.1267020006461471,0.03719937519928724,0.03677733101587188,0.1228956463652826,0.003970639867402092,-0.026604529717679,-0.005063671461121541,0.3440410706183534,0.1010308860214683,0.05257999737346976,0.1716340655177318,-0.07023246331652971,-0.2962964246195356,0.1706018432974079,-0.2765021570105299,0.01206159168781007,-0.01078451413423928,-0.2921621520801989,0.3952568810300207,1.115990854840106,0.9596165637055251,0.004383806226243377,-0.0002614069005256263,0.0007025925452966758,0.001139879607221509,0.2787147776184662,-0.02011574410837333
0.04282305328214262,0.02820660119622495,0.7051312798440225,0.002471731046397993,0.02071009535500419,0.6470309251626731,0.7621784334256357,-0.4273292541150533,0.08353531828499793,0.1299567261067631,0.0433702780363779,0.04098195445698315,0.1153489918410539,0.008498828335185764,-0.03049833998778664,-0.005853135948879122,0.2376385665321861,0.09293213132494431,0.06602640893038025,0.1641244648295892,-0.04031437070890196,-0.310549154179297,0.1702775883954742,-0.2768977669750465,0.01460649812037867,-0.01130742308950913,-0.2793008109689472,0.3912182210587295,1.118262174984721,0.9558081095374918,0.002648427822277735,-0.0002092501635677462,0.002256834732916543,8.600527411972756e-05,0.2730994888145323,-0.01609259529435192
0.0402544275634979,0.04032671570518278,0.7014360191110273,-0.00309864244277205,0.02629445282742825,0.6507147978268,0.7588604957795239,-0.4250934622471372,0.09264569586960954,0.1198675789587414,0.04464241801592577,0.03643403984172443,0.0999219348668838,0.01645731311189912,-0.03175631838022466,-0.004796337693271832,0.1308337705771054,0.08393589688902522,0.07879464579402368,0.1601504781480795,-0.0196339390638612,-0.3269241004302551,0.1667116321542843,-0.2827596272098728,0.01200518305065287,-0.01055442140264526,-0.2655064889902699,0.3865163406413483,1.124161941826739,0.9497374470745998,0.001294025298089582,-0.0001662658974469887,0.003571303381535147,-0.0007273350220205803,0.2705668283880458,-0.01287407641755108
0.03543535838923305,0.05748838921852458,0.6990617780598523,-0.005333303873189275,0.02710579710099799,0.6510722456864282,0.758512862468493,-0.421235449684243,0.1168927773727143,0.1236763559486401,0.03908950369737924,0.02877056405541225,0.08891587547532348,0.0248859981799124,-0.03384490211946813,0.01002584566952154,0.07581519872484065,0.07934938443549623,0.09679182228296269,0.1659720542266455,-0.004088629869764198,-0.3402736190350509,0.1565314093418311,-0.2974389308457905,0.01196087530356497,-0.0108753291714525,-0.2559106096835035,0.3803585658285813,1.137464453716331,0.9439600858599242,-0.0003945771011118376,-0.0001308253007480521,0.006418753562449987,-0.001097521432546294,0.2664231376988326,-0.01029926113947439
0.03304518998297077,0.0752952784577046,0.6947619033022215,-0.006551965106263552,0.02893596822132973,0.6483352409198159,0.7607767063191307,-0.4243434338404918,0.1407076492566885,0.1287176893037383,0.0366482559198353,0.02149581293727032,0.08259444218748238,0.03177944463569739,-0.03446096792536042,0.006713905204139723,0.06314617805765259,0.0768083800359166,0.09569572053253356,0.1779042982984775,0.009886555455367018,-0.3546493881991751,0.1570694065465219,-0.2802248044296456,0.01300281807472086,-0.01109900940445741,-0.2438342410679063,0.3974849776293032,1.139503860615731,0.9303375988442081,-0.001045209716797409,-0.0001182929848791855,0.005142554409801033,-0.002285664871332315,0.2447584717272794,-0.008239408917261506
0.02827507205939031,0.09175168225354555,0.6910622755119424,-0.009939304375708845,0.03118767600133406,0.6477221425851638,0.7611731505374105,-0.4367446976745871,0.1562508605329888,0.1334732599157736,0.02929593357776185,0.01361153875365212,0.07882022783047685,0.03555030830621172,-0.0345324137271841,0.009614519534123109,0.0786442848969635,0.07930014941034119,0.1012064292855269,0.1740407991522389,0.01997700660405951,-0.3712621885431842,0.1532802210421637,-0.2858241824578173,0.01408995353751049,-0.01122808741885542,-0.2314643586659539,0.4045231370497653,1.145318026044646,0.915356629033041,-0.001695922683074876,-0.0001029451499459934,0.005378704685476144,-0.0030556538746902,0.2280979297583682,-0.006591527142198265
0.02562909959688454,0.1109238002757324,0.6857054267103078,-0.01287030975152026,0.03224427414540464,0.6420249646527015,0.7658972559517584,-0.4471412782712798,0.1727754689301066,0.1438227909787211,0.02411825865976501,0.006215465861605961,0.07863980113409667,0.03163736815493882,-0.03380119105956744,0.004619753862736745,0.1252397260851622,0.08876551182872873,0.1110936898216529,0.1690608510151983,0.02627642300830161,-0.3821591967512308,0.1519147111369326,-0.2908389363860301,0.01351927355584507,-0.01130437223506355,-0.2145357423989502,0.4093189371820181,1.151425546230242,0.9089568612385867,-0.002341866664062314,-8.681740645879738e-05,0.005992048801328859,-0.002345146880227304,0.2121880848446412,-0.00527322172935399
0.02262272661875332,0.131002695542407,0.6822595213730911,-0.01816672499463285,0.03401720065897901,0.638525945208813,0.7686334740677692,-0.4588744470876179,0.180763603073843,0.1520736651638546,0.02388329649378585,-3.929775586451188e-05,0.07209440557418467,0.02854868737324594,-0.03320924434215734,0.002284617042137818,0.1755208609794323,0.1064510074671252,0.1217589841594289,0.1653909610664502,0.04569220979188893,-0.3788359104765984,0.1486095477570024,-0.2853326228599227,0.01365515834461577,-0.01206823290125745,-0.199553202180286,0.4167340102973319,1.160716824490297,0.9044961158009318,-0.002908179637445483,-7.402056427007644e-05,0.007040640973188693,-0.001738958025569047,0.1970472942081437,-0.004218577453024094
0.0178656580888744,0.1535292248149261,0.6818348200952358,-0.02072066555185673,0.0342573450720662,0.6352288573343261,0.7712855418957547,-0.4763268765317579,0.1919582910692344,0.1576091857753411,0.02213927767707487,-0.01134052337409424,0.07001319552185514,0.02472430718504619,-0.03145315806302078,-0.003839094283659972,0.2521785096290874,0.1349345150649349,0.1301798582040865,0.1636450461184625,0.03826572910523062,-0.3647915256867562,0.146005754198209,-0.2817116350203341,0.0144857403038806,-0.01317590168591621,-0.1835750031230098,0.4245390474872155,1.171829502019789,0.8980074783036484,-0.003556381894380676,-6.388408868757272e-05,0.008583110173443403,-0.001692209404153794,0.1861721522750722,-0.003374861968277295
0.01210083988055957,0.1775154555598541,0.6851909169384728,-0.02323505976829962,0.03314083937995387,0.6348837370036284,0.7715467952438551,-0.4740021518611721,0.1930787496474804,0.161263733722015,0.0185321055225013,-0.02137330076453475,0.06693150700826159,0.0161506741684802,-0.03054764914355141,-0.00452653619620468,0.3076231338208814,0.1772666537675357,0.1312822200267891,0.1754747110473183,0.01129875989989755,-0.3292524971911255,0.1425016555496725,-0.2842956517924115,0.01381407761355312,-0.01340212257542393,-0.1667276859672557,0.4315657808483649,1.171771061400805,0.885627971159159,-0.003989737077947829,-5.703438783374518e-05,0.00789100342523627,-0.002419451125829871,0.1787836720606816,-0.002699889580790754
0.003834569355939809,0.2012398015497598,0.6904243270213717,-0.02393646404589072,0.03436449421860548,0.6425054192436419,0.765135879088565,-0.4609114966238217,0.1786749634397517,0.158577292024199,-0.003492444129706215,-0.03072842246053731,0.06634995792233865,0.01885800232493003,-0.03046993153801742,-0.003381115018792265,0.3435313846200499,0.2406907071706217,0.1226345330717917,0.2009512529355079,-0.01922459882846251,-0.2828401238196663,0.1379479467517812,-0.28984640996797,0.008354860004714292,-0.01454103225319496,-0.1530750771173783,0.4373722969593575,1.177883112601115,0.8794237612998325,-0.004222689992169406,-4.953962764814751e-05,0.008173566944668045,-0.001995180610089138,0.1765765492361024,-0.002159911691059437
0.002227632545524076,0.231205351761847,0.6969746173477923,-0.02151783445057345,0.0290632505033938,0.6514912172715812,0.7577938400968485,-0.4149618829274775,0.1571661759564183,0.1382434657142738,-0.01247342208519468,-0.0295821386298608,0.06084280744260883,0.01774842197757403,-0.0234258158293783,-0.01172180105744418,0.3621730910020193,0.363354746383197,0.1196560661081324,0.2202577284475121,-0.05517848600215216,-0.2079290929608108,0.1417622381675862,-0.2804834497296189,0.0110583766618643,-0.01558502121142735,-0.1392179088969195,0.4449017576695848,1.186809284696239,0.8694497194776444,-0.003969497503448092,-4.493210990960114e-05,0.007407658831271553,-0.002263152105769925,0.1705874487183226,-0.001727929358169167
-0.002327565749979204,0.2599203197005607,0.7023490996014531,-0.02002011931655867,0.01922661844545326,0.6655690508665528,0.7458199316821049,-0.3408355721350566,0.1037854689560608,0.09975958221205357,-0.01999999982733127,-0.01424746065781466,0.06602825836636313,0.01190800127025745,-0.02905885170898612,-0.006638239152544385,0.3368654522871402,0.5421376242516175,0.1065075549213702,0.2286096162279486,-0.08999343651455685,-0.1195950369625649,0.1414929315070079,-0.2786135897328292,0.01094245926489233,-0.02097436436375464,-0.1303597438375612,0.4525068874225076,1.179519239229595,0.8671286955383783,-0.003197267631406649,-3.959546569308586e-05,0.002997496189895483,-0.001426752313861042,0.1552812825046347,-0.001382343648871678
-0.006323504200638426,0.2879821323530986,0.7061060366762578,-0.01928707188800221,0.008095941263778269,0.6790996288983339,0.7337480212056354,-0.2562679574131417,0.02072454804494162,0.06416454364353662,-0.01999999988768766,0.002881809003101246,0.07523002460482688,0.006734141044137893,-0.03469301789759929,0.01303724718704928,0.2890772494251641,0.7336097493373037,0.09748166705613029,0.2322909517112283,-0.1246724723869532,-0.0260808916543776,0.1314779621336161,-0.286542234140002,0.01005368639699231,-0.02567401092468763,-0.1314571384358562,0.4427749823938827,1.172010846775419,0.8617974788893359,-0.002469120924722245,-1.945749308387521e-05,0.0002386423893204538,-0.001901883219462244,0.1320307570973096,-0.02375081583110578
-0.006658738963940846,0.3175661140881264,0.708254882416377,-0.013908143368642,-0.001839195005898838,0.6928551481203483,0.720940305873446,-0.1597390451813015,-0.07052050589661334,0.01691693231191203,-0.01999999944999224,0.02147817771493405,0.08682208545447584,0.004898760556544767,-0.0380367032849616,0.006860387863175194,0.234928394724468,0.9092477314944624,0.09929975044330387,0.225558816734519,-0.141746110370359,0.01244351246632012,0.1329281215033003,-0.286603547167011,0.01248646028865026,-0.03021256030093095,-0.1339914108739041,0.4297142562009598,1.162423243687843,0.8680445597994934,-0.00162728023862163,-1.19917873469207e-06,-0.002533318607267415,5.849287188238376e-05,0.1238796495687889,-0.03230339595837902
-0.01026865793916755,0.3393437192403042,0.7107339520804004,-0.0115817905192943,-0.009277368266946013,0.7027333293308307,0.7112985733248823,-0.08984159721700634,-0.1872489428176836,-0.01878687433176236,-0.01999999997973791,0.02873195433039618,0.1110266735079923,0.006409827319417986,-0.04595834542762003,0.01968318714077835,0.1894687462469844,1.039076495067737,0.06631253001161601,0.2163215363561903,-0.1518234794531549,0.01214344736095296,0.1408360033044105,-0.2900486475833455,0.01082600827020085,-0.0292695926306533,-0.1478136579007986,0.4075443122352438,1.150895500417699,0.8762818271688207,-0.001279659878161683,0.0001064003030629835,-0.002735213940636748,0.002621159544379213,0.09910371965969823,-0.05192012701390171
-0.01274839078545523,0.3614173225509061,0.7117605309579262,-0.009937667017463984,-0.01375638287274065,0.7112348236905895,0.7027496213263473,-0.03353977384967313,-0.2949035281697335,-0.05107196190478348,-0.01999999957996121,0.03346812244905568,0.1275485833963787,0.008625739943651831,-0.0508046960062501,0.02421935743677675,0.1599742126951392,1.096463323605552,0.03215365641562853,0.2132647248606017,-0.1616182429728293,-0.001349012708850653,0.1570162467308999,-0.2845410203740961,0.01007920097808091,-0.0252880333035515,-0.158727270541451,0.3874949611697905,1.139272745700919,0.8908832551874156,-0.001004941302021985,0.0004008386458557128,-0.002852233144937336,0.006335211827581701,0.07928297578264039,-0.07153119741030725
-0.0171707199592115,0.3805177513923329,0.7116555227317213,-0.0141381994518923,-0.01301274363284365,0.7111388069758716,0.7027889989408902,0.008879215099272855,-0.400519474979579,-0.06187247425819929,-0.01999999994923863,0.02423316836196729,0.1319823401761842,0.01871994742594275,-0.07425935291127185,0.04040881727138232,0.1229093624746509,1.094302151441869,-0.0003267901091718561,0.209922534922939,-0.1796069180421851,-0.04828103861943679,0.1780919373071569,-0.2799434816225245,0.008309573754940108,-0.0198428894518494,-0.1673147319157717,0.3611197883617129,1.127681532510696,0.9111854428627546,-0.0007885364866448379,0.0007780109934333349,-0.00290969268831073,0.009796016012680108,0.0634263806287729,-0.08659580866767959
-0.01890377121696509,0.4020594170062997,0.7112366898679529,-0.016891650133609,-0.01150017105983872,0.7186297121840846,0.6950926233154673,0.04807436391487842,-0.4823640730726587,-0.08296032694481506,-0.019999998452065,0.02488198044233599,0.1308932108956994,0.01857605448560979,-0.0773051360477134,0.05074767281282454,0.09640116312229997,1.02135232899684,-0.03313527495010411,0.2195996546634806,-0.1991049157334549,-0.0788713848804906,0.1968887657282213,-0.270723474537774,0.007368997339582435,-0.0178496287360139,-0.1756886125362425,0.3372221655162361,1.116560532868726,0.922345726295988,-0.0006164168033715486,0.001579707689901515,-0.00288010387698265,0.01248376583571155,0.05074110456172812,-0.1038655007692594
-0.01964453673851911,0.4224489336406098,0.7080849507340427,-0.02228126848627717,-0.006125400666569933,0.7246099532004843,0.6887716895053894,0.07653545148393685,-0.5494562806461131,-0.1031105806134956,-0.01999999998428849,0.02566846192463396,0.1236529115431957,0.01626115261807815,-0.0650641310900464,0.05490256350291463,0.07363809619794662,0.8888459586773189,-0.05958882023530626,0.2254356905413309,-0.2313694234794283,-0.09407718785596207,0.2244786542917986,-0.2619905402106344,0.006685097786123168,-0.01598869787580195,-0.1846217609244469,0.3259006590595628,1.100372894128034,0.9322846671999375,-0.0004745170612153991,0.002509373861718304,-0.003519907716907216,0.01412588907480278,0.04059288364924517,-0.1144186629387053
-0.02090931060809458,0.4469123689209928,0.7051083531920824,-0.02636888451244775,-0.00117701953999895,0.7326877332111793,0.6800529259965252,0.1060086054996488,-0.5798488260908075,-0.1214127924396761,-0.0199999999899327,0.02367929340672784,0.1071561833315462,0.01105561874684418,-0.05804167420168253,0.06791356353338503,0.06176605150839776,0.7122242590976308,-0.07664901255318718,0.2434219739242828,-0.2672968850084582,-0.07205356954411379,0.2400064964251258,-0.2565336549836313,0.006793425685872962,-0.01547167773768238,-0.1922121650327372,0.3174561096977718,1.08503437863408,0.944355529064688,-0.0003640970945990628,0.003420810451626512,-0.003742730973383025,0.01554077450339778,0.03247430691931495,-0.1185728606441675
-0.02123780827014129,0.4743982960161343,0.6991446890645229,-0.02982271886175769,0.004279974658335209,0.7375537023864243,0.6746160562517722,0.1319069603606162,-0.5922151588070838,-0.1331264619098561,-0.01999999985222366,0.022973840554899,0.08574959513836294,0.01607618544252787,-0.05764704693736713,0.07379833037264118,0.06653619209999974,0.5106655168360513,-0.08471105791885984,0.2583804977532065,-0.2855678515343583,-0.0621619943738586,0.2552161141041021,-0.2498528507076375,0.007013121447567364,-0.01665579384238478,-0.1982484987571234,0.3125342344853874,1.054708803697851,0.9571446000369294,-0.0002730155032036168,0.004181887784640354,-0.005809017965186251,0.01621303631021851,0.0259794455343842,-0.1188925056568191
-0.02001141338289679,0.5017544733265257,0.6926829444626466,-0.03357770426672924,0.01134471177771435,0.7409597161687329,0.6706135506429969,0.1576868172104794,-0.5856508481844157,-0.1409078181361566,-0.01999999998036589,0.01974601163864967,0.06360994812930683,0.01952180545975338,-0.05374433003993012,0.07852264344440503,0.06975545045110022,0.2948203178417005,-0.07932806051497054,0.2749208031903171,-0.317928230705246,-0.05626041703849929,0.267334230606255,-0.2462946559384047,0.00603661628726892,-0.01622408853571224,-0.2041151210130518,0.3101233938714847,1.03653809348733,0.9652608585455658,-0.0002034274981726108,0.00463955784030247,-0.005281360025758851,0.01525812427250955,0.02078355642742888,-0.1152319782820746
-0.01889772517778251,0.5306017589122803,0.6854904574994949,-0.03668539092418398,0.01713894239307317,0.7435659032637999,0.6674355296580158,0.1861435177403415,-0.5684807771288265,-0.149603591898315,-0.01999999984220159,0.01521423285933859,0.04605544369642576,0.01879216337636266,-0.0552318192735398,0.08180151095112291,0.07544562935786167,0.1264168873353491,-0.06841436493922037,0.2950271386144874,-0.3426730979882852,-0.04683181816896848,0.2756329793386627,-0.2422962702223099,0.008037499087067908,-0.01780456377272019,-0.2096083183241393,0.3085149946787529,1.024864630297304,0.9643417680413786,-0.0001522547289678065,0.005527253642487772,-0.00417104141549343,0.01589950866407744,0.01662684514163153,-0.1177713665742117
-0.01590009311375037,0.5592975432870718,0.6783788575136229,-0.0375049572471212,0.02228236431972699,0.7447675525460459,0.6658965138043503,0.2067766804596275,-0.5512973294823564,-0.1531975563306625,-0.01999999957279124,0.008891186886443197,0.03543810078417092,0.02133187458520491,-0.0611225744332851,0.08049522317156114,0.1050034316053753,0.05455205380597079,-0.05347748615271777,0.3076568405680882,-0.3654805625301368,-0.03324453608387768,0.2820107509704208,-0.2355361859053656,0.01073027780631264,-0.02000065812358937,-0.2175025449560696,0.2987819518160834,1.015875772209473,0.9642124277278884,-0.0001106314514728749,0.006278737950955557,-0.003257932547979954,0.01651091403920184,0.01330147611297342,-0.1204514323785554
-0.01129664995600071,0.5915930842936065,0.6730078548012108,-0.03561747550299514,0.02574846943166755,0.7434970657049759,0.6672934324933903,0.219144710074998,-0.5273154912978636,-0.162296007499325,-0.01999999948873724,0.004642899012743327,0.02773186762612202,0.03108552666512479,-0.06310943112603239,0.06610675389300268,0.1737718079580529,0.07710138305204518,-0.0231232529195873,0.3145959679307929,-0.3748189087273024,0.0006653680411599992,0.2906580895459339,-0.2184038347956649,0.01324768109435233,-0.02090115111015368,-0.2242205738926279,0.2816622603671835,1.014411996056523,0.9683467879286237,-8.319980705079405e-05,0.006820687026459514,-0.001830965392320084,0.01717228561318351,0.01064118089030387,-0.1232693169993156
-0.00522362004589127,0.6218882982271473,0.6724421112622977,-0.03573809464653036,0.02520855895283418,0.7424934768051156,0.6684240824868658,0.2182759026614245,-0.5227563245149206,-0.1621575713003318,-0.007331734851050898,0.01013758510975874,0.03144069772573912,0.03882866017726445,-0.06091645397223626,0.07183868347887738,0.2698140925375492,0.1243264379941184,0.008201390817772367,0.3011302039149892,-0.3811396191438451,0.04985062562796444,0.2894901067778029,-0.2149884069248216,0.01193929373340182,-0.0202438370562584,-0.2329976481045926,0.2670569901920494,1.018437256177195,0.9865302336911348,-6.510183618262009e-05,0.006796992815873025,-0.0004065489825181213,0.01735465523188286,0.008512944712229478,-0.1204865622211024
0.003454257063844421,0.6472789331008532,0.6745745075690168,-0.0409575609708606,0.02448088214397426,0.7418406569760789,0.6688763744265982,0.1988241936774454,-0.5251773505611068,-0.162911599913357,0.01900078080115799,0.02734608744437432,0.04289001951980502,0.04008632090434741,-0.05746070389897347,0.07891120940895445,0.3797129821513912,0.187669115596883,0.04538019859620845,0.2873128703345373,-0.4196895222106833,0.07385180715476883,0.281323327144844,-0.2115765948854806,-0.0007163856227966628,-0.0183529204285641,-0.2408686808812452,0.253822835717815,1.018240346807396,1.002725456576976,-5.138644198692836e-05,0.006478683551022643,-0.0002296355209274903,0.01615731312054014,0.006810355769767224,-0.1144996785143893
0.01046798925369212,0.686891985383379,0.681585159007883,-0.02912560378302877,0.01316003026377336,0.7272574994539981,0.6856201880747449,0.159840890560112,-0.4572029336530163,-0.1301281343600129,0.009689264486436406,0.0499999996386653,0.05736699664650511,0.02533000778864233,-0.04713737123244149,0.07003241976148633,0.5436772877401528,0.2338255791526056,0.09133032464462319,0.2702082945253871,-0.2836353608048409,0.05367376687617467,0.271138322790059,-0.2085408755205722,0.008463340068783364,-0.01456137964133852,-0.2530455783353237,0.2387840004039255,1.036872344506472,1.018844376997829,-5.222595939396572e-05,0.0062044661441833,0.002253487807444484,0.01573458385630838,0.005448284619616572,-0.1142026564557643
0.01209346149860376,0.721662453588518,0.6881816664159097,-0.01600891454210981,0.008676018609786579,0.7134341893440078,0.700485616434288,0.09108578452402051,-0.3878233775142617,-0.09135001657393003,-0.01221704694508576,0.04999999994284698,0.07871366611097727,0.01975064731793709,-0.03299538606354403,0.06211362856473043,0.7426899875264128,0.2477833494069868,0.1156693234166894,0.2425254637498146,-0.1379896527219181,0.01681898349762902,0.2348761318892701,-0.2125484902984882,0.01161940270548307,-0.01682299594925637,-0.2731170876431721,0.226956123790884,1.059426763569973,1.025645206749214,-7.488897444356328e-05,0.005492008269403919,0.003990128008636891,0.01179386162423789,0.004358627702687714,-0.1091097479775254
0.01299253074830698,0.7575808529846808,0.6942758250844406,-0.007262048904280906,0.003820289439656755,0.7021697870489381,0.7119622589645872,-0.003280428858446771,-0.3003271407533688,-0.04406234025874766,-0.01999999908200085,0.04999999927912247,0.08441388591791386,0.02995078809945378,-0.03172758639250051,0.06217999447499625,0.9228082046289476,0.2225252344298567,0.1251413106100557,0.2231182027825949,-0.03433168630144504,-0.01024295239720311,0.2239255576516505,-0.2231613080418553,0.01223333475904605,-0.01725430927910476,-0.2750430043062579,0.2220928234865847,1.081231977891514,1.009825639350553,-6.31499596121507e-05,0.0044489540396322,0.004757748626370371,0.004230927244888426,0.003486902318780427,-0.09158376830517437
0.02257987527990557,0.7896327306707053,0.7007341852032148,0.003124061484383297,0.002460093546924261,0.6956296087564607,0.7183896126760989,-0.1146905170853341,-0.2111908619091426,-0.01506817384924118,-0.01999999992343455,0.04999999995645,0.09588847156292347,0.03551239306652217,-0.03757112830842012,0.02008668257570962,1.056115643626206,0.1810732515981331,0.1286419738386893,0.2083490315967542,-0.01079013243703509,-0.03853684855220742,0.2089884677873625,-0.2148305082801444,0.0118187423362336,-0.01284905195040303,-0.2827435483071942,0.2242721535993448,1.095727792843769,0.9896551099419754,-6.534941700794794e-05,0.003558791523082079,0.00422803048346126,-0.0004434750997767954,0.002789521967668515,-0.07326701482234291
0.03149136030705032,0.8176375596424681,0.7051844930891445,0.01121322247493542,0.00148828831649762,0.6913694411820188,0.7224128628694796,-0.2168708056297153,-0.1361798465894189,0.01729415397679336,-0.01999999991149292,0.04999999995475281,0.1133424748532803,0.0460897471467401,-0.04207597919042813,-0.008309098010208515,1.130415919874169,0.1464064074570889,0.1351987746370411,0.1924999668622406,-0.02162532951437475,-0.06136144656012243,0.211547117321307,-0.2128316819784271,0.007223076472123812,-0.009877122975730726,-0.2821705463195325,0.2347764998046443,1.108400554720681,0.9456959158187941,-4.094753975988518e-05,0.002823647998480832,0.004084946666845676,-0.005821358581093919,0.007593540816017492,-0.05861361196919133
0.02984379430179853,0.8476280330001823,0.7079990675589158,0.01565529793884357,-0.004698599861126654,0.6778868409243075,0.7349845343321543,-0.2966109625202106,-0.06310014406926585,0.07270021922310124,-0.01999999998156789,0.04999999998141105,0.1288992077553983,0.05878389049550646,-0.03440978829217169,0.01162460157958754,1.144478363467156,0.1192955665380791,0.1408995693897407,0.1896754279168576,-0.04198783980385399,-0.07825981557001888,0.194221954115913,-0.2357511203984411,0.001738253848366337,-0.01243296565561406,-0.2766491061990965,0.2601028220603822,1.123798234987611,0.904954218088176,-0.0001002618253770264,0.002183065552157369,0.00744109941897657,-0.008102487557623808,0.03133940762768761,-0.04689088959733954
0.03151510805393963,0.8740045497615209,0.7088141759992733,0.01412846665172411,-0.002277864639978779,0.673466233193465,0.7390794480371908,-0.3813920528963043,-0.0201490108481487,0.1050232228368951,-0.01999999988986376,0.04999999989884128,0.1296293508302362,0.06956091648205377,-0.03603660439275777,0.01187361046091713,1.095134861854523,0.1020243308783464,0.1404675488722721,0.1701293908860546,-0.07917707894665801,-0.1003886260870611,0.1823831234318365,-0.2684297165819492,0.001435033967753049,-0.01541902080351528,-0.2684729124542921,0.2829382143447959,1.138077373995838,0.8561522538262709,-0.000446469609915814,0.001662254469256978,0.01113727037525786,-0.01028006165012356,0.05609538180309354,-0.03751271169441303
0.03225619599485042,0.899483081916002,0.7070609658613991,0.01028145128086029,0.00154744433092908,0.6685542248540413,0.7435907110806415,-0.4518383940385141,0.01434308148418797,0.1290594845203683,-0.01999999992122038,0.04999999995299059,0.1254451338431798,0.06173299661823798,-0.02976571414379235,0.01406607518048523,0.9837881754233974,0.08913906614849855,0.1452661421731253,0.1477846843364985,-0.1069647808061174,-0.141521525753556,0.1696338955868283,-0.2994486424591514,3.073520435941337e-05,-0.01474215621591893,-0.2622708236877587,0.3007575575946259,1.146580028120366,0.812712121912732,-0.001169752418223684,0.001263495758225157,0.01389518095591703,-0.010694218353172,0.07753841962716902,-0.03001016936246109
0.03298719417472802,0.928319856585062,0.7033578699399493,0.005263890514889222,0.004355577707155906,0.6601444915141872,0.7511075626852385,-0.5003735798079074,0.04697626351475495,0.1561053134961858,-0.01999999975663245,0.04999999990993904,0.113442575798857,0.04867512281649519,-0.02563832017417065,0.02193306091189376,0.8316874380129621,0.08819991167676795,0.1547493704592282,0.127354044100353,-0.1193703805595078,-0.1862523512800096,0.1571505421044464,-0.3277234778724551,0.0002437649546581421,-0.01379483509502776,-0.263943675859346,0.3114514644839981,1.152008779000859,0.7839624550513479,-0.001648421396121841,0.000976496594525507,0.01274136365450784,-0.009023136567887257,0.08151875353876382,-0.02400813549323853
0.03221100419631645,0.9551956337901866,0.6995930686039312,-0.001835209191291081,0.008844075791595815,0.6565747549123212,0.7542068718477989,-0.5301796328770808,0.0722260446012658,0.1661835556382487,-0.01935522618139543,0.04999999994631343,0.1003652840255237,0.03021348660280947,-0.02377446773450915,0.02947338104780851,0.6354843747806431,0.0857370138443041,0.1640264592962957,0.1077846720498735,-0.124422967787683,-0.2232717092893425,0.1455264172305339,-0.3510791350598705,0.001610210394395255,-0.01691212184466519,-0.2582456905255381,0.3194281792498951,1.157395993349341,0.7619327402480203,-0.002130896658822697,0.0007603844414073018,0.01284685110039564,-0.007328360036801191,0.08557266891122332,-0.01920650839458213
0.03280144908496481,0.9832256934599126,0.6952341485906163,-0.009043210974765799,0.01485984793435435,0.6550543703472634,0.7553814778928485,-0.5428354586269247,0.0964867766908464,0.168658809248293,-0.01208892774692846,0.04999999787451113,0.08234413232105418,0.02337589911571214,-0.02698308990215286,0.0285201130902765,0.4181472891649734,0.08517909037909852,0.1699393207815151,0.09385946234825164,-0.1148544661348782,-0.2575637092814205,0.1463398015692038,-0.3622150783059965,0.005174766797784829,-0.01946066184079146,-0.2538907862470412,0.3266839384230698,1.156345957769321,0.7463272152104068,-0.002263465969393858,0.0005947709393011737,0.0102470945626572,-0.005658449191139544,0.08278174287878,-0.01536520671525614
0.03295209400142744,1.014153365920838,0.690592755108795,-0.01689366951736918,0.0217698765406224,0.6567218718541368,0.7536292586106532,-0.5415511263744023,0.1240309141716833,0.1607353113658405,0.002009282833088584,0.0499999972161274,0.0579901745651962,0.03606423208578246,-0.03778882462539605,0.02137001161147476,0.2251316957934041,0.08433944700733779,0.1795902200676905,0.09223963936539975,-0.06478874058654963,-0.2869315868936327,0.1519990007373468,-0.3676033611045122,0.01212473055849902,-0.02230048423181536,-0.2483958604893857,0.3353169305665529,1.157508341619012,0.7301172492929101,-0.002282944870820811,0.0004629577435708977,0.008730154797813002,-0.004909901344760105,0.07951734766386685,-0.01229216537159425
0.03108718568442058,1.04447780758382,0.684029513030198,-0.0247375475094064,0.02578020014467539,0.6551563525285283,0.7546479899696513,-0.5440240079480289,0.1546895289956746,0.1645438899647199,0.003160708727142031,0.04999995031881055,0.04274132648811553,0.04472670864688621,-0.04103214518754414,0.02637382482807843,0.08975691439683878,0.08247203600810669,0.1828073347979195,0.09730725148428686,-0.02526954387553078,-0.3141406566243916,0.150968858817183,-0.3726631584228273,0.01516073214644487,-0.02440802226368581,-0.2457566355875548,0.3441040527380033,1.155813319077678,0.7199012555332708,-0.002102308441513731,0.0003605822188451371,0.006265482468202523,-0.003765180222942768,0.07221957287128179,-0.009833732297248368
0.02843322842754442,1.077820597235006,0.6779559460723216,-0.03067611766871216,0.02950436350435347,0.6520025337810677,0.7570212442739279,-0.5349980746654264,0.1861221962289527,0.1721384596312456,0.003498528265817181,0.04413548816265009,0.02760687630578219,0.05251235788649011,-0.04232315527410956,0.02808608293087756,0.04015584570364361,0.0921769704406958,0.1856546768241906,0.1108443688676847,0.008672588802538858,-0.3321046234865895,0.1500047896631594,-0.3742794488247846,0.01760939484559566,-0.02545972350870602,-0.243729903181504,0.3549491001084255,1.15835204557988,0.7161478160898991,-0.001892977228652092,0.000281170377931204,0.005219572949585609,-0.002365541538256879,0.06524795338667581,-0.007866985837762063
0.02448535514813204,1.113326043457319,0.6726734621918387,-0.03148964171323932,0.03180297774598768,0.6471248506372254,0.7610692483335593,-0.5260695559694754,0.2093532843489302,0.1798473521179745,-0.002424000313564428,0.02710213043950366,0.02579804796776224,0.05223430472992951,-0.04082831935765001,0.02629140613355807,0.08403758988711577,0.1391775646692124,0.1900224960192524,0.1261226225401279,0.04781381006551116,-0.3372350566248309,0.1471811118723572,-0.3717121729092392,0.01770798670658153,-0.02491881584466471,-0.2409490498825611,0.3660853375710147,1.162218245335106,0.723382103882656,-0.001764134684333692,0.0002241058569173725,0.005380385748923336,-0.0002632006644631165,0.06129832633543708,-0.006293588669997438
0.01906075139822561,1.148707663737203,0.6691281724570963,-0.02880631942900235,0.03043375784918567,0.6401280762953732,0.7671245194116249,-0.5200583970227131,0.2194103817204389,0.1875248107129826,-0.01999999889419042,0.00373144889137424,0.03805312663392678,0.03504946539414176,-0.03249526945366601,0.02168630389220253,0.1404187965243031,0.2312944532699465,0.1873434070252784,0.1409881855314761,0.08645859182601628,-0.3443644812147643,0.1468153775795361,-0.3654827947574168,0.01100322425822788,-0.0200891975259698,-0.2402757705642585,0.3755255338057841,1.161702826771721,0.7459081252299299,-0.001654849747096971,0.0001864516705358055,0.004868789774102412,0.002720430294412279,0.0577216828804353,-0.00503487093599035
0.01477251501008068,1.18622337544181,0.6740632534772415,-0.02258923858423789,0.02313221583214286,0.638248300231233,0.7691513077040313,-0.4951434892767392,0.1943934848201003,0.1913627790924263,-0.01999999566048409,-0.006797617705486397,0.05596811739398745,0.03022571495573507,-0.03270033958825495,0.02171810606762671,0.2174033073922323,0.3455314320722666,0.1743918766846688,0.168338128975551,0.1020370353954533,-0.2879826836063705,0.1464165741226801,-0.3513942933093041,0.008084405700436835,-0.01784643460888303,-0.2360118642371427,0.3916734891363694,1.164361823229804,0.7794187825536008,-0.001669782943722996,0.0001747572339704061,0.006068231365804394,0.005591426494580394,0.05960358184460638,-0.00402789675672655
0.0134092439845478,1.221969935994273,0.6826612235200868,-0.02350008317908903,0.01338654191936805,0.6464170398260334,0.7625047915971186,-0.4325617685593658,0.1497928635057191,0.1742361873352901,-0.01999999992004034,0.003688579785020267,0.06320167734504682,0.02455760880403359,-0.02874638767860941,0.03542365468947774,0.2295358316615353,0.5134334869123132,0.1512385648610777,0.2053447169989855,0.08472223181313576,-0.1900977846667121,0.1434311392822765,-0.3301777057636357,0.01211323953540312,-0.01832513002170406,-0.2258298176813975,0.4059399871784998,1.172367800245282,0.8077934035537626,-0.001649977189044517,0.0001651741376140887,0.007334458188706949,0.006372311154781119,0.06560458035960608,-0.003222317417919361
0.01387049766671416,1.256215462100897,0.6924281340191835,-0.02156780131238167,0.0006234474570568836,0.6610062440487817,0.7500701211142463,-0.3507645883581299,0.0601880877645397,0.1423620383868208,-0.01999999954595978,0.02776813076926725,0.08719490720242917,0.009760119932939012,-0.03221448502013054,0.04931874967728397,0.2188345887431954,0.7280299963250745,0.1030937733492,0.2275118795425262,0.03947340390609504,-0.06847174670137721,0.1437157436556234,-0.300723636263638,0.01198389138887074,-0.02222512246023062,-0.2173690137673757,0.4247300243271215,1.167944100430921,0.8396833730631581,-0.001347240772981885,0.0001723122241058123,0.003559633155750312,0.007219779836322279,0.05903488554415947,-0.002577854743123382
0.01481413965714191,1.298035632015781,0.6982701283831156,-0.01521118989881654,-0.01196334272523033,0.6746017373626181,0.7379281767760587,-0.2617949156356304,-0.03374009207379259,0.09487883894796606,-0.01999999991156121,0.04814208097164423,0.09661770637220531,0.008841371076050555,-0.03467114507649646,0.05043008437939248,0.2234870150297888,0.912751768726436,0.09945691267519437,0.222113892632999,0.0004790241406856601,0.005327002301258225,0.1435884443032473,-0.2885945918637979,0.01167444982382755,-0.02688698540865966,-0.2165063425692924,0.4043946018157331,1.164535774803687,0.8708203265476709,-0.001123606264549456,-5.319838023962994e-05,0.001853568462670299,0.006993106352348014,0.06391872776579512,-0.02413733424458642
0.01122961904964626,1.33397552248754,0.7040317579488229,-0.01211393230726223,-0.02224217064085193,0.6820441984329743,0.7308722527727811,-0.164370209278682,-0.1353133746919399,0.06088856150519935,-0.01999999999488279,0.04999999997597944,0.1091257876425065,0.0202314774137933,-0.04754857655307122,0.07137311457669424,0.1835889194392839,1.032936589295489,0.09115884291861816,0.2277658624405006,-0.03425970455511753,0.02231977843010083,0.1438884465797233,-0.2964006696038938,0.007802716533571508,-0.02441790161167018,-0.2243134193066026,0.3783073061885375,1.142676418010464,0.9263326758269406,-0.0008906082817044093,-0.0001892070792303906,-0.001865502938048659,0.01331337977513186,0.05113498223825893,-0.05727546157842601
0.007505581837954173,1.367766617357197,0.7076689737473467,-0.01149633049899343,-0.030284541501917,0.695640951616485,0.7176589352646476,-0.07446426148400569,-0.2346820710340338,0.01261020125721733,-0.0199999999878104,0.04999999997482464,0.1189774938979345,0.01591526732576713,-0.07236048749283883,0.08538389163705665,0.1329696114880527,1.097550569269308,0.057544718002175,0.2441598683036894,-0.06171197242682853,0.02203512187964652,0.165370062231763,-0.2896502229093194,0.002038897028150132,-0.01883249750349288,-0.2314845720968521,0.3586169742216426,1.109513205177147,0.9736413737966414,-0.0006895175413295524,0.0004912741515058671,-0.005173798739317887,0.0201345099616514,0.04090798580516565,-0.08603553484549793
0.005209279339375969,1.398966529267443,0.7088111556722925,-0.01190919425039025,-0.03363068559114143,0.7066360942991797,0.7066771386655841,-0.007644793483021243,-0.325771109692211,-0.02581246700332625,-0.01999999993688592,0.04999999985392847,0.1248787987937126,0.01302106105791862,-0.09876013586250955,0.09267761492299463,0.1031949605767988,1.098439732909569,0.02361501819124774,0.2569211266558594,-0.09543868758483033,0.006548035193913261,0.1949075300232448,-0.2706405186638869,0.001918289251920075,-0.01147856487975494,-0.2325600843436136,0.3449870575393316,1.080987068042136,1.011891587672915,-0.0005425017406051677,0.001600063292709764,-0.006244380548679716,0.02364115106742057,0.03272638866830004,-0.09866456330575317
0.003012680094384726,1.427957287893073,0.7059737572811974,-0.01491458305657812,-0.03251910483562463,0.7200849891220935,0.6929629654418572,0.04664313497629318,-0.4076963597153457,-0.06705088892715982,-0.01999999999057155,0.04999999997141611,0.1248152123886219,-0.002090097374033538,-0.1083418660547606,0.09813798983902589,0.07048290793942526,1.027734807618103,-0.01228251043065604,0.2683821825921103,-0.1392939981656077,-0.009051126828864789,0.2205999662089939,-0.2555822144118732,-0.0004590911408485287,-0.008810428116630818,-0.2365771119768352,0.3406570100366264,1.051620006567143,1.022394850056964,-0.0004159475287714166,0.00272612690320471,-0.006898718159753083,0.02163857622214028,0.02618111093604897,-0.1008480020940774
0.001931372270724351,1.455946765623106,0.7031816106256019,-0.01763989750023734,-0.0289720929071472,0.732184948279772,0.6802607245470728,0.0861730090502667,-0.4716258500948613,-0.09873055009111324,-0.01999999999024558,0.04999999997009623,0.1236614303199148,-0.01650288588048391,-0.1076775256307995,0.09959208958925679,0.05602575914872761,0.9045588364903133,-0.04821594083151797,0.2822397001133394,-0.1792050848158963,-0.01870203262342719,0.2405498952182157,-0.2465038598333215,0.00178337329930721,-0.009231741763112729,-0.23937448078904,0.3439521712044204,1.02844549067132,1.014187900274748,-0.0003208018775907585,0.003291049884121375,-0.006432229915627159,0.01600467985385857,0.02094488874878239,-0.09393701032418078
0.001671348454417003,1.487352594292296,0.6984394309194513,-0.01982215271227604,-0.02358297894085741,0.7429602138225727,0.6686262379258261,0.1242500152583523,-0.5109802259509109,-0.1272224457872985,-0.01999999998655515,0.04999999995541864,0.1125162865793718,-0.02758867340439902,-0.1014025557537736,0.09300434049699433,0.05174903391704443,0.7364564457336,-0.07492446709647486,0.2959980520705442,-0.2248987901077364,-0.01305350102909666,0.2620287684016332,-0.2438685731250611,0.002796952227837702,-0.008381280237234827,-0.2395910102788984,0.3522912393194696,1.006252553132078,0.996268671936655,-0.0002523661742173264,0.003108190912938799,-0.006090418713689099,0.008545216137200671,0.01675591099896757,-0.08065209175601402
0.0008923920270457407,1.521299880973145,0.6922584119495626,-0.02249380628423615,-0.01738274129972873,0.7509442730542536,0.6597534143532511,0.1594427885182102,-0.5219511688580422,-0.1487551677461363,-0.01999999997313362,0.04999999987124128,0.09160753112373808,-0.03038167070821985,-0.0889274141019967,0.0915203498176398,0.05743698100901817,0.5219264574924409,-0.0874236624142502,0.3157629622579444,-0.2631427408618863,-0.0176361751974805,0.2697067857240626,-0.2411096516451102,0.001398457101051469,-0.009548772859997428,-0.2440133342356359,0.3576542670948625,0.9720335941208424,0.9851145258998437,-0.0001871204343398913,0.002875921512823489,-0.007506441627295113,0.005525510359524686,0.01340472879909234,-0.06942769239862988
0.0007421274676237738,1.554496914631297,0.6875913855578251,-0.02578381990933904,-0.009796627041729355,0.7569559680563323,0.652883514230057,0.1930002845717969,-0.5166877660689716,-0.1604758358926755,-0.01999999998821483,0.04999999975420884,0.07136768565538081,-0.02901013029895953,-0.07181671997101725,0.09082574659782801,0.06094669507027867,0.2904762510170442,-0.09093513982059759,0.333612217822613,-0.3059583109568806,-0.02001080895923884,0.2745222653441751,-0.2413397557041763,0.002332315073002065,-0.01245882767197866,-0.2486429593316526,0.351750444964084,0.9543330547224923,0.9713261838816961,-0.000138140291584055,0.002590129049844184,-0.006081625259880931,0.003395783922295539,0.010723783039257,-0.05999801843425816
0.001139479390307675,1.586005131196866,0.680514859124787,-0.03372701019224693,-0.001220669137837004,0.7547999733001198,0.655086253142658,0.2176348506165249,-0.5046830919340455,-0.1634473232729716,-0.0199999998512859,0.04614176256790125,0.05096882176879992,-0.01640298385209013,-0.08162668062560732,0.08811542546273349,0.06387305181726019,0.1015997751578963,-0.08138176254154253,0.3373462562114906,-0.334327330302033,-0.006859671815526413,0.2788833800834227,-0.2441058074648359,0.00332388089310033,-0.02276725151955725,-0.2521984624043533,0.3419870305954564,0.9393327213799589,0.9664416540562777,-0.0001035236580176484,0.002555958070100793,-0.005008757514071303,0.005469989895161893,0.008579026431161327,-0.05712016007047219
0.002483920315472773,1.620828692347954,0.6744885826359297,-0.03593846637126641,0.004551468459949418,0.7564383014898136,0.6530611049579857,0.2411253111432015,-0.4941034734533287,-0.1702431364380094,-0.01999999989960821,0.0478940184739309,0.04122142667887475,-0.01274011666346527,-0.09079306827382261,0.08382121641563361,0.09925143770009742,0.02339793201687192,-0.06530794366282992,0.3401329503331637,-0.3527295479480339,0.01539495719168719,0.2781433198817417,-0.2421599600945107,0.003903311127096449,-0.02814330672537039,-0.2578767358211201,0.3346383513700706,0.9353044515689124,0.9634372653833266,-7.658328973785009e-05,0.002371785665651202,-0.003048521980240944,0.005617256371080894,0.006863221144801493,-0.05285634858379332
0.003509846424525871,1.656542034066208,0.6706877018553239,-0.03261564291080982,0.008599210185789886,0.7639967732328902,0.6443378026403751,0.2491086524775311,-0.4695558337041072,-0.1872353552088755,-0.01999999997101915,0.04999999989310841,0.04642160891351118,-0.02425308453256407,-0.07082848383648177,0.06781382888707445,0.183334434936223,0.02960775835708068,-0.0505618652020462,0.3477964818302716,-0.3596114474084712,0.02546013367490741,0.273449453128613,-0.2328021569906362,0.004489191895001582,-0.02156878634824035,-0.2614339592405777,0.3287773505518983,0.9461009733819772,0.9512249217510728,-6.106774268499898e-05,0.002010265640090007,-0.0001535454967909908,0.002543686487017522,0.005490576915828997,-0.04512215448887525
0.007602097625124659,1.691001829430855,0.6694530014514443,-0.03061930532557546,0.01260748405542656,0.7639658192444749,0.6444064994343939,0.247956577274279,-0.4708074112646096,-0.1927090010357456,-0.01999986102940628,0.04999999717259668,0.0540906579055206,-0.02374027874414439,-0.06215905802115113,0.05187220625499282,0.288605042459922,0.08854449806621227,-0.022795054173849,0.3302704925550905,-0.3869909600308982,0.06271782851188933,0.2614728629106984,-0.2090029711072186,0.005372763101495938,-0.01851806675569338,-0.2672147465474191,0.2932571030143681,0.9616728439712466,0.9699451084440174,-5.250056189805622e-05,0.001863032727463704,0.00191304846169625,0.007891106299566577,0.004392461532433863,-0.04664891914304511
0.01175358229174116,1.734618294340724,0.6728925652821742,-0.02059908652962499,0.006416770244948919,0.7627698833306934,0.6463099935614867,0.2178236710067673,-0.4484243842723977,-0.1868531845655537,-0.01999999095345002,0.04999999969908694,0.06107820826170435,-0.01395111377449687,-0.06113558105942768,0.04430679028542122,0.4318562080880818,0.1855015678733255,0.01580851855597391,0.3146761840084156,-0.2896865253125022,0.07215128021506781,0.2437527847043884,-0.2108794195167189,0.0006437801975553032,-0.01603457145231327,-0.2753820054294145,0.2933045927113483,0.9915990868974847,0.9808607937572517,-5.530286590122161e-05,0.00155660145044028,0.00477550316605245,0.006218016165267974,0.00351396922593885,-0.03968931212184716
0.01357721200375171,1.774284494042268,0.6807614974179845,-0.009691627213825233,0.004131766913188523,0.7563300237511472,0.6541054166086017,0.1587663758579631,-0.3980957567555956,-0.1761924205731857,-0.01999999962554097,0.04999999992152991,0.07247091979372103,-0.007670469493319267,-0.05792894464579097,0.02513729492250506,0.6246922488839315,0.2397173388709879,0.05852675576285038,0.2878423086202768,-0.1553074259790627,0.05190388864943787,0.2298616292753021,-0.2099121527509566,-0.002886947979128578,-0.01190850386928974,-0.2831259785431148,0.2908365451985397,1.035162298817046,0.9929828733309476,-6.726606641241275e-05,0.001358347843593567,0.007947346702015714,0.006462647022102049,0.002811175388635547,-0.03760566429861496
0.01455488273256333,1.814239770532642,0.6856911145479473,0.00360470395136157,-0.0004297375651334891,0.7486293488117236,0.6629788228388467,0.06491828188027483,-0.3305066276791336,-0.1552507260679196,-0.01999999971680361,0.04999999983999356,0.09110063209230135,0.00765153328817301,-0.05070639451526515,0.01141575344134786,0.8443184696787216,0.2763265726861864,0.1000497725828559,0.2470373357646881,0.004842590286151732,0.008756130142312009,0.207790290056553,-0.2134750597368457,-0.004665562269079386,-0.01457508954090004,-0.2961505093415452,0.2838477543578568,1.069125637762584,1.000605846509829,-9.853082500696751e-05,0.001145900680583842,0.008304146230341466,0.005383354449047078,0.002248940443941127,-0.03585478557951479
0.01389034496232372,1.850481010569677,0.6916487872977819,0.01330366319233457,-0.003228288371287797,0.7367866326407354,0.6759867222525771,-0.05310561734648613,-0.2545634826866249,-0.118394589888808,-0.01999999998170315,0.04999999998683866,0.113579301493557,0.02950158047392077,-0.04353741768297249,-0.0006255671528065752,1.018088528453079,0.2723805571586783,0.1206670312414619,0.2081304260479068,0.07405466031700109,-0.04070785761106437,0.1888794729941317,-0.2205518954691982,-0.003416045255924671,-0.01421307154012608,-0.3011125514598625,0.2804915791876039,1.092305056205513,0.9899211795723828,-1.593248717188224e-05,0.0009154953402467441,0.006383815085999518,0.001321168924880897,0.01325602918657084,-0.02868382892270316
0.01543917795121653,1.887994095254385,0.6983795228362997,0.02250939341344133,-0.004718346699378745,0.7229600813813312,0.6905069044851633,-0.1727913540001418,-0.1690393219404611,-0.06540319202328865,-0.01999999999388145,0.04999999999528344,0.1242519855110729,0.05235261205251041,-0.03342611375808356,-0.01144496783657384,1.137857288808347,0.2506875808387492,0.1189094053925833,0.1842263592599392,0.0762800288508657,-0.08629101254763677,0.2013955501231436,-0.2347933823293456,-0.003766053810264433,-0.01080914068290807,-0.2807581680657335,0.2752064381107162,1.124952785684078,0.9722733718990743,0.0001804241262200723,0.0007349088064148888,0.007750972441140832,-0.001571268112162461,0.03597905896631151,-0.02294706315645168
0.01646206784146011,1.925332600427449,0.7041510745280402,0.03132627516493841,-0.008395874572939789,0.7054173939343213,0.7080497681020429,-0.2657133023465824,-0.07335683778975162,0.001900273319871898,-0.01999999999262582,0.04999999999408725,0.1367234805052471,0.06992203218476042,-0.01773375169793518,-0.01492387999940634,1.177171858541265,0.2073170077961975,0.1338359459266489,0.1871695178991263,0.04578108405899833,-0.1064792994659504,0.1969342887952711,-0.2263074471795802,-0.004901718282062324,-0.009966517186430941,-0.2582482074239967,0.2987031814229954,1.15197048192952,0.941340649644587,-4.490123793967517e-05,0.0005472535557687336,0.01193800178100428,-0.004726964189157495,0.070279227959457,-0.01835765058602726
0.01888969712063911,1.956854592260856,0.7077509290551894,0.03207453666507305,-0.005950754975612908,0.6915269378987601,0.7216136825014514,-0.3542620360041423,-0.01039868675088695,0.05417640861865314,-0.01999999976773945,0.04999999982241851,0.1405586474713883,0.09222574817524226,-0.004417251470175113,-0.01988859817669033,1.135287519125558,0.1704661199962481,0.1460581963230103,0.161814618878539,-0.005447040500339584,-0.1298345629540339,0.1806404820127683,-0.245052695961856,-0.004951486620201838,-0.01092289130088612,-0.2366190433182895,0.3096525604603694,1.178088346273128,0.9000942988153386,-0.001020678750530608,0.0004046868655138003,0.01760296987721826,-0.007626146019431635,0.09837479171144779,-0.01468612070097139
0.01898951117429946,1.986792344834629,0.708033277066814,0.02695463274958365,-0.002149007254600366,0.6765628227162694,0.7358882907475485,-0.4329388290831511,0.0442358333475989,0.0991817286169971,-0.01999999974367677,0.04999999978314883,0.1367233339126349,0.0901969864958389,0.01415096932122291,-0.01211906852270147,1.022962721748774,0.1236552157775946,0.1604891391090403,0.1293877113410123,-0.05606880784922701,-0.1500774484918916,0.1566657632907767,-0.2796095418020583,-0.006251297828378114,-0.0117140938455563,-0.2227434028563216,0.3193477101945434,1.186712963159271,0.8553305216777883,-0.00251967781032852,0.0002858809419254425,0.01966264121803575,-0.009541451782289642,0.11482569612034,-0.01174889661182509
0.02000472047874141,2.017398025573826,0.705408731197723,0.02055103118812448,0.001593521608692038,0.663080082006386,0.7482646060401306,-0.4868362424104351,0.09227709275711064,0.1329545038266244,-0.01999999962077107,0.04999999970328296,0.1272209210552427,0.08030719445740449,0.02932624977542801,-0.007656157197907949,0.8552648201348948,0.08890052668568989,0.1704356874180425,0.09737001692959212,-0.08758006438285204,-0.1744383520567357,0.1424566704722649,-0.3103648802575023,-0.005964725178487059,-0.01092889155558435,-0.2133855361980545,0.3264027179246474,1.183137849039221,0.8086646201356372,-0.003468353137791993,0.0001978024569603504,0.01684352036308043,-0.01075398763534644,0.1162658556153503,-0.009399117323483318
0.02106846653157359,2.0501576688236,0.700827551295374,0.01353168690406008,0.005000269181160123,0.6525652876049161,0.7575951664119562,-0.5119716731952776,0.1340254909675561,0.1539937083878779,-0.01999999950278238,0.04999999975209701,0.111663216452032,0.05501630475837236,0.03685389239258956,-0.007505628783788864,0.6472207587652963,0.0745507486854172,0.1832722041693707,0.07412054488665668,-0.08104117611705271,-0.2075054673369168,0.1378018572446567,-0.3308545691745722,-0.0002494954535953915,-0.01724419977783077,-0.2072142308912719,0.3326735906644464,1.169741716661982,0.7688574712315325,-0.004165411235261077,0.0001337636742824801,0.01353483847786436,-0.01049815815736666,0.1146731040730923,-0.007519293858554069
0.0194833201760543,2.082267350901872,0.6955947858111574,0.003457672110389828,0.009283607268503875,0.6479636572483163,0.761606826403918,-0.5252441682107815,0.1661437943881755,0.1677983533897234,-0.01999999929221746,0.04999999962801577,0.09193089273076023,0.04055402779822631,0.02948707484705847,0.006348690365385324,0.4121775178202667,0.06613047282735998,0.1823418529306656,0.05862590696067058,-0.08929900659972932,-0.2256059651396916,0.1334130804494686,-0.3505664710221178,0.0009605758769368067,-0.01954064515197977,-0.1985667805359382,0.3347912241965862,1.160530821670879,0.7340996524926668,-0.004267479858697584,9.717377989612319e-05,0.01036541977366382,-0.009723230610132727,0.1093068276023358,-0.006015435086688786
0.01883002225184134,2.114575616269771,0.6894030377600716,-0.006139514222494518,0.01492919463969717,0.6467756173354275,0.7625094926182221,-0.5252431528112766,0.1981712106818088,0.1632619715614571,-0.0199985534499892,0.04999999997455341,0.07275028075980836,0.02459038909386685,0.01400192266835563,0.007316950869309232,0.2000607811735813,0.06053045157514689,0.1851994345540333,0.04716072501519142,-0.08858374566425067,-0.2616089970253574,0.1381887990532656,-0.3602093149484146,0.003418777837021989,-0.020973286277795,-0.1919354723445903,0.3407282607934506,1.153374176251515,0.7064385441427342,-0.003992320255098278,6.17288817853638e-05,0.007413704198762402,-0.008410295202089507,0.1005929501991375,-0.004812348069348468
0.01692762744277166,2.149744593519935,0.6821869873710167,-0.01371017197147358,0.01800447045069368,0.6466896900354195,0.7624174152196392,-0.5140092035233057,0.2256665345574764,0.1610111767760553,-0.01430320221969104,0.04999999937625992,0.05577796666022099,0.02905319614354098,0.003252303312513615,0.0138722744323163,0.07695258293728141,0.08333362000356705,0.1815192446049563,0.05168770687710127,-0.08137680488416776,-0.2886965539736773,0.1420233842020813,-0.37193425524843,0.007952609218171827,-0.02321617972775209,-0.1885513803775819,0.3446443028415736,1.148267789213292,0.6754301518935512,-0.003461686155475269,3.908573116537015e-05,0.004658393648457438,-0.00820971814887351,0.08854063807664722,-0.003849878455471223
0.01606653525472494,2.186698407532844,0.6773411287038015,-0.01730830814398689,0.01684450423784176,0.6445896057298115,0.7641471882636619,-0.4986387514828136,0.2481899132775585,0.1593953170248339,-0.01320762569809378,0.04999999547862408,0.05047253581839052,0.03776060311017451,-0.0003862983682829712,0.01402761674604109,0.08477839316729378,0.1422445893646382,0.1817044045897029,0.05980054819383209,-0.05062039071209767,-0.2990382657198712,0.1509555254918639,-0.3722382661083936,0.01264729753553908,-0.02350952501576139,-0.1917865930806595,0.3542542920611519,1.138388014541162,0.664165888597263,-0.002771614630866227,1.671443174631787e-05,0.001079941003864028,-0.005568447613143482,0.0708325108894501,-0.003079902764374848
0.01069632831489464,2.223370610029106,0.6722037474754117,-0.01644741717207844,0.02002803738957757,0.6420380125358146,0.7662346576902864,-0.4852194612136304,0.2541449602183969,0.1654405786021259,-0.01999999963292136,0.02889697478151325,0.05389071724211875,0.03422412325616699,-0.003212376445760325,0.009995360035198884,0.128158628670386,0.2343008190149344,0.1687062161207024,0.07823578785425664,0.01211251669073256,-0.3259776469539712,0.1570852124062105,-0.3737663377532372,0.01055987983503938,-0.02629173502904549,-0.1951231789771895,0.3602316394487372,1.138062449452651,0.6703647843677412,-0.002218348152252196,1.016873641303984e-05,0.0005002201577233051,-0.002002801524579496,0.05666602270118395,-0.002463922211489979
0.004984767885628144,2.251177701794492,0.6732054690548456,-0.01796561460066936,0.02338626316772383,0.6372368338786949,0.77010358844465,-0.4857296436347502,0.2367555944412329,0.1793144669180087,-0.01999999952777435,0.00965644216903108,0.07476214203731432,0.02933007292162175,0.008427538509513622,0.002840697884581584,0.2023715335813944,0.3399994309771054,0.1416403027177088,0.1023934482944289,0.0280481187301914,-0.3676290839370502,0.1629925650416673,-0.3690878034599606,0.005602631611565195,-0.02052133067897457,-0.1919635743258405,0.3658877297456815,1.125638619537988,0.6912037247929987,-0.001872912721745897,1.047820719417174e-05,-0.000480025801846511,0.001641283273357724,0.05209262962533988,-0.00197113776907188
0.00120963198013712,2.297469164642918,0.6784975865466796,-0.01207429223828217,0.009265446354953404,0.6423804097857215,0.7662348021946775,-0.4288019359667002,0.1846516077136044,0.1868109268735975,-0.01999999990410393,0.01831829915961657,0.07943688822736016,0.03205766274209115,-0.01023653658135191,0.02056303855520114,0.2853443302269975,0.5246992890042537,0.127314674421501,0.1566225892334741,-0.003556994174014771,-0.2235593345463149,0.1552249920814429,-0.3579714849950016,9.286922195567577e-06,-0.01378457511426095,-0.1914075610568577,0.3691308392230165,1.125044782712453,0.7266502787834099,-0.001517250642836078,1.130329834654013e-05,-0.0001172617549213379,0.005304873863557109,0.04384534168648532,-0.001576910215230363
-0.001297222274328258,2.339477919604975,0.6845750824076858,-0.01023971488975938,-0.005387229817410731,0.6561440088740883,0.7545469936408939,-0.358426656709117,0.0998551843897932,0.1659419038190587,-0.01999999997356288,0.03546201221777531,0.08988679018972133,0.02563604535401844,-0.01606522382118047,0.04458373118899923,0.31728399161694,0.7489554541153148,0.103789323817582,0.1942640160340771,-0.04604646175985871,-0.06917578461183178,0.1471877936612815,-0.3398539418007606,-0.002691648616120166,-0.01282584591318997,-0.1894152795178013,0.3745119511193229,1.119177905069709,0.7715682349963876,-0.001214669205245314,1.913978248131672e-05,-0.0008050152118683126,0.008336765931182722,0.03507627464934535,-0.001261528182785673
0.001320941970282657,2.38236990230138,0.6921233324213152,-0.003122179372581656,-0.01939048944810947,0.6682674653675258,0.7436617884806177,-0.2723737720086064,0.00220350917485647,0.1328544291571198,-0.01999999994950457,0.04999999960398052,0.1098742376542999,0.01522069243900083,-0.02604364380385111,0.04881839511722679,0.3362950687268643,0.9442195980469176,0.08467208347766052,0.2166646143298431,-0.08783358979124277,0.03561173989281498,0.158922623993322,-0.3083458806477853,0.003901518794635655,-0.01557098398505578,-0.1826720762412544,0.3917700682494799,1.112442877435557,0.8010167276638063,-0.0009755237740073447,5.331745593621189e-05,-0.001258040524333701,0.007891250035060764,0.02806101984725969,-0.001009222624183935
0.005924768909806628,2.425434755550606,0.7001888414553543,0.005144067070496239,-0.03042904855861838,0.67936808404477,0.7331484283275317,-0.1618544327742723,-0.1045489352386564,0.09329182903986985,-0.01999999991061233,0.04999999988003712,0.1214568077621993,0.01220080911831724,-0.04535982068118413,0.0414770034441596,0.3066557900747557,1.085447014868656,0.08832626598003973,0.2240798511039863,-0.1232382888234949,0.07135205125366628,0.1609985389186486,-0.2987423760057505,0.007495944486161082,-0.01635637128636469,-0.1903392625063397,0.3892051725793328,1.099222345323422,0.8480947827286323,-0.0007713768100195241,3.312831098083676e-05,-0.002320163519587872,0.00985994428232966,0.02244881616868359,-0.0008073798956800479
0.001167353870101048,2.459414188312589,0.7064067840587708,0.004799310141523871,-0.03883003684268433,0.6930576465070633,0.719819625655658,-0.07241484794644411,-0.2262773903311661,0.03965225292869819,-0.01999999975272744,0.04999999956392436,0.1390526847391185,0.008188280857259901,-0.06425794545491707,0.06457553486102285,0.25471478927798,1.153202816002891,0.07176315419599065,0.22111019089154,-0.1426568586425822,0.06807406514102783,0.1620377436621058,-0.3029784262405287,0.005105881547364372,-0.01620315490007412,-0.2077728849525921,0.3615363676419879,1.068590027616719,0.8773178183598347,-0.0005751594008473135,-0.0001752807494925442,-0.005085099932662868,0.01053477103731658,0.01795905336950156,-0.02972983307548386
0.0004802976026144387,2.492796570959519,0.7063958644586561,0.002845988154728269,-0.04046933681818238,0.7022593317637892,0.7107643520039508,0.002185292143657741,-0.3353916744363235,-0.004512470769158189,-0.01999999996961452,0.0499999998949644,0.1427514864791966,0.0002298441776824832,-0.07736629504178204,0.07188331639403972,0.2071826100423906,1.148611450963205,0.05549434263067155,0.225509095612218,-0.1662923195703064,0.03359444279100265,0.1839425230415734,-0.2978068140866296,0.00631935223226265,-0.016361245455996,-0.2156817790860994,0.3471714439354541,1.044324292760588,0.9133164917091131,-0.0004369005989195043,-7.089489089495587e-05,-0.005652565510444458,0.01359048106092737,0.01436724270965898,-0.04997312605023406
-0.002727115727274954,2.524735853515413,0.7050459228430161,-0.001822022579263732,-0.0393280343050792,0.7142814271020109,0.6987503337019125,0.06141240235428754,-0.4322352495392918,-0.04643528788850004,-0.01999999998397919,0.04999999993202951,0.1428482232233969,-0.01213985836358441,-0.08394967376396981,0.08378731546230729,0.166334168475505,1.071000059869393,0.03342577404768583,0.236198484370194,-0.1837976225296915,0.001011806492010954,0.2013937323772393,-0.2932621771928832,0.006917250330500341,-0.01542614811792214,-0.2263275984954603,0.3378856048450495,1.015213634646905,0.9279731810339769,-0.0003168433771372895,0.0003775974319373217,-0.006568829531203317,0.01401351129920447,0.01149379417123579,-0.06478635081048753
-0.003662993221673184,2.557076078578863,0.7017371962104137,-0.005027012407878267,-0.03469843821477963,0.7274314373833659,0.6852840662368244,0.1104064732554294,-0.503577229480317,-0.0838810656338853,-0.01999999994692507,0.04999999968353851,0.1360823660391178,-0.02471802939347564,-0.08670837074041672,0.08485283243548923,0.138527510217858,0.9321511935695138,0.008520886532149045,0.2538275583767519,-0.1951309505960852,-0.0214554562725503,0.2222158465580747,-0.2814460175374692,0.007641361388281847,-0.012316628587355,-0.2337769733859807,0.3374302611477514,0.9909721849869219,0.9378846207381384,-0.0002306067572221545,0.0009733588722879608,-0.006405744302558376,0.0140608709859518,0.009195035344144344,-0.07153965278315243
-0.00282790795228293,2.58929694360938,0.6968958516304288,-0.008644847401723733,-0.02699166293756626,0.7366307645606291,0.6757009941150661,0.1500381794691225,-0.5465024164200585,-0.1083415004765819,-0.0199999994172034,0.04999999553239127,0.1229849643216322,-0.02971749761640805,-0.07755331966153689,0.07953578555378465,0.1224664212578435,0.7363755537675932,-0.01598461989877153,0.2684832954571718,-0.2242282938162827,-0.04706570189408536,0.240723764260491,-0.2707060679836314,0.008435451684579234,-0.01041418349923024,-0.2409128160649268,0.3428682988347591,0.9723437088103636,0.9444380373737449,-0.0001660351146350822,0.00133126903785924,-0.005600574907354277,0.01220829366003642,0.00735602827456746,-0.06958389509640332
-0.003180882412232822,2.62439720399274,0.6912886854770576,-0.01324221955362729,-0.01929260165901198,0.7434620310989772,0.6683686463746663,0.1896803688831797,-0.5568812811515897,-0.1253762928611158,-0.01999999998920442,0.04936231305919515,0.1000592839844748,-0.02984219055703569,-0.0626831139143174,0.07926938965206472,0.1133068576201055,0.4894730459760033,-0.02766083304321667,0.2854618918834991,-0.247277646138393,-0.03811149662318991,0.254621950224917,-0.2656460083501204,0.01191409210041569,-0.01145993210126397,-0.2473570453664094,0.3502723954431285,0.9585919646195875,0.9505893780146971,-0.0001199066114593374,0.001485039159817515,-0.00458315169497247,0.01024697005907201,0.005884822619642388,-0.06416941754557556
-0.003314523155460546,2.659283693472728,0.685695487069566,-0.01883303232782265,-0.01227542017533426,0.7461309288889084,0.6654196179165692,0.224065557736602,-0.5420046979998263,-0.1383841219025161,-0.01999999998063325,0.04998829054601277,0.07864698549931264,-0.03056853848602875,-0.05030357975907021,0.08169203988388959,0.1190129565397898,0.2440128091059534,-0.0335243032432091,0.2979399968533474,-0.3003323051170028,-0.03740200988821749,0.260124061069907,-0.2591007305132584,0.01318527271477222,-0.01124723002914158,-0.2547078782566498,0.3495035185381615,0.9455351657758653,0.9603842972516439,-8.429948595961431e-05,0.001822826708686501,-0.003975736739404379,0.01181330571547654,0.004707858095696833,-0.06459312199550586
-0.002013427226247686,2.69393360071517,0.678250135220595,-0.02385461616874645,-0.005564093323278672,0.746408888015393,0.6650366681954886,0.2475531196645281,-0.5135593814322267,-0.1473175794039691,-0.01999999999177329,0.04072126065356816,0.05991515445745691,-0.0231821468372588,-0.06319592624957551,0.08242466056672336,0.1448625889583084,0.07738586304554507,-0.02073526202655666,0.3069065793269116,-0.3168227414151345,-0.009766581491399407,0.2594014135015575,-0.2535832081244961,0.01589881167397659,-0.01882143325390359,-0.2666348189584978,0.3367180652006833,0.9243166664467715,0.9664043740634933,-4.710054531016086e-05,0.001954039850506279,-0.004737336243413059,0.01141778871505916,0.003766286476552024,-0.0637883512364069
5.964677579515136e-05,2.730224483535625,0.670250756783133,-0.02597968223327686,-0.0001564449121090969,0.7480729299338277,0.6631077764106421,0.2612010676242127,-0.4848722197081095,-0.1590773433421337,-0.01999999950178335,0.03630162456212092,0.04996284192212462,-0.02022706594879861,-0.06731385713395387,0.07762238423466616,0.2063501163597019,0.04027667337601498,-0.002370652858567249,0.310281548732277,-0.3261652262469045,0.02075980724876661,0.2623482139213161,-0.2491550300731687,0.01514276408896538,-0.02124185799335963,-0.2772017441501016,0.326104980083932,0.9135602083973776,0.9655745861226799,-2.341872675465955e-05,0.001942583477903478,-0.003775390269143503,0.009285637988317783,0.003013029181117648,-0.06108648254226469
0.003240611018078739,2.762029689899316,0.6667696404370786,-0.02624962655501092,0.003876302255710885,0.751456992571361,0.6592482989755457,0.2663373760325347,-0.4858072338784884,-0.174659809887043,-0.01784873367386252,0.04999999857305541,0.06327352947314827,-0.02747363358149158,-0.05256251175485362,0.06978003531587874,0.2828389502795286,0.08115670704352708,0.01385774511320367,0.3067116931632736,-0.3498713295499566,0.05894413736691664,0.2693483610968785,-0.2449131539614736,0.01877263179865641,-0.01574864721670195,-0.2833060999088964,0.3143235130603013,0.9098399843887643,0.949631636801523,-1.338090132296144e-05,0.001653397095027461,-0.002375059023646634,0.003727426717955112,0.002410423344885466,-0.05208407132641985
0.007121685838737709,2.79158081211146,0.6666356173170727,-0.03020162530203756,0.006765920493235103,0.7556366856557539,0.6542593395895711,0.2622831270531614,-0.5056035969752007,-0.1885595045166058,-0.006196334809577922,0.04999999951448417,0.07822310584328479,-0.03884882380826767,-0.0491362337851327,0.07728560528173826,0.3677563739937772,0.1705416453086203,0.03619712369192819,0.2853820028627326,-0.3906656970876595,0.08777670631754503,0.2594718212991829,-0.2455722450732865,0.01583254001678308,-0.01284899363526834,-0.2860528395998418,0.3046020593934601,0.9138119517969969,0.9541851523047674,-1.019184822131528e-05,0.00149104431207621,-0.0006871032711623385,0.004426147465303252,0.001928338675885484,-0.04766193782428726
0.01068798048100918,2.843524597119622,0.6718403867704531,-0.0133633099588484,-0.001269199810754934,0.7487465976154957,0.6627204113636481,0.2006702644169636,-0.4502320009336738,-0.1824730589656056,-0.01892850023506956,0.04999999998010742,0.07852533866745512,-0.01041755718237961,-0.04896469648219858,0.05529432661917118,0.5359007878520883,0.2607574925473684,0.07719140736176118,0.2669538443645794,-0.2448109284102265,0.06685060053241754,0.2544995299126926,-0.2363044792273591,0.008511375495859454,-0.008789695176515342,-0.2910395162752144,0.2996070437168871,0.9602445168236226,0.9726280940444507,-1.734156248548837e-05,0.001319287275458492,0.00555530154389732,0.006317060940342732,0.001542670941046266,-0.04437278597001482
0.01424080198684004,2.886723734025442,0.6797053284254899,-0.002374512041868641,-0.003393246283598996,0.7407384863487164,0.6717807249497669,0.1203106526627061,-0.3838752387903247,-0.172090527834372,-0.01999999997535468,0.04999999999457881,0.08344082568044429,0.000576083978529496,-0.05254986358777058,0.03498318640724717,0.7450169087213957,0.2975167978423918,0.1012705497207082,0.244425120911976,-0.08161660976678055,0.02228749610215374,0.2365898138024527,-0.2248857470560965,0.003509623406122061,-0.005756708001747391,-0.2991463583697588,0.2937885868468913,1.009007063695065,0.9980395139344578,-4.031245251286103e-05,0.001205549736529199,0.0089862568235205,0.008750603089544557,0.001234136753781914,-0.04568683263220081
0.0163151526883947,2.930264998256994,0.6866817387474773,0.009244858177066304,-0.008571847329517509,0.7347338072605554,0.6782383714440333,0.02120689965157214,-0.3054266429672708,-0.1495349402045914,-0.0199999995144199,0.04999999975239142,0.08975955151264567,0.01261872611428063,-0.05472031644648226,0.01871290942304597,0.9318573907202272,0.32460357883671,0.1130256799104437,0.2205804899283614,0.06121742230165206,-0.03518854215707937,0.2172404336650854,-0.2228087574478195,0.003123839894490934,-0.006946782474184747,-0.3090834360451721,0.2870685847528756,1.051562677060243,0.9993870343677366,-7.260582858386431e-05,0.0009895072037860726,0.009906719652672842,0.005104109625193336,0.000987309655373456,-0.04033578821842443
0.02056250252917186,2.971604378677784,0.6942653617477099,0.01992241949797947,-0.0110476179966444,0.7264233935957295,0.6868697842930714,-0.0845140025267543,-0.2157980187473662,-0.1104512961164848,-0.01999999999330283,0.04999999999565734,0.09539869117534559,0.03497153107484513,-0.06162643376278965,-0.006616013123481143,1.062629920603409,0.3145573413703259,0.1165618841475857,0.211256353584676,0.08700385688043817,-0.09088610435479519,0.2082945684954364,-0.2148698943801152,0.004427002477222102,-0.005376825032372691,-0.3148043823468906,0.2854736267729671,1.081661528803017,0.9886022875531263,-8.114346000036593e-05,0.0007938595284588245,0.008792292854343702,0.001222263503547891,0.0007898477694639607,-0.03281048201243352
0.0224161845497584,3.00325229981759,0.7004608527276112,0.02627767508766006,-0.01127074071002992,0.7146171640472735,0.6989311575862581,-0.1933446313187573,-0.1432236371113773,-0.05257642234179834,-0.01999999970475224,0.04999999979923397,0.1163707966404473,0.06217696724305782,-0.05447240041474959,-0.02172006647020955,1.121264632008858,0.285989602371663,0.1048642444056997,0.1989998155139785,0.06693544472231626,-0.1271106545286525,0.2141317551072142,-0.2131711575335838,0.0003963206566144986,-0.002668713346363919,-0.3054166242946718,0.2911196867885419,1.095560501852884,0.9608546744506324,4.778920184832652e-05,0.000628542432702675,0.005972841121814317,-0.002907898656957553,0.01834914726090934,-0.02624843976128086
0.02349625415239556,3.038601973100496,0.7061760883332088,0.03210890422847104,-0.01329298740784454,0.6985866809770089,0.7146810224964342,-0.2776131795271719,-0.06683875792755797,0.01689891281940192,-0.01999999996989285,0.04999999997594825,0.1290072355887866,0.08454203163736258,-0.03928911900415064,-0.02401089225978255,1.109081757562565,0.2599459185234667,0.1045421851805679,0.1931774835644416,0.02754406222137478,-0.1463574163231363,0.2156115230453535,-0.2316142152424379,-0.003811248189178506,-0.001751516523883327,-0.2893406361690462,0.2909708484705073,1.103383155671477,0.9169914076097396,6.621093556199004e-05,0.0005002366510682208,0.005422318827916707,-0.007071028565722962,0.04792011271753822,-0.02099875190875923
0.0234545881934582,3.069027201809337,0.7072681652798597,0.0291167079878264,-0.009543695947174746,0.6871607285142819,0.7258589865609856,-0.3645276409710204,-0.008738041101623004,0.06865130648912497,-0.0199999999897814,0.04999999999132338,0.1300659508484633,0.1040618109432637,-0.02764511149289606,-0.02284004112013939,1.041088757829332,0.2167687534676053,0.09484103801710042,0.1903744733321829,-0.03294608559360868,-0.1763946222086137,0.2094163063835771,-0.2380364194783173,-0.005708684197111502,-0.002806631711822302,-0.2683661562946797,0.3246837552734579,1.096461910340404,0.8780154513381685,2.23677125806958e-06,0.0003017179188363281,0.00281301547194829,-0.008496731629664491,0.05807379893888136,-0.01679900153929516
0.02455767523652676,3.099401487908312,0.7059269705497893,0.02514868144308918,-0.006041319330290315,0.6719415590236166,0.74015240831827,-0.4304410971492622,0.04463405789846914,0.126089519530775,-0.01999999997381828,0.04999999998051587,0.1292939065188955,0.09760218583026797,-0.007908992488873825,-0.01979300878751565,0.9020053024213769,0.1789977158921957,0.1003486361241535,0.1731647868892373,-0.07482253905078834,-0.2103327479781592,0.2006021512983601,-0.2609943873898793,-0.006935746947055186,-0.003180365741351516,-0.249583315413655,0.3470366991982463,1.089541521142818,0.8396829569453597,-0.0002061158880455722,0.0001708696972314419,0.002335155574498574,-0.009137193260014623,0.06979622469089736,-0.01343920124324953
0.02347242781931139,3.129212073729276,0.7028707147168872,0.0159990852219111,-0.001290593917578587,0.6597279598135674,0.7513330704019557,-0.4796420660302165,0.08512422737721966,0.1622214747609773,-0.01999999968273568,0.04999999976942082,0.1178968847053548,0.07109295788175349,0.005968711781409658,-0.01217980100805607,0.7139782681166127,0.1467811037181895,0.1093746251057314,0.151566480249805,-0.07033375959991579,-0.2432046651808926,0.1892511406285243,-0.2867768232800196,-0.003368182564639807,-0.00559485703353894,-0.2397977854705142,0.3617520692643572,1.094089544325408,0.7999929206341397,-0.0004253231748204746,8.748739200586758e-05,0.0038334227334415,-0.009660568149361514,0.07556534793798501,-0.01075136104154567
0.02313090492553021,3.161592511890738,0.6983141155716566,0.006617089954764621,0.003063524643016234,0.6502550891595226,0.759680951425948,-0.5085901405483809,0.126878778081026,0.1871355681627392,-0.01999999961108388,0.04999999974815825,0.1010764044146631,0.0467842370636607,0.01051846082067512,-0.003738508320256413,0.4962815321152685,0.1205867127107309,0.1241154133855936,0.1323298029633111,-0.0642313968666213,-0.2658046692440659,0.1759172815117604,-0.305891366889625,-0.001528832553406605,-0.009714148554193204,-0.2308388259307697,0.3725342878685354,1.108913773631818,0.7712948017312058,-0.0005728734696685871,3.884440674534065e-05,0.005803330170981362,-0.008511150928296379,0.07483875652224316,-0.008601088850512802
0.02176019073532615,3.196027391151061,0.6919012203767715,-0.003182264702375062,0.008178517723481368,0.6476327598673143,0.7619020891071611,-0.5180767097435954,0.1666715343423485,0.1916122688185816,-0.01999999366300411,0.04999999880834587,0.07785961381166677,0.02273851871074075,0.006449323956382026,0.002306435661431974,0.27289704926413,0.1039017147662383,0.1412093846446363,0.1175789662091462,-0.06650659830401713,-0.2894224146917544,0.1686617538628934,-0.3199908935932096,-0.0001974637569028986,-0.0117801869232682,-0.2258838027002372,0.3799889817647356,1.119517898708115,0.7500811850819861,-0.0005589484741398477,1.348356898518537e-05,0.005228227203002997,-0.006976427481245532,0.0660672477431777,-0.006880871080246142
0.01994737383757395,3.23246691505901,0.6848696774389278,-0.01131705149717763,0.01188955925521206,0.6476637568347315,0.7617494475277609,-0.5124568270189951,0.2037415032661946,0.1890274155957576,-0.01542188763002873,0.04999999703435112,0.05613098844564415,0.01655864207312218,-0.002831580783008345,0.01017859886235086,0.1037353143631917,0.1081599927280927,0.1615759696983572,0.1094133313940485,-0.06218867827047497,-0.3098101222509232,0.1646982460710638,-0.3293868156372993,0.002776684695777564,-0.0144422711984036,-0.2235797341657841,0.385409184748448,1.134057416252837,0.7374755544011892,-0.0004409491511027747,1.563486605366927e-06,0.004455861548674755,-0.005104350578834457,0.05285380375084504,-0.005504696863856116
0.01783677294348732,3.27066806533186,0.678458594418453,-0.01780742247834695,0.01360271844157767,0.6458127960577397,0.7631668848972426,-0.4980432474960244,0.2347911298156019,0.1803695830776376,-0.008086812927547659,0.04838284929895718,0.03822491566235487,0.02841556376639223,-0.007461945497844041,0.01473028152578534,0.04577636004362855,0.1383896686978847,0.1862644880344424,0.1094027852030095,-0.03838260868088847,-0.322991285787439,0.15817752440924,-0.3359059015844932,0.008548506444898414,-0.01797634526220577,-0.2204626851990495,0.3906848142243862,1.138252057993014,0.7248245929016309,-0.0003473529376792694,-5.728996388133138e-06,0.002791267552581249,-0.004185523167435843,0.04228384823742437,-0.004403757491055179
0.01429761190773516,3.308014218606069,0.673559223987405,-0.01726293985737112,0.0169643637786648,0.6429389054113547,0.7655349535961863,-0.4869845763807997,0.249218763896154,0.1783765317732582,-0.0168862633700422,0.02966065018588097,0.03670509928426634,0.03304389938057777,-0.01137063998751972,0.004851195600660833,0.09037729405535908,0.211317924259174,0.1941474431356035,0.1124480377376035,0.009003320017793616,-0.3238236014507779,0.1637129406093789,-0.3327543959344971,0.01064866597360146,-0.02010993257494745,-0.2124330283198365,0.3970688020259109,1.153541513198138,0.7281130172238639,-0.0002631711078637255,-7.684186618690642e-06,0.00335660287113446,-0.001680042463104626,0.03382707910484545,-0.00352300599280963
0.009808204671577388,3.340886598330107,0.6719787141309482,-0.01706804955233777,0.02001327562912054,0.6377720694209021,0.7697759011229514,-0.4935742451697518,0.2491065854277656,0.1888562571653518,-0.01999999978080545,0.008594285787993539,0.04831251427269482,0.03104895771425382,-0.003700205494240482,-0.00233206766197189,0.1749834472283268,0.3041869213364465,0.1846388629566602,0.1201046618648299,0.03494452825881088,-0.3600251574901912,0.1620660227661771,-0.3284008422128821,0.008071026017591095,-0.01596779013149451,-0.2041442172501079,0.4052772064075288,1.174400763165608,0.742359706495458,-0.0001892627524836628,-3.885246390376831e-06,0.004337897271996203,0.0009679877222541883,0.02706166378193016,-0.002818404794211225
0.00417540954319484,3.384631979992493,0.6770107278000568,-0.009197665156980386,0.01012034659576103,0.6376707766271333,0.770187614920021,-0.4604669640800396,0.2059083328323893,0.1946627898239459,-0.01999999884954065,0.0131937526618333,0.05822425975629306,0.0330190294717403,-0.01465356337697938,0.003383108197809687,0.2555504259597796,0.4494841577544889,0.1761414565966604,0.1499544125059183,0.03278094925369542,-0.2607191012932333,0.1592953535304721,-0.3193912665355754,0.005065260787831767,-0.01370678932050337,-0.1955658780349362,0.4112723730147693,1.188508041297246,0.7796625507264173,-0.0001301955969306019,5.084628836845762e-06,0.003981236043537848,0.005199059977962172,0.02164933930254383,-0.002254723859770999
0.003076040849726672,3.424487122600107,0.6838685185665125,-0.005571208979556957,-0.002738693031933913,0.6449267404595364,0.7642191836320394,-0.4036821048312577,0.1467577454422946,0.1818233480189886,-0.01999999997285603,0.02621488080425165,0.0735753100745654,0.03090802626940197,-0.01767876651934288,0.01408786806434202,0.3093873778655921,0.6590197062061738,0.1635137841660144,0.1797453064947457,-0.006977124931336362,-0.1384135084912569,0.1705343665817335,-0.3042094184173036,0.005545566272447141,-0.0152154145520379,-0.1888976921078566,0.4152016987984236,1.192534885332118,0.8080008101858273,-9.478858402473854e-05,9.540188281501437e-06,0.002517308189802886,0.006169627237272182,0.01731947147922891,-0.001803779095369206
0.002829267469777936,3.464922098186265,0.6927211841051264,-0.003030685146394092,-0.01527885847972842,0.6577757752996944,0.7530527211689667,-0.3210918130356469,0.05050054876374888,0.1525306338854001,-0.01999999992503758,0.04871187656517437,0.08550995109235293,0.02860473762813904,-0.02614684979906706,0.0308992232292366,0.3132113477051408,0.8671856784303391,0.1405305929383509,0.196643117859207,-0.05626802215574054,-0.01028984134539091,0.1711614548928719,-0.2897943453180215,0.005491761596664973,-0.02022921223066121,-0.1800637791451111,0.4191381942439159,1.186200750944198,0.8442378424222916,-7.345648364633973e-05,1.554117368551103e-05,0.0004528555536952073,0.007657697574863792,0.01385557733433587,-0.001443023379555162
0.001720905561097793,3.502569561532527,0.6999202019350081,-0.00153686929859434,-0.02402991030410697,0.6668093168940867,0.7448392688001736,-0.2268946798167659,-0.06483243125098059,0.1152878107022431,-0.0199999998605466,0.04999999956876541,0.09283677402977003,0.037705390584463,-0.04772996562173623,0.04225396256287024,0.279975244903072,1.025073675502601,0.1190110372756152,0.2004936035628276,-0.1000635839020331,0.04124882292997195,0.1788681908948813,-0.2812147949435161,0.002796952299290937,-0.02162865335430448,-0.1699059996265497,0.4233262467728494,1.179079339358755,0.854340514422395,-6.264781294313528e-05,-1.938440688264562e-06,-0.0006725961676524907,0.004767685092261645,0.01108446215323942,-0.005777178225389179
0.0004048062030803759,3.540035740465499,0.7062955748441613,-0.0009047570749308069,-0.03233978370719755,0.6798494900747505,0.7326376939862628,-0.1305504941830062,-0.1746459311720898,0.06310222859729539,-0.01999999999588275,0.04999999999188273,0.09777321560635793,0.03691374158116896,-0.07413286075076754,0.05818164691072734,0.2317754190308518,1.12371341348489,0.10580188617214,0.2034835113556156,-0.1310452259963754,0.05447190982948251,0.1926562245136312,-0.297457734800301,-0.001669091115864886,-0.01748661474794294,-0.1643222115027149,0.4003566565659338,1.164326896091089,0.86414803144754,-5.612641746327775e-05,-0.0001183827608738974,-0.002201361518608536,0.003270673366040297,0.008867569729466668,-0.0330100495147309
0.0005999929345688765,3.57452173093014,0.7102330432029643,0.002871362727984617,-0.04084950187159122,0.6991857002379935,0.713766369378408,-0.04055309399085182,-0.2683522531573312,0.001745332754093035,-0.01999999999791912,0.04999999999666897,0.1164322571603709,0.01814332737904527,-0.09774518505675329,0.06357660288914077,0.1881073790399811,1.163739474030675,0.09834852085153724,0.2105329540848186,-0.1443471482153296,0.05366870944930598,0.1771969616867731,-0.2994280110641698,-0.001741334318772673,-0.01186990912263067,-0.1825473536257565,0.3727848838839862,1.131392422565675,0.8727295861167719,5.300301434390996e-06,9.6972999306438e-06,-0.005334485532129275,0.004716805999446603,0.007094055787731483,-0.06602613703142078
-3.788991609574785e-05,3.605381773294177,0.7105124394814648,0.0005786870075392359,-0.04113638775033017,0.7099240081501863,0.7030756469798795,0.02599596562255522,-0.3621301039121104,-0.04424146539745655,-0.01999999998892897,0.04999999997588578,0.1197690190662071,0.006995387915301448,-0.1167757012474539,0.06618378939290198,0.1426358207199133,1.145608668815274,0.06880366707792471,0.2031162217234902,-0.1677518177321197,0.02013899110464466,0.1926461742122221,-0.2940849267061401,0.000331108237206701,-0.01037485255889925,-0.1910712058495968,0.3468777187231895,1.090525954124831,0.8629593580860853,4.148332886166224e-05,9.524180533515858e-05,-0.007916196775212152,0.001987886751077141,0.005675244635742077,-0.06851797698327081
-0.0003540042073658912,3.634211081908041,0.7082528338556175,-0.001617312572734045,-0.03870364952456729,0.7220870250437315,0.6907168306021035,0.0749597212102022,-0.4459584992012607,-0.08508950777516229,-0.01999999985306572,0.04999999954368761,0.1273704590164015,-0.005830078388555704,-0.1174314134749622,0.06591998241848565,0.1157995599654978,1.063203475299913,0.03236494521122588,0.2065519950800348,-0.1935480661005979,-0.01032337579244951,0.2051568414114057,-0.2912994886955982,0.002550187114578358,-0.01020313526787527,-0.2004373780696544,0.3302601301370474,1.051609873503709,0.8586213255049612,7.518841285053777e-05,0.0001934959721542496,-0.008963737697954992,0.001408328112291515,0.004540195733900667,-0.06584912291233849
-0.002579021047587748,3.663543229726416,0.7047016231579479,-0.0051424106397452,-0.03460225301797529,0.7356420725680608,0.676466540759157,0.1147192947512953,-0.5051025082664498,-0.1138156424181802,-0.01999999998290335,0.04999999993453652,0.1271274650157264,-0.02391764405521277,-0.1093360748608168,0.07883658399808871,0.09886077902078129,0.9147635756345383,-0.01079929253490828,0.2157108558093338,-0.2244134437301373,-0.03067651059867381,0.212157429374348,-0.2932453533610399,0.003228716789225473,-0.007110093880155303,-0.2170446279875288,0.315549050081803,1.021380592561447,0.8564080306745632,0.0001221713274464018,0.0003141306493316557,-0.008360874665247955,0.001752236999004561,0.003632156587112488,-0.06382340447213118
-0.003884389911727649,3.692819244297115,0.7005066235346198,-0.008508321774813813,-0.02838741296989662,0.7468262151795839,0.6643586136763718,0.1517749691335385,-0.5382682500997054,-0.1379830773211544,-0.01999999998027909,0.04999999991632972,0.1221933223214364,-0.03646241435435094,-0.09753928957835718,0.07795982296391707,0.08722283706057479,0.7218279424016242,-0.04825131953483725,0.2271125811331978,-0.2605425935987519,-0.04838273942959052,0.2221954167201082,-0.2889460304186057,0.004888125185282724,-0.005766733084090087,-0.2324682067968819,0.3092832483169748,0.9976793257186798,0.8548730943675047,0.0001459676995903486,0.0004127448776810717,-0.007221971399687035,0.002074600751394104,0.002905725269682146,-0.06063045074578288
-0.003691332322881015,3.725402396713664,0.6953428012529755,-0.012023809782846,-0.02042844069782213,0.7536685299284663,0.6568271110455369,0.186937959768825,-0.543698687240919,-0.148428300563178,-0.01999999998439005,0.04999999975970795,0.1050353483021128,-0.03527645551193916,-0.07936520541539024,0.07824759871798105,0.08222687592696724,0.4886185017848759,-0.07520612428958963,0.2442962585189248,-0.2837902248599448,-0.05939805473441049,0.2227770009898875,-0.2851155362064884,0.008669732260415801,-0.00874912821958568,-0.249362540279738,0.3061561917264354,0.9775021951318134,0.8611102522798568,0.0001590396640420003,0.00047752442020184,-0.006200737529247597,0.003242630933216922,0.002324580215742104,-0.05684038376746917
-0.003833974313050153,3.759527191799332,0.6887320481100915,-0.01574700481575984,-0.01286088419405893,0.7582276851554411,0.6516727759856941,0.2222594261284496,-0.5280802722269563,-0.1526698159334033,-0.01999999973601127,0.04658664161161396,0.08543002529564067,-0.03200799991894348,-0.06579638484293714,0.08265935988041927,0.08374367467549951,0.2600856420775762,-0.08506042241313096,0.2675385185532369,-0.3161732886536459,-0.05866415900131761,0.2171765964368964,-0.2788356332186639,0.01039968569610165,-0.01319856076923261,-0.2687209616361425,0.298454153526733,0.9459505558511772,0.8740140554115778,0.0001789680831168689,0.000632849191870756,-0.007174118799462458,0.005832789701226047,0.001859664172543715,-0.05854258804374783
-0.003783327498969523,3.794073573161157,0.6811028516986908,-0.02024759974658485,-0.007517851737707715,0.7573651657648748,0.6526342944526403,0.2533576437467779,-0.5097888569892856,-0.1524718040706677,-0.01999999979929586,0.03319830162119113,0.07084069932624498,-0.02042401584007663,-0.0854173304302065,0.09056153175236872,0.1021247484226294,0.1276687135245756,-0.07409521642533404,0.2737427769583821,-0.3463718141906095,-0.04366060893414075,0.2101852327082889,-0.2853318811632447,0.01382388684505632,-0.02675863081943965,-0.2907547902980317,0.3022113183356807,0.9153554304618045,0.8825199187004444,0.0002013948345093729,0.0005517297338991987,-0.007546884703046436,0.004439899028372086,0.001487731337997675,-0.04899398224837839
0.001353131824640597,3.827539103706535,0.6749354286417547,-0.02285893585485482,2.871191175925208e-06,0.7550262173093931,0.6552960248763982,0.2654989985332095,-0.494992174392028,-0.143427192695628,-0.01999999995181984,0.03661510376511052,0.05896250392413972,-0.007863597353416787,-0.0930706395049576,0.07796959112535719,0.152957382637689,0.0887544075777493,-0.06428483392311511,0.2773655056885077,-0.3772007656300546,-0.01875760935684607,0.219116361240865,-0.2779510195998495,0.01624905145138287,-0.03077426546633876,-0.3009484915499334,0.3072002911449096,0.9038990820328121,0.8988140452273294,0.0001806507247198179,0.0005808703837437325,-0.005244379778910999,0.005907245448815453,0.001190185070390803,-0.04699581031654452
0.00690475115603772,3.863149095264879,0.6704094865623214,-0.02335187872054266,0.004965546680522211,0.7509045230625215,0.6599791135715067,0.2640795785162288,-0.4714854795509867,-0.136213555883046,-0.01999999991726599,0.03655728027564605,0.0528710651703645,0.01010331339130127,-0.09054133714624997,0.06312933914623321,0.2504407536165608,0.1042369907159523,-0.03872962624083428,0.2791053475386708,-0.3808002466994438,0.04959167824214269,0.2266695987390137,-0.2591940953766271,0.0211287552852201,-0.02982682322384099,-0.3080449054710593,0.2961607451579311,0.8976940287718252,0.923271137111026,0.0001531265945276566,0.000719004893851046,-0.003418073038212024,0.009563733778926433,0.0009521480563087309,-0.05458226306028508
0.01347080448687503,3.891857653314021,0.669243173858958,-0.02275047843294343,0.008425871734615247,0.75465588355733,0.6556721115228934,0.2529799098020206,-0.4846379004122297,-0.1473523738837239,-0.01067569869867518,0.04999999989675172,0.07407794380159526,-0.0003789061858196693,-0.06941055441369381,0.05947131057425702,0.3542629992432139,0.1604023225450255,-0.01635718121677198,0.2652278930285343,-0.4137773024299332,0.07539238555086386,0.2243687993614393,-0.2463033297578641,0.02119507484397212,-0.02040907350127249,-0.3157685062825666,0.2808511231009347,0.8967604193645375,0.9363649333594461,0.0001272033004602934,0.0007272633048565966,-0.001823159074059746,0.00868637943378155,0.0007617184450439214,-0.05453192928953712
0.01937740177704624,3.937199834909229,0.6731091671234369,-0.01323822402079986,0.0006844848307300257,0.7529210323949521,0.6579773551442414,0.2131686628592396,-0.4410838256485314,-0.1468380711694838,-0.01999999397038583,0.04999999984395648,0.07764429750997238,0.009851603711034527,-0.06364700173895267,0.05237243166659225,0.5099219475548467,0.22174459700216,0.03035370469359545,0.2570381469483077,-0.3036974056234845,0.07113367744109468,0.2249671926448323,-0.2363759969196003,0.01225340029233495,-0.01557831104745168,-0.3217219840728773,0.2765970177263034,0.9236660033256483,0.9634235716170173,9.685664866047545e-05,0.0007216031023855857,0.002503481645622372,0.009668582354596202,0.0006093747560338682,-0.05276673316772998
0.0234986555323215,3.974385226828284,0.6817770476603638,-0.00382222406185649,-0.0003009679275130206,0.7468762064429856,0.6649520526104589,0.14309402149074,-0.3839978576900479,-0.1385969219123045,-0.01999999863048944,0.04999999937544256,0.08918367131059655,0.01362332884427835,-0.06679807234808924,0.03643647546589471,0.6980156388657304,0.2516202780311484,0.0628343257700071,0.2433794795751678,-0.1671420577295448,0.04024705540122675,0.2224482855423525,-0.2279601558297738,0.007328326619833712,-0.01165601491998856,-0.3276259393795591,0.2736724696111099,0.962346304366498,0.9766014237614266,6.45718551396663e-05,0.0006920590906321553,0.006164406382745293,0.008068430423283967,0.0004874999195960297,-0.05075714531275637
0.02621943794121202,4.013839109925092,0.6886541920057141,0.006803892284851137,-0.003042313807883313,0.741719326188445,0.6706689887977745,0.04997638559522684,-0.3113643384420325,-0.1298497778056945,-0.01999999989810607,0.0499999999442632,0.1006724719032347,0.02736408571076553,-0.06798563243221954,0.01655806670677616,0.8889484479076424,0.2668672574437598,0.09174032500830287,0.223690391061481,-0.03285735888820099,0.0008095485494762399,0.2222165707168486,-0.2252730638030706,0.006557005693937923,-0.0133196566758314,-0.3373016930150012,0.273214976735201,1.000576940829027,0.9741394077447717,2.109922407048755e-05,0.0005533848721198652,0.007943090836824493,0.003683816070260048,0.0003899999786239629,-0.04060572278746735
0.02930121039412127,4.052688891959116,0.69490998814314,0.01765922877784387,-0.004813908684184741,0.7354534781933519,0.6773279555248352,-0.05315697224844845,-0.218934309399071,-0.1092538188038685,-0.01999999964594753,0.04999999976187585,0.1089888195181478,0.04434060012313199,-0.06835015075338362,-0.005205031391246379,1.029742223269638,0.2484497111319212,0.1093359479237574,0.2163264975296364,0.007151435020109451,-0.05089171000368635,0.2284014315669453,-0.222188595579899,0.004662730503871413,-0.01047833014729321,-0.346527633059535,0.2756230545880018,1.03257654337418,0.965144332430078,-1.61911553492761e-05,0.0004433757557257856,0.00805147039670003,0.0006932901866221778,0.0003120008611404771,-0.03248458983789869
0.0317783100484681,4.087447025649695,0.7012082796879351,0.02620503288364347,-0.005393467623718444,0.7221446863234773,0.6912244633788113,-0.156072830950692,-0.1375161500994024,-0.0588826801172521,-0.01999999999470118,0.04999999999615487,0.1202392619317114,0.08009129155618355,-0.06006725561673828,-0.01587855943377384,1.10750833484,0.2205748888379932,0.1150694824430163,0.2087806825492462,0.009527208374208304,-0.07385276084394486,0.2291750407277779,-0.2299252241827737,-0.000113872068815844,-0.004848615479956362,-0.351417205434502,0.2765238956678787,1.064153698100522,0.9462477546455141,-1.953441168519452e-05,0.0003535337160461517,0.008017946062325088,-0.002043455527523475,0.002213223264168075,-0.02598767190513149
0.03486368386191563,4.114906868989908,0.7056416786356403,0.03021212225518375,-0.002707698900461001,0.7080814911459437,0.7054789138819383,-0.2649305148366028,-0.07376825089641044,-0.009986877964362956,-0.01999999986016009,0.04999999989632981,0.1393974058867203,0.1018127542445428,-0.04547060928217713,-0.03248835705100873,1.130259471827722,0.1818297039960255,0.1136814779722734,0.1994589205270342,-0.00584971852870989,-0.08984359520511145,0.2463168212013266,-0.225746026866304,-0.005890363972887231,-0.0006509755314535332,-0.3468686318677903,0.286799588114775,1.075634388324929,0.9156096478848761,2.463280791146853e-05,0.0002646657789037906,0.006241442634059425,-0.004914626421297964,0.01263819572262122,-0.02079013841769114
0.0362926272135654,4.143655449971112,0.7074515679765996,0.02979896200346777,0.0004325899793004821,0.6915693982569857,0.7216949508787603,-0.3426163874028256,-0.02054829377233427,0.05001867997728145,-0.0199999999798441,0.04999999998395405,0.1439310474425506,0.1351637511602001,-0.0225301392478367,-0.03420698914549324,1.075148800741574,0.1476115841227463,0.1086649230922016,0.19936614061535,-0.04832238092005006,-0.1043422915625841,0.2598421003971492,-0.2435658431319006,-0.01256683263880845,0.005732966869397941,-0.3336373680698014,0.2961734590721264,1.071312392648769,0.8860570831888395,3.448031468667896e-05,0.0001895892141042755,0.00257412085465357,-0.006229242143450724,0.01011055680734789,-0.01663211078731869
0.03564608442904302,4.173268783233461,0.7082315370504649,0.02798456186760396,0.0002215379498054341,0.6715593907152939,0.7404220417843584,-0.4009075314496697,0.03324795111821968,0.1163962386830211,-0.01999999999330576,0.04999999999432331,0.1503224312457809,0.1357736049364499,0.008642263020356452,-0.01754300830429219,0.9692770357075804,0.1195161269999439,0.1169782042877518,0.1986245105137111,-0.08013968760912339,-0.1273896235956865,0.2474419129986897,-0.2665810865577688,-0.01393196418485151,0.00554339859400237,-0.3298292368962306,0.2990570371752864,1.061143160958883,0.8600211659930264,2.757396127006693e-05,0.000142747815457541,-5.143948560654418e-06,-0.00644189395151885,0.008088445592421362,-0.01330568864071519
0.03473193811111593,4.199934074940636,0.705281614134051,0.02262017493921104,0.00070324529742037,0.6518629201528826,0.7579990543935577,-0.4456331940179721,0.07727391326347148,0.1750049469767946,-0.01999999998092972,0.04999999998292624,0.1588200079292098,0.1100708258569005,0.04033534722288099,-0.003075222607942984,0.8088082390240721,0.08951648018074317,0.1263741984878047,0.2032183976044918,-0.08666889241613503,-0.1463716131612007,0.2329787276902095,-0.2591157541900084,-0.009968311226285723,0.00112654765254153,-0.3294157585030792,0.3288927984136147,1.044180152568798,0.8415333942437621,2.108578039054514e-05,6.087053482143112e-05,-0.002171958788682561,-0.005577814932738417,0.006470758267481323,-0.010644550941648
0.03200776440012278,4.230518926540601,0.7040516217087244,0.01529126062235207,-0.001057445980094194,0.6369623279271446,0.7707425328591976,-0.4589623880333243,0.1215103766345505,0.2223919441678855,-0.0199999999814184,0.04999999998075901,0.1509281338614637,0.07535410192835092,0.05745569605385815,0.02498441258483443,0.6088744384384469,0.07587182702414552,0.1406053481243341,0.2110637449137111,-0.0720528358267125,-0.1686611768031364,0.2141039815643478,-0.2830145166852641,-0.006466203347922602,-0.004180907651113146,-0.3302661268356638,0.341994386023071,1.041290892491537,0.8192782664140809,1.684968662902382e-05,2.324090892768686e-05,-0.001461292322014978,-0.005643824663900797,0.005176607175129679,-0.008515640770427978
0.03244343356189747,4.262500594237633,0.6981283787439343,0.006794995632938381,0.003110308808062659,0.6330909333830258,0.7740413581209186,-0.4649938409164466,0.153930873807382,0.2320556336101698,-0.01999999968460403,0.04999999977493776,0.1279962088168512,0.03941334602738035,0.04834792245988846,0.02523754177278208,0.3850069216717964,0.07169135431609235,0.1557175500809287,0.2241893775587339,-0.06470167561787407,-0.1934499207713625,0.2093143594801245,-0.2876048581909719,-0.0009400684232554595,-0.01114265777122977,-0.3301985843323208,0.3586635708885786,1.053357937258276,0.802983342857042,1.359386503884607e-05,-7.00631028936236e-06,0.0008031914560926004,-0.004901605420131736,0.004141287910391666,-0.006812512697307539
0.03077190210860095,4.294707118533006,0.69080571251564,-0.002937846077303512,0.008273060780748135,0.6350176535092737,0.7724477362626678,-0.4646237273010967,0.1849569806967284,0.2294253042637835,-0.01999999929213752,0.04999999972766676,0.101271682836156,0.02609825859476888,0.02872051124450387,0.03241868054915806,0.1659272333740925,0.06843377964470033,0.1713921376440662,0.2364992483207716,-0.04959869647887451,-0.2276126015710195,0.1917923563223924,-0.289065900288506,0.004427779360198851,-0.01608565764557836,-0.3190736968288918,0.3640687097186681,1.074741934738132,0.7954056276934542,2.851380235215293e-05,-1.138701930043693e-05,0.003122392295969687,-0.003417817562854487,0.003313038098445576,-0.00545001019575745
0.02884104598324033,4.329599102578715,0.6843025954014562,-0.01052443188081264,0.01141007708474698,0.6367876698598365,0.7708829418199539,-0.4530650992890349,0.2159686078812397,0.2146190595551355,-0.01928152779595352,0.04999999990136013,0.07765420771618216,0.02757131315306449,0.01594913920468435,0.03498882966242224,0.0421732515679881,0.08302554591083974,0.1935187060378165,0.2469355057729107,-0.02245072745764263,-0.2478031148490117,0.1838837824961154,-0.2883990214694387,0.007657398203663247,-0.01910243930694666,-0.307290426051428,0.3708382879176825,1.087897245949876,0.7935343640966822,4.224674575271644e-05,-1.317956065711266e-05,0.003259129551989285,-0.001953110777355207,0.002650430882673971,-0.004360008166057973
0.02653462888468843,4.365353859673129,0.677512529061657,-0.01704585475911041,0.01241434725766539,0.6373694113445573,0.7702697944876133,-0.4336787361496433,0.2413021416020265,0.2043277959688508,-0.013470449230923,0.04999999939127032,0.0583287718255593,0.03385101634541351,0.006392046483279843,0.03693601430176443,-0.004725975211704092,0.1199284247683086,0.2121818394263301,0.2545026842889292,0.008192398649573645,-0.2630259552307308,0.1807446955321105,-0.2864868396459739,0.01001529940922862,-0.01771375702382616,-0.2956044128238996,0.3789490784932167,1.100967574539735,0.8001295914171166,5.349574691095605e-05,-1.092469651395526e-05,0.003316394354148697,-0.0001388759610081749,0.002120344969510504,-0.003488006552765618
0.02686929601779476,4.396860407605077,0.6728019809904446,-0.01752234127055726,0.01092983790915699,0.6387420810672549,0.7691437187376298,-0.4252405535919291,0.2547932584000667,0.1984448383360015,-0.01321009919915077,0.04999998558358189,0.06986762574503655,0.03503952958657915,-0.004018052829107828,0.02992141912878602,0.02443645149664463,0.1934744833601147,0.2101969513167066,0.2565879706399112,0.03572278515463576,-0.276921963451403,0.1879534896805381,-0.284868585294464,0.01101328028535238,-0.02057224691662659,-0.2775123191828523,0.393231458817495,1.108358263442186,0.809023031084226,6.609004978737065e-05,-3.990562333667355e-06,0.002614726842179491,0.001059939751502837,0.001696276182204341,-0.002790405310122694
0.02858593958765125,4.430314759886033,0.6723227883941629,-0.01463166360179032,0.01269731402413474,0.6367220907053044,0.7708499671432066,-0.4284063185442902,0.2649971891387979,0.187648730141447,-0.01728841808835157,0.03825454668237566,0.08074837099923168,0.03140793998209483,-0.002958246851366031,-0.004117640945651176,0.1007053027908441,0.2846137367570887,0.2058641807169996,0.2420410274995801,0.06439520055446436,-0.3198045709387853,0.2062238132933588,-0.2840373387549825,0.01071773339971979,-0.01159750890180918,-0.2559409997404756,0.373168199049743,1.12186490405133,0.83258070912557,8.541062778622163e-05,-2.529752702473782e-05,0.003036935698245728,0.003507055193076745,0.001357021305179939,-0.002232324396537805
0.02480223497987342,4.474921728534682,0.6735231933039058,-0.005197518599302919,-0.002653652886694227,0.6418802791733074,0.7667826622551946,-0.3985681388468549,0.2306790715073838,0.1777635207176577,-0.01999999465047384,0.04225920135903864,0.09217464633234723,0.02890680130427927,-0.01350216499953286,0.002773937865756624,0.2050401137986051,0.4409996690001249,0.204873627252158,0.245786656242842,0.05290900015989352,-0.2165088198105908,0.2032250372858965,-0.2619998906651827,0.009204519843506323,-0.00827839014300835,-0.2430513807228497,0.3642227292203433,1.130236053902919,0.8750097156640074,8.616655465496717e-05,-4.400373012799951e-05,0.002593297088628408,0.007085732992401924,0.001085617309568889,-0.001785859704606292
0.0221192501845286,4.517597678914817,0.6787397464999774,-0.0008634113411349557,-0.01691795051005069,0.6510456452893799,0.7588495273907275,-0.3449573141618569,0.1798956614778265,0.1680765283075484,-0.01999999969185185,0.04999998299911719,0.09698765902834479,0.02807159381578861,-0.01927112098500866,0.01812918946030517,0.2782865974581072,0.648719086685988,0.1973225651656299,0.2494195151310233,0.003487262775057919,-0.08477770144907489,0.2005750874970819,-0.2556078282666129,0.006255782243725165,-0.008670361483183432,-0.2313331656916836,0.3635662037517062,1.13469302583863,0.928204490682351,8.069475812711048e-05,-3.841537185956088e-05,0.001872376780453436,0.01024561409837166,0.000868494083762132,-0.001428688528253425
0.02071519806957357,4.559203825082009,0.6853482582494504,0.00464925983885762,-0.02924863609911696,0.6589983780419968,0.7515610683153497,-0.2894812177851275,0.08155766508339615,0.1420674528560261,-0.0199999999732356,0.04999999990856992,0.1116385634747546,0.03477638991479104,-0.02992107165175636,0.02561683787531218,0.3446792870059741,0.868085934979365,0.1806880727443242,0.2467331648913385,-0.05965184239690251,0.05682837570669465,0.2050229770673597,-0.2525539982747655,0.004801130430008006,-0.01082351019028629,-0.2158573223334634,0.3555745457141304,1.128888024153455,0.9593302527607965,6.614869013181173e-05,-0.0001154805333999138,0.0001990171631446881,0.00924423068851502,0.0006947953034366067,-0.01003627776914312
0.0204244674689513,4.594892425264345,0.6917903306812947,0.006331180113791575,-0.03757744312694096,0.6695129987994012,0.741822213448102,-0.2160299875500286,-0.04213922498104763,0.1017603935316801,-0.01999999984417593,0.04999999966704267,0.1231027323393811,0.03543970902804128,-0.04417080182307284,0.0368081046556959,0.339921757425402,1.035794286828903,0.1614206930570282,0.2361125675137078,-0.1146239439566844,0.1145126467779908,0.2061336775677737,-0.256988056326074,0.003566653437739939,-0.01386193818443542,-0.2007758817030609,0.3337524876748547,1.117793308156854,0.9657755719585241,4.292550633434046e-05,-0.000175157747071525,-0.001312351952641047,0.006497059607218865,0.0005558365080585533,-0.02741476748867017
0.01893441095839649,4.626591802130617,0.6997723586516016,0.005109650441715506,-0.04418326871622442,0.6839764307250571,0.7281469442705398,-0.1390052221757182,-0.1646768620919615,0.04735206268740325,-0.01999999999709095,0.04999999999460147,0.1349206913165601,0.02538812042741229,-0.06086454179165837,0.04661667366681396,0.3029633586442222,1.133191177388213,0.1333500484533775,0.2230352066907667,-0.1490127808257608,0.1175137761847555,0.2082079986836535,-0.2589026356924197,0.001289752551915903,-0.01814783292571449,-0.1860197177897895,0.3126214491778175,1.116345554452882,0.9638482069213338,2.819788769158935e-05,-8.055974968308976e-05,-0.0008341975907611097,0.004867529234539714,0.0004446692111746281,-0.04505797857703622
0.01208087191362766,4.658303125768194,0.7054798100535661,0.001889615340890163,-0.05185201430615315,0.7000525497552789,0.7122037809134341,-0.05854306423427078,-0.2723788568490234,-0.001129108788933848,-0.01999999989178259,0.04999999978050838,0.1444234465480305,0.01198273616683691,-0.07798331253857366,0.07943544006194284,0.2531516883957141,1.156256198749661,0.1123313374630468,0.2194613627849506,-0.1618451732316031,0.09582701403817277,0.2002240282274499,-0.2799395916707649,-0.002398865619625839,-0.01595951389765186,-0.1842660871851329,0.3044068808026402,1.1119177245392,0.9469123170236382,2.162662180916528e-05,5.406827197774218e-05,-0.0009814747131882467,0.001618995595240429,0.000355735545115975,-0.04748098236134345
0.01344380437241857,4.687134836457961,0.7079347592814915,0.0002826181684370479,-0.04989019831028305,0.7172625536230989,0.6950146166877377,0.008821247281184297,-0.3526155183858642,-0.05768849713116053,-0.0199999998949751,0.04999999984077605,0.1460193499699979,-0.009044348123807397,-0.1122458431794335,0.07243865625807508,0.1927781915753469,1.100324670959216,0.08739303531931251,0.2122405356575658,-0.1762456458799543,0.04341326751294707,0.1924311332454814,-0.2700934759459,-0.008142641249877835,-0.01373794002714301,-0.1932077938343384,0.2889257162171713,1.101861141062775,0.9343494866502391,2.523033537519996e-05,0.0002643241113181288,-0.001781775852073222,0.001292251866816536,0.0002845885773370517,-0.0547599787790287
0.01144534126277417,4.716209066220602,0.7062967160140744,-0.002939874710272655,-0.04720035618017959,0.7313311391869205,0.6803809582643486,0.06448921912338651,-0.4394101747188426,-0.10411168403385,-0.01999999997882807,0.04999999996265621,0.146429223508279,-0.02461858403602343,-0.1232252453799908,0.06755076525979228,0.1501681408838539,1.00209824017776,0.04680674655257155,0.2029992935468555,-0.1974639238671486,0.008964243593187676,0.2045106482810188,-0.2614508224155658,-0.005984424178088767,-0.006537581688515337,-0.1985076456306862,0.2769081220872044,1.082501937963947,0.9194226204628527,3.051936421701082e-05,0.0005217041103202644,-0.003370375680369089,0.00118814772570779,0.0002276708751091544,-0.06349090649588522
0.007729521756013022,4.748033230620966,0.7027452767747511,-0.005243658149939653,-0.04399830894311333,0.7485832966897171,0.6615585391909835,0.1173953587843298,-0.4855741215724201,-0.1495579855010542,-0.01999999998568558,0.04999999997059122,0.1405315179599756,-0.05140263828385108,-0.1286262410772581,0.0744492605074107,0.1205413623543227,0.8432992235655331,0.007313734861271032,0.2083874528332021,-0.2245934170791065,-0.01470342751952932,0.202536246093052,-0.2626771904071176,-0.006855689373439554,-0.001234011716389571,-0.2068958458955141,0.2754168798868696,1.067989022811237,0.9070425524435598,3.889265658622099e-05,0.0005893652562322146,-0.003543072278378099,0.0003750428536149127,0.0001821367058933282,-0.06005818721849544
0.0055288598903091,4.777808502275922,0.697165734662803,-0.007898629711653709,-0.036682796701141,0.7637661884890218,0.6444014225588062,0.1635827768231709,-0.5104698810042725,-0.1820969282187943,-0.01999999982821878,0.04999999963834227,0.1319537484504637,-0.07453306572234346,-0.1129163931559875,0.07126511497117861,0.08912699291738112,0.6426234199157395,-0.02975033387682821,0.2172580608020642,-0.2444714578916156,-0.01391196896106347,0.2052323479701926,-0.2623569180630384,-0.001843517954887062,0.0008432132268416107,-0.2185115314294955,0.2802549201776747,1.050748410263009,0.891188613531914,5.295679787466444e-05,0.0005835775313436611,-0.003985674449378199,-0.0008814581606368732,0.0001457093647051153,-0.0540055132924921
0.002989373939269472,4.810811000813061,0.6906949773732212,-0.01078520439047319,-0.02955938534932262,0.7723402889478241,0.6344291924021289,0.2038999546844824,-0.5024859695214489,-0.1996141071648516,-0.01999999988036786,0.04999999963266573,0.1123256913427859,-0.0800884091949888,-0.09121688655493695,0.07157034303837967,0.08123452476731848,0.3996425529546717,-0.05408031451055515,0.2258334019720464,-0.285041501559335,-0.0195530018790869,0.1993514308429643,-0.2618469900684358,-0.001112802153491313,-0.003382269024155496,-0.2333841117020208,0.286779407065158,1.01624270126738,0.8944004951039454,8.288088594523587e-05,0.0006357160987648499,-0.006452046168322626,0.001527460704363234,0.0001165674917594503,-0.05243554591355917
0.0003192192032242373,4.843383010234586,0.6834944309758467,-0.0125095654593494,-0.02501286889269018,0.7766720886681552,0.6292839850541414,0.2401052672338042,-0.4870927836943278,-0.2074459566190572,-0.01999999993212563,0.04999999935108158,0.1019364794283908,-0.07173617237082269,-0.07154713992458796,0.07789029016928289,0.09198670861565751,0.1975899967894783,-0.06280987013913819,0.2369813428694072,-0.3186943283637271,-0.03217626734207996,0.1964685647124375,-0.267752135298099,0.0006223551249789192,-0.0133443080378682,-0.2503175978909424,0.2951001144083172,0.9879302201949977,0.8928020287053555,0.0001130618898808566,0.0006459022446473169,-0.006886093251452368,0.00190665683524629,9.325399340606682e-05,-0.04922414677899684
-0.0001724335897508006,4.876945497221771,0.6762973020818974,-0.0154697840676934,-0.0187527916720666,0.7777337941056037,0.6281235261407627,0.2634718956231279,-0.4645263981260699,-0.2102406077860734,-0.01999999997276656,0.04999999966187466,0.08930613879156629,-0.05468542282455541,-0.07753901952917402,0.0773941407201659,0.1233349526981903,0.07072504895929049,-0.0595797461200915,0.2470662547852986,-0.35206621979717,-0.04346621552115443,0.1940498498662715,-0.2669494090964172,0.003507609697267415,-0.02155580846033229,-0.2664031871420603,0.2935136315709063,0.964824283029841,0.8883856887806003,0.0001300890552096337,0.0007211141217279487,-0.006429678615479028,0.002465428658842428,7.460319472441203e-05,-0.05094725404693117
0.00026210639980281,4.911481217039132,0.669281761468932,-0.01692755216208822,-0.01379782068826974,0.7779020489618544,0.6280059556588637,0.2791666604022291,-0.4386357302732929,-0.2102126546614556,-0.0199999999534337,0.04999999593757847,0.07918689798527208,-0.04056031502164716,-0.079919069015935,0.07718061859836896,0.1811678627430341,0.05379108791050735,-0.04583533132649636,0.2571933819953311,-0.3834030627291072,-0.03759219791827869,0.1876625011899732,-0.265295554722164,0.003403854965513726,-0.02440555000603508,-0.2842444836613775,0.2914460683095339,0.9480085024017894,0.8892933375340739,0.000139291878948703,0.0007787055793531726,-0.005386062230625098,0.003426188420897294,5.968255577920832e-05,-0.05233090004005922
0.002940878934997784,4.94396585782316,0.6657968374465175,-0.01811009285759487,-0.008709014889130997,0.7765091430361768,0.6297854621834109,0.2728467471455045,-0.4349785724874056,-0.2056849674448986,-0.01999999995777177,0.04999999988381446,0.07935613479857928,-0.03039997459526684,-0.08221624219716239,0.0658910515318214,0.2747350290057129,0.09534799093308882,-0.02707191310430937,0.2564313615364519,-0.390797355345999,0.008031245818308559,0.1944495213561163,-0.2514942863284395,0.004465597032361687,-0.02568656072287104,-0.2946196765833019,0.2821023722438528,0.9353659981428482,0.9003621882154732,0.0001281932648372948,0.0009894762425889814,-0.004320523746407777,0.006775511602670236,4.774604462302914e-05,-0.06269262334385785
0.008483992951910182,4.972452720873823,0.6659973530859676,-0.01952028468400425,-0.001366530933665799,0.7740214950874738,0.6328568686690653,0.2567005591414248,-0.4429594989411491,-0.2021845802597724,-0.01999999954208426,0.04999999969514754,0.08627238841207156,-0.02618517019315733,-0.07273414958866115,0.05373029694215201,0.3748827045754418,0.1517245062522734,0.0009267979733005894,0.2485704590593621,-0.4212545841079104,0.03872200737376261,0.2000936810485985,-0.2340725348820825,0.004949960524344634,-0.02001389930589704,-0.3041327194238841,0.267808354003153,0.9262402705721783,0.9208526719467606,0.0001140441423322777,0.001134430565099375,-0.00333354286988094,0.009449800024602936,3.81968356977415e-05,-0.07012755130032385
0.01099510664494316,5.015026914899893,0.6714373245577749,-0.01033083921293159,-0.005951483734709959,0.7723088756652442,0.635135303829978,0.2134115028013804,-0.4144529827155469,-0.2020118537704548,-0.01999999836631288,0.04999999946037897,0.08953860363679372,-0.0103743103883835,-0.07382173748942458,0.04640470739275228,0.5295972502954716,0.2245173284999643,0.04678550608870304,0.2418025211636048,-0.3076361028618568,0.05169379757713027,0.2011371679762593,-0.2240038161467054,-0.0003837442413333442,-0.01639812755447439,-0.3153993441952988,0.2640443547683156,0.932741447730546,0.9490153726304688,9.45606888045909e-05,0.001130643672743308,-0.0008440684610479133,0.01051046415795224,3.055748994168631e-05,-0.06835325097560591
0.0131785920891423,5.051913982018212,0.6770427871761124,-0.0001177741894623159,-0.007684218811780521,0.7685531672290494,0.6397397658835113,0.1407168899364219,-0.3735920814032826,-0.2000714646655503,-0.01999999998052296,0.04999999999013126,0.1038821254958422,0.001892471708361438,-0.07306129932312473,0.02654121247696924,0.7220101877166756,0.2867740773303694,0.07836779799488443,0.2325508914228057,-0.1730814921874153,0.01035610236814085,0.2021723140265954,-0.2146027150885318,-0.002557444789579538,-0.01533165026219131,-0.3262251656081387,0.2656242263003637,0.9684551591400837,0.9624536816723332,5.880767732213266e-05,0.0009972116407315687,0.004118825219169698,0.00783583812649127,2.444599649009755e-05,-0.05977207679787505
0.01398802188035536,5.09141946786131,0.6822047553219278,0.01035449538252945,-0.008819478862063997,0.7599859678601518,0.6497971451719707,0.04123367031290621,-0.3092655001565968,-0.1802788870284392,-0.01999999997403848,0.04999999998437341,0.1096875566858116,0.02087597352083152,-0.07312923091642111,0.004904996621720268,0.9279905050741101,0.3128268819480762,0.1033381762736446,0.2169771473909033,-0.02408690047861152,-0.04220762427521794,0.2075536567921952,-0.210095794533274,-0.002866861669346668,-0.01401521950200774,-0.3366746319723483,0.2636612101609327,1.001662276900673,0.9537060107324652,1.997678831430206e-05,0.0008541123930914771,0.006281686101901107,0.003412418774105392,1.955681958322195e-05,-0.05316261654378659
0.01655767298857889,5.129701708779771,0.6871467178096891,0.0228472636340804,-0.01081521196988924,0.7505165455749765,0.6603680402265735,-0.06446228185389556,-0.2270950622443966,-0.1503999723797167,-0.01999999998997354,0.04999999999351738,0.1184053074045242,0.04067194605301856,-0.07402187578444411,-0.02471384488738269,1.079417394222087,0.3101269786563,0.1190598777125469,0.2164140918962875,0.03222187078304211,-0.09414131052391138,0.2159041612928534,-0.2021535097941174,-0.002313248927700942,-0.009215283943425865,-0.3473830653239096,0.2694523901304112,1.029132127411613,0.9486224661814971,-1.579217560405359e-05,0.0006854811057882005,0.006645207282743126,0.001052507444403274,1.564593574912371e-05,-0.04253011527118097
0.01719969560852258,5.162741752230048,0.6925582583975571,0.03165958291675568,-0.01111364282118624,0.7370996415113189,0.6749505731804851,-0.1745270420702485,-0.1496876540207443,-0.0970539314388193,-0.01999999997791254,0.04999999998594538,0.1339768388702742,0.07162486976456847,-0.06218216355241099,-0.04440603879642169,1.161283647946251,0.2872997354568765,0.1196808789900548,0.2070188705071068,0.04015235080057495,-0.134835860676777,0.2405848268483906,-0.2085265244409288,-0.005064889006362803,-0.005783487264166003,-0.3388708782875576,0.27310466987364,1.05281159561356,0.94254248962396,9.697385848396884e-05,0.0005480074291654645,0.006219853793817794,-0.0002439406582884155,0.01824782695747615,-0.03402409239881565
0.01908396420505701,5.193577593617489,0.6980781987526048,0.03775350522705365,-0.009797894778792369,0.7215438534047657,0.6912692252044615,-0.2796101054141457,-0.08102645911854728,-0.03439914093479067,-0.01999999999748755,0.04999999999836518,0.1475130880597068,0.1008777907582609,-0.04380631097087511,-0.05592829017088441,1.184019475706048,0.2589152628368344,0.1178736238289441,0.203218488986447,0.02406316501622188,-0.1613032722550883,0.2513835034442669,-0.2075582049045055,-0.008763303710432118,-0.00126155408880747,-0.325079152613228,0.2858227876588559,1.064141925672123,0.9248841705545797,0.000102391274825879,0.0004274047809577173,0.006048574401138851,-0.002361467684885926,0.04115796668513698,-0.02721927394466282
0.0192874489372489,5.221516258134876,0.7019275621275711,0.03739668882478358,-0.006263833559834914,0.7027582105466413,0.7104175881573875,-0.3573283880656369,-0.02645615649584019,0.02271498289666376,-0.01999999997204039,0.04999999998053253,0.1526543811352599,0.1341147796917667,-0.01277991424316254,-0.06608505370745707,1.116639374262652,0.2188073981082131,0.115970570949041,0.1909916511280224,-0.02094978550527912,-0.182657698133017,0.2586283222571903,-0.2172345677116048,-0.01382006908278731,0.004777084480649549,-0.3172153293332824,0.2943830421897045,1.064874762378622,0.9073947325156356,6.581636901241062e-05,0.000330657013522618,0.003656218554388277,-0.003409564681140943,0.03835084830255525,-0.02177541925364134
0.01861903625045376,5.252422239224926,0.7006998132941262,0.03696448811749017,-0.006918388908876277,0.6804106442666223,0.7318655051864362,-0.4161021387645649,0.03485197929274364,0.08954206228096021,-0.01999999988084525,0.0499999998999335,0.1605066483412319,0.1335992172272558,0.02360789581967977,-0.05523779347143391,1.003414750452981,0.1844675865637796,0.1314583006680886,0.183404851815287,-0.05643252371641354,-0.2041214368855883,0.2535378194601601,-0.2489389791445911,-0.01305600172802381,0.00400707566323667,-0.3181936776013422,0.3031264874458084,1.058196320019178,0.8792520520267662,3.025037214330109e-05,0.0002455718188025163,0.001328341702956527,-0.00529168361939507,0.03277247471324581,-0.01742033558905886
0.01534490868367728,5.284880188455895,0.6994174298643837,0.03118920227962161,-0.009036100953201408,0.6576362513410663,0.7526354651906821,-0.451944160223702,0.0919904486206663,0.1565959764283501,-0.01999999988840615,0.0499999998932355,0.1565091927293074,0.1098084146401048,0.0606105791683197,-0.02587299427016092,0.8354440418788598,0.1504872977688263,0.154354061306667,0.1893632851126015,-0.07931791823439434,-0.2222714554279014,0.2313121245645553,-0.2604027028940132,-0.009942695509908615,0.0003982539652240838,-0.3189937245499791,0.3383323145443604,1.04717554133059,0.8501945276524686,-0.0001081647623731546,0.0001221479550171121,0.001147193054369301,-0.006343640431938904,0.03468129259475691,-0.01393626862050551
0.01541936372686236,5.316487778689794,0.6950104697913284,0.02420362124710668,-0.007950395508291226,0.6440260648811418,0.7645792330971983,-0.4773001185266259,0.1368221987431421,0.1914579340203967,-0.01999999999549362,0.04999999999538722,0.1485323449719302,0.06904128304001586,0.07458675212690043,-0.01655809489049226,0.6379769910195952,0.1331699796245002,0.1696233930304771,0.1836308599647074,-0.1032157037330764,-0.2423203125563611,0.2190630087435879,-0.2832993266667159,-0.004424150740683999,-0.006628081448167401,-0.3166803234034449,0.3601098238618201,1.046159435972726,0.8202881770639215,-9.86912712208447e-05,4.675111839066406e-05,0.0006688684985762902,-0.006979718202107616,0.02858080272534362,-0.01114901489881123
0.01280921827809078,5.346508032913822,0.6889413502908796,0.01379669428307015,-0.00394106364489964,0.6422184416200469,0.766387364514398,-0.4896833454533041,0.1668811420822859,0.192958858312952,-0.01999999976501527,0.04999999983072084,0.1306869746359822,0.03903105719475562,0.06054912925024789,-0.006725490581110757,0.4015538014951546,0.1221081402117589,0.1861974705270618,0.1787754463047389,-0.09381038504778959,-0.2567333269659163,0.2145543631129694,-0.3000754093957213,0.002087952611977147,-0.014094465181931,-0.3144541317931013,0.3760043843454731,1.051924426707057,0.7937267466326189,-7.775575460561202e-05,1.620732186268727e-06,0.001075063165624018,-0.00687007764258977,0.02286464631725153,-0.008919211947733013
0.01000139394893909,5.380492545861588,0.6832950506807286,0.003160942729565574,0.0003271150360819256,0.6426866503761115,0.7661225560347035,-0.4844331760071161,0.2020283676917305,0.1923721239458646,-0.01999999741641128,0.04999999917873875,0.1037591946484936,0.02818442501919606,0.04065477998491449,0.008360752175465547,0.2030536861155682,0.1171034906049169,0.2044974969038083,0.1819866847169813,-0.04484640746834277,-0.2987862698048367,0.2033876952217612,-0.3132305756108081,0.006376148289174941,-0.0184361917400025,-0.3168824799240251,0.384301155933369,1.062099103017714,0.7756865526631208,-6.37618909933484e-05,-1.437393702514044e-05,0.001850298306724224,-0.005736275948677729,0.01829172193015457,-0.007135369623302072
0.006128770971256102,5.416270905307392,0.6762268407992689,-0.002252180183469822,0.00205234558534416,0.6490070311856124,0.7607763068298441,-0.4849526304344001,0.2332546896548382,0.1726057179283703,-0.01687654938858097,0.04999999679941372,0.08849362279349479,0.02228826144720071,0.01596943960416213,0.01551733731794592,0.07774845749101837,0.1489567819959791,0.2168739572017882,0.1851452514795238,-0.0132810199331475,-0.3385789338995919,0.1979202612138152,-0.3258662647051825,0.006162621896141562,-0.02310210949129476,-0.3171588102982413,0.3912607577989819,1.079011660513779,0.7662682090993174,-5.105197068712064e-05,-2.089030773380139e-05,0.003103018188358795,-0.00406810327074995,0.01463337798342222,-0.005708295717514016
0.002612453399681142,5.453956373416105,0.6690585230263977,-0.006581647268021093,0.003081989726834979,0.6498724286149493,0.7600085590206669,-0.4698232617874796,0.2549085285635162,0.1639781316491178,-0.01534027347280353,0.04664307316859315,0.07542553874576564,0.0234053728994006,0.005446932479452789,0.01960374942295693,0.03931837495131177,0.2068923165096726,0.2284068136231134,0.188416129801156,0.01506405065047617,-0.3639842288657216,0.1917304262052477,-0.3290251032486546,0.007192738876391252,-0.02491353054219046,-0.3166196304777987,0.4014625646603849,1.099371581392087,0.7655275502132407,-3.913440235739502e-05,-2.339094485035284e-05,0.004173242262363641,-0.002129003976807803,0.01170670243942463,-0.004566636576099807
0.001029903282088643,5.489505234323328,0.6627986321499592,-0.008317150921866528,0.004408290116117494,0.6483750824987322,0.761262861548859,-0.4630437605667451,0.2625268412826909,0.160462134194392,-0.01966667395385528,0.04034069027799626,0.07543456726801685,0.03204764178303363,0.002216543896922093,0.009648711247678736,0.05921437406674509,0.2929848934087848,0.2304387642554811,0.1894423584561736,0.04933456587961097,-0.3784818011473757,0.1937392981652842,-0.3243304608696285,0.01091516135750176,-0.02739155745516678,-0.3123268307658537,0.4140209062616543,1.118489202964096,0.7750177688100888,-2.169342964807499e-05,-1.81854277798624e-05,0.004550105493763739,0.0001410780158657009,0.009365362086337347,-0.003653309274306429
-0.002272614003527683,5.519785568755091,0.660350765628976,-0.007879195848454245,0.008127929432640863,0.6408888808521768,0.7675501921281526,-0.4751588644223164,0.2599194739066348,0.1775883984635374,-0.01999999979906878,0.02011905999790178,0.09120621992087444,0.03314910627546887,0.01641800222783289,-0.0101175784541436,0.1420319547837877,0.3830841170004408,0.2189926943619916,0.1929248852147372,0.09451508022310845,-0.4119529103257882,0.1940668183205117,-0.3172611339753325,0.01130856763429734,-0.02608139124958055,-0.2963182125893097,0.4172330453997208,1.130223683543482,0.7820071185088933,1.428971666145228e-05,-1.367817735861154e-05,0.00377826636770452,0.0009547894090653104,0.007492289780658768,-0.002922647431081895
-0.00484545819694343,5.565541304245232,0.6635919913514357,-0.000848799445928409,-0.002808891716225851,0.6398536052134981,0.7684912189232327,-0.4428275923942758,0.2123251685390092,0.1813935922293261,-0.01999999972827416,0.0244252248342019,0.09521923437205003,0.0257594916184034,-0.01762306756573509,-0.01390802290672186,0.2384013966262497,0.5438880059536099,0.2130501341390759,0.2065570195191914,0.0827832991836682,-0.2881205741178037,0.2030231493695985,-0.2940016086792191,0.009488269789381224,-0.01868939411867168,-0.2803803092988527,0.4255568187813512,1.137086671732056,0.8098217077468459,3.451371784123253e-05,-2.029584923560741e-06,0.002779533435308438,0.003985869573028542,0.005993831841156977,-0.002338117946826312
-0.006969551885937743,5.603320860181422,0.6710429975113471,0.0007753637957060092,-0.01488466135554798,0.6498916420663993,0.7598807138226066,-0.3948524083299084,0.1474832792116638,0.1734104754305692,-0.01999999985757389,0.03350856887787251,0.1115850116293944,0.02487187036198371,-0.02313912370733753,-0.004041728400294042,0.2959261797104398,0.7305346981386245,0.1901102756037198,0.2119791353003054,0.03952162782891272,-0.1411297992709503,0.2059079534931066,-0.2998077204242599,0.005852010099847743,-0.01668007416767689,-0.2640646217550904,0.4050963883025838,1.134427300083316,0.8437489509982562,3.662591803148478e-05,-4.27027482594833e-05,0.001059305179467704,0.006288328452325761,0.004795065636877912,-0.001870494432012924
-0.008800271009485808,5.641427039483503,0.678874160803448,0.001804144346771875,-0.02593035299693275,0.6610860842491755,0.7498596875874329,-0.3291548614673415,0.06378329251163657,0.1537739187102016,-0.0199999999129327,0.04999999477602945,0.1215593525079192,0.02299369402861244,-0.02597320624380348,0.01450404227222035,0.320064263856369,0.8982032537195291,0.1724235397766141,0.2170938368185946,-0.01731814998875083,-0.01340814091948875,0.2056805467312442,-0.2868213572148748,0.004177582566254342,-0.01872785433944843,-0.2506530468861887,0.391039924468707,1.118692234063679,0.8698650222309927,1.943427895683014e-05,-6.577601856425667e-05,-0.001481145173244431,0.006457346430477584,0.0038360526569326,-0.001496395675948375
-0.01037187649912605,5.681702706176471,0.6873214970638631,0.008007403012738942,-0.03645529160182382,0.6658330757695445,0.7451665642139921,-0.2598695989161154,-0.02561260018289229,0.1399675905477021,-0.01999999999166279,0.04999999997128101,0.1273616920837886,0.03401349691216572,-0.04078792535656911,0.02630400211292913,0.3555989214790202,1.02654458547465,0.1474499131142949,0.2175024108820365,-0.07049970537387627,0.02223496960309312,0.2151807818529038,-0.2849295869278491,0.001941132990139264,-0.02006147055531378,-0.2393833177745893,0.3870242857395175,1.105621039713451,0.8828001050528822,3.023646217027219e-06,-5.906170920303374e-05,-0.002402126313386389,0.004865258467430137,0.003068842143463901,-0.001197116611460812
-0.01284031689536494,5.717155780328224,0.6944294128763876,0.007512288139229705,-0.04210555174437282,0.6720951112173142,0.7392285502583089,-0.1877783150002063,-0.1242355510718741,0.1078351869558174,-0.01999999999511098,0.04999999998959936,0.1272118867552097,0.04321940948690825,-0.0552684308241634,0.04349378554828481,0.3395013001956507,1.097623079478898,0.1273938453375171,0.2123978407643761,-0.1151299691486578,0.02688364334151667,0.2085774102687053,-0.2789484842130668,-0.003067814224625286,-0.01892777125257525,-0.2289881510336862,0.3776228158444315,1.099813254493842,0.8803619312909428,-7.530800918172483e-06,-0.0001255018051302622,-0.001935266265758253,0.001731307702441017,0.002455073730653017,-0.03500860458554038
-0.01439124749775907,5.744718997076553,0.701301533003465,0.004080945357049353,-0.04599840744798982,0.6872688879306393,0.7249337680642446,-0.1237960271833431,-0.2246591931690073,0.0600415782305995,-0.01999999982971443,0.04999999970207835,0.1411964380380195,0.02798040333013398,-0.08776497443888451,0.05793629647971949,0.2949014568603429,1.11803913983579,0.1082471001664256,0.1997395405695288,-0.1340674030041986,0.0204201334750177,0.1732621055621941,-0.2828542525963504,-0.008884309614413487,-0.0148147988673143,-0.2458601127738443,0.3557281608263167,1.082869519480071,0.8788847533016331,1.726541677225954e-05,-8.288701317739236e-05,-0.003134797989278802,0.001061538758824256,0.00196406140820632,-0.06770298711274152
-0.01674046921473588,5.781096439687676,0.702602122845232,0.004297935784942425,-0.05250604971167162,0.7058914656232294,0.7063581819813184,-0.04136654998157299,-0.2891582295443823,0.007427974452508407,-0.01999999993942828,0.04999999990349661,0.1414113768319401,0.008346671418684285,-0.1141550830222561,0.06887532066723212,0.2568744722299673,1.085654574427384,0.09321870938721466,0.2012431464395241,-0.1564183070297406,0.01144053052520657,0.1856802716236567,-0.2927311596817757,-0.009477157431352115,-0.009860747377340006,-0.2573673452230916,0.3448273678597636,1.05712306721351,0.8794586678326287,4.14388671745557e-05,-1.767613723353625e-05,-0.004889948016059866,0.001037642712472739,0.001571249349420523,-0.06329546888738116
-0.01669371126284735,5.808908753470988,0.7026522188328284,0.0004933027325573218,-0.04912437337980007,0.7200887849521043,0.6921406608332284,0.01673954505277628,-0.3618273941667224,-0.03803288902171572,-0.01999999999637329,0.04999999999378683,0.1377553919508022,-0.007624475602762582,-0.1362360368394517,0.0640302883965157,0.2038368252750632,0.9997563120780149,0.05799652817974486,0.194783077089641,-0.1860391407926464,-0.01622824586685527,0.2060585844450429,-0.2888274028038138,-0.01010658465117591,-0.005284264505604268,-0.2659981277798516,0.3364133560371219,1.036032195565729,0.8770564876543981,5.613660464358705e-05,6.757496890243741e-05,-0.005153016544920796,0.0009008410136265964,0.001256999483435588,-0.06204133244538164
-0.01987634795396606,5.837264098473938,0.7007924616365563,-0.003456208541659736,-0.04635621673192494,0.7377282026521944,0.6734955492090368,0.06681090934933441,-0.4179562980871813,-0.07932407001663766,-0.01999999972659216,0.04999999942714869,0.1346554307462188,-0.03648478840010796,-0.1331192060133171,0.07305524820934199,0.1666055656961972,0.8819330217226882,0.02143274607327573,0.1969966593996862,-0.2195355049103216,-0.03292043751098487,0.208670947174467,-0.2885945041091289,-0.008891315121516608,-0.002672930138282424,-0.2778012280826934,0.3203409936593348,1.023254469673566,0.8736124808177228,6.748406466038399e-05,0.000181257506540853,-0.004212665807573909,0.001074651649807412,0.001005599702767145,-0.06306020499126365
-0.02364877614663665,5.866487625080366,0.6974288638695773,-0.004787510051075561,-0.04409120802513298,0.7538100479028987,0.6555939725188334,0.1125393072664259,-0.4519766524782111,-0.112363525927547,-0.01999999995455116,0.04999999990437057,0.1339859134986257,-0.06217029018177669,-0.1222335140821707,0.07410926096768396,0.1494535047017707,0.7254543338139424,-0.01157863905135458,0.2072073197538749,-0.2528407423675421,-0.0343172441827857,0.2162884128559808,-0.2871009023695507,-0.008122007242603231,-0.001104951140702565,-0.2887290314490888,0.3135411667916743,1.007386277920482,0.8750926297572031,7.441347928326759e-05,0.0002198594726133413,-0.004144212140189789,0.001423702161234782,0.0008044797770152558,-0.05659608181169477
-0.02545592121369428,5.896074480686529,0.6939913089802682,-0.006280064732706587,-0.03907843643691575,0.7638089152000167,0.6442277374140083,0.1504368708546173,-0.4700811458819962,-0.1344740613104633,-0.01999999986991203,0.04999999968692177,0.1287923288698557,-0.07035848311639945,-0.09857627440068988,0.07434614242837503,0.1416874439457283,0.5408246000159053,-0.03539485153350599,0.2168274407569808,-0.274441148483668,-0.03715456602668278,0.2176568878228841,-0.2811660942979313,-0.00412393682741683,-0.001451531383912858,-0.299951561101118,0.306464199172629,0.9919383524420747,0.88637775068817,7.878285210781063e-05,0.0002750278894726717,-0.00405784144717303,0.003241370056441577,0.000643583821585656,-0.05294883196767627
-0.02545722356643758,5.929493367138416,0.6907380022602859,-0.007958755319261804,-0.03215939006107259,0.7689895656103592,0.6384022868278739,0.1888688824261466,-0.4720786908500167,-0.1464224007451686,-0.01999999975195862,0.0499999986542787,0.1113962082994728,-0.06353929706875036,-0.07319615545150283,0.07548869950078443,0.142123384117454,0.3455062965825039,-0.04335405178564625,0.2310908154516263,-0.304231211639953,-0.03995288900429808,0.2087722669667943,-0.2782173980637418,0.0006529759154174942,-0.006604215134884449,-0.3132707627454121,0.3029911761756552,0.967018597080581,0.8950077202782947,8.974176446923159e-05,0.0002484543717485962,-0.005250640138018341,0.003101709661336473,0.0005148670572450784,-0.04475636672624276
-0.02799917585857581,5.962639019176797,0.6834296949054847,-0.009478903478807432,-0.02827651305219286,0.7720449384704917,0.6348678619843213,0.2269237885051051,-0.475985051592648,-0.1574777406098103,-0.01999999945691345,0.04397035798102737,0.09929025573850621,-0.04933796543555971,-0.06070425123492308,0.08015332761097253,0.1534836108421976,0.1862355375501053,-0.03866096790636264,0.2482718165400039,-0.3275235979507833,-0.04005359822510138,0.20374443553971,-0.2845752822155427,0.002914366216449294,-0.0151407691684479,-0.3259768807974321,0.3020468982969061,0.9534489087142802,0.8989623498281205,9.262184025233843e-05,0.0001983014248795822,-0.004387424385821842,0.00204886124243429,0.0004118936457570359,-0.03580509920736442
-0.02748276275760503,5.993776523280289,0.6779961542291729,-0.01437884343789643,-0.02209341952962223,0.7696508444933164,0.6379206120244127,0.2551797132357437,-0.4843794987241297,-0.1497786214966514,-0.01999999944948825,0.03000039308331565,0.08623718306845897,-0.03305887406419616,-0.08369905249435389,0.08311518033533291,0.1641538897977612,0.07857502695972429,-0.03216144731863524,0.2615622578705913,-0.3503815282163074,-0.03360703529413773,0.1951875663877898,-0.2882478705968872,0.004960232470188206,-0.02671330260189944,-0.3410109469285103,0.2988143652325684,0.9417323750210815,0.9000974071781918,9.435214530214131e-05,0.0001574084924214276,-0.003711370886837274,0.001164492319071696,0.0003295149165705824,-0.02864408311682675
-0.02289959335283372,6.025579369787458,0.6714348921773071,-0.01837948327702839,-0.01343934855799245,0.7665524474146851,0.6417779396858097,0.2721805392508101,-0.5000688396037872,-0.1400046614791885,-0.0199999999845594,0.02936052972199321,0.07053763544341438,-0.01682621208879214,-0.09176750568104985,0.07161936828525632,0.194273035435054,0.0260895393302607,-0.02615700980764575,0.2693887161556898,-0.3740472291923045,-0.02663684375502602,0.2000321047436655,-0.2790808735252737,0.006267914944986573,-0.02942670445203456,-0.3510926152944803,0.3073885607726895,0.9409835335695602,0.9060409801111732,8.306314833710813e-05,0.0001297786068158949,-0.001964833725069732,0.001332294484924675,0.0002636119332560452,-0.02291532578388785
-0.02129539825399848,6.060733810143978,0.6663087210892972,-0.01879490406717908,-0.007192622161524614,0.7696592568252818,0.6381376388763649,0.289405147504032,-0.496148275450446,-0.1470782599578871,-0.01999999998625325,0.0312637546131164,0.05960343517627985,-0.01731738020526493,-0.07671641719534662,0.06945932930301781,0.2484483946464548,0.01200026259279244,-0.01733579776686849,0.2877610255570521,-0.3790122746113349,-0.02274000059079447,0.1984551811274893,-0.280846124248005,0.005363472387232692,-0.02418773862184467,-0.3638067874737857,0.3138503810782175,0.9467721149184216,0.9072281122665811,6.765909777009414e-05,0.0001056920378390589,-0.0002487443318355208,0.0008146354732202171,0.0002108895466045411,-0.01833226073161913
-0.01857383978450634,6.088433405090584,0.661882390235771,-0.0232614932579458,-1.089398315859502e-05,0.771063890134747,0.6363327589736383,0.2914771355720132,-0.5043895156825077,-0.1595861363600293,-0.01546881218361212,0.02777934765552876,0.06606244313316112,-0.02115616122166892,-0.06902468199073603,0.06304471427290564,0.2959488935301654,0.05436640596147365,-0.002638811290951695,0.2952531357753334,-0.3792431391994192,0.01661858536421361,0.1986427789714618,-0.2746147549727488,0.003358345221358181,-0.02194987608962493,-0.3717102759584769,0.307441268472848,0.9549004103711437,0.8985133613488706,5.139855749406371e-05,8.616844554893055e-05,0.0009149047342247547,-0.0006983608513611831,0.0001687116372827921,-0.01466580992771735
-0.01353008043032518,6.117446815574115,0.657654897359759,-0.03115915243988582,0.002421753285646722,0.7730330662728093,0.633595392012213,0.284569058238017,-0.5293725535683855,-0.1658342072797664,0.008579302976566765,0.04204440527287866,0.07892468746785988,-0.0250303007824591,-0.06062097186387497,0.07336039721905536,0.374409327034112,0.120060731761906,0.008065239718309386,0.2756274233251158,-0.4158215562086536,0.06317172880751371,0.1921218478778659,-0.2552286445611494,-0.004768412237014344,-0.01886670349596133,-0.3754694602469087,0.2781129314539494,0.9660113217549274,0.931932115546205,3.862512533313945e-05,2.659609052103345e-05,0.001876270476424074,0.003872416367824059,0.0001349693399274828,-0.0117445899048822
-0.00955477359107895,6.172158387025365,0.6591829543237266,-0.01430616011615019,-0.008296907734481336,0.7651401960623768,0.6436512840618002,0.2567232729777387,-0.4961978150561577,-0.1603263725445699,-7.251444370308299e-05,0.0499999996422399,0.07495066238073414,-0.01389120036125003,-0.0571856643351674,0.06248498362821252,0.5319167917574993,0.2326482817368984,0.04021061073573164,0.2778821117084969,-0.2736122939045274,0.07376118711996323,0.1889462607884446,-0.2582675529982431,-0.003139067295688254,-0.01592844969294544,-0.3799802092579406,0.2767721845047957,0.9982897033079559,0.9591788223137592,2.271935456004574e-05,1.902530947563134e-05,0.005048011489016588,0.005351906069815182,0.0001079754731496127,-0.009395672043366559
-0.006450957444069039,6.210374393648162,0.6665728996460877,-0.001314877397677795,-0.008625031312447295,0.7554834580852702,0.6551096278424018,0.1952672781995915,-0.4518683370593932,-0.1564445151950442,-0.01788879458812417,0.04999999984187075,0.0874358340850796,-0.01174106303696696,-0.04911898133843206,0.03343946723656622,0.7115140284747898,0.2933523397517421,0.06424864988266175,0.2580353236144988,-0.1129853152069103,0.05510223476443279,0.1939951319885318,-0.255187361924046,-0.00318135434350317,-0.01088515802794656,-0.3835678396156472,0.2727377026951813,1.043346614485814,0.9767997595638279,5.07794291895472e-06,8.005917949936409e-06,0.008261293208326434,0.004892323898376659,8.638041117795905e-05,-0.007516537785194267
-0.004774290780887864,6.25066485067037,0.673999254714905,0.008436413546373735,-0.01131574707154754,0.7493006945099713,0.6620794891865796,0.115675966945812,-0.3866458481230665,-0.1541802632534127,-0.0199999983426908,0.04999999947477705,0.09327598901970437,-0.004787023390990503,-0.05521852679454334,0.01938356894609206,0.8820065548979454,0.3231809527229845,0.07814972830664824,0.2468826324648613,0.02830646161854936,0.01853105665429411,0.1930752924289331,-0.2441129993579922,-0.003401466010460815,-0.008391780505490143,-0.3884992513360837,0.2744780010578112,1.078336195797574,0.9865689580760306,-1.575996750648146e-05,8.580185536633895e-06,0.008585344168908682,0.003664919303398074,6.910500347018923e-05,-0.006013231789370525
-0.004945723968279143,6.287492275346483,0.6822355371344446,0.01739132901332983,-0.01524040564224242,0.7449671765368839,0.6667002156844359,0.0234400841405758,-0.316348358469471,-0.1444768620716899,-0.01999999996704967,0.0499999999818635,0.1003346495905864,0.007835088533745387,-0.05781402140536202,0.007267865223032411,0.9966458500033133,0.3362804654566816,0.08059549460464205,0.2338967357557047,0.0574737543488802,-0.03117892852345155,0.1881028877897825,-0.2464851742949885,-0.001317598532147017,-0.01107889166909287,-0.3947520768587608,0.2680888318980576,1.106064147061407,0.9850985144866047,-3.718945098350745e-05,2.999656725360815e-06,0.007813268223529473,0.001628891818437402,5.528423585857203e-05,-0.004810585477147738
-0.003024067867415632,6.321017427517002,0.6900169550807822,0.0248305997110612,-0.01569303565882013,0.737537145919908,0.6746674205400142,-0.07286530050617404,-0.2440409579084116,-0.1218026696766578,-0.01999999966551833,0.04999999978334015,0.1071040387396975,0.02755864931239125,-0.06282635632374248,-0.01134759939842056,1.07729883191663,0.3234390556380938,0.07550795868215843,0.2318328671677378,0.03390660210460501,-0.07626283545584386,0.2031378151436079,-0.2419086268809028,0.0002598493896345975,-0.01004896233409601,-0.393014512095581,0.2632372159700643,1.112778091015324,0.9751961948595302,2.183109151721393e-05,3.243241503051381e-06,0.004051766188619034,-0.0004400793262566752,0.01104197308079346,-0.003848469215633209
-0.0002968543776141154,6.353986984973128,0.6953391797559874,0.03290937642193675,-0.01609631122096966,0.7276538282841288,0.6849655377404389,-0.1550495145179918,-0.1692618172492899,-0.086882739178956,-0.01999999992846924,0.04999999995079592,0.1121858131798876,0.0488764560077822,-0.06205135350935998,-0.02733198265255335,1.101535265733364,0.3039377961448098,0.07253542039310383,0.2372660943256499,-0.004227405602190044,-0.1126072396277625,0.2206951156737561,-0.2402073096337453,-0.001484395758000022,-0.005890611042735697,-0.3859374678226937,0.2621531811691308,1.108378590313036,0.9579368845871684,6.33993579765881e-05,3.574514087038821e-06,0.0008900227249734177,-0.002397437296855358,0.02578943059694482,-0.003078775607533285
0.0008585209042701322,6.38359066751479,0.6991531020309244,0.03878680996998837,-0.01689663761523259,0.7148613595831266,0.6979851886570482,-0.2331832087767291,-0.1085133542552352,-0.04150088673431121,-0.01999999980501942,0.0499999998640296,0.1246252967802818,0.08194963310204496,-0.05125761209353073,-0.03519922619977398,1.081474543684996,0.2895154598188731,0.06899555593300462,0.2316460257851014,-0.05221878024174714,-0.1369616326440728,0.2319113225988363,-0.2545039467477427,-0.004797079304974016,-0.001559269051862698,-0.3734507770395077,0.2718676207601587,1.102836154611499,0.9436273262446208,4.728608016563376e-05,-9.023489098479592e-06,-0.00029394420466383,-0.002998187517559041,0.0405982838054753,-0.002463020957567496
0.003246470125895292,6.413031235659214,0.7003502213032347,0.04526115438194531,-0.01846192523080121,0.6974541129439136,0.7149603804116734,-0.2901757726809179,-0.05442571720745661,7.855654075720136e-05,-0.01999999992983919,0.04999999995107365,0.1394713379087802,0.1114972349135825,-0.0280478873050082,-0.0521130466418024,1.016712480325477,0.2878692140688305,0.0685145127861988,0.2335872788202615,-0.09053334404359034,-0.1584803773714561,0.2443945332718186,-0.2418044509057415,-0.006383891893938994,0.002357130217052909,-0.3570418015002689,0.2813128102117095,1.082939327561335,0.9382975874647442,-6.600375037601572e-05,-1.439942282933205e-05,-0.002303457851109883,-0.002164836749993602,0.05592798661124043,-0.001970417007798997
0.00374030142974536,6.440382924187554,0.6997377817018339,0.04768409555821034,-0.02019882392844619,0.6801761290101728,0.7312172509367103,-0.3371331537493463,-0.005908660932085481,0.04874240407242554,-0.01999999997242935,0.04999999998168474,0.1518467732752282,0.1217509557093126,-0.002690620883230226,-0.04627199949858808,0.9251056152128728,0.2824394763282546,0.07017362631855174,0.2280521384134171,-0.1193324202982358,-0.1983239776900422,0.2440617363323767,-0.2471448906896027,-0.006596452525471291,0.007566970788844717,-0.3475134239078094,0.2832607132354695,1.071316649292847,0.9342852881080008,-0.0002109510429581364,-1.29480809240262e-05,-0.0017582310146199,-0.00158531282052074,0.06528290596804456,-0.001576333676388266
0.004460607411277013,6.46922685628852,0.6985418277748852,0.04937815695992669,-0.02346105539212162,0.6579258117834274,0.7510958678386179,-0.3513733884749612,0.03858619679085119,0.09838892458267626,-0.01999999996343445,0.04999999997516756,0.1608042979691057,0.1128245484774796,0.03455371574441072,-0.04913747013517222,0.772799179139612,0.2880498652760299,0.07821127675543638,0.2195707415811484,-0.1366595149787546,-0.2328572568305808,0.2455293317150309,-0.2462664554792548,-0.003414861401289538,0.0111945540141871,-0.3383742804031695,0.287241461262224,1.061319514560859,0.9341891389024207,-0.0004282591336707886,-1.16071834363321e-05,-0.000593458259584103,-0.0008008202561892176,0.07353571177465945,-0.001261067030488329
0.004207762764499106,6.493918488947787,0.697995744812511,0.04588503213042652,-0.02321364427616212,0.6495098652615392,0.7586123024798285,-0.3587420931730033,0.0614589750498625,0.1191795960013295,-0.01999999998522951,0.0499999999928385,0.1627688433214931,0.08601820977156917,0.03839560245019474,-0.0412372429832377,0.5836481311860339,0.3023956698511269,0.08232459283635266,0.2170875256167612,-0.137356324197825,-0.2528087002179595,0.2386466356679709,-0.2512710513839035,0.0009787565789701666,0.0008412019031511733,-0.330858315711575,0.2884160593055867,1.049871985880216,0.9270113410691214,-0.000696793396507791,-1.006369548492145e-05,0.0002083804076281324,-0.001308307929222103,0.08511867775448256,-0.001008853639181508
0.004211473476350186,6.522144300691815,0.69594118319792,0.0438238253229566,-0.02556229081036723,0.6431362469600158,0.7640692438966346,-0.3617421887738174,0.08190869771649853,0.1339581539194016,-0.01999999918913977,0.04999999973315127,0.1623187629696854,0.06648077919096948,0.03546998607552134,-0.03250445219209506,0.4103870516907315,0.3446496914957025,0.08915733012994896,0.2203388142302635,-0.1287702517422096,-0.274607015422804,0.2299214821902897,-0.2541673548958397,0.005250353080490638,-0.003001536009122559,-0.3253305667944015,0.2889715502370097,1.053705911727199,0.9229280715667033,-0.001038600402014245,-8.402690620743006e-06,0.003277600255005613,-0.001169406210782627,0.0979555660803875,-0.0008070832705462723
0.002006173267607958,6.54687726740227,0.6924432206314857,0.0371582036766953,-0.02449701486471559,0.6454827817638471,0.7624769784122305,-0.3770038895349381,0.0795815543300282,0.1226219302457019,-0.0199999999506914,0.04999999999420118,0.1562820416713254,0.04542854251014625,0.01678476230479568,-0.02376066167225347,0.2426622170964312,0.4031146130105484,0.09849462625552734,0.2199577404129853,-0.085225306624632,-0.3086503592327551,0.2228997527513087,-0.2607934437760551,0.008761808975287812,-0.00433591243949704,-0.3203084639879203,0.2834182053090156,1.057557747821858,0.9124626687933598,-0.001358412170026631,-3.306384362873018e-06,0.004964905096664256,-0.001913219410861398,0.1074818955885768,-0.0006456666219787083
0.001657075932791998,6.573871383913511,0.687258623959235,0.03052684246747129,-0.02257697074472868,0.6469433506055985,0.7615922093799014,-0.3864893805778637,0.07938392654383232,0.1022724351536262,-0.01739650053726495,0.04999999993281146,0.1438176375636004,0.03825175515529671,-0.001078972964740143,-0.02433057454307777,0.1010711177470782,0.4624944202724299,0.114965377386082,0.2205937105954073,-0.06355697440195056,-0.3315023412383805,0.2200438960904529,-0.2540946864219475,0.01121102149536877,-0.005767980726637016,-0.3126794768481002,0.283311661923754,1.061186143695616,0.9026894794949476,-0.001898928703129715,-2.459195563877951e-06,0.006914029199198204,-0.002197148040452376,0.1227926101763669,-0.00051653335927927
-0.0007915033047690928,6.603794854177423,0.6821036085293407,0.02468046315105424,-0.02223984650630328,0.6452966371373151,0.7632093514005825,-0.3916756131447687,0.09538032698194499,0.0907361643223019,-0.0073605705188492,0.04999999995410906,0.1275212087778572,0.03555818059851979,-0.002510221576495876,-0.01807711901064942,0.04003855571229747,0.5042996136032704,0.1303697304695779,0.2272042161981002,-0.01555886575864517,-0.341875929675209,0.2219374437007382,-0.2535451896181989,0.01120361098878277,-0.01012495962023204,-0.31722662492176,0.2837702118704663,1.061901693044313,0.8972924301855643,-0.001636345050416959,-2.293671134967104e-06,0.00414221021971033,-0.001786071107735254,0.1031416180276766,-0.0004132267073060808
-0.00443586179468978,6.633141298312095,0.6761963786024908,0.01842369104716957,-0.02302041789551962,0.6430154676623571,0.7652853953363244,-0.3984103572255513,0.1192627069307222,0.0862491557314634,0.008744653519056792,0.04999999946159473,0.1145763224887305,0.03439748870073632,-0.002773760948668523,-0.002703924486569026,0.01832181791113202,0.5324240305692449,0.1476314891304401,0.2305908539897509,0.02385899143782571,-0.3500992830253791,0.2193112005412483,-0.2560434542288416,0.01106356915989461,-0.01311087446110103,-0.3252914357881692,0.2850545729033306,1.066098079734729,0.8918742381699165,-0.001351199283114732,-2.675272743267027e-06,0.002820941125632928,-0.001582831985858328,0.08393036493322115,-0.0003305815003626031
-0.007442982822436222,6.661768186610164,0.6704555255373489,0.01204824539703904,-0.02335521946209773,0.6394600331046875,0.7683750643848889,-0.4004640883536451,0.1442531747468862,0.07719576608709261,0.02523442159434451,0.04995435597050036,0.1075011536409115,0.02876895102633811,0.0005102211285957674,0.004415875272838714,0.04011425888935254,0.5557910703061141,0.1716372592979542,0.2323876061512102,0.07630815178252028,-0.3577759642079161,0.2179415634822488,-0.2632064677241414,0.009909967075358916,-0.01661223645539817,-0.3240994570952045,0.2958838343736492,1.069307218513232,0.88031920876541,-0.001088815974929766,-1.088722379475588e-05,0.001894686113711733,-0.002256952744613966,0.0675391599313851,-0.0002644653788319661
-0.01268047208414645,6.692502919619221,0.6640859790636208,0.01180898952219678,-0.02021110959022039,0.6341832751587384,0.7728283330239211,-0.4129346694231801,0.174560620635432,0.07749385092042299,0.02094936802973573,0.02895561322403051,0.1045545986371041,0.02739775167977507,0.007167802030393695,0.004206353317511059,0.07444643557875326,0.5837899178354812,0.1928236488045652,0.2335501389677457,0.1450107369552258,-0.3789872162136603,0.2153052173393491,-0.2628400367498069,0.01039964478996981,-0.009769948975256498,-0.3171025566194645,0.2948049326438799,1.071573235435275,0.8705665803527834,-0.0008715679332641935,-7.952633363549647e-06,0.001290728900957102,-0.002362797598294007,0.05424081819997147,-0.0002115724067440915
-0.02055394138408811,6.714807059708577,0.660855737284746,0.01153373517161684,-0.01465988667594648,0.6305748569330896,0.7759042534227101,-0.4369199774157865,0.1761416660749881,0.07932994934251066,-0.0009748589171255225,0.001615156402130031,0.1181734733912227,0.02408381713913331,0.01411507322143762,-0.0004499457203002565,0.1459993127650257,0.6355367462949919,0.1858981724347784,0.219680183193466,0.1659353198308767,-0.4056760261953093,0.2132430067019055,-0.2591453412668862,0.009774351624657731,-0.005321203012929929,-0.3018762037848137,0.2897881692409266,1.080247742069215,0.8789607226854762,-0.00068465705536976,-6.174724731741369e-06,0.001748969838465669,-0.0001142333260709231,0.04339266188909387,-0.0001692579382107075
-0.02669605641036767,6.750777638719712,0.6664858150739318,0.01737427797971324,-0.0218877996227708,0.6316551024530581,0.7747456939134116,-0.4113031492064742,0.1251559075503588,0.06223810810016828,-0.01151490306786175,-0.001160198515905798,0.1202485549456872,0.03265083303537532,-0.005898168588409794,-0.002909176713053058,0.2383255927566192,0.749388243900048,0.1869284295413791,0.2146774354712353,0.1404567290136868,-0.2776616063635307,0.2161794003790226,-0.2470723387718352,0.006891136442240327,-0.01089287018862364,-0.2898061910854369,0.2870900842638966,1.091646978141824,0.8992717679703851,-0.000534252062918754,-7.648651409201672e-06,0.002336146566450196,0.002514039812993488,0.03471413263887286,-0.0001354066838546992
-0.02977198530687447,6.775307916547396,0.6762692841134142,0.01511568986237617,-0.02540323516807841,0.6358335664347889,0.7712599220482008,-0.3861333681657717,0.0715559618235635,0.04593102523954175,-0.01410617394660038,0.005459564926352611,0.1277860909716429,0.02816056785212363,-0.011137878778119,-0.004589504045190125,0.2647480183771537,0.8536383746951079,0.1754447132453799,0.2117989642047335,0.107788205302992,-0.1476113368186193,0.2263311239310586,-0.2340719048130257,0.006786393989797821,-0.01613917081920693,-0.2802462700823141,0.2944115769691663,1.093481083120357,0.9121894066918333,-0.0004213359976682571,9.748675448969992e-07,0.001413829640653424,0.002895534069867762,0.02777130618583831,-0.0001083254317101469
-0.03171882953803338,6.799034073215702,0.6853907075595826,0.01396175268499298,-0.02751130646242098,0.6405051576401383,0.7673339172192739,-0.3416053008212561,0.01266144042727353,0.02667185099077909,-0.0193968890854417,0.009816275363160395,0.127920657325397,0.02692824807516766,-0.01929465979212907,0.006500413864024566,0.2530834305330978,0.9418221591721067,0.1494756238634505,0.2124786466413396,0.08167334940944566,-0.03843456672773903,0.2337715023285903,-0.2344372866776096,0.009573260341428344,-0.02129843365128643,-0.2667018508469947,0.3076602314634699,1.095542681097889,0.8999336376159845,-0.0003309872110276821,2.614250738543359e-07,0.0009732825701624111,-0.0001100174660515453,0.02221704521894838,-8.728729369674105e-05
-0.03568917092553724,6.822143026328122,0.691980599554666,0.01049669701288379,-0.03013932558307477,0.6419253062656749,0.766102696497628,-0.2886048075845964,-0.05225091921561011,0.01715584144439998,-0.01999999835482064,0.02015433260658882,0.1230621656745174,0.03547607147045907,-0.0339321195581239,0.01512196241082048,0.219233913824585,1.005044476753984,0.1323092142235086,0.2132141565931751,0.07045693171406392,0.001326490693126254,0.2326774642802625,-0.2410948275729738,0.009858910092942173,-0.02237135659461975,-0.2580829703351107,0.3115000039811935,1.100148177891648,0.8826693434546183,-0.0002603434260406006,6.422923298556089e-06,0.001075849984734355,-0.002923787185616725,0.01777363628299223,-0.01408551162720105
-0.03779457093110009,6.842603026073073,0.6953373142750794,0.01044774654294196,-0.03328219257381763,0.6413013173421781,0.7664957668668763,-0.2512564150652308,-0.1090138597995385,0.00856224518129234,-0.01999999983596349,0.02981134534078529,0.1283352458537019,0.04442994793333856,-0.04148552474995477,0.0163635041946235,0.2175055694196543,1.047656659394486,0.1103903476894865,0.2183560363990366,0.05596124388979559,0.02395117969688377,0.24198077785247,-0.2455915391739761,0.008478248020852184,-0.02104950668053693,-0.2484126629768234,0.313150670108936,1.104377277101801,0.8639141187914552,-0.0002035222108013831,2.328805092818923e-05,0.001072254479007295,-0.004584502000441824,0.01421890904746069,-0.03147122671921929
-0.03769422342244339,6.856885273156665,0.6983364911197779,0.007605909707615537,-0.03211821572349284,0.6408966541761504,0.7669172374005391,-0.2165055334386909,-0.1716040282169476,0.00454190892918191,-0.01999999846237747,0.03296359381582079,0.1301188599383675,0.0447957041737615,-0.05284659943058841,0.007883570008130697,0.1860646430800233,1.055597574703806,0.09202433834161047,0.2130371920502743,0.03268846179288726,0.01514822935723007,0.2271323703832248,-0.2383532028441048,0.007670608513142193,-0.01627157502508217,-0.2582216036119731,0.3088614201399368,1.098194411117488,0.8721727843908222,-0.0001616457679454861,-9.222598549992309e-07,-0.0002495924121625955,-0.001758626980117266,0.01137512744198172,-0.04715075257943971
-0.04182423565803346,6.869993962519739,0.7004034178228697,0.002898377861599546,-0.03300085386132787,0.6418552569134087,0.7661098956565023,-0.1831490033377476,-0.2229602464285536,-0.001415990843523194,-0.01999999994912419,0.03390078468793177,0.1309685349242621,0.0482823133000624,-0.05428004664307606,0.02296084205329994,0.1511601619258113,1.037287480939057,0.07082769998735258,0.209706701176844,0.01517791393516166,-0.01338403738858755,0.2419978796089445,-0.243648531369372,0.006221138895882343,-0.01272860635919549,-0.2632761956268393,0.2997735191594743,1.082297316161037,0.8794890532166239,-0.0001228867499226342,-1.956725155351207e-05,-0.002164067239180718,-0.0001289682565444591,0.009100101961077888,-0.06071745432880134
-0.04393269181169043,6.885615407930463,0.7005830875364959,0.0002280736824772037,-0.03469965225816527,0.6438838875966644,0.7643359349193022,-0.1538358270299953,-0.2527305867621326,-0.01429088123469734,-0.0199999994655115,0.034475817206041,0.1258851338326129,0.04581227945065581,-0.04708318021411643,0.03323746576676635,0.1372047437569249,0.9902566909252365,0.05021694889951792,0.2063084019065089,0.002194825501332404,-0.04729503576117162,0.240047414363803,-0.2451681765540358,0.006825034807027123,-0.01045541850740768,-0.2723646181675786,0.2934143529101585,1.074665171958423,0.8858551417541214,-8.915574926336435e-05,-3.206641239288991e-05,-0.002067965450711743,0.0007215911651641077,0.007280081705063265,-0.07376644392233563
-0.04384009789170736,6.90248404196429,0.7016176033102423,0.001754574185949612,-0.03864120282550177,0.6423649590623544,0.7654221307765045,-0.1154709016141532,-0.2604150006375253,-0.0253443536259885,-0.01999999996071503,0.03401588717329414,0.1234384039050778,0.04740057897442538,-0.03535792445416334,0.02947124945096009,0.1312797264285014,0.9213026914301641,0.0399477952846118,0.2091089886429631,-0.01462456336063318,-0.0916110088069686,0.2402482651319968,-0.2409185548846195,0.009027372655200863,-0.009999510748419878,-0.2832141430462837,0.289470619638702,1.081369328911722,0.8999924547390153,-7.036368903510178e-05,-4.390566242027748e-06,-0.000182998432009289,0.002517810040884871,0.005824065369009253,-0.08028910051511808
-0.04476027852066985,6.912641079792291,0.702823744620472,7.758428784708537e-05,-0.04016840646546817,0.6453684001671393,0.7628146047162512,-0.09701587243278723,-0.2711840564770503,-0.04091711968915142,-0.01999999991567608,0.03863692993001418,0.1280615021021747,0.04372149016297822,-0.03007857392740355,0.02646978063327807,0.1231907080671953,0.8189085494887601,0.007661177413321523,0.2060230045002663,-0.02927561939122215,-0.1228099546155056,0.2342349968212119,-0.2373722678407225,0.008715973603588497,-0.01114576408738068,-0.2935379251294364,0.2867570856483617,1.081796262092723,0.9108017686359026,-5.613092827117293e-05,5.91566225831449e-05,-3.722381027610227e-05,0.003245347069887144,0.004659252304872711,-0.08343408042720704
-0.04598011290155961,6.921385894610762,0.7044257302254741,-0.002749332602431124,-0.04045482325267172,0.6511702720824402,0.7578476926150248,-0.0831383324300288,-0.2740813318364406,-0.0492237547754736,-0.01999999970536441,0.04340626276331856,0.1277632880618957,0.03392622500695687,-0.02257052705658393,0.03679894423683883,0.1112704101596428,0.7108434791423055,-0.0281990708758587,0.2016852657720848,-0.0412358156168803,-0.1548622105156561,0.2159488315818343,-0.244318994925179,0.007695539696712879,-0.0102187902655643,-0.3069224057194009,0.292290156060046,1.083298578724901,0.9226233380899272,-4.596382296712184e-05,0.0001416746947744082,0.0001731546421812614,0.003859419340039577,0.0037274018614794,-0.08230405567622481
-0.04615590730287049,6.929818434549648,0.7049205657627828,-0.005345499327598774,-0.03994887464353421,0.6584402471876522,0.7515530280260452,-0.06691378181898322,-0.2674251655657784,-0.05830328697219757,-0.0199999999158719,0.04983750017458666,0.1260930065662381,0.02531680137118757,-0.01453679110061126,0.04296438485572766,0.09226211639229803,0.5920635690333528,-0.05984794034341357,0.2043858734400853,-0.0514817580504203,-0.1755225316722727,0.1960772420501655,-0.2490610284018355,0.006021175653794867,-0.007240841439654041,-0.3213565124699739,0.2978891619190835,1.082493852373261,0.9305891544105692,-3.661492812816005e-05,0.0002617912761159146,-1.561352617320432e-05,0.004010602073524281,0.002981921503915145,-0.08227578450487744
-0.04659747739024916,6.940476509734765,0.7044862592907973,-0.004493202855462293,-0.04385191496461651,0.6686070369842761,0.7423081912367279,-0.04305858008608815,-0.2370713987494752,-0.07647099347745646,-0.01999999987584875,0.04999999853764943,0.1273697817068521,0.01506519403796631,-0.008736756867128406,0.05390020492348614,0.08584781706942683,0.476578360235454,-0.0791968739135254,0.2133207490219636,-0.06108054797591835,-0.1783327431918879,0.1686689595291271,-0.2583099179027903,0.001840850046132165,-0.001962511860834051,-0.3411372272892466,0.3057872081630279,1.083488579268013,0.9309443408254774,-3.062310468988341e-05,0.0004547413986389849,0.0001192021360092143,0.003641769442353067,0.002385537226312435,-0.08327440409219396
-0.04508855190930562,6.949661123448541,0.703651311075965,-0.002741115382941073,-0.04579534812331778,0.6777207780754204,0.7338867891858855,-0.02114043106470602,-0.2053735941982458,-0.09309328880423076,-0.0199999999620196,0.04999999987657897,0.1312793596042577,0.00509320421063572,-0.01424812413298036,0.05129837376322322,0.07854014066345964,0.399385475494324,-0.09209098084050855,0.2174084426814769,-0.0882989889597068,-0.1736357095939604,0.146769084463817,-0.2601765988480908,-0.003868690924977806,0.002964806898139544,-0.3600612277758628,0.3162525744987003,1.07666442930682,0.9341423067219031,-1.751557634957563e-05,0.0006321028761365796,-0.0008101524614305064,0.003927639581961723,0.001908429790366522,-0.08240351916191908
-0.04314000165458304,6.958020990488741,0.7017463976657632,0.0004693774723381207,-0.04731647527451748,0.6832202929942837,0.728677543288655,0.0005382774584668299,-0.1774715676775743,-0.0981046851071098,-0.01999999999463457,0.04999999998879996,0.1332296757353496,-0.002774764133681077,-0.02714346558768449,0.04555515691596451,0.07335887118511326,0.3660238072888163,-0.09832100115311837,0.218174081536216,-0.1125626750839965,-0.147305352415168,0.124631610473531,-0.260126353223573,-0.007878106574324771,0.003331815021476114,-0.3803511698653688,0.3260200634034566,1.065256777112967,0.9389424046419679,2.773055723181414e-06,0.0007491411118155821,-0.00186053114985109,0.004168270512829204,0.001526743835301545,-0.07975102052328661
-0.03992500974956209,6.96534660804848,0.7015791040398995,0.004439684205909616,-0.04734713648839987,0.6884423277643976,0.7237304050631274,0.01049540601322282,-0.1538702702045364,-0.1020207894508256,-0.01999999997505771,0.0499999999301375,0.1337109322621865,0.002878975823362522,-0.03046068585949341,0.0343362159613342,0.06838884746979217,0.3513085257916069,-0.09985960147095814,0.2171421482319222,-0.1340291179309517,-0.1378883584938913,0.0971585780834094,-0.2570992836554012,-0.005469207350472943,0.0008094814347359131,-0.4009505229552965,0.3364243779151214,1.052209066042873,0.9449450704382437,2.494249097645407e-05,0.0008163333414501261,-0.002594258350726374,0.004321405145084619,0.001221395069824963,-0.07613275427784194
-0.03736934671833503,6.970747098391891,0.7007534014324579,0.006075921542008914,-0.04674978573217776,0.6906169474633643,0.7216825982298557,0.02103834660266738,-0.1358519946160839,-0.1013937140545568,-0.0199999999739377,0.04999999992648124,0.1351419894001129,0.004525320992665451,-0.03132234753319724,0.02966833533597658,0.06783926528801595,0.3379656245072397,-0.09107215694733416,0.2098907119617191,-0.1506766707423389,-0.1411145339661613,0.07479295518123177,-0.2570519057613189,-0.00476093039597254,-0.000616214566127261,-0.4227062861071407,0.3445990336455437,1.039472551582821,0.9473471526142153,4.641613636156798e-05,0.0008583634989384455,-0.002920385784033892,0.003926787087061665,0.0009771160576309554,-0.0740629484466185
-0.03520280967275691,6.975423891777933,0.7023293416475607,0.007342482682742443,-0.04644439797668783,0.6929336803281351,0.7194664137480933,0.02887618675014643,-0.1187975331922587,-0.09307842051005837,-0.01999999997839381,0.04999999994345918,0.1358559872812055,0.00461191793010652,-0.03223452651761365,0.03289027611854179,0.06910210290904144,0.3239462640329028,-0.07983090853401327,0.2060024153169064,-0.1593480144079654,-0.1418003686566118,0.05123971280691147,-0.2610057345415539,-0.004746637585807453,-0.001424386955142551,-0.4476022168917492,0.3504685349315704,1.030480661759533,0.9471319162552742,6.38030320629823e-05,0.0008799598524209627,-0.002603202345868129,0.003343298953321772,0.0007816928481772142,-0.07299068611515763
-0.03275319478658708,6.979969053716927,0.7037100696074102,0.008142494091473539,-0.04545505521971575,0.6930864386250237,0.7193738432407896,0.03421607679683358,-0.1031269333247146,-0.08621087706232052,-0.01999999940888498,0.04999999805548099,0.1363837477707128,0.004879163353351538,-0.03363209045494856,0.03290881640574099,0.07179374666444946,0.3069793859228359,-0.06378858606665183,0.2011548063222385,-0.164265992999633,-0.140860513584173,0.03882552984312761,-0.2632491794613234,-0.004782825638525307,-0.00134644909600248,-0.4731997951222969,0.3567006753242764,1.021302490851374,0.9442692193862511,7.700934932079985e-05,0.0008704504485383665,-0.002468444230952695,0.002514811469863944,0.0006253544597103976,-0.07181196822385448
-0.03126654316894981,6.983709271198343,0.7042053015663976,0.006966222236052004,-0.04377826338497803,0.6937138308685338,0.7188852872777803,0.03919296977704819,-0.0901741851639824,-0.08088713535105183,-0.01999999912762294,0.04999999754837271,0.1352287799200517,0.004445877532053559,-0.03458600917911715,0.03947635010160839,0.0663655461624764,0.2874199292830733,-0.05350281426934172,0.1993771570186017,-0.1681769269662312,-0.1399705608712517,0.03946340265419827,-0.274271182484057,-0.004594553872945994,-0.00142069227780706,-0.5019143827207705,0.3702443212314342,1.00960956819993,0.9327816805890533,9.39261565111914e-05,0.0007853337706802922,-0.0027192065476868,0.0004373242891141462,0.0005002840189224612,-0.06524294321005017
-0.02858314313190029,6.986756167908045,0.7039735192817741,0.006374376044254361,-0.04092266129309591,0.6934117872734646,0.7193502598824556,0.04151355194686614,-0.07921440292770772,-0.07580049073655033,-0.01999999998567706,0.04999999996664596,0.1337813100376005,0.003985992478532364,-0.03496851462552467,0.03887621889238533,0.06245498168964372,0.2671497733786762,-0.04867922683582034,0.1980546464481341,-0.1705281699965062,-0.1408082228183251,0.05017787170992583,-0.2759803560351589,-0.004427739662801506,-0.001177915309666787,-0.5275459701215489,0.3721049946210364,1.002399410548359,0.9268872252045467,9.950284782254605e-05,0.0006698065634994617,-0.002274085770674778,-0.0001942244186128079,0.0004002272271927758,-0.05695165007887754
-0.02755792521570187,6.990354425806094,0.7044078011196159,0.005936076979202027,-0.03872854607720249,0.6915991110593784,0.7212180892703125,0.04417220295984346,-0.06808147871942451,-0.06543064962279931,-0.01999999932218943,0.04999999862603943,0.1306369373335406,0.003791781997970604,-0.03787294844076135,0.04830336914131921,0.06045292162386177,0.2466951677198002,-0.04646992844695609,0.193511484592486,-0.1719130881771165,-0.1397209403216677,0.06214909891634062,-0.2791294228872835,-0.004559965187874056,-0.001346732311550391,-0.5499328547165429,0.3716436169600028,1.003221541642034,0.9337795663103211,8.940949352700074e-05,0.0005859396194121472,-0.001030821025077146,0.001270158153813345,0.0003201829610087396,-0.05344337855341964
-0.0252202931365284,6.994122341639465,0.7048244310466958,0.005271251385521875,-0.0365484599632766,0.689019590648638,0.7238013730890034,0.04733841646247983,-0.05410529406565236,-0.05377051184714645,-0.01999999939041147,0.04999999886597471,0.12431657459911,0.003321834094136462,-0.03871073192181943,0.04949859152432553,0.05825009255797609,0.223175717673332,-0.04511339896602562,0.1902875775542043,-0.1735149268119298,-0.1302713483561915,0.07524776791244078,-0.277438725826464,-0.004680507154885354,-0.001769082404814892,-0.5666072767544298,0.3715260173339531,1.010082953682435,0.9350299771520219,6.900184137349443e-05,0.0005012770836469556,0.0003553383408574028,0.001148330452742807,0.0002561485275322062,-0.0505943345667125
-0.0223349717496586,6.997145405593838,0.7048475495357409,0.004970168821917991,-0.03391818781135806,0.6874423736684436,0.7254294154792532,0.04855156786478967,-0.03909118037230565,-0.04240803542422638,-0.01999999933527418,0.04999999888793313,0.1196458086007235,0.004969987496411547,-0.03716764295182656,0.05026464011627527,0.05758279162950079,0.1948980479526774,-0.04409732531890576,0.1876214173898116,-0.1748426276676154,-0.1265458318835546,0.09592028173911731,-0.2753204078705565,-0.004008290005441473,-0.001588340580679498,-0.5771279014356592,0.3710150261364088,1.019118712855214,0.9348592191565992,4.875037523488913e-05,0.0004181646899409966,0.001321907477276512,0.0007568083990443742,0.000204922407554311,-0.04775246693331397
-0.02026937745030697,6.999481214645639,0.7046519973718967,0.005413360730933197,-0.0314317281851108,0.6863933108922349,0.7265307734372234,0.05149464797802207,-0.02557017533932021,-0.03094408773301865,-0.01999999935169607,0.0499999988977087,0.1179378433195157,0.005768748829237755,-0.03571054553821126,0.04789965753988234,0.05566627918765539,0.1710743506645926,-0.04202999290279573,0.1881833304822532,-0.1745332060244171,-0.1232446762060074,0.1194557774810628,-0.2715805530128715,-0.003663497520784021,-0.002005345049279589,-0.5828351529915997,0.3692072627660338,1.027505998107097,0.9344219837542644,3.391439837296965e-05,0.0003470191553512025,0.001722532490351752,0.0004778384043251448,0.000163942650461,-0.04752115320700728
-0.01739450284425665,7.000484993318513,0.7053494918209158,0.005233127953812186,-0.02872784298391833,0.6851340526485742,0.7278314745259724,0.05087902919816493,-0.01296515398304653,-0.01823002023106709,-0.0199999994206613,0.04999999909024837,0.117697550276392,0.006149633868825181,-0.03327721569327782,0.044968991715922,0.05394609858819437,0.1436300623971312,-0.04065530806172296,0.1884274933384329,-0.171780094438597,-0.1169253713169435,0.1421575997885037,-0.2683244736252531,-0.003546045736622537,-0.001698394809999017,-0.5842230805842621,0.370177512771255,1.033170088116132,0.9306371364801556,2.536856930261618e-05,0.0002833246069954203,0.001578643634595164,-0.000200687857629338,0.0001311576826727021,-0.04869898416349334
-0.01527598702527175,7.003343825586803,0.7058705427556177,0.004788958912511084,-0.02722799883679561,0.6843745425369782,0.7286063323079065,0.05331666412878625,0.001601580490337718,-0.009592664687483621,-0.01999999939017812,0.04999999898702814,0.1141917089346326,0.006425095099054186,-0.0269105270455146,0.0482592660568032,0.05089691391703833,0.1146518784021819,-0.03414908578893863,0.1902029570593164,-0.1730166007219207,-0.1106090198660649,0.1611805909230484,-0.2666806008114312,-0.00315946994568119,-0.001165178880599415,-0.5849951777545447,0.36804521145482,1.037852008740422,0.9253424740667472,1.928098210247322e-05,0.000218614580294202,0.001382697038315616,-0.0009301775326092926,0.0001049282481781549,-0.05352005884160551
-0.01260605127428055,7.005801312920385,0.7054140474862758,0.005514094423012172,-0.02442377991745001,0.6808261789535229,0.7320169313539022,0.05417777149781549,0.01677904217653403,0.001487583680201584,-0.01999999954325042,0.04999999933661455,0.1121783144797783,0.00753568456728874,-0.0256533056932871,0.04089286305989218,0.05316148724891585,0.08832409653913445,-0.02290777779961251,0.191540295766788,-0.1710644830117403,-0.1047799399505104,0.1812688794323568,-0.2594801529245474,-0.003074806750973633,-0.001275946375580614,-0.5851099504549186,0.3693995160658831,1.04405146372119,0.9216422364273947,1.48139181926416e-05,0.0001375511819761719,0.001477365144503187,-0.001342748281532919,8.394645251049625e-05,-0.0584467711756772
-0.01046211728895274,7.008074044172093,0.7050151031059435,0.006307692963265139,-0.02277492063336697,0.6790255218487701,0.7337341866627385,0.05690906215049402,0.02715783240258796,0.009299894356353061,-0.01999999952632056,0.04999999929217112,0.1113805394093129,0.008840704159931337,-0.02430643318254227,0.03729181403555776,0.05336036283729583,0.0706080422636586,-0.01120855295683967,0.193214383090647,-0.1715426990555171,-0.1005760831317082,0.1948708377957579,-0.2542515513463992,-0.002770241690775515,-0.00159442894839261,-0.5866459463415921,0.3689645588871579,1.049049346348334,0.9183076233458795,1.058053747581397e-05,3.386850518294039e-05,0.001372483912085672,-0.001804573276196274,6.716888719918886e-05,-0.06578855269856046
