-0.002989112166687846,0.01311094593256712,0.8504631519317627,0.03923838213086128,0.03943157568573952,-0.7042759656906128,0.7077435255050659,-0.06224657595157623,0.184237539768219,-0.7007538080215454,-0.4716677665710449,0.2111862301826477,0.06255639344453812,0.16197419166564941,-0.12071024626493454,-0.0974106714129448,0.5152103900909424,-0.31770774722099304,-0.20310048758983612,0.0070686182007193565,-0.12278995662927628,-0.035191938281059265,-0.08737936615943909,-0.01055412832647562,0.049658890813589096,0.06826457381248474,-0.21676461398601532,0.055902328342199326,-0.07003815472126007,0.04484178125858307,-0.11106228828430176,0.005825264845043421,-0.22715331614017487,-0.10501844435930252
-0.0029913641046732664,0.01304535660892725,0.8502936363220215,0.0401255264878273,0.040280621498823166,-0.704599916934967,0.7073233723640442,-0.06233479827642441,0.18438301980495453,-0.699905514717102,-0.4768708050251007,0.21177256107330322,0.0698465034365654,0.16552002727985382,-0.12228122353553772,-0.09825582802295685,0.5166423320770264,-0.3215126395225525,-0.20235031843185425,0.011499209329485893,-0.12306737154722214,-0.03567377105355263,-0.10293135046958923,-0.009777683764696121,0.05168027803301811,0.09385136514902115,-0.23319219052791595,0.05698219686746597,-0.09469033032655716,0.0425645112991333,-0.10842147469520569,0.048870574682950974,-0.2571811378002167,-0.10515984892845154
-0.003122905036434531,0.013106952421367168,0.8498054146766663,0.041193705052137375,0.04122112691402435,-0.7056701183319092,0.7061399221420288,-0.06159433349967003,0.18521972000598907,-0.6973345279693604,-0.47898027300834656,0.21469619870185852,0.06899132579565048,0.16450157761573792,-0.1237587183713913,-0.09879299998283386,0.5195018649101257,-0.3252810537815094,-0.1970328390598297,0.010032778605818748,-0.12391122430562973,-0.037039656192064285,-0.12195736169815063,-0.008472706191241741,0.0529652014374733,0.1271776556968689,-0.25315308570861816,0.0579649992287159,-0.1295115351676941,0.04157776013016701,-0.094296395778656,0.11451283097267151,-0.3003508150577545,-0.11006300896406174
-0.0034333011135458946,0.013038935139775276,0.8488435745239258,0.042522359639406204,0.042403336614370346,-0.7068191766738892,0.7048407196998596,-0.060177236795425415,0.18743185698986053,-0.6935142874717712,-0.4831729233264923,0.2155454158782959,0.06749103218317032,0.16284863650798798,-0.12500278651714325,-0.10022472590208054,0.5212790966033936,-0.3332729935646057,-0.19456255435943604,0.011579168029129505,-0.1236373707652092,-0.038302917033433914,-0.1448698788881302,-0.006858621723949909,0.05096293240785599,0.17246858775615692,-0.280708372592926,0.06367907673120499,-0.1708328276872635,0.04276575893163681,-0.074834443628788,0.1924058198928833,-0.3504064977169037,-0.11618711054325104
-0.003951643127948046,0.012258943170309067,0.8473137021064758,0.043695516884326935,0.043435052037239075,-0.7078700661659241,0.7036505341529846,-0.05733298510313034,0.19134506583213806,-0.687649130821228,-0.491769939661026,0.21257233619689941,0.06532172858715057,0.15979009866714478,-0.12434729188680649,-0.10345088690519333,0.5258878469467163,-0.3469652831554413,-0.19074125587940216,0.010062760673463345,-0.12062054872512817,-0.037057168781757355,-0.16798321902751923,-0.004758902825415134,0.04490288347005844,0.22064317762851715,-0.3135931193828583,0.07044687867164612,-0.20154644548892975,0.04782054200768471,-0.055868588387966156,0.25747400522232056,-0.40713828802108765,-0.1254051923751831
-0.004691274370998144,0.010493753477931023,0.8454011678695679,0.04453473165631294,0.044130027294158936,-0.7089294791221619,0.7024871706962585,-0.05333690345287323,0.1974635124206543,-0.6777865290641785,-0.5065943002700806,0.21677280962467194,0.05977418273687363,0.16001400351524353,-0.12176019698381424,-0.10927258431911469,0.5342139601707458,-0.36618587374687195,-0.1836879402399063,0.006818179041147232,-0.11773113906383514,-0.035510867834091187,-0.18897973001003265,-0.001967733260244131,0.038097284734249115,0.26700931787490845,-0.3495282828807831,0.07395096123218536,-0.22262099385261536,0.055965784937143326,-0.04020526260137558,0.31002548336982727,-0.46566763520240784,-0.14456209540367126
-0.005578877869993448,0.00798875279724598,0.8430752754211426,0.0457332581281662,0.04512543976306915,-0.710350513458252,0.7009096145629883,-0.04493880644440651,0.20599964261054993,-0.654664158821106,-0.5411826968193054,0.21340903639793396,0.05801398307085037,0.1614762246608734,-0.11866042017936707,-0.118528813123703,0.5436099767684937,-0.38980376720428467,-0.17512014508247375,0.004088111221790314,-0.11079906672239304,-0.03701188042759895,-0.21016259491443634,0.0010207375744357705,0.032990965992212296,0.31619706749916077,-0.3855392336845398,0.08038618415594101,-0.24591146409511566,0.06346815079450607,-0.02324393391609192,0.3633769750595093,-0.505936324596405,-0.15322346985340118
-0.006685592234134674,0.005269335582852364,0.840182900428772,0.047140441834926605,0.04631488025188446,-0.7117660045623779,0.69930100440979,-0.03462299704551697,0.21640969812870026,-0.6241124272346497,-0.5898738503456116,0.21128705143928528,0.048582594841718674,0.1627596914768219,-0.11395180970430374,-0.13206453621387482,0.5513390302658081,-0.4190498888492584,-0.16617967188358307,0.0009727695723995566,-0.10104965418577194,-0.039796240627765656,-0.2348620891571045,0.003748292103409767,0.02700338326394558,0.37225329875946045,-0.4236598014831543,0.08876167237758636,-0.2743413746356964,0.07244411110877991,-0.007757686078548431,0.422798216342926,-0.5422852039337158,-0.16532717645168304
-0.008132773451507092,0.0017391062574461102,0.8365696668624878,0.0491846427321434,0.048182789236307144,-0.712649405002594,0.6981332898139954,-0.022533651441335678,0.2280474752187729,-0.5879576206207275,-0.6521928906440735,0.18607395887374878,0.039324801415205,0.16981101036071777,-0.10116200894117355,-0.15503482520580292,0.552936315536499,-0.46449509263038635,-0.14694544672966003,-0.0025589708238840103,-0.08964021503925323,-0.04179927334189415,-0.26553720235824585,0.006901412270963192,0.01713653840124607,0.437922865152359,-0.462548166513443,0.0973614901304245,-0.30349287390708923,0.08256702870130539,0.002725541125983,0.4791891276836395,-0.570281445980072,-0.18147554993629456
-0.010287794284522533,-0.0023270780220627785,0.8322909474372864,0.05207643285393715,0.05101264268159866,-0.7124648094177246,0.6979109644889832,-0.010163197293877602,0.24539393186569214,-0.5535757541656494,-0.7368954420089722,0.17299117147922516,0.027224011719226837,0.1749008148908615,-0.07110263407230377,-0.191423699259758,0.5385950207710266,-0.5525344014167786,-0.12957780063152313,-0.007873284630477428,-0.07866604626178741,-0.04199497401714325,-0.30205658078193665,0.011942680925130844,0.004719971679151058,0.5139492154121399,-0.5041965246200562,0.1035379096865654,-0.3272809386253357,0.09486427903175354,0.007967459969222546,0.5268368721008301,-0.5998948812484741,-0.19088077545166016
-0.012623850256204605,-0.007522383239120245,0.8277294635772705,0.05526619777083397,0.05429637432098389,-0.711193859577179,0.6987137198448181,0.0064858803525567055,0.26690858602523804,-0.5235424041748047,-0.8469340801239014,0.14899341762065887,0.019054953008890152,0.17798060178756714,-0.03134806826710701,-0.23922672867774963,0.5158231854438782,-0.6548252701759338,-0.10826177895069122,-0.0042220912873744965,-0.0681535005569458,-0.042354632169008255,-0.34086722135543823,0.020176760852336884,-0.0065680695697665215,0.5918130278587341,-0.5448036193847656,0.10642661154270172,-0.3522861897945404,0.10826972126960754,0.007517618592828512,0.5693202614784241,-0.613579273223877,-0.20326533913612366
-0.01530239637941122,-0.013947896659374237,0.823328971862793,0.05891033634543419,0.057976145297288895,-0.710296630859375,0.6990329027175903,0.03101745806634426,0.2866346836090088,-0.48215538263320923,-0.979948103427887,0.14001038670539856,0.011906164698302746,0.1759205162525177,0.0068617514334619045,-0.29965347051620483,0.5167470574378967,-0.7543337941169739,-0.08728862553834915,0.004773661494255066,-0.07505033165216446,-0.041787758469581604,-0.3771272897720337,0.032029569149017334,-0.014250737614929676,0.6673184633255005,-0.5798749327659607,0.10278911143541336,-0.3671271502971649,0.1255130171775818,0.008331124670803547,0.5979377627372742,-0.6349167227745056,-0.2188248336315155
-0.017315132543444633,-0.0219466220587492,0.8198766112327576,0.06300574541091919,0.062034349888563156,-0.7097876071929932,0.6988444328308105,0.06379475444555283,0.29654979705810547,-0.43135398626327515,-1.1282875537872314,0.1152903214097023,0.007504116743803024,0.17165003716945648,0.03946646675467491,-0.3716745376586914,0.5396614074707031,-0.8411557078361511,-0.07850898057222366,0.01215881947427988,-0.09037178009748459,-0.042731963098049164,-0.4059804379940033,0.04534383863210678,-0.01930745504796505,0.7266226410865784,-0.6109359264373779,0.09844013303518295,-0.37601080536842346,0.14141911268234253,0.006813209503889084,0.6162770390510559,-0.6556994318962097,-0.22855441272258759
-0.018332235515117645,-0.03157161921262741,0.8179324865341187,0.06698854267597198,0.06581553816795349,-0.7101721167564392,0.6977366209030151,0.09827928990125656,0.29361867904663086,-0.3834245204925537,-1.2790911197662354,0.1088566929101944,0.000983107602223754,0.1772558093070984,0.07283299416303635,-0.44096654653549194,0.55996173620224,-0.9158605337142944,-0.05958188325166702,0.024959836155176163,-0.10334181785583496,-0.04346275329589844,-0.4304330348968506,0.05582943931221962,-0.025435324758291245,0.7712328433990479,-0.6336406469345093,0.09104952216148376,-0.37532079219818115,0.1539534479379654,0.003946483600884676,0.621941864490509,-0.6768219470977783,-0.2288697212934494
-0.018349476158618927,-0.04204161837697029,0.816798210144043,0.07129841297864914,0.0704897940158844,-0.7075446248054504,0.6995201110839844,0.12271463871002197,0.2803857624530792,-0.3524072766304016,-1.4128903150558472,0.09180562943220139,-0.006517254281789064,0.18291650712490082,0.11560168862342834,-0.4966143071651459,0.5554178357124329,-0.9803164601325989,-0.02866395190358162,0.0357050821185112,-0.10308337211608887,-0.04804246872663498,-0.4663717448711395,0.059892356395721436,-0.03322269767522812,0.834502637386322,-0.6470383405685425,0.10471393913030624,-0.3688991367816925,0.161809504032135,-0.005282146856188774,0.6158766746520996,-0.695582389831543,-0.22269858419895172
-0.01765100471675396,-0.05267977714538574,0.8147088885307312,0.07693120837211609,0.07732077687978745,-0.7011106014251709,0.7046608924865723,0.13218244910240173,0.2636756896972656,-0.34422892332077026,-1.518477439880371,0.05733456462621689,-0.01903393119573593,0.18940289318561554,0.16204401850700378,-0.5256743431091309,0.5326633453369141,-1.0202052593231201,-0.03962632268667221,0.037895843386650085,-0.11372516304254532,-0.05226703733205795,-0.5304384827613831,0.05914655327796936,-0.036129456013441086,0.9392403364181519,-0.6553507447242737,0.14391715824604034,-0.37022480368614197,0.1656108796596527,-0.022084541618824005,0.6158576607704163,-0.7093724012374878,-0.21761156618595123
-0.016579976305365562,-0.0628945603966713,0.80889493227005,0.08385706692934036,0.08595086634159088,-0.6932816505432129,0.7105919718742371,0.12543468177318573,0.24580931663513184,-0.351004034280777,-1.5810680389404297,0.021443292498588562,-0.05424419417977333,0.1910829246044159,0.18738354742527008,-0.5316042304039001,0.52479088306427,-1.0191453695297241,-0.07468830794095993,0.02777176909148693,-0.13126197457313538,-0.05477907136082649,-0.6276777386665344,0.059341058135032654,-0.027984246611595154,1.0911529064178467,-0.6443712711334229,0.19150502979755402,-0.3952578604221344,0.17420397698879242,-0.037987954914569855,0.6516126394271851,-0.7282460927963257,-0.22862711548805237
-0.0152873694896698,-0.07262483984231949,0.7967603206634521,0.09163064509630203,0.09608832746744156,-0.6840106844902039,0.7172867059707642,0.10813720524311066,0.23107478022575378,-0.3694409728050232,-1.5955480337142944,0.008965320885181427,-0.08665494620800018,0.195574551820755,0.16704384982585907,-0.523671567440033,0.5523576736450195,-0.9649972915649414,-0.11800028383731842,0.009486560709774494,-0.14151276648044586,-0.060610122978687286,-0.7535624504089355,0.06595001369714737,-0.013033678755164146,1.2763830423355103,-0.632351815700531,0.24018503725528717,-0.45217788219451904,0.18273557722568512,-0.05440610274672508,0.7441056370735168,-0.7551347017288208,-0.24433547258377075
-0.014328804798424244,-0.08276084810495377,0.7787555456161499,0.1004239022731781,0.10723411291837692,-0.676132321357727,0.7219840288162231,0.09632944315671921,0.22410988807678223,-0.3764157295227051,-1.5587568283081055,-0.022396499291062355,-0.09478714317083359,0.1801283210515976,0.08474106341600418,-0.5069586634635925,0.6157819628715515,-0.8758522272109985,-0.16281041502952576,-0.0006777356611564755,-0.12411659210920334,-0.07252809405326843,-0.896849513053894,0.0823642835021019,-0.00010718856356106699,1.4794764518737793,-0.6346089243888855,0.26100000739097595,-0.5169462561607361,0.19864042103290558,-0.06231889873743057,0.8574628233909607,-0.8275828957557678,-0.2593781352043152
-0.012162146158516407,-0.0943211242556572,0.7611899971961975,0.10846126079559326,0.11731360107660294,-0.6701400279998779,0.7248351573944092,0.12053379416465759,0.22613950073719025,-0.3581808805465698,-1.4564504623413086,-0.10713999718427658,-0.09488037973642349,0.18926061689853668,-0.031557898968458176,-0.48140618205070496,0.6750308871269226,-0.8119395971298218,-0.16849347949028015,-0.02580290287733078,-0.13965515792369843,-0.10099384188652039,-1.036392331123352,0.10665803402662277,0.011318213306367397,1.658664584159851,-0.6342799067497253,0.26100000739097595,-0.5707196593284607,0.20906035602092743,-0.06604799628257751,0.9564369320869446,-0.871999979019165,-0.25532153248786926
-0.00521465577185154,-0.10973061621189117,0.7518239617347717,0.11664953082799911,0.1255469173192978,-0.6706013083457947,0.7217511534690857,0.21377825736999512,0.25310370326042175,-0.33039599657058716,-1.3644487857818604,-0.1429637223482132,-0.08071237057447433,0.25614529848098755,-0.13550621271133423,-0.45485010743141174,0.6673402190208435,-0.8803101181983948,-0.1299540400505066,-0.05980527773499489,-0.16168734431266785,-0.14017373323440552,-1.1480625867843628,0.1301250457763672,0.02280527353286743,1.759203314781189,-0.6243075132369995,0.26100000739097595,-0.5885812044143677,0.19839300215244293,-0.05920041352510452,0.988726794719696,-0.871999979019165,-0.21079610288143158
0.005844421684741974,-0.13263456523418427,0.7528676986694336,0.1223674789071083,0.13054756820201874,-0.6728423237800598,0.7178208231925964,0.3781405985355377,0.3027605414390564,-0.2808052599430084,-1.3764474391937256,-0.16392958164215088,-0.09166600555181503,0.2506517469882965,-0.21954384446144104,-0.44741514325141907,0.6624003052711487,-1.0985312461853027,-0.11010432988405228,-0.07903990149497986,-0.16829515993595123,-0.1682332307100296,-1.2140083312988281,0.13530318439006805,0.022184886038303375,1.7767695188522339,-0.6179611682891846,0.26100000739097595,-0.5464525818824768,0.17520399391651154,-0.04924613609910011,0.943798303604126,-0.871999979019165,-0.15567973256111145
0.018768319860100746,-0.16384929418563843,0.7643746733665466,0.12029683589935303,0.13030436635017395,-0.6675763130187988,0.7231122255325317,0.5623456835746765,0.36558520793914795,-0.2397003173828125,-1.4529457092285156,-0.19868622720241547,-0.08566351979970932,0.24471527338027954,-0.29326310753822327,-0.47203516960144043,0.7110925912857056,-1.3756777048110962,-0.02980852499604225,-0.04015926271677017,-0.17232836782932281,-0.1831711083650589,-1.2252471446990967,0.10626517236232758,-0.008726414293050766,1.7162474393844604,-0.6155582666397095,0.26100000739097595,-0.41361162066459656,0.16100206971168518,-0.019927052780985832,0.791710376739502,-0.871647834777832,-0.12725183367729187
0.03281785547733307,-0.2030806541442871,0.7827914953231812,0.11059381067752838,0.12553225457668304,-0.6517334580421448,0.7397662997245789,0.725396454334259,0.42498067021369934,-0.20695649087429047,-1.5371694564819336,-0.1624588817358017,-0.07606852054595947,0.23883628845214844,-0.35217294096946716,-0.5129649043083191,0.7782794237136841,-1.6171656847000122,0.016044145449995995,-0.002692274982109666,-0.12637127935886383,-0.18184369802474976,-1.1892813444137573,0.053929563611745834,-0.06641241163015366,1.5865033864974976,-0.5607032775878906,0.17061170935630798,-0.1863812804222107,0.14902076125144958,-0.006250557955354452,0.5043848156929016,-0.7679094672203064,-0.11778391152620316
0.04868413880467415,-0.2450362741947174,0.7995181083679199,0.09959649294614792,0.1194264218211174,-0.6326756477355957,0.7586430907249451,0.8519763946533203,0.4719485640525818,-0.17473511397838593,-1.6211309432983398,-0.14208482205867767,-0.06435176730155945,0.22586145997047424,-0.4086655080318451,-0.559062659740448,0.8634408712387085,-1.8031001091003418,0.06222245842218399,0.001421210472472012,-0.09973873943090439,-0.16813185811042786,-1.1330158710479736,0.012625179253518581,-0.1100725382566452,1.4247690439224243,-0.5139280557632446,0.06921114027500153,0.0002744465018622577,0.1498367041349411,-0.033790264278650284,0.30884698033332825,-0.6663332581520081,-0.11234820634126663
0.06674744933843613,-0.2877674400806427,0.8133899569511414,0.09113526344299316,0.11430420726537704,-0.6167116761207581,0.7734957337379456,0.9191111326217651,0.4955284595489502,-0.1512584239244461,-1.6721746921539307,-0.12055365741252899,-0.06650511920452118,0.21026787161827087,-0.4353353977203369,-0.570191502571106,0.9431800842285156,-1.9168922901153564,0.047774866223335266,-0.023033566772937775,-0.11755343526601791,-0.16322408616542816,-1.0713573694229126,-0.002859373576939106,-0.10653556138277054,1.294532299041748,-0.4727309048175812,0.03286774456501007,0.09867321699857712,0.13493964076042175,-0.11685812473297119,0.2570350468158722,-0.587579607963562,-0.09553617984056473
0.08584623038768768,-0.3326752483844757,0.8236993551254272,0.08280103653669357,0.107664093375206,-0.603980541229248,0.7853406071662903,0.9158727526664734,0.49684256315231323,-0.14710339903831482,-1.6637263298034668,-0.09068429470062256,-0.07297619432210922,0.20592902600765228,-0.4052526652812958,-0.5409778952598572,0.9981821775436401,-1.9509127140045166,0.04275409132242203,-0.01991584524512291,-0.09933391958475113,-0.14001339673995972,-1.0090101957321167,-0.012720635160803795,-0.06540823727846146,1.155661702156067,-0.45758190751075745,-0.0027247334364801645,0.1562832146883011,0.11402212083339691,-0.18371020257472992,0.2722398340702057,-0.46109193563461304,-0.13167701661586761
0.10107002407312393,-0.377748966217041,0.8202849626541138,0.07044460624456406,0.09490598738193512,-0.591835618019104,0.7973462343215942,0.8698592782020569,0.4760291874408722,-0.1570853739976883,-1.599664568901062,-0.08034659922122955,-0.05519227311015129,0.20600397884845734,-0.34388813376426697,-0.5098087191581726,1.044102668762207,-1.902100682258606,0.06050360947847366,0.003501052036881447,-0.08800538629293442,-0.07539955526590347,-0.9582617282867432,-0.03280393034219742,-0.014642853289842606,1.1659221649169922,-0.4744463562965393,-0.032853979617357254,0.15545307099819183,0.09737198799848557,-0.23062439262866974,0.46298179030418396,-0.2814163565635681,-0.21131394803524017
0.12019898742437363,-0.4196551442146301,0.8100695610046387,0.06488611549139023,0.08835773915052414,-0.5883327126502991,0.8011537194252014,0.7786962985992432,0.4177502691745758,-0.15087060630321503,-1.50669527053833,-0.05728922039270401,-0.04586070775985718,0.2125757336616516,-0.3051605522632599,-0.49302008748054504,1.085807204246521,-1.798462986946106,0.07978974282741547,0.03289220482110977,-0.07835905998945236,-0.024925749748945236,-0.910920262336731,-0.06863437592983246,0.023322679102420807,1.1887787580490112,-0.4956129193305969,0.01829087920486927,0.0684317797422409,0.056712858378887177,-0.25155389308929443,0.7500773668289185,-0.06106112524867058,-0.23229888081550598
0.14026299118995667,-0.457049161195755,0.7894903421401978,0.06017379090189934,0.08308491110801697,-0.5834717750549316,0.8056281208992004,0.6624002456665039,0.34159335494041443,-0.14338640868663788,-1.3996431827545166,-0.04354025423526764,-0.056404706090688705,0.23827241361141205,-0.26281559467315674,-0.5056402683258057,1.101455807685852,-1.645200490951538,0.09787888824939728,0.058587394654750824,-0.07527869194746017,-0.0012453418457880616,-0.8680195212364197,-0.12367600202560425,0.039975233376026154,1.2783048152923584,-0.6504411697387695,0.21817061305046082,-0.05400789901614189,-0.0408167764544487,-0.2889522314071655,1.1231677532196045,-0.010129384696483612,-0.16618536412715912
0.15891365706920624,-0.4918583035469055,0.7616592645645142,0.05995417386293411,0.08435390144586563,-0.5762152671813965,0.81071937084198,0.5289834141731262,0.2588275671005249,-0.11539889127016068,-1.3444764614105225,-0.025499744340777397,-0.07536189258098602,0.2685224115848541,-0.23071298003196716,-0.5305858850479126,1.0900644063949585,-1.4655650854110718,0.08549752086400986,0.08532291650772095,-0.09052752703428268,0.028444327414035797,-0.8494952917098999,-0.18392124772071838,0.037052497267723083,1.4193315505981445,-0.811941385269165,0.26100000739097595,-0.19204546511173248,-0.13984733819961548,-0.31875792145729065,1.5035136938095093,-0.141429603099823,-0.14099599421024323
0.17455725371837616,-0.5237449407577515,0.7374711632728577,0.06251175701618195,0.09219685941934586,-0.5576990842819214,0.8225349187850952,0.3426801562309265,0.19823303818702698,-0.11324421316385269,-1.3339742422103882,0.02118006907403469,-0.10710565745830536,0.2962151765823364,-0.17774076759815216,-0.5491244196891785,1.0280708074569702,-1.1926391124725342,0.07430407404899597,0.11705441027879715,-0.11641081422567368,0.05684398487210274,-0.8433653116226196,-0.24443574249744415,0.013209809549152851,1.5285776853561401,-0.871999979019165,0.26100000739097595,-0.3672087788581848,-0.22498033940792084,-0.3354170024394989,1.841546654701233,-0.2784256935119629,-0.18800370395183563
0.1898839771747589,-0.5584197044372559,0.7238410115242004,0.0665380209684372,0.10514849424362183,-0.5305747985839844,0.838455080986023,0.10777702182531357,0.1533159613609314,-0.1389576643705368,-1.3418556451797485,0.0121157830581069,-0.12887032330036163,0.303561270236969,-0.10545264929533005,-0.5742701888084412,0.9598448276519775,-0.8742731213569641,0.027558494359254837,0.07450142502784729,-0.14275410771369934,0.11381498724222183,-0.8109688758850098,-0.3072730600833893,-0.04097084328532219,1.5598727464675903,-0.871999979019165,0.26100000739097595,-0.5507428050041199,-0.3287605047225952,-0.3751658499240875,2.081054449081421,-0.3904148042201996,-0.25182899832725525
0.20765724778175354,-0.5983802676200867,0.7203654050827026,0.06778158992528915,0.11247441917657852,-0.5116875171661377,0.8490765690803528,-0.09653813391923904,0.1451197862625122,-0.19036777317523956,-1.422093152999878,0.02120441570878029,-0.14857357740402222,0.2923148274421692,0.011103927157819271,-0.6737086176872253,0.9245226383209229,-0.8009993433952332,0.08019112050533295,0.009675513952970505,-0.08767680823802948,0.19222599267959595,-0.7255371809005737,-0.35737311840057373,-0.12814371287822723,1.5319602489471436,-0.871999979019165,0.26100000739097595,-0.731780469417572,-0.4174923002719879,-0.3777812421321869,2.2029736042022705,-0.48433151841163635,-0.26100000739097595
0.2278755009174347,-0.6433032155036926,0.7267168760299683,0.06749797612428665,0.11378894746303558,-0.505695104598999,0.8525072336196899,-0.256775826215744,0.1728697121143341,-0.24833275377750397,-1.562180995941162,0.02700098045170307,-0.15517264604568481,0.2866789400577545,0.13765192031860352,-0.8063017725944519,0.9087661504745483,-0.9147611260414124,0.08685781061649323,-0.027342956513166428,-0.06311783939599991,0.28140413761138916,-0.5867429375648499,-0.3741985559463501,-0.2279825657606125,1.453363299369812,-0.871999979019165,0.26100000739097595,-0.9158146977424622,-0.487150102853775,-0.32854437828063965,2.222827911376953,-0.5631291270256042,-0.26100000739097595
0.251373827457428,-0.6945992112159729,0.7423936724662781,0.06512639671564102,0.10705939680337906,-0.5156161785125732,0.8476064801216125,-0.33223336935043335,0.21462422609329224,-0.26496458053588867,-1.734501600265503,-0.006647343747317791,-0.1422566920518875,0.2690303325653076,0.2646128535270691,-0.9124780297279358,0.8357980251312256,-1.069811224937439,0.09485238790512085,-0.016201483085751534,-0.0609627403318882,0.3304283618927002,-0.4119162857532501,-0.3408263921737671,-0.28862884640693665,1.3230880498886108,-0.871999979019165,0.26100000739097595,-1.0776234865188599,-0.4629370868206024,-0.2392636388540268,2.132521152496338,-0.6086649894714355,-0.26100000739097595
0.278567373752594,-0.7511013746261597,0.7632614374160767,0.05857515335083008,0.09258997440338135,-0.5314090251922607,0.8400002717971802,-0.33570048213005066,0.2669603228569031,-0.27457743883132935,-1.8960785865783691,-0.009076356887817383,-0.13656599819660187,0.26671093702316284,0.3986681401729584,-0.9658968448638916,0.7058199644088745,-1.1961854696273804,0.17804571986198425,-0.0045492984354496,-0.04183753579854965,0.2818421423435211,-0.2306126058101654,-0.2677285671234131,-0.257621705532074,1.178326964378357,-0.871999979019165,0.26100000739097595,-1.176154613494873,-0.28731659054756165,-0.13435907661914825,1.9428908824920654,-0.5888574123382568,-0.26100000739097595
0.3078327178955078,-0.8107216954231262,0.7827644944190979,0.046498194336891174,0.07211440056562424,-0.5399042367935181,0.8373415470123291,-0.30730387568473816,0.31636977195739746,-0.31067731976509094,-2.0115039348602295,0.007577137090265751,-0.13530078530311584,0.2705318033695221,0.5348310470581055,-0.9591776132583618,0.570267915725708,-1.2784297466278076,0.23369157314300537,-0.0024712244048714638,-0.045928794890642166,0.16437052190303802,-0.08833304792642593,-0.19660353660583496,-0.15599559247493744,1.0923994779586792,-0.871999979019165,0.26100000739097595,-1.17427659034729,-0.033352114260196686,-0.02899530716240406,1.692154049873352,-0.563264012336731,-0.24955132603645325
0.3417871594429016,-0.8690734505653381,0.7947850227355957,0.03502734377980232,0.05496670678257942,-0.5362626314163208,0.8415308594703674,-0.2676750421524048,0.33917897939682007,-0.3725707232952118,-2.0845015048980713,0.017368650063872337,-0.12456049770116806,0.2538280785083771,0.6533868908882141,-0.9034574627876282,0.44318529963493347,-1.3271194696426392,0.27157172560691833,-0.002308669500052929,-0.07119246572256088,0.093820720911026,-0.019798200577497482,-0.15518443286418915,-0.05477523058652878,1.1749825477600098,-0.7455271482467651,0.26100000739097595,-1.1083128452301025,0.13225317001342773,0.10767684131860733,1.4351192712783813,-0.48895514011383057,-0.17721864581108093
0.3775246739387512,-0.9266178011894226,0.8013761043548584,0.0290174949914217,0.04745518043637276,-0.5208662748336792,0.8518241047859192,-0.22293175756931305,0.3299613296985626,-0.45192623138427734,-2.0940001010894775,0.020742828026413918,-0.12828755378723145,0.23465485870838165,0.7406439185142517,-0.825179934501648,0.3312338590621948,-1.3708513975143433,0.27563971281051636,-0.0014499755343422294,-0.08284691721200943,0.01682329550385475,-0.00336565263569355,-0.14124634861946106,0.003322077915072441,1.2016664743423462,-0.08076533675193787,0.17430928349494934,-1.0259536504745483,0.21831576526165009,0.2268575131893158,1.1873329877853394,-0.3720082938671112,-0.12488632649183273
0.4122585654258728,-0.982726514339447,0.7994003891944885,0.026857877150177956,0.045632507652044296,-0.5065221786499023,0.8605995774269104,-0.16866712272167206,0.31686729192733765,-0.5231663584709167,-2.067701578140259,0.006932252552360296,-0.10110969096422195,0.22294946014881134,0.7311975359916687,-0.7618840336799622,0.2980864346027374,-1.3606339693069458,0.26286619901657104,-0.0025121737271547318,-0.08353076130151749,0.004274038597941399,-0.005928427912294865,-0.13060756027698517,0.022405225783586502,1.3096596002578735,-0.026148676872253418,0.13223372399806976,-0.9542257189750671,0.21518564224243164,0.2645796835422516,1.0314297676086426,-0.33889302611351013,-0.13827574253082275
0.44848933815956116,-1.0382357835769653,0.7914878726005554,0.024993102997541428,0.044759225100278854,-0.48689180612564087,0.8719565868377686,-0.1117205023765564,0.3195702135562897,-0.5980113744735718,-1.9976271390914917,-0.007008533459156752,-0.067880779504776,0.21655945479869843,0.6647144556045532,-0.6998973488807678,0.31844639778137207,-1.3226373195648193,0.2562921643257141,0.005158494226634502,-0.08974964916706085,0.001793685369193554,-0.04700416326522827,-0.09703163057565689,0.04396762326359749,1.4653176069259644,-0.042550984770059586,0.09969368577003479,-0.866595983505249,0.18981730937957764,0.25450798869132996,0.9530490040779114,-0.28470152616500854,-0.08558067679405212
0.4733668267726898,-1.0893213748931885,0.7721855640411377,0.020610947161912918,0.03867470473051071,-0.46985989809036255,0.8816525340080261,-0.03192273527383804,0.3157786428928375,-0.6391346454620361,-1.860849142074585,-0.04267394170165062,-0.03093436360359192,0.1978561282157898,0.5452298521995544,-0.6787146329879761,0.38019973039627075,-1.2422263622283936,0.2310924232006073,0.012921993620693684,-0.10107987374067307,-0.005430255550891161,-0.1595899909734726,-0.04814459756016731,0.08915979415178299,1.7511963844299316,-0.02200198359787464,0.10335062444210052,-0.7583343982696533,0.16336917877197266,0.2723889648914337,0.9680503010749817,-0.3552061915397644,0.03376452997326851
0.5004055500030518,-1.1373875141143799,0.7491503357887268,0.022052301093935966,0.042884670197963715,-0.45677217841148376,0.8882757425308228,0.06428465992212296,0.3207405209541321,-0.6389465928077698,-1.6835474967956543,-0.09824833273887634,-0.009486132301390171,0.19164568185806274,0.33897125720977783,-0.6690455675125122,0.4871511161327362,-1.1536805629730225,0.21155667304992676,0.002207583747804165,-0.12800636887550354,-0.029178136959671974,-0.3434765338897705,-0.00730475876480341,0.1360703408718109,2.027054786682129,-0.04576991870999336,0.15212556719779968,-0.7391513586044312,0.18716350197792053,0.26627492904663086,1.132932424545288,-0.5145674347877502,0.03881123661994934
0.5338568091392517,-1.183270812034607,0.7383567094802856,0.03024555929005146,0.0601566918194294,-0.44817981123924255,0.8914040923118591,0.1708087921142578,0.33178409934043884,-0.5896657705307007,-1.4969329833984375,-0.17183081805706024,0.0034888330847024918,0.23236873745918274,0.06325184553861618,-0.6430239081382751,0.6084202527999878,-1.0619646310806274,0.23266452550888062,-0.018232911825180054,-0.15685448050498962,-0.041144318878650665,-0.5701783895492554,0.011134229600429535,0.17418304085731506,2.1873371601104736,-0.11106185615062714,0.22305059432983398,-0.7088965177536011,0.2222672700881958,0.2690887749195099,1.2497200965881348,-0.6912872791290283,0.013876672834157944
0.5714653134346008,-1.2196446657180786,0.7342709302902222,0.03207537904381752,0.06688684225082397,-0.43120768666267395,0.8991981148719788,0.3209373950958252,0.38002699613571167,-0.5387445688247681,-1.4354147911071777,-0.1415705382823944,-0.03639554604887962,0.24399152398109436,-0.11537903547286987,-0.6086946129798889,0.640195369720459,-1.0784562826156616,0.28971537947654724,-0.06283389031887054,-0.16779136657714844,-0.06079374998807907,-0.7812060117721558,-0.0036293999291956425,0.21305175125598907,2.2529261112213135,-0.19516153633594513,0.23512761294841766,-0.6193792223930359,0.18746449053287506,0.2625672519207001,1.2737957239151,-0.8289255499839783,0.0026637958362698555
0.6156730651855469,-1.251145601272583,0.7421499490737915,0.022581016644835472,0.052013494074344635,-0.39758777618408203,0.9158104062080383,0.47876855731010437,0.47273316979408264,-0.5326763391494751,-1.4915014505386353,-0.06691242754459381,-0.0705900639295578,0.22379045188426971,-0.18790602684020996,-0.5837134718894958,0.6410238146781921,-1.2333987951278687,0.2153175175189972,-0.05983051285147667,-0.2097758948802948,-0.09971477836370468,-0.9063736200332642,-0.04233255982398987,0.23481875658035278,2.169639825820923,-0.29001718759536743,0.18152853846549988,-0.382342666387558,0.09571495652198792,0.26252469420433044,1.1083295345306396,-0.862012505531311,0.002473659347742796
0.672127902507782,-1.287925362586975,0.773523211479187,0.022878577932715416,0.058628205209970474,-0.3628118932247162,0.9297348260879517,0.5646647214889526,0.5396099090576172,-0.5076313018798828,-1.5701922178268433,-0.017897263169288635,-0.0655616819858551,0.20180533826351166,-0.26997748017311096,-0.5710384249687195,0.620997428894043,-1.396263837814331,0.2193080186843872,-0.03821902349591255,-0.20985130965709686,-0.15097135305404663,-0.9271477460861206,-0.08485483378171921,0.2213902473449707,1.8434895277023315,-0.41136354207992554,0.15861596167087555,-0.13524486124515533,0.03725418820977211,0.28914543986320496,0.7847165465354919,-0.7837585806846619,-0.0004776806745212525
0.7276425957679749,-1.323966383934021,0.7984688878059387,0.017184099182486534,0.048642128705978394,-0.3326573371887207,0.9416356682777405,0.6651861071586609,0.5697005987167358,-0.46797946095466614,-1.6160476207733154,-0.0015510952798649669,-0.05417623743414879,0.18736878037452698,-0.3245201110839844,-0.557752251625061,0.6530608534812927,-1.5248091220855713,0.24309039115905762,-0.01807955838739872,-0.2006712257862091,-0.152408629655838,-0.8757773041725159,-0.13762927055358887,0.1801421046257019,1.4974323511123657,-0.4863983690738678,0.20164111256599426,0.06672654300928116,-0.012055132538080215,0.222239151597023,0.5999455451965332,-0.7220017313957214,-0.035559624433517456
0.7838770151138306,-1.3593348264694214,0.8182365298271179,0.011814413592219353,0.03665768355131149,-0.3065248131752014,0.9510831832885742,0.7392973303794861,0.5631269812583923,-0.4270305931568146,-1.6341040134429932,-0.036360032856464386,-0.04734094813466072,0.183917835354805,-0.35682737827301025,-0.5584896802902222,0.7019690871238708,-1.631817102432251,0.26232439279556274,-0.00015529582742601633,-0.17904949188232422,-0.1256653219461441,-0.7682345509529114,-0.19869931042194366,0.11916046589612961,1.1022286415100098,-0.544722855091095,0.20743845403194427,0.2046157717704773,-0.05337368696928024,0.08756905049085617,0.5008022785186768,-0.5469579100608826,-0.044801462441682816
0.840614914894104,-1.3977293968200684,0.8310085535049438,0.00691855326294899,0.02321871928870678,-0.28548142313957214,0.9580779671669006,0.7982863783836365,0.5488498210906982,-0.3886897563934326,-1.6567974090576172,-0.060095928609371185,-0.047592416405677795,0.19091203808784485,-0.3470243811607361,-0.5578709244728088,0.7448493242263794,-1.731300711631775,0.2778853178024292,-0.004873036406934261,-0.1617376208305359,-0.09931787103414536,-0.6329542994499207,-0.24145296216011047,0.07675659656524658,0.6595613360404968,-0.5806248188018799,0.2565118968486786,0.259397029876709,-0.05303097888827324,0.04247739538550377,0.5158295631408691,-0.02287609688937664,0.036267656832933426
0.8942151665687561,-1.4345988035202026,0.8286282420158386,0.0035333025734871626,0.012321002781391144,-0.2756371796131134,0.9611762762069702,0.8343446254730225,0.5193887948989868,-0.3596446216106415,-1.6754838228225708,-0.050053298473358154,-0.049790605902671814,0.20179256796836853,-0.32918015122413635,-0.5541433095932007,0.7960443496704102,-1.7908027172088623,0.26396381855010986,-0.017008211463689804,-0.15742570161819458,-0.06698571145534515,-0.5264034271240234,-0.26074469089508057,0.07774823904037476,0.42207154631614685,-0.607856810092926,0.19733396172523499,0.20609146356582642,-0.0366266593337059,0.03156796097755432,0.7383413910865784,0.33285441994667053,0.09050720185041428
0.9456604719161987,-1.4687933921813965,0.8193411827087402,0.0025934639852494,0.009332917630672455,-0.2677258849143982,0.9634464383125305,0.8266687393188477,0.4853067100048065,-0.34600669145584106,-1.6820067167282104,-0.04634160175919533,-0.05321087688207626,0.21192696690559387,-0.3103143572807312,-0.5492221713066101,0.8296434879302979,-1.820439338684082,0.2500726878643036,-0.019512007012963295,-0.14776581525802612,-0.05651369318366051,-0.4800019860267639,-0.2877391278743744,0.102259561419487,0.29133161902427673,-0.5879355669021606,0.13366065919399261,0.11171705275774002,-0.0642998144030571,-0.011178613640367985,0.9958447813987732,0.4977194368839264,0.24959634244441986
0.9915192723274231,-1.5010708570480347,0.7971477508544922,0.0009335663635283709,0.0035795769654214382,-0.25236034393310547,0.9676262736320496,0.783259391784668,0.44485345482826233,-0.3761548101902008,-1.6786110401153564,-0.06443535536527634,-0.05817184969782829,0.21269649267196655,-0.2539069950580597,-0.5733963847160339,0.8413885831832886,-1.8231618404388428,0.2619531750679016,-0.02052147500216961,-0.1419457197189331,-0.0027264642994850874,-0.5220450758934021,-0.34207481145858765,0.12832336127758026,0.44724714756011963,-0.5060251951217651,0.1740587055683136,-0.015968048945069313,-0.15114860236644745,-0.10769650340080261,1.3876383304595947,0.4740281105041504,0.26100000739097595
1.039656400680542,-1.5310231447219849,0.7691829204559326,0.0012138077290728688,0.0049277544021606445,-0.2391686737537384,0.970964789390564,0.6749666929244995,0.40756508708000183,-0.4040983319282532,-1.6499041318893433,-0.054209474474191666,-0.06668625771999359,0.22677867114543915,-0.21222266554832458,-0.5875712037086487,0.8281987905502319,-1.764758586883545,0.2613414227962494,-0.010621115565299988,-0.14066047966480255,0.04824615269899368,-0.6258623003959656,-0.38385528326034546,0.13125190138816833,0.8515934944152832,-0.4860978424549103,0.26099836826324463,-0.15149493515491486,-0.20669172704219818,-0.1334783285856247,1.7005213499069214,0.42462918162345886,0.2607516348361969
1.0901927947998047,-1.562164545059204,0.7506193518638611,0.004513581749051809,0.019878795370459557,-0.2213732749223709,0.9749760627746582,0.4924365282058716,0.40045878291130066,-0.4161853492259979,-1.6005473136901855,-0.028567036613821983,-0.06597656011581421,0.24016454815864563,-0.1578381061553955,-0.5297905802726746,0.7424332499504089,-1.620371699333191,0.29700949788093567,0.019497398287057877,-0.12049220502376556,0.07234051823616028,-0.7091226577758789,-0.39908578991889954,0.1233086884021759,1.109012484550476,-0.49087974429130554,0.26100000739097595,-0.310810387134552,-0.1749250441789627,-0.14465050399303436,1.8646272420883179,0.40834540128707886,0.18292808532714844
1.1316484212875366,-1.5947540998458862,0.7257736921310425,0.00281120534054935,0.013065721839666367,-0.21032634377479553,0.9775398969650269,0.36558568477630615,0.3436947762966156,-0.4297648072242737,-1.6010404825210571,-0.040681321173906326,-0.09629668295383453,0.22579732537269592,-0.08513245731592178,-0.5230319499969482,0.6629724502563477,-1.3803081512451172,0.3385360836982727,0.03598419204354286,-0.11475711315870285,0.11327114701271057,-0.7251999378204346,-0.415386825799942,0.11884486675262451,1.405063509941101,-0.6697986125946045,0.26100000739097595,-0.5091407299041748,-0.23993068933486938,-0.11739922314882278,2.1448287963867188,0.22236564755439758,0.06772999465465546
1.1804389953613281,-1.6220191717147827,0.7203981876373291,0.0036082440055906773,0.017697075381875038,-0.1997464895248413,0.979681134223938,0.20244593918323517,0.3517502546310425,-0.4403403103351593,-1.6493111848831177,-0.006071081385016441,-0.12866638600826263,0.21711313724517822,0.004582921043038368,-0.5237115025520325,0.5465492010116577,-1.2262338399887085,0.43926239013671875,-0.005113266408443451,-0.13456258177757263,0.11417306214570999,-0.6557624936103821,-0.43046924471855164,0.08463665097951889,1.476263403892517,-0.8201956748962402,0.26100000739097595,-0.7114956974983215,-0.28152620792388916,-0.11480450630187988,2.2422008514404297,-0.05861271545290947,-0.15465129911899567
1.2303084135055542,-1.6478229761123657,0.7259485721588135,0.0036079869605600834,0.019479600712656975,-0.18208540976047516,0.9830831289291382,0.0665554404258728,0.36350855231285095,-0.45176205039024353,-1.7190446853637695,-0.01696626842021942,-0.14270132780075073,0.2116609513759613,0.16195666790008545,-0.5758369565010071,0.4288584887981415,-1.2446839809417725,0.4448637366294861,-0.057351697236299515,-0.15573397278785706,0.13805396854877472,-0.5175398588180542,-0.44411343336105347,0.00407571904361248,1.4478460550308228,-0.871999979019165,0.26100000739097595,-0.8708028793334961,-0.32197436690330505,-0.11878960579633713,2.2324442863464355,-0.34161368012428284,-0.26100000739097595
1.2846416234970093,-1.67196524143219,0.7416978478431702,0.0035877723712474108,0.019743982702493668,-0.1787508875131607,0.9836897253990173,0.006190659012645483,0.3796532154083252,-0.43240925669670105,-1.8374829292297363,-0.015341361053287983,-0.13964079320430756,0.22374659776687622,0.3031257390975952,-0.6361257433891296,0.36952927708625793,-1.3287163972854614,0.34293654561042786,-0.06915087252855301,-0.16140301525592804,0.1990242302417755,-0.34798815846443176,-0.44089195132255554,-0.07915236055850983,1.3512306213378906,-0.871999979019165,0.26100000739097595,-0.969068706035614,-0.30828264355659485,-0.11285684257745743,2.0965394973754883,-0.5104629993438721,-0.26100000739097595
1.3424419164657593,-1.694817066192627,0.7624439597129822,0.002446742495521903,0.013071022927761078,-0.18397627770900726,0.9828407168388367,-0.007152998819947243,0.4062826633453369,-0.4050410985946655,-1.9663183689117432,0.02270565740764141,-0.13208943605422974,0.22240251302719116,0.44191139936447144,-0.6759015917778015,0.3179300129413605,-1.4090737104415894,0.3466549217700958,-0.051327891647815704,-0.14013375341892242,0.17733067274093628,-0.18471920490264893,-0.398462176322937,-0.1013050526380539,1.2253952026367188,-0.871999979019165,0.26100000739097595,-1.0231273174285889,-0.14509069919586182,-0.03891115263104439,1.8607324361801147,-0.5613266229629517,-0.26100000739097595
1.4029310941696167,-1.7172801494598389,0.7820147275924683,0.0020196528639644384,0.010965019464492798,-0.18113216757774353,0.9833955764770508,-0.027034956961870193,0.4329415261745453,-0.406857967376709,-2.0522215366363525,0.014002359472215176,-0.13087213039398193,0.221915602684021,0.5745837092399597,-0.6737412810325623,0.24294523894786835,-1.4424601793289185,0.3586044907569885,-0.05492481216788292,-0.11792974174022675,0.12576912343502045,-0.056848276406526566,-0.3327685594558716,-0.06940744817256927,1.1420509815216064,-0.871999979019165,0.26100000739097595,-1.0144755840301514,0.02852662093937397,0.055435627698898315,1.5591791868209839,-0.5651031732559204,-0.26100000739097595
1.4670013189315796,-1.736616849899292,0.7977721095085144,0.0008645281195640564,0.005252327304333448,-0.16241133213043213,0.9867087602615356,-0.04375225678086281,0.45121586322784424,-0.45708784461021423,-2.0940001010894775,0.013887862674891949,-0.13626079261302948,0.2211366891860962,0.7132019996643066,-0.6433413624763489,0.16162435710430145,-1.458159327507019,0.33986735343933105,-0.06800977885723114,-0.09866945445537567,0.12455499172210693,0.004206225275993347,-0.24750357866287231,0.007548602297902107,1.1208969354629517,-0.7516630291938782,0.26100000739097595,-0.8922891616821289,0.1072695404291153,0.1561782956123352,1.1814236640930176,-0.5931646227836609,-0.23942531645298004
1.5272811651229858,-1.7536320686340332,0.7949259877204895,0.000918978126719594,0.007162678986787796,-0.1272544413805008,0.9918438196182251,-0.07553543150424957,0.4424690306186676,-0.5332902073860168,-2.0940001010894775,0.03256256878376007,-0.1873912662267685,0.2050454318523407,0.836201012134552,-0.6020410656929016,0.06967982649803162,-1.4833393096923828,0.33377307653427124,-0.08784649521112442,-0.09602408111095428,0.11440373212099075,-0.01321940403431654,-0.13183850049972534,0.13828034698963165,1.3310112953186035,-0.33057674765586853,0.2237883359193802,-0.8560797572135925,0.09793715924024582,0.24375614523887634,1.0093482732772827,-0.7321868538856506,-0.057134177535772324
1.5861029624938965,-1.7728592157363892,0.7898150682449341,0.0016511292196810246,0.017490390688180923,-0.09396972507238388,0.9954200387001038,-0.08063946664333344,0.4235282838344574,-0.6000192761421204,-2.0940001010894775,0.04610726237297058,-0.2431933581829071,0.1787301003932953,0.8797012567520142,-0.5752228498458862,0.04144567251205444,-1.4849244356155396,0.33183372020721436,-0.10001163929700851,-0.10189620405435562,0.09360143542289734,-0.06266148388385773,-0.012663047760725021,0.25883716344833374,1.4985758066177368,-0.18738052248954773,0.23173876106739044,-0.8106689453125,0.07776690274477005,0.2624363899230957,0.8725315928459167,-0.792079508304596,0.05327719449996948
1.6422911882400513,-1.7911460399627686,0.7759166359901428,0.002274820115417242,0.03082229569554329,-0.07356901466846466,0.9968110918998718,-0.03499676659703255,0.4026651680469513,-0.642585039138794,-2.0940001010894775,0.050565872341394424,-0.2801188826560974,0.15643183887004852,0.8321102857589722,-0.5930203795433044,0.0939440056681633,-1.462640643119812,0.3262327015399933,-0.10023216158151627,-0.10921699553728104,0.03246138244867325,-0.13310424983501434,0.060396958142519,0.32672742009162903,1.7154136896133423,-0.15083681046962738,0.26100000739097595,-0.8142345547676086,0.07196477055549622,0.2024708092212677,0.8909397721290588,-0.7027512192726135,0.13457603752613068
1.6923881769180298,-1.8051618337631226,0.7529975771903992,0.002327604917809367,0.03756515681743622,-0.06179938465356827,0.9973787069320679,0.04589669033885002,0.3844294548034668,-0.647833526134491,-2.0778839588165283,0.06160249188542366,-0.25775668025016785,0.13800154626369476,0.6549486517906189,-0.6480678915977478,0.24717724323272705,-1.378919005393982,0.31163090467453003,-0.08083504438400269,-0.13316820561885834,-0.03588974475860596,-0.2670333981513977,0.06594748795032501,0.35775208473205566,1.980893850326538,-0.12288753688335419,0.26100000739097595,-0.8796816468238831,0.10456433147192001,0.17383158206939697,1.063573956489563,-0.5753695368766785,0.16896940767765045
1.7397849559783936,-1.8150049448013306,0.7322831153869629,0.0025259002577513456,0.0500485897064209,-0.05034147575497627,0.9974740743637085,0.12674014270305634,0.3511880338191986,-0.6267533302307129,-1.8860595226287842,0.06006516516208649,-0.1705823838710785,0.12875622510910034,0.38602328300476074,-0.6910286545753479,0.47178709506988525,-1.2003885507583618,0.2371973991394043,-0.03766142576932907,-0.15954707562923431,-0.10626809298992157,-0.4695717692375183,0.03655615448951721,0.3631930649280548,2.2506635189056396,-0.15011709928512573,0.26100000739097595,-0.9720016717910767,0.17181496322155,0.17816278338432312,1.295332908630371,-0.5702440738677979,0.11309492588043213
1.7915130853652954,-1.8209165334701538,0.7236427068710327,0.0014001732924953103,0.06579701602458954,-0.021229252219200134,0.9976062178611755,0.20559993386268616,0.35882601141929626,-0.6172788143157959,-1.6968439817428589,0.02772672101855278,-0.12895925343036652,0.1751883625984192,0.12228197604417801,-0.7066704034805298,0.676469624042511,-1.0797842741012573,0.2490805983543396,-0.01586439460515976,-0.13071170449256897,-0.15035542845726013,-0.678677499294281,0.014688238501548767,0.3440738022327423,2.384847640991211,-0.1862521469593048,0.26100000739097595,-0.9482876062393188,0.19406753778457642,0.16472697257995605,1.4028254747390747,-0.6826562881469727,0.0764312744140625
1.8446794748306274,-1.8169331550598145,0.7352373003959656,-0.0002518588735256344,0.06415865570306778,0.003917445428669453,0.9979320168495178,0.3615280091762543,0.41571974754333496,-0.5552718639373779,-1.651650071144104,0.02889418601989746,-0.18120065331459045,0.1950262039899826,-0.07521048188209534,-0.7203835844993591,0.8203930258750916,-1.1090123653411865,0.3499315679073334,-0.030125686898827553,-0.13611750304698944,-0.13539673388004303,-0.8456250429153442,0.005919190589338541,0.31621235609054565,2.3284335136413574,-0.1793542057275772,0.2608625888824463,-0.7229161858558655,0.1347295194864273,0.1495014727115631,1.251637578010559,-0.7793567776679993,0.03647460788488388
1.8973766565322876,-1.8035588264465332,0.7540755867958069,-0.0028766929171979427,0.075483039021492,0.037973999977111816,0.9964196085929871,0.48239627480506897,0.48500776290893555,-0.4807462990283966,-1.721865177154541,0.0721188560128212,-0.22242426872253418,0.1680021733045578,-0.18095333874225616,-0.7326845526695251,0.77278733253479,-1.2477744817733765,0.25948813557624817,-0.026252131909132004,-0.1515362560749054,-0.18371106684207916,-0.9538142681121826,0.0005527830799110234,0.30236130952835083,2.1945066452026367,-0.22135202586650848,0.260999858379364,-0.5777109861373901,0.09463740885257721,0.14607468247413635,1.1337658166885376,-0.791452169418335,0.045446768403053284
1.9506644010543823,-1.7884423732757568,0.7789766192436218,-0.00509372353553772,0.06720910221338272,0.07540059834718704,0.9948727488517761,0.6408602595329285,0.5288056135177612,-0.39977043867111206,-1.8229637145996094,0.10252470523118973,-0.2105782926082611,0.15707506239414215,-0.2204618602991104,-0.7495906949043274,0.7072857618331909,-1.4619767665863037,0.20680645108222961,0.011836392804980278,-0.16107378900051117,-0.2194880247116089,-0.991497814655304,-0.006731600034981966,0.2937140464782715,1.9268416166305542,-0.291398286819458,0.22981810569763184,-0.29818737506866455,0.030803414061665535,0.15231932699680328,0.8064221143722534,-0.6979482173919678,0.04620722308754921
2.0066683292388916,-1.768491506576538,0.8053872585296631,-0.007722066715359688,0.07498513162136078,0.10214807093143463,0.9919089674949646,0.752301037311554,0.51345294713974,-0.30307120084762573,-1.8768037557601929,0.11781652271747589,-0.20068039000034332,0.15251779556274414,-0.28936272859573364,-0.7782782912254333,0.6728587746620178,-1.6241884231567383,0.23233598470687866,0.015733197331428528,-0.15017850697040558,-0.2219744473695755,-0.9616079926490784,-0.037166256457567215,0.28397852182388306,1.6388674974441528,-0.3841785192489624,0.24707895517349243,-0.16452114284038544,0.005505347158759832,0.09748101234436035,0.6815000176429749,-0.6511119604110718,0.041899990290403366
2.06081223487854,-1.7495301961898804,0.8245548605918884,-0.00742442486807704,0.05622401833534241,0.13070359826087952,0.9897981286048889,0.856169581413269,0.4774026572704315,-0.25798314809799194,-1.900315284729004,0.09388842433691025,-0.1759004145860672,0.15671409666538239,-0.2989231050014496,-0.8142720460891724,0.6829434633255005,-1.8197197914123535,0.247529536485672,0.04793572425842285,-0.13374583423137665,-0.17093168199062347,-0.8640554547309875,-0.10269299149513245,0.2612300515174866,1.2259329557418823,-0.46128928661346436,0.2607364356517792,-0.004718534182757139,-0.0711052343249321,-0.03933602571487427,0.595481276512146,-0.5389944314956665,0.017230862751603127
2.1212527751922607,-1.7277748584747314,0.8402419686317444,-0.008048461750149727,0.05360819399356842,0.14825262129306793,0.9874626994132996,0.8855586051940918,0.4334146976470947,-0.2198692113161087,-1.8940826654434204,0.0767858624458313,-0.17350657284259796,0.1639539748430252,-0.3194025158882141,-0.8241877555847168,0.6969444751739502,-1.9579354524612427,0.25977903604507446,0.05537794530391693,-0.12147720158100128,-0.1406240016222,-0.7493046522140503,-0.17337562143802643,0.21026207506656647,0.8514881730079651,-0.524946391582489,0.2551676034927368,0.038080450147390366,-0.0718921422958374,-0.08041732013225555,0.6323658227920532,-0.30689045786857605,0.02607664465904236
2.1769347190856934,-1.715600609779358,0.8334298133850098,-0.006173405330628157,0.036187589168548584,0.16805173456668854,0.9850943684577942,0.9109528660774231,0.4010735750198364,-0.23202309012413025,-1.8935129642486572,0.07769084721803665,-0.1769743114709854,0.16440658271312714,-0.2894856333732605,-0.8383513689041138,0.7227059006690979,-2.081845998764038,0.2560318112373352,0.04241733253002167,-0.1237330362200737,-0.059982504695653915,-0.673638105392456,-0.23473936319351196,0.16665729880332947,0.7103234529495239,-0.5668922662734985,0.21598511934280396,-0.00873635709285736,-0.08878123760223389,-0.1157556101679802,0.9381009936332703,0.02327665686607361,0.05342765152454376
2.2290139198303223,-1.6997389793395996,0.823742687702179,-0.006054269149899483,0.03164033591747284,0.18783940374851227,0.9816713333129883,0.8803610801696777,0.3772040903568268,-0.26586195826530457,-1.8973437547683716,0.09583332389593124,-0.18302832543849945,0.16346922516822815,-0.23333963751792908,-0.8404242396354675,0.7350335717201233,-2.0940001010894775,0.25836944580078125,-0.014998453669250011,-0.12777233123779297,-0.010914148762822151,-0.6381380558013916,-0.2853884696960449,0.15685835480690002,0.6515631079673767,-0.5541819930076599,0.1966966688632965,-0.06319507211446762,-0.11324934661388397,-0.14406543970108032,1.1782516241073608,0.1854812651872635,0.12924163043498993
2.280669927597046,-1.6840369701385498,0.8048476576805115,-0.00792854093015194,0.03648889809846878,0.2121836543083191,0.9765161275863647,0.7784679532051086,0.3582126796245575,-0.30324122309684753,-1.8820016384124756,0.10797470062971115,-0.18281978368759155,0.15464381873607635,-0.13945536315441132,-0.8250606060028076,0.739869236946106,-2.0940001010894775,0.27379804849624634,-0.0900982990860939,-0.14144936203956604,0.0334465429186821,-0.6354000568389893,-0.3106774091720581,0.15364845097064972,0.7415928244590759,-0.5285335183143616,0.21035370230674744,-0.13154801726341248,-0.16734007000923157,-0.2027483880519867,1.4389454126358032,0.20798718929290771,0.2444252073764801
2.3349337577819824,-1.6637431383132935,0.7856965065002441,-0.01295045018196106,0.053578369319438934,0.23458744585514069,0.9705309867858887,0.5915787816047668,0.3423529863357544,-0.307771235704422,-1.8413782119750977,0.1059696227312088,-0.17656749486923218,0.15035058557987213,-0.04474230483174324,-0.7604622840881348,0.7300800681114197,-2.0940001010894775,0.2783825099468231,-0.12534348666667938,-0.1467137485742569,0.03334446996450424,-0.6711468696594238,-0.3388664126396179,0.13239258527755737,0.8645685911178589,-0.4846227467060089,0.26100000739097595,-0.2146815061569214,-0.1490648090839386,-0.2136518955230713,1.5900373458862305,0.23101405799388885,0.25886890292167664
2.3795320987701416,-1.6542692184448242,0.7514631152153015,-0.015113535337150097,0.05421695113182068,0.26809677481651306,0.9617464542388916,0.3693537414073944,0.26339444518089294,-0.374306321144104,-1.7642004489898682,0.11550923436880112,-0.16661788523197174,0.19266560673713684,0.12344183772802353,-0.7137271165847778,0.6618388891220093,-2.091157913208008,0.2968396246433258,-0.059340015053749084,-0.11076804995536804,0.08286949247121811,-0.7287886142730713,-0.3956221640110016,0.10524514317512512,1.2018377780914307,-0.5868983268737793,0.26100000739097595,-0.3720967471599579,-0.22539269924163818,-0.19999118149280548,1.9428445100784302,0.227346733212471,0.20856598019599915
2.425572156906128,-1.6381052732467651,0.7335975766181946,-0.020097944885492325,0.06283456087112427,0.3039867579936981,0.9503893852233887,0.12337997555732727,0.17513488233089447,-0.39546746015548706,-1.729341983795166,0.07593734562397003,-0.17987005412578583,0.21639424562454224,0.2633986473083496,-0.5958240628242493,0.5160596966743469,-1.9040935039520264,0.3105333745479584,0.09917649626731873,-0.029288318008184433,0.10386522114276886,-0.7306824922561646,-0.4373685121536255,0.07240837812423706,1.4019392728805542,-0.7715190649032593,0.26100000739097595,-0.5444735288619995,-0.2802499234676361,-0.17641471326351166,2.137892723083496,0.21074630320072174,0.13885000348091125
2.471787452697754,-1.6166247129440308,0.7318345904350281,-0.022900694981217384,0.06679667532444,0.3235018253326416,0.9435890913009644,-0.05850844085216522,0.09863486886024475,-0.3942728638648987,-1.7791444063186646,0.062037333846092224,-0.21806268393993378,0.19701232016086578,0.3447027802467346,-0.5460594892501831,0.42683473229408264,-1.712514042854309,0.24850605428218842,0.12430644780397415,-0.03951318934559822,0.1384115368127823,-0.639724850654602,-0.44884902238845825,0.0059868041425943375,1.4232121706008911,-0.871999979019165,0.26100000739097595,-0.7166411280632019,-0.34394416213035583,-0.14514735341072083,2.2413322925567627,0.04694448411464691,-0.007768348325043917
2.5194175243377686,-1.5895066261291504,0.7444881200790405,-0.02586866356432438,0.07243392616510391,0.3353332281112671,0.9389545917510986,-0.22619685530662537,0.09611909091472626,-0.41331881284713745,-1.8597716093063354,0.0934484526515007,-0.23338787257671356,0.20397332310676575,0.44444817304611206,-0.5528832674026489,0.37346675992012024,-1.669844150543213,0.28003835678100586,0.080081507563591,-0.07857666909694672,0.19566361606121063,-0.48781895637512207,-0.45135414600372314,-0.10300496965646744,1.3400872945785522,-0.871999979019165,0.26100000739097595,-0.860813319683075,-0.41888728737831116,-0.16624094545841217,2.234468698501587,-0.1865934133529663,-0.2332877814769745
2.568880796432495,-1.5557557344436646,0.7655325531959534,-0.024818768724799156,0.06835786998271942,0.3403701186180115,0.9374750256538391,-0.3237214684486389,0.1293228566646576,-0.4343474507331848,-1.969228982925415,0.09208137542009354,-0.22870200872421265,0.2063073217868805,0.5522981286048889,-0.5872766971588135,0.3380092978477478,-1.7198187112808228,0.24107705056667328,0.04769272729754448,-0.09312298148870468,0.2659147083759308,-0.3135322630405426,-0.4322688579559326,-0.20510727167129517,1.2191712856292725,-0.871999979019165,0.26100000739097595,-0.9347772002220154,-0.46499139070510864,-0.1696595847606659,2.1399896144866943,-0.37347084283828735,-0.26100000739097595
2.6195762157440186,-1.5180751085281372,0.7906365990638733,-0.021800443530082703,0.06049656495451927,0.3383162319660187,0.9388328194618225,-0.3640313446521759,0.192361980676651,-0.4427887797355652,-2.071228504180908,0.08147498965263367,-0.22758008539676666,0.1872159093618393,0.6473228335380554,-0.601049542427063,0.30440571904182434,-1.7746919393539429,0.2037106454372406,0.037123870104551315,-0.08246247470378876,0.27376696467399597,-0.15296295285224915,-0.3659156560897827,-0.23872916400432587,1.1191428899765015,-0.871999979019165,0.26100000739097595,-0.9916398525238037,-0.39966848492622375,-0.14558616280555725,1.960574984550476,-0.43936944007873535,-0.26100000739097595
2.6733028888702393,-1.475304365158081,0.8200373649597168,-0.02037072740495205,0.056472789496183395,0.338704913854599,0.9389753937721252,-0.37325841188430786,0.2866961359977722,-0.47044792771339417,-2.0940001010894775,0.07779599726200104,-0.24303774535655975,0.17946000397205353,0.6999421119689941,-0.5680726766586304,0.2866973578929901,-1.7789239883422852,0.20025137066841125,0.04495285823941231,-0.0602395236492157,0.243707537651062,-0.029474608600139618,-0.28066378831863403,-0.2070523202419281,0.9384092688560486,-0.7923280000686646,0.26100000739097595,-0.9689102172851562,-0.2221207618713379,-0.13786308467388153,1.6486358642578125,-0.4086289703845978,-0.2609935700893402
2.7227766513824463,-1.4322720766067505,0.8366528153419495,-0.015628676861524582,0.04171226546168327,0.35051101446151733,0.9354987144470215,-0.31419044733047485,0.3270494341850281,-0.5165697932243347,-2.0940001010894775,0.08611107617616653,-0.27915775775909424,0.17977173626422882,0.7549029588699341,-0.5627431273460388,0.24303248524665833,-1.7712059020996094,0.2140200138092041,0.06208193302154541,-0.012603772804141045,0.18071046471595764,0.03218216821551323,-0.23320984840393066,-0.14442867040634155,0.9325303435325623,-0.4665322005748749,0.2608143985271454,-0.9396791458129883,-0.09243708103895187,-0.02497038245201111,1.4141287803649902,-0.3704504668712616,-0.24261043965816498
2.7702651023864746,-1.3890947103500366,0.8416704535484314,-0.01343746017664671,0.033568188548088074,0.3713904619216919,0.9277724623680115,-0.2362954020500183,0.36569929122924805,-0.5728070735931396,-2.0940001010894775,0.0966872051358223,-0.28971391916275024,0.1641472429037094,0.7787721753120422,-0.5559826493263245,0.21601563692092896,-1.7679367065429688,0.22908465564250946,0.07296907156705856,0.012970835901796818,0.12556202709674835,0.04934696853160858,-0.2118316888809204,-0.09294019639492035,1.009710669517517,0.0805998370051384,0.22538632154464722,-0.8919958472251892,0.009449983015656471,0.10472379624843597,1.1972938776016235,-0.30995407700538635,-0.19890792667865753
2.8175110816955566,-1.3452372550964355,0.8443657159805298,-0.014474493451416492,0.03378339484333992,0.39355888962745667,0.9185643792152405,-0.1442105770111084,0.40831458568573,-0.6199901103973389,-2.093428611755371,0.10208402574062347,-0.24594739079475403,0.14140179753303528,0.7408750057220459,-0.5564333200454712,0.21411524713039398,-1.7398946285247803,0.23566129803657532,0.07020626962184906,0.006987248547375202,0.09162148833274841,0.054080285131931305,-0.18529093265533447,-0.07048523426055908,0.9981861710548401,0.35319435596466064,0.12350118905305862,-0.7767391204833984,0.039497170597314835,0.17152443528175354,0.9012815952301025,-0.24947987496852875,-0.18136779963970184
2.8624038696289062,-1.2998237609863281,0.8348317742347717,-0.016276443377137184,0.035663291811943054,0.4148755967617035,0.9090332388877869,-0.04248448461294174,0.4542907178401947,-0.6570382714271545,-2.0338892936706543,0.10345029830932617,-0.19346116483211517,0.1422269195318222,0.6638862490653992,-0.5705038905143738,0.2360290139913559,-1.6941807270050049,0.23452749848365784,0.058886487036943436,-0.016034213826060295,0.06525687128305435,0.02568482980132103,-0.1478348970413208,-0.04409066587686539,1.151149868965149,0.46863478422164917,0.05927372723817825,-0.6781487464904785,0.05196568742394447,0.18692311644554138,0.7307538390159607,-0.21135260164737701,-0.23123067617416382
2.9093594551086426,-1.2614432573318481,0.8168513178825378,-0.01615937240421772,0.033640481531620026,0.43268945813179016,0.9007702469825745,0.07504019141197205,0.48832279443740845,-0.6689965128898621,-1.9318612813949585,0.10410653799772263,-0.16439618170261383,0.13851837813854218,0.5450358390808105,-0.6245774030685425,0.2928687334060669,-1.6299229860305786,0.2196071892976761,0.033495478332042694,-0.05819140002131462,0.034319814294576645,-0.055938392877578735,-0.11466124653816223,-0.0047082919627428055,1.3736752271652222,0.5230000019073486,-0.04033372551202774,-0.5694510340690613,0.03130409121513367,0.17931900918483734,0.6912707686424255,-0.23390376567840576,-0.04189179092645645
2.9508302211761475,-1.2252967357635498,0.7855454683303833,-0.01842328906059265,0.0365641787648201,0.44959309697151184,0.8922946453094482,0.1844874918460846,0.5159646272659302,-0.6593794822692871,-1.7962160110473633,0.07856832444667816,-0.1491505354642868,0.14785659313201904,0.3416938781738281,-0.6900510787963867,0.4074735939502716,-1.5151567459106445,0.18229015171527863,-0.003056109184399247,-0.1471211463212967,-0.007381597068160772,-0.19693270325660706,-0.10689449310302734,0.030118513852357864,1.6968352794647217,0.5230000019073486,-0.07376372814178467,-0.5553962588310242,0.038849178701639175,0.20696376264095306,0.870415449142456,-0.43073126673698425,0.054959435015916824
2.9896633625030518,-1.1915894746780396,0.7572011947631836,-0.023121703416109085,0.04399407282471657,0.46465033292770386,0.8840984106063843,0.29902729392051697,0.5285339951515198,-0.6200569272041321,-1.6880465745925903,0.08837392926216125,-0.14588163793087006,0.19087457656860352,0.07867065072059631,-0.7078608274459839,0.5513656139373779,-1.3573416471481323,0.166229248046875,-0.05605436861515045,-0.21900412440299988,-0.04543210566043854,-0.387372761964798,-0.11427512019872665,0.0571865513920784,1.9817616939544678,0.5230000019073486,-0.09173250943422318,-0.5986218452453613,0.07369866967201233,0.1954488307237625,1.1499179601669312,-0.6952697038650513,0.041668131947517395
3.0230774879455566,-1.1522916555404663,0.7516192197799683,-0.027400292456150055,0.04955092445015907,0.48313820362091064,0.8737112879753113,0.4181641936302185,0.5339985489845276,-0.5504624247550964,-1.6814250946044922,0.12040626257658005,-0.1678299903869629,0.19183781743049622,-0.13350266218185425,-0.6610186100006104,0.6345120668411255,-1.2644450664520264,0.2650969922542572,-0.13633038103580475,-0.27051404118537903,-0.08300583809614182,-0.5920042395591736,-0.121617890894413,0.07817874848842621,2.103502035140991,0.5230000019073486,-0.11325062811374664,-0.5126832723617554,0.07880119234323502,0.19026553630828857,1.1852920055389404,-0.8531908392906189,0.017194533720612526
3.0531179904937744,-1.1085025072097778,0.7606459856033325,-0.030974306166172028,0.051689617335796356,0.5130800604820251,0.8562228679656982,0.5100955367088318,0.5614977478981018,-0.49679672718048096,-1.7586963176727295,0.15328794717788696,-0.17872917652130127,0.1689857840538025,-0.2569834887981415,-0.6024848818778992,0.6544238328933716,-1.3349864482879639,0.2167050838470459,-0.16888128221035004,-0.3112814128398895,-0.14027832448482513,-0.7584112286567688,-0.12641389667987823,0.09242565929889679,2.1531150341033936,0.2914375960826874,-0.041336242109537125,-0.35875165462493896,0.07093390077352524,0.18008747696876526,1.0652090311050415,-0.8716810941696167,-0.0018244633683934808
3.0822527408599854,-1.0549412965774536,0.7849832773208618,-0.032975636422634125,0.05069676414132118,0.5442546010017395,0.836737334728241,0.5922399163246155,0.5828695893287659,-0.445760041475296,-1.8561527729034424,0.14085257053375244,-0.17189303040504456,0.16947926580905914,-0.33178815245628357,-0.5432873368263245,0.6591694355010986,-1.4553974866867065,0.19552378356456757,-0.16224990785121918,-0.3045317232608795,-0.18185381591320038,-0.8481437563896179,-0.1353989690542221,0.09629955887794495,2.032383680343628,-0.0014286850346252322,0.0369601771235466,-0.10174796730279922,0.05889522656798363,0.19265231490135193,0.752277672290802,-0.7974017858505249,-0.04098771512508392
3.107170343399048,-0.9982625842094421,0.8111687302589417,-0.03416129946708679,0.048811063170433044,0.572371244430542,0.8178274035453796,0.6658115983009338,0.5846448540687561,-0.3925129771232605,-1.9378596544265747,0.10303237289190292,-0.17513792216777802,0.15911659598350525,-0.37236669659614563,-0.49871253967285156,0.6840525269508362,-1.5741888284683228,0.22004714608192444,-0.15013892948627472,-0.2898142635822296,-0.21090954542160034,-0.8675386905670166,-0.15977171063423157,0.09238512814044952,1.8051865100860596,-0.22357700765132904,0.06859024614095688,0.08541552722454071,0.034556951373815536,0.1508389264345169,0.5284004211425781,-0.702322244644165,-0.06083638593554497
3.1302359104156494,-0.9399557113647461,0.8349335193634033,-0.03409222140908241,0.04576805979013443,0.5964009761810303,0.8006552457809448,0.7255831360816956,0.5580321550369263,-0.3548394441604614,-1.9882166385650635,0.07366198301315308,-0.17592187225818634,0.15317630767822266,-0.4010760486125946,-0.47653910517692566,0.7387415766716003,-1.6731288433074951,0.21861280500888824,-0.13540513813495636,-0.25781574845314026,-0.2183355838060379,-0.8256564140319824,-0.20001675188541412,0.07951691746711731,1.4785383939743042,-0.36421260237693787,0.15478353202342987,0.1938093900680542,0.011180337518453598,0.04408305883407593,0.41499754786491394,-0.5558573603630066,-0.07351908087730408
3.1547043323516846,-0.8802374601364136,0.8518031239509583,-0.031295858323574066,0.040013913065195084,0.6152762174606323,0.7866731286048889,0.7755953073501587,0.5206734538078308,-0.3388444185256958,-2.0176491737365723,0.08151794970035553,-0.17545543611049652,0.16265007853507996,-0.41278699040412903,-0.4645301103591919,0.8071495294570923,-1.7543299198150635,0.2013760507106781,-0.11343497782945633,-0.22124864161014557,-0.1932613104581833,-0.7105787992477417,-0.24167115986347198,0.06381972879171371,1.0831235647201538,-0.45370951294898987,0.1974007487297058,0.23603688180446625,0.004594776779413223,-0.022255202755331993,0.41705140471458435,-0.09827833622694016,0.012523706071078777
3.180309295654297,-0.8218984603881836,0.858805775642395,-0.026421889662742615,0.03288273885846138,0.6258085370063782,0.7788352370262146,0.8036770224571228,0.48328855633735657,-0.3317529559135437,-2.0300445556640625,0.09562985599040985,-0.17532669007778168,0.1643904149532318,-0.42658597230911255,-0.46780675649642944,0.8910424113273621,-1.8102011680603027,0.20621737837791443,-0.09980381280183792,-0.20516811311244965,-0.18735624849796295,-0.5614084005355835,-0.2753843367099762,0.07025554031133652,0.5391803979873657,-0.5036167502403259,0.25742200016975403,0.2153700888156891,0.017786074429750443,0.03680582344532013,0.5397984385490417,0.38323259353637695,0.0955849215388298
3.206031322479248,-0.7662062644958496,0.849507749080658,-0.020969156175851822,0.025857767090201378,0.6295144557952881,0.7762752175331116,0.8025134205818176,0.4508991837501526,-0.3258468508720398,-2.0210530757904053,0.0842452347278595,-0.1752355396747589,0.16340604424476624,-0.43059632182121277,-0.4731190800666809,0.9568721652030945,-1.8254245519638062,0.20260226726531982,-0.09642604738473892,-0.18447010219097137,-0.14184319972991943,-0.45566657185554504,-0.31297948956489563,0.08486133813858032,0.2970331907272339,-0.5682211518287659,0.26039624214172363,0.1536167412996292,0.025253230705857277,-0.00696479482576251,0.8403784036636353,0.42108315229415894,0.1647409200668335
3.2286081314086914,-0.713013231754303,0.830348014831543,-0.020072193816304207,0.024318693205714226,0.6362413167953491,0.7708454132080078,0.758501410484314,0.4294244349002838,-0.3381381034851074,-2.0017993450164795,0.05224267393350601,-0.17323817312717438,0.1651451289653778,-0.42097827792167664,-0.5049120187759399,0.9802921414375305,-1.8280131816864014,0.19541889429092407,-0.0943891853094101,-0.1713220477104187,-0.11865027993917465,-0.41260746121406555,-0.3596326410770416,0.08902999758720398,0.1848479062318802,-0.5630684494972229,0.23758937418460846,0.03396111726760864,-0.04697224125266075,-0.1034727469086647,1.2117353677749634,0.4239066243171692,0.2451447993516922
3.249850273132324,-0.6607815623283386,0.8058971762657166,-0.02446437068283558,0.028610339388251305,0.6494301557540894,0.7594888806343079,0.66385418176651,0.42530393600463867,-0.359746515750885,-1.9703246355056763,0.03258971497416496,-0.17243841290473938,0.16576933860778809,-0.37824979424476624,-0.549247145652771,0.9407703876495361,-1.8001277446746826,0.20060157775878906,-0.09019682556390762,-0.17723211646080017,-0.0786907970905304,-0.4540386199951172,-0.40647441148757935,0.08956652134656906,0.30654188990592957,-0.5067524909973145,0.26100000739097595,-0.07903985679149628,-0.14501965045928955,-0.1979288011789322,1.5310176610946655,0.4521852135658264,0.26100000739097595
3.26835036277771,-0.6127459406852722,0.7744097709655762,-0.02915358915925026,0.03272607922554016,0.664536714553833,0.7459691762924194,0.5145961046218872,0.42897602915763855,-0.39341333508491516,-1.9034956693649292,0.042472176253795624,-0.1705975979566574,0.19263194501399994,-0.31714680790901184,-0.5824554562568665,0.8574346899986267,-1.6897680759429932,0.21052829921245575,-0.0789763405919075,-0.1900361031293869,-0.018010301515460014,-0.566484808921814,-0.45095357298851013,0.0713505744934082,0.7216362953186035,-0.41006332635879517,0.26100000739097595,-0.21403901278972626,-0.23015913367271423,-0.24112457036972046,1.853590488433838,0.41782185435295105,0.1769818216562271
3.2869720458984375,-0.5636980533599854,0.7511104941368103,-0.035523734986782074,0.03773157298564911,0.6845629811286926,0.7271093130111694,0.3171505928039551,0.44408103823661804,-0.4345833361148834,-1.8119653463363647,0.04976831376552582,-0.14931079745292664,0.21662728488445282,-0.2024993896484375,-0.5521389245986938,0.7037527561187744,-1.4754847288131714,0.25305309891700745,-0.07219143956899643,-0.21339412033557892,0.03287537768483162,-0.649839460849762,-0.49061673879623413,0.05607055127620697,1.0244709253311157,-0.49316155910491943,0.26100000739097595,-0.36651551723480225,-0.2708149254322052,-0.24064356088638306,2.0778205394744873,0.3266030550003052,0.0714426040649414
3.3089423179626465,-0.5191575884819031,0.7296304106712341,-0.02932419814169407,0.030555088073015213,0.6918038725852966,0.7208424806594849,0.2377949059009552,0.43647870421409607,-0.4263173043727875,-1.833162784576416,0.05037694051861763,-0.18266330659389496,0.19488593935966492,-0.07936644554138184,-0.5727517008781433,0.5949835777282715,-1.3137695789337158,0.2896381914615631,-0.11071445792913437,-0.23747724294662476,0.07139700651168823,-0.6458773612976074,-0.506857693195343,0.056803569197654724,1.2702181339263916,-0.6790252327919006,0.26100000739097595,-0.5662548542022705,-0.33528995513916016,-0.15160734951496124,2.330418825149536,0.07851291447877884,-0.05929147079586983
3.323979377746582,-0.46564051508903503,0.728705108165741,-0.03361726924777031,0.03553341329097748,0.68642657995224,0.7255520820617676,0.2015702873468399,0.5004733204841614,-0.3474564850330353,-1.9321368932724,-0.06724714487791061,-0.21108320355415344,0.16438280045986176,0.038467757403850555,-0.6081992387771606,0.5082021951675415,-1.3523266315460205,0.33598658442497253,-0.1466173231601715,-0.24776074290275574,0.08736323565244675,-0.553415060043335,-0.49034878611564636,0.02640082687139511,1.294393539428711,-0.8043548464775085,0.26100000739097595,-0.7988941669464111,-0.29780659079551697,-0.07645253837108612,2.3704636096954346,-0.14532044529914856,-0.2414272427558899
3.3356142044067383,-0.40825095772743225,0.7411495447158813,-0.03553053364157677,0.03840824216604233,0.6781417727470398,0.733066201210022,0.2565500736236572,0.5630024671554565,-0.2529788911342621,-2.077956438064575,-0.12127134948968887,-0.2219913899898529,0.14774952828884125,0.17206037044525146,-0.6667383909225464,0.43830573558807373,-1.4752845764160156,0.3173501193523407,-0.1390286237001419,-0.21853391826152802,0.12873506546020508,-0.3923990726470947,-0.45963579416275024,-0.03773915395140648,1.2105767726898193,-0.8638482689857483,0.26100000739097595,-0.9621913433074951,-0.2172303944826126,0.005579125136137009,2.2668778896331787,-0.33317193388938904,-0.26100000739097595
3.3429510593414307,-0.3453531265258789,0.7637116312980652,-0.0333351232111454,0.036898914724588394,0.669535219669342,0.7411139011383057,0.3442903161048889,0.600999116897583,-0.17525194585323334,-2.0940001010894775,-0.08435454964637756,-0.3132554590702057,0.1476944237947464,0.341418594121933,-0.7133323550224304,0.35000041127204895,-1.608167052268982,0.3551793694496155,-0.11924637854099274,-0.18020370602607727,0.1365145444869995,-0.19212943315505981,-0.42450273036956787,-0.0884447991847992,1.031250238418579,-0.8504655361175537,0.26100000739097595,-1.030452013015747,-0.12039442360401154,0.09154627472162247,2.0341379642486572,-0.4532535970211029,-0.26100000739097595
3.346560478210449,-0.2783660292625427,0.7904291152954102,-0.027801115065813065,0.03079795464873314,0.6694916486740112,0.7416599988937378,0.4165423810482025,0.6170392632484436,-0.17056412994861603,-2.0940001010894775,-0.03522884473204613,-0.41448259353637695,0.1471862941980362,0.5367770195007324,-0.7255577445030212,0.23762482404708862,-1.7130695581436157,0.3337162435054779,-0.10797189921140671,-0.14253705739974976,0.10637420415878296,0.005767354741692543,-0.38179415464401245,-0.09877513349056244,0.8016190528869629,-0.774225115776062,0.26100000739097595,-0.9831283688545227,-0.004322051536291838,0.19060607254505157,1.6974759101867676,-0.509871244430542,-0.26100000739097595
3.3492915630340576,-0.20916567742824554,0.8145387172698975,-0.021902047097682953,0.02364164963364601,0.6792492866516113,0.7331996560096741,0.4608273208141327,0.6146306395530701,-0.23095448315143585,-2.0940001010894775,-0.0015427805483341217,-0.4836881160736084,0.13662903010845184,0.7196381092071533,-0.700692355632782,0.13284499943256378,-1.7673587799072266,0.3083013892173767,-0.10612088441848755,-0.10740028321743011,0.08717349171638489,0.13686344027519226,-0.33195334672927856,-0.0739622637629509,0.6842995882034302,-0.65940260887146,0.26100000739097595,-0.8534858226776123,0.05722023919224739,0.25581374764442444,1.300066590309143,-0.57355135679245,-0.26100000739097595
3.3494484424591064,-0.13861213624477386,0.8257607817649841,-0.021293658763170242,0.021828537806868553,0.6979575157165527,0.7154896259307861,0.46064457297325134,0.596513032913208,-0.31432658433914185,-2.0940001010894775,-0.023903338238596916,-0.5006794929504395,0.1288798451423645,0.8519375324249268,-0.6614199280738831,0.05599692836403847,-1.7796733379364014,0.3209637403488159,-0.10735401511192322,-0.09094499051570892,0.08918992429971695,0.1729908138513565,-0.2803267240524292,-0.016910556703805923,0.766896665096283,-0.39101704955101013,0.26100000739097595,-0.7631366848945618,0.08772669732570648,0.32904288172721863,1.0075370073318481,-0.6541926860809326,-0.26098570227622986
3.348714828491211,-0.07601315528154373,0.8280746340751648,-0.018849020823836327,0.0181707963347435,0.7196937799453735,0.693797767162323,0.4431147277355194,0.5626404881477356,-0.3957597613334656,-2.0940001010894775,-0.05629045516252518,-0.47594842314720154,0.13796883821487427,0.9334943294525146,-0.6384704113006592,0.021434569731354713,-1.7666269540786743,0.31851881742477417,-0.10297461599111557,-0.07232332974672318,0.06872499734163284,0.14166580140590668,-0.22517375648021698,0.06781268119812012,0.9705334901809692,-0.1744079440832138,0.26100000739097595,-0.6552976369857788,0.05595269426703453,0.38922369480133057,0.7048307657241821,-0.690586507320404,-0.13234785199165344
3.349585771560669,-0.014393842779099941,0.820510983467102,-0.02767130918800831,0.025182625278830528,0.7390643954277039,0.6725949645042419,0.3888658881187439,0.5266600847244263,-0.44997766613960266,-2.0940001010894775,-0.06214386969804764,-0.4183657765388489,0.14874647557735443,0.8908481597900391,-0.6228480339050293,0.0515950471162796,-1.7174499034881592,0.31489041447639465,-0.08730641007423401,-0.06660835444927216,0.02878393419086933,0.06277856230735779,-0.16837461292743683,0.15316741168498993,1.2278984785079956,-0.11774139851331711,0.2608758211135864,-0.6329947113990784,0.06344575434923172,0.36549216508865356,0.6199992299079895,-0.7137222290039062,-0.05171763896942139
3.3516829013824463,0.04109726846218109,0.8017545938491821,-0.03276046738028526,0.028656814247369766,0.7519612312316895,0.6577688455581665,0.35817262530326843,0.457189679145813,-0.4611290693283081,-2.054891586303711,-0.09014756232500076,-0.3094160854816437,0.14829470217227936,0.765842616558075,-0.6551415324211121,0.13803593814373016,-1.6417688131332397,0.2881326377391815,-0.0651179850101471,-0.07072615623474121,-0.04262922704219818,-0.07443273067474365,-0.12582150101661682,0.2082090824842453,1.5717445611953735,-0.06001685559749603,0.2609798312187195,-0.6407480239868164,0.07249842584133148,0.2750961482524872,0.6722838282585144,-0.65818852186203,-0.08365442603826523
3.3563451766967773,0.0940881296992302,0.7732602953910828,-0.04321666806936264,0.03650354593992233,0.7627240419387817,0.6442452073097229,0.3533802628517151,0.37053748965263367,-0.43507999181747437,-1.8738524913787842,-0.13402754068374634,-0.18338710069656372,0.16938531398773193,0.571150004863739,-0.7067987322807312,0.2704226076602936,-1.6104892492294312,0.204870343208313,-0.07577365636825562,-0.09452663362026215,-0.06463737785816193,-0.2689301669597626,-0.10517147183418274,0.22620294988155365,1.9849228858947754,-0.08832487463951111,0.26100000739097595,-0.7409868836402893,0.11488643288612366,0.24958373606204987,0.9199222922325134,-0.5470970273017883,-0.030015001073479652
3.3545734882354736,0.1468169242143631,0.749693751335144,-0.052548520267009735,0.0434526726603508,0.7688581943511963,0.635773241519928,0.3939630687236786,0.2930721640586853,-0.3920908570289612,-1.6511000394821167,-0.07841725647449493,-0.11375167220830917,0.22272184491157532,0.28983768820762634,-0.7459425926208496,0.42715951800346375,-1.656542420387268,0.1249384880065918,-0.1112595722079277,-0.118357814848423,-0.08412625640630722,-0.49337080121040344,-0.09877130389213562,0.2283780723810196,2.280860424041748,-0.10665956884622574,0.26100000739097595,-0.7984652519226074,0.1402750462293625,0.2241818606853485,1.1428523063659668,-0.5847648978233337,0.03310944512486458
3.3426034450531006,0.20191597938537598,0.7415647506713867,-0.06737583130598068,0.05444738268852234,0.7748569250106812,0.6261730790138245,0.48569560050964355,0.26878389716148376,-0.36241063475608826,-1.587904930114746,0.01759154722094536,-0.13833777606487274,0.2428942173719406,-0.028132908046245575,-0.7157474160194397,0.538569986820221,-1.7171911001205444,0.09960399568080902,-0.13654974102973938,-0.12591859698295593,-0.09047147631645203,-0.7180742621421814,-0.08388374745845795,0.23302105069160461,2.4258387088775635,-0.16305208206176758,0.2604571580886841,-0.7779325842857361,0.14510856568813324,0.2015528678894043,1.2612236738204956,-0.7165139317512512,0.04371596500277519
3.3252429962158203,0.253765344619751,0.7438154220581055,-0.07111755758523941,0.053443096578121185,0.7962639331817627,0.5983726978302002,0.5890105962753296,0.3094259202480316,-0.3509422242641449,-1.6398216485977173,0.005869308486580849,-0.18906822800636292,0.20515947043895721,-0.20980283617973328,-0.6396322846412659,0.565595805644989,-1.8064472675323486,0.085554338991642,-0.1534261852502823,-0.13815093040466309,-0.14619462192058563,-0.8910999298095703,-0.06991183012723923,0.23063330352306366,2.440126419067383,-0.2469681352376938,0.23774713277816772,-0.6607005000114441,0.10915528237819672,0.1778029203414917,1.2581446170806885,-0.8334677815437317,0.04700709879398346
3.295877695083618,0.3114130198955536,0.7702538967132568,-0.070277638733387,0.04755512624979019,0.8252177238464355,0.5584042072296143,0.6862296462059021,0.34913843870162964,-0.32605868577957153,-1.7428815364837646,-0.003379796165972948,-0.19387196004390717,0.1799556314945221,-0.2990923523902893,-0.566025972366333,0.5658941268920898,-1.935792088508606,0.0834059789776802,-0.12887731194496155,-0.13403314352035522,-0.21178993582725525,-0.9737187623977661,-0.08151565492153168,0.20368652045726776,2.216451644897461,-0.31568843126296997,0.18716901540756226,-0.3384094834327698,0.040641553699970245,0.18445950746536255,0.8912283182144165,-0.7924380898475647,0.052278317511081696
3.2649991512298584,0.36963996291160583,0.7960854768753052,-0.06878643482923508,0.04265790432691574,0.8470572829246521,0.5253024697303772,0.783103346824646,0.35853028297424316,-0.27794840931892395,-1.8496692180633545,0.03270938992500305,-0.18411216139793396,0.17297078669071198,-0.3717324137687683,-0.5127817392349243,0.6108384132385254,-2.0265750885009766,0.11556796729564667,-0.12797434628009796,-0.12463326752185822,-0.24786388874053955,-0.9806581139564514,-0.10518598556518555,0.16570469737052917,1.9402546882629395,-0.3750740885734558,0.16734549403190613,-0.09971720725297928,0.01116679422557354,0.1859692484140396,0.6381577849388123,-0.7130527496337891,0.02231586165726185
3.232562303543091,0.42802897095680237,0.8207001686096191,-0.06383912265300751,0.036468952894210815,0.8659549355506897,0.49468836188316345,0.8571969270706177,0.3571256697177887,-0.24164104461669922,-1.9501521587371826,0.038196589797735214,-0.17031486332416534,0.16250692307949066,-0.4242473840713501,-0.48036226630210876,0.6800456643104553,-2.0886831283569336,0.1322966068983078,-0.11166168749332428,-0.1107170358300209,-0.24460212886333466,-0.9346157312393188,-0.13482679426670074,0.1443445235490799,1.5733299255371094,-0.43658825755119324,0.19248701632022858,0.08423081785440445,-0.0075840880163013935,0.0922868549823761,0.4697430729866028,-0.6104946136474609,-0.03259991109371185
3.19901180267334,0.48570266366004944,0.8341419100761414,-0.05661327764391899,0.029692158102989197,0.8837783336639404,0.4635182321071625,0.8890267610549927,0.35606616735458374,-0.23170770704746246,-2.030475616455078,0.031534723937511444,-0.15842574834823608,0.1519376039505005,-0.4477248191833496,-0.4729566276073456,0.7422171831130981,-2.0940001010894775,0.13602088391780853,-0.11891727894544601,-0.08074821531772614,-0.20110997557640076,-0.8351200819015503,-0.18347898125648499,0.13513758778572083,1.2310227155685425,-0.5163975358009338,0.24621739983558655,0.1724768877029419,-0.02507343888282776,-0.06382209062576294,0.47519269585609436,-0.33398035168647766,-0.02693832293152809
3.1663687229156494,0.5445843935012817,0.8408523797988892,-0.046432171016931534,0.02266889065504074,0.897422730922699,0.43813538551330566,0.8793831467628479,0.35533493757247925,-0.24124622344970703,-2.089923858642578,0.02128925733268261,-0.16331921517848969,0.1429349184036255,-0.4381146728992462,-0.48476091027259827,0.8086217045783997,-2.0940001010894775,0.15480831265449524,-0.12230630218982697,-0.06528184562921524,-0.16749164462089539,-0.6963541507720947,-0.23738478124141693,0.12953652441501617,0.7381139397621155,-0.5430057644844055,0.24655967950820923,0.19352887570858002,-0.01566590927541256,-0.07362423092126846,0.5774415731430054,0.20257419347763062,0.03308838978409767
3.1371912956237793,0.602849543094635,0.833633542060852,-0.0382557287812233,0.01771046407520771,0.9066649079322815,0.41973990201950073,0.8339354991912842,0.3569139242172241,-0.25500088930130005,-2.0940001010894775,0.042822130024433136,-0.1947992593050003,0.139539897441864,-0.4127010107040405,-0.49822136759757996,0.8630105257034302,-2.090425968170166,0.11555197089910507,-0.09731242060661316,-0.048496369272470474,-0.12984918057918549,-0.5760023593902588,-0.27664390206336975,0.13125504553318024,0.486288458108902,-0.5976483821868896,0.146676167845726,0.165579155087471,0.028017090633511543,-0.07025206834077835,0.8177493214607239,0.3528106212615967,0.10164756327867508
3.108093023300171,0.6561967730522156,0.817918062210083,-0.03711416572332382,0.016488347202539444,0.9131200313568115,0.4056629538536072,0.762172520160675,0.34949764609336853,-0.2767474055290222,-2.0940001010894775,0.06273184716701508,-0.22994820773601532,0.12887826561927795,-0.39046892523765564,-0.5169854760169983,0.9003731608390808,-2.043267250061035,0.08406533300876617,-0.06564784795045853,-0.027885597199201584,-0.10921390354633331,-0.5211488604545593,-0.3190581500530243,0.13700273633003235,0.3526051938533783,-0.5742876529693604,0.1269454061985016,0.0502905547618866,-0.010794099420309067,-0.13846786320209503,1.1787800788879395,0.42381152510643005,0.26097702980041504
3.078740358352661,0.704389214515686,0.7909022569656372,-0.04397916421294212,0.01891460083425045,0.9175888895988464,0.39463749527931213,0.6694028973579407,0.3229449689388275,-0.30513548851013184,-2.0940001010894775,0.05109405890107155,-0.24883988499641418,0.11685733497142792,-0.3553590476512909,-0.551945149898529,0.9106402397155762,-1.9774006605148315,0.1070561408996582,-0.04985783249139786,-0.014467581175267696,-0.045847874134778976,-0.5676386952400208,-0.3808214068412781,0.13794492185115814,0.5022620558738708,-0.44613900780677795,0.26094940304756165,-0.10226362943649292,-0.13661162555217743,-0.24602867662906647,1.6015889644622803,0.3937647044658661,0.26100000739097595
3.0572421550750732,0.753329336643219,0.7590305209159851,-0.048414070159196854,0.019481049850583076,0.9264479279518127,0.3727878928184509,0.5120576620101929,0.30502116680145264,-0.3533255159854889,-2.056257963180542,0.04654188081622124,-0.21737658977508545,0.11996374279260635,-0.25343358516693115,-0.5964192152023315,0.8558508157730103,-1.866586446762085,0.14011986553668976,-0.036145541816949844,-0.01584373414516449,0.025865567848086357,-0.6901386380195618,-0.4514772295951843,0.11555992066860199,0.9013612270355225,-0.3888617753982544,0.26100000739097595,-0.24626772105693817,-0.19825007021427155,-0.26423609256744385,1.951902151107788,0.37797921895980835,0.2593759000301361
3.0323307514190674,0.8003571629524231,0.7341271638870239,-0.06016341596841812,0.021825065836310387,0.9381296038627625,0.34031879901885986,0.288829505443573,0.3088829219341278,-0.4015049636363983,-1.9399008750915527,-0.048180822283029556,-0.17049521207809448,0.139953151345253,-0.10949549823999405,-0.5857707262039185,0.7195683121681213,-1.6671929359436035,0.17428147792816162,-0.024028675630688667,-0.048853833228349686,0.08852387964725494,-0.7732664942741394,-0.504976212978363,0.08651325851678848,1.248860478401184,-0.5516045689582825,0.26100000739097595,-0.45318758487701416,-0.22343504428863525,-0.24608515202999115,2.218144178390503,0.34638890624046326,0.18001167476177216
3.001492738723755,0.8460047245025635,0.721007227897644,-0.06301243603229523,0.02202817052602768,0.941875159740448,0.32926493883132935,0.17726992070674896,0.3058823347091675,-0.4052374064922333,-1.9498494863510132,-0.2651488184928894,-0.2052648365497589,0.15642544627189636,0.012758123688399792,-0.5882375836372375,0.595272421836853,-1.5058048963546753,0.3201099634170532,-0.05088533088564873,-0.024117501452565193,0.10379741340875626,-0.7429019212722778,-0.5228520631790161,0.056562796235084534,1.4098044633865356,-0.7669603824615479,0.26100000739097595,-0.699665904045105,-0.2748698592185974,-0.1258653849363327,2.40757417678833,0.19445283710956573,0.04960518702864647
2.965089797973633,0.8910791873931885,0.725263774394989,-0.06779519468545914,0.02358098141849041,0.9420602917671204,0.3276737928390503,0.12246811389923096,0.36068376898765564,-0.39388173818588257,-2.061615228652954,-0.26692378520965576,-0.24189108610153198,0.15971972048282623,0.16114912927150726,-0.5913786888122559,0.4775232672691345,-1.5510666370391846,0.2736600339412689,-0.08901754766702652,0.011196667328476906,0.15636703372001648,-0.6156863570213318,-0.522869348526001,-0.017106829211115837,1.405968427658081,-0.865057110786438,0.26100000739097595,-0.9265725016593933,-0.3163503110408783,-0.05005008727312088,2.435508966445923,0.012743068858981133,-0.1382550150156021
2.922940492630005,0.9356831312179565,0.7426052093505859,-0.06787785142660141,0.023238245397806168,0.9436538219451904,0.32306355237960815,0.1093771830201149,0.4226211607456207,-0.3845980763435364,-2.0940001010894775,-0.28490129113197327,-0.3124452829360962,0.17753610014915466,0.3193528652191162,-0.5946521759033203,0.3830725848674774,-1.6478657722473145,0.13737279176712036,-0.10074471682310104,-0.01234338991343975,0.2143976390361786,-0.4357509911060333,-0.5140279531478882,-0.12506337463855743,1.3144029378890991,-0.871999979019165,0.26100000739097595,-1.0683293342590332,-0.38137000799179077,-0.015790950506925583,2.3444314002990723,-0.21996337175369263,-0.26100000739097595
2.87400484085083,0.9796429872512817,0.7672759890556335,-0.06029137223958969,0.020412176847457886,0.9452671408653259,0.3200285732746124,0.12361990660429001,0.46786388754844666,-0.3864932060241699,-2.0940001010894775,-0.2695271372795105,-0.40843671560287476,0.2020675241947174,0.47244492173194885,-0.585343062877655,0.28700709342956543,-1.7193622589111328,0.16849422454833984,-0.09213928878307343,-0.0004258960543666035,0.2353854775428772,-0.25162962079048157,-0.4748362600803375,-0.18815335631370544,1.1936498880386353,-0.871999979019165,0.26100000739097595,-1.1213899850845337,-0.3510963022708893,0.019883060827851295,2.133944034576416,-0.32943978905677795,-0.26100000739097595
2.8220884799957275,1.0235685110092163,0.7921304106712341,-0.05146550387144089,0.017151199281215668,0.9473082423210144,0.3156963586807251,0.13566701114177704,0.4999004006385803,-0.4081830382347107,-2.0940001010894775,-0.1948392689228058,-0.46850958466529846,0.20257337391376495,0.594907283782959,-0.559417724609375,0.21661971509456635,-1.740491271018982,0.19328831136226654,-0.09398790448904037,0.0019639600068330765,0.16041314601898193,-0.09805305302143097,-0.39873284101486206,-0.1652926206588745,1.093243956565857,-0.8702665567398071,0.26100000739097595,-1.1273750066757202,-0.1959802359342575,0.057159606367349625,1.8514386415481567,-0.3551754057407379,-0.26100000739097595
2.7663919925689697,1.0667164325714111,0.8155327439308167,-0.04247468337416649,0.013606528751552105,0.9513812065124512,0.30476969480514526,0.1596936285495758,0.5075698494911194,-0.438204824924469,-2.0940001010894775,-0.1688890904188156,-0.49442818760871887,0.1844673901796341,0.6955655217170715,-0.5313006639480591,0.16879600286483765,-1.7337971925735474,0.2000901997089386,-0.10464654117822647,0.0016479619080200791,0.10688362270593643,-0.0036099073477089405,-0.31651580333709717,-0.096726194024086,0.9647797346115112,-0.6156054139137268,0.26100000739097595,-1.0313024520874023,-0.06084051355719566,0.0905768945813179,1.486124038696289,-0.340663343667984,-0.2609993815422058
2.7142245769500732,1.1062264442443848,0.8196514844894409,-0.04230517894029617,0.012304297648370266,0.9592791199684143,0.2790026068687439,0.17837315797805786,0.47353482246398926,-0.49442026019096375,-2.0940001010894775,-0.15967009961605072,-0.5065488815307617,0.1683473140001297,0.7664631009101868,-0.5286708474159241,0.11481676250696182,-1.7307466268539429,0.21649183332920074,-0.11107940226793289,0.004509245976805687,0.08340248465538025,0.020734956488013268,-0.25642967224121094,-0.032036032527685165,1.1290968656539917,-0.3476696312427521,0.26100000739097595,-0.9959834814071655,0.007401091046631336,0.19334842264652252,1.2629767656326294,-0.33157092332839966,-0.20630043745040894
2.661614179611206,1.144689917564392,0.8171020150184631,-0.045707494020462036,0.011516384780406952,0.9686161875724792,0.24405093491077423,0.19191861152648926,0.4403403103351593,-0.55184006690979,-2.0940001010894775,-0.10568291693925858,-0.4793805778026581,0.15495584905147552,0.7786379456520081,-0.516863226890564,0.08322042971849442,-1.6868054866790771,0.22444799542427063,-0.10729868710041046,0.0113754291087389,0.04963846132159233,0.013876732438802719,-0.21307551860809326,0.009787371382117271,1.2816344499588013,-0.31117546558380127,0.26099807024002075,-0.9364063739776611,0.03247882425785065,0.27745652198791504,1.0614217519760132,-0.2738880217075348,-0.0712251290678978
2.612358331680298,1.180774211883545,0.8035503625869751,-0.04572076350450516,0.009662538766860962,0.9773204922676086,0.20654504001140594,0.20629999041557312,0.4061082899570465,-0.587807297706604,-2.0940001010894775,-0.03397867828607559,-0.3994014263153076,0.13699817657470703,0.743720293045044,-0.5217310190200806,0.06388410925865173,-1.611451506614685,0.201082244515419,-0.10035590827465057,0.018857764080166817,-0.0006162542849779129,-0.01701303943991661,-0.16572517156600952,0.030356865376234055,1.5373821258544922,-0.3561960458755493,0.22647638618946075,-0.8772860765457153,0.028258759528398514,0.3093356490135193,0.9708225727081299,-0.24050194025039673,-0.09237023442983627
2.5596654415130615,1.2175273895263672,0.7905586361885071,-0.05836104974150658,0.010169618763029575,0.9834249019622803,0.17136524617671967,0.22095362842082977,0.40428096055984497,-0.5851334929466248,-2.070979118347168,-0.0053197783417999744,-0.29338911175727844,0.10882850736379623,0.6165556311607361,-0.5390749573707581,0.07902689278125763,-1.5269644260406494,0.15199461579322815,-0.10086414217948914,0.0016209372552111745,-0.034984979778528214,-0.10005044937133789,-0.11136223375797272,0.03989043086767197,1.7448302507400513,-0.3376876413822174,0.21273978054523468,-0.7599198222160339,0.018184460699558258,0.2832846939563751,0.8977704644203186,-0.25735118985176086,0.09044664353132248
2.516251564025879,1.252214789390564,0.7639666199684143,-0.06593052297830582,0.009605683386325836,0.9873538613319397,0.14385156333446503,0.2769518494606018,0.3788435757160187,-0.5603805184364319,-1.9700032472610474,0.0265415757894516,-0.21808888018131256,0.08566847443580627,0.41413959860801697,-0.6194436550140381,0.11018230766057968,-1.4434486627578735,0.11112593114376068,-0.11196392774581909,-0.04559151083230972,-0.0701814815402031,-0.2508069574832916,-0.07597561180591583,0.05523198843002319,2.053025007247925,-0.291575163602829,0.2308473289012909,-0.6914490461349487,0.0171054694801569,0.28426593542099,0.9618709087371826,-0.4187416732311249,0.1743776500225067
2.4756951332092285,1.2842097282409668,0.7403936982154846,-0.0788702741265297,0.009905832819640636,0.9890651702880859,0.12422315776348114,0.3417939245700836,0.3452257513999939,-0.5030590891838074,-1.8050872087478638,0.013192211277782917,-0.15332385897636414,0.11043442785739899,0.11775172501802444,-0.6723766326904297,0.17088423669338226,-1.358099102973938,0.04845346137881279,-0.1323707103729248,-0.10987570136785507,-0.0989547148346901,-0.4687923192977905,-0.0703197494149208,0.09311371296644211,2.331421136856079,-0.28908011317253113,0.26100000739097595,-0.6849547028541565,0.06537944078445435,0.27874910831451416,1.1318503618240356,-0.6424193382263184,0.1467469334602356
2.4358742237091064,1.3064305782318115,0.7243251204490662,-0.08744663745164871,0.009663794189691544,0.9900948405265808,0.10941612720489502,0.4613751471042633,0.3221188187599182,-0.42869168519973755,-1.7308595180511475,0.021430542692542076,-0.15574346482753754,0.15084308385849,-0.15106697380542755,-0.6627498865127563,0.2082565873861313,-1.313944935798645,0.07914619147777557,-0.16372448205947876,-0.1365339607000351,-0.13713334500789642,-0.7236204743385315,-0.08559902757406235,0.14623881876468658,2.4429030418395996,-0.29643040895462036,0.26100000739097595,-0.7060131430625916,0.08273092657327652,0.2730211317539215,1.3242576122283936,-0.8479594588279724,0.1212213858962059
2.3875057697296143,1.3169984817504883,0.730441153049469,-0.09541544318199158,0.0073627992533147335,0.9924598932266235,0.0765838623046875,0.5798155069351196,0.36528605222702026,-0.3782441020011902,-1.777021050453186,0.11201781779527664,-0.20941351354122162,0.11045517027378082,-0.3164069950580597,-0.6436335444450378,0.22710806131362915,-1.4008517265319824,0.09321529418230057,-0.19764679670333862,-0.14502190053462982,-0.16726697981357574,-0.9485843181610107,-0.11467400193214417,0.18097704648971558,2.4398953914642334,-0.32112181186676025,0.23043283820152283,-0.5177271366119385,0.0379503108561039,0.23755866289138794,1.1400383710861206,-0.8719817996025085,0.09462297707796097
2.330645799636841,1.3227890729904175,0.7490900754928589,-0.0958484560251236,0.0035396376624703407,0.9947115778923035,0.03673422336578369,0.6939563155174255,0.423623651266098,-0.3472851812839508,-1.8633592128753662,0.115605428814888,-0.20383670926094055,0.09369334578514099,-0.4205862879753113,-0.6433340907096863,0.2689431607723236,-1.5417908430099487,0.05435825511813164,-0.17914246022701263,-0.12866465747356415,-0.2064688354730606,-1.0655876398086548,-0.14314106106758118,0.1836816966533661,2.245520830154419,-0.3776126801967621,0.2145775407552719,-0.28830987215042114,0.004409190267324448,0.22523629665374756,0.905791163444519,-0.8516530990600586,0.06643492728471756
2.265183925628662,1.3248863220214844,0.7828963398933411,-0.10671907663345337,0.00034787121694535017,0.9942838549613953,0.003241057973355055,0.7763829827308655,0.448817640542984,-0.29903241991996765,-1.9268991947174072,0.06351737678050995,-0.19542579352855682,0.08901753276586533,-0.4968026876449585,-0.6662011742591858,0.3375936448574066,-1.6998634338378906,0.04296008497476578,-0.15676191449165344,-0.09296013414859772,-0.23067907989025116,-1.0586562156677246,-0.16690635681152344,0.16836990416049957,1.8418076038360596,-0.4076305329799652,0.229875385761261,-0.05789995566010475,-0.016606755554676056,0.18143004179000854,0.5852408409118652,-0.7327181696891785,0.032746322453022
2.2014410495758057,1.3254283666610718,0.8079628944396973,0.10135509073734283,0.0026523221749812365,-0.994506299495697,0.026024850085377693,0.8556095361709595,0.4520399272441864,-0.2602573037147522,-1.9546699523925781,0.012168033048510551,-0.18143080174922943,0.09189214557409286,-0.5187723636627197,-0.6844159364700317,0.43471601605415344,-1.8399876356124878,0.06745484471321106,-0.12516891956329346,-0.06429936736822128,-0.2218562364578247,-0.9668155908584595,-0.20197612047195435,0.1433614194393158,1.4201009273529053,-0.4586575925350189,0.24371740221977234,0.09413595497608185,-0.04815647006034851,0.029377371072769165,0.42641356587409973,-0.5961606502532959,0.017255360260605812
2.1344141960144043,1.3273860216140747,0.8260201215744019,0.09024626016616821,0.004730112385004759,-0.9945430755615234,0.05212737247347832,0.9001166224479675,0.4479687809944153,-0.24348893761634827,-1.9550544023513794,-0.025336919352412224,-0.17207738757133484,0.0968298614025116,-0.49626919627189636,-0.6864234209060669,0.5327548384666443,-1.9443100690841675,0.10169816762208939,-0.1113244965672493,-0.05955889821052551,-0.18761804699897766,-0.8172662258148193,-0.24768631160259247,0.11139896512031555,0.9679997563362122,-0.4865550398826599,0.22285419702529907,0.2047402560710907,-0.05410695821046829,-0.09135451167821884,0.35562899708747864,-0.26072409749031067,0.01498895138502121
2.0675864219665527,1.3320046663284302,0.8320742249488831,0.07629422843456268,0.005147209856659174,-0.9948106408119202,0.06711515784263611,0.9213016033172607,0.44097647070884705,-0.2402055263519287,-1.9487570524215698,-0.026592517271637917,-0.17374834418296814,0.10185057669878006,-0.4492267072200775,-0.6764687895774841,0.6342861652374268,-2.025130271911621,0.10007625073194504,-0.1105416938662529,-0.045485276728868484,-0.13417859375476837,-0.654213547706604,-0.2816271483898163,0.0885917916893959,0.5315385460853577,-0.5096614360809326,0.18899306654930115,0.22250664234161377,-0.03329227492213249,-0.07925193011760712,0.4546063244342804,0.3293205201625824,0.06412657350301743
2.0040876865386963,1.3352566957473755,0.8288506269454956,0.0696135014295578,0.005037258379161358,-0.9949598908424377,0.07199566066265106,0.9078831672668457,0.4211253821849823,-0.24094626307487488,-1.9361543655395508,-0.0170280858874321,-0.17189554870128632,0.10733658820390701,-0.39966562390327454,-0.6576370596885681,0.7253923416137695,-2.0688071250915527,0.11890193819999695,-0.11136750876903534,-0.02875465713441372,-0.10964792966842651,-0.5495040416717529,-0.3042268753051758,0.07561483979225159,0.33004504442214966,-0.5394129753112793,0.19473204016685486,0.17028889060020447,-0.005878986790776253,-0.02108626626431942,0.692179262638092,0.5032330751419067,0.12580639123916626
1.9464260339736938,1.3369718790054321,0.8147156834602356,0.07346941530704498,0.005899521056562662,-0.9940803050994873,0.07982365787029266,0.8417488932609558,0.3888080418109894,-0.25467783212661743,-1.9130429029464722,-0.03348013758659363,-0.1666574776172638,0.11433867365121841,-0.3306140601634979,-0.6473104953765869,0.7822868824005127,-2.0831570625305176,0.13650648295879364,-0.11106695234775543,-0.03107910230755806,-0.06962235271930695,-0.5456516146659851,-0.3382273316383362,0.06091370806097984,0.36103925108909607,-0.4868637025356293,0.18498626351356506,0.012008809484541416,-0.036731597036123276,-0.08299563080072403,1.1031200885772705,0.5223075151443481,0.21901802718639374
1.8906809091567993,1.3387364149093628,0.7888493537902832,0.07962586730718613,0.007713852915912867,-0.9921501874923706,0.09611575305461884,0.7173581123352051,0.3568800091743469,-0.26715436577796936,-1.874550700187683,-0.03988209366798401,-0.1656767576932907,0.1140272244811058,-0.2207379788160324,-0.6451349258422852,0.7805949449539185,-2.055657148361206,0.15296398103237152,-0.10728702694177628,-0.03794026002287865,-0.014282024465501308,-0.6208148002624512,-0.3856196105480194,0.04391314834356308,0.6735605001449585,-0.4392163157463074,0.26100000739097595,-0.13046611845493317,-0.12002937495708466,-0.18216893076896667,1.4881117343902588,0.5196967124938965,0.22320742905139923
1.8342722654342651,1.3410067558288574,0.7639659643173218,0.0870300903916359,0.010148392990231514,-0.9894497394561768,0.11537761986255646,0.5296619534492493,0.32536035776138306,-0.27983909845352173,-1.8187857866287231,-0.04869171231985092,-0.15473663806915283,0.14723904430866241,-0.07599953562021255,-0.6107235550880432,0.7301536798477173,-1.9554252624511719,0.19062300026416779,-0.08403508365154266,-0.04354498162865639,0.027896037325263023,-0.7011403441429138,-0.4338131546974182,0.02345982939004898,0.9739417433738708,-0.4647120535373688,0.26100000739097595,-0.26137810945510864,-0.1680038869380951,-0.21559110283851624,1.7711533308029175,0.5002351999282837,0.14586661756038666
1.7817176580429077,1.3462127447128296,0.7426232695579529,0.08999739587306976,0.0120448162779212,-0.9870682954788208,0.13210444152355194,0.35029223561286926,0.2640705406665802,-0.28696513175964355,-1.7989225387573242,-0.08335664868354797,-0.16478955745697021,0.1836124211549759,0.06135450676083565,-0.5720931887626648,0.6522640585899353,-1.7351617813110352,0.21106471121311188,-0.048923421651124954,-0.05591653287410736,0.07600288093090057,-0.7329708337783813,-0.47340816259384155,0.008890297263860703,1.2238413095474243,-0.6124231815338135,0.26100000739097595,-0.4614619314670563,-0.2155105471611023,-0.1962338387966156,2.073397397994995,0.3888433873653412,0.05839904770255089
1.7278560400009155,1.3477011919021606,0.7313480377197266,0.09344059973955154,0.012894213199615479,-0.9861959218978882,0.13608881831169128,0.21069279313087463,0.2240181863307953,-0.28244540095329285,-1.8737094402313232,-0.03248126432299614,-0.21738649904727936,0.17153601348400116,0.1614883840084076,-0.579409658908844,0.5704389214515686,-1.573456883430481,0.36921226978302,-0.06622314453125,-0.036018677055835724,0.11587543040513992,-0.6903904676437378,-0.4867337644100189,-0.01595870964229107,1.3821581602096558,-0.8081089854240417,0.26100000739097595,-0.7023985981941223,-0.3033965826034546,-0.14834341406822205,2.3162825107574463,0.11436737328767776,-0.10050018876791
1.6686675548553467,1.343924641609192,0.7395552396774292,0.09913195669651031,0.013493413105607033,-0.9858916997909546,0.13419531285762787,0.09056495875120163,0.2774932086467743,-0.2938336133956909,-1.9675326347351074,0.018887998536229134,-0.23720325529575348,0.18606561422348022,0.27880439162254333,-0.6083693504333496,0.49693596363067627,-1.6091102361679077,0.38146713376045227,-0.11297150701284409,-0.04136282950639725,0.1516304314136505,-0.5477374792098999,-0.4597952365875244,-0.07799497991800308,1.339186668395996,-0.871999979019165,0.26100000739097595,-0.9245287179946899,-0.3378492593765259,-0.13251665234565735,2.356424331665039,-0.13223978877067566,-0.25250715017318726
1.6037893295288086,1.3337963819503784,0.762849748134613,0.09242195636034012,0.011830557137727737,-0.9875914454460144,0.12641754746437073,0.03650173544883728,0.35729891061782837,-0.3033066689968109,-2.067871332168579,0.04046481102705002,-0.2327193319797516,0.19837461411952972,0.40144082903862,-0.6525918841362,0.43395107984542847,-1.6984076499938965,0.3463383615016937,-0.12262876331806183,-0.07423347234725952,0.16369390487670898,-0.3160781264305115,-0.39672014117240906,-0.15130695700645447,1.1211152076721191,-0.8713266849517822,0.26100000739097595,-1.0527451038360596,-0.2661035358905792,-0.10448995232582092,2.212398052215576,-0.28530654311180115,-0.2609998285770416
1.5342414379119873,1.3192458152770996,0.7944433093070984,0.0865924060344696,0.010332295671105385,-0.9891734719276428,0.11802920699119568,-0.008444124832749367,0.43183183670043945,-0.30921900272369385,-2.0940001010894775,0.045719996094703674,-0.26916778087615967,0.19889043271541595,0.5105631351470947,-0.6848984956741333,0.3405333459377289,-1.7951562404632568,0.41838526725769043,-0.10148888826370239,-0.053784169256687164,0.1587877720594406,-0.08094873279333115,-0.31707730889320374,-0.18359631299972534,0.7672005295753479,-0.7467649579048157,0.26100000739097595,-1.0665465593338013,-0.16729560494422913,-0.08070965111255646,1.9157634973526,-0.40673860907554626,-0.26100000739097595
1.4651167392730713,1.3024327754974365,0.8197166919708252,0.08452440053224564,0.00991914514452219,-0.989581286907196,0.1161297857761383,-0.05228190869092941,0.48309630155563354,-0.321962833404541,-2.0940001010894775,0.046570081263780594,-0.31991755962371826,0.19308611750602722,0.5967952609062195,-0.6946003437042236,0.26525357365608215,-1.8528902530670166,0.40259379148483276,-0.09460487961769104,-0.04524370655417442,0.15771067142486572,0.05733080953359604,-0.2556333839893341,-0.14680802822113037,0.609049916267395,-0.6133400201797485,0.26100000739097595,-1.0191094875335693,-0.07152707129716873,-0.026360852643847466,1.5465116500854492,-0.47079330682754517,-0.26100000739097595
1.3978556394577026,1.2848894596099854,0.8281451463699341,0.07471202313899994,0.009360321797430515,-0.9894262552261353,0.12396060675382614,-0.04169115051627159,0.46769610047340393,-0.34992265701293945,-2.0940001010894775,0.0359213724732399,-0.3532382547855377,0.18446162343025208,0.6752603650093079,-0.7250789403915405,0.21003539860248566,-1.8817323446273804,0.39256131649017334,-0.09333857148885727,-0.04051647335290909,0.12599541246891022,0.10168258845806122,-0.2217174917459488,-0.06844501197338104,0.7250785827636719,-0.2702644467353821,0.25824302434921265,-1.0128687620162964,-0.014115758240222931,0.07015794515609741,1.3166735172271729,-0.5377624034881592,-0.2609279155731201
1.3319952487945557,1.2669693231582642,0.83575040102005,0.061757124960422516,0.009346524253487587,-0.9868100881576538,0.14934705197811127,-0.011544930748641491,0.44962820410728455,-0.41374942660331726,-2.0940001010894775,0.02767251618206501,-0.38044336438179016,0.18558771908283234,0.7320889830589294,-0.7272334098815918,0.1918688416481018,-1.8652914762496948,0.3762245178222656,-0.0954892709851265,-0.04717351496219635,0.10839517414569855,0.10296063870191574,-0.17636172473430634,0.008343091234564781,0.8627187609672546,-0.0472867414355278,0.25643765926361084,-0.8053224086761475,-0.0007725739269517362,0.15034912526607513,0.81478351354599,-0.5743459463119507,-0.2367696911096573
1.2640058994293213,1.2497962713241577,0.8246710896492004,0.06431964039802551,0.012162486091256142,-0.9804798364639282,0.1854032725095749,0.00023338345636148006,0.4384930729866028,-0.4884456992149353,-2.0940001010894775,0.04624582827091217,-0.3736630380153656,0.18861433863639832,0.7196110486984253,-0.7057738900184631,0.19767415523529053,-1.8147231340408325,0.3749213218688965,-0.08783762156963348,-0.036586884409189224,0.07283221930265427,0.06235355883836746,-0.0971907302737236,0.07026666402816772,1.155646562576294,-0.052743326872587204,0.2608729302883148,-0.7598467469215393,-0.0005560026038438082,0.2125183790922165,0.6275254487991333,-0.6424371004104614,-0.1350400596857071
1.1973165273666382,1.230141520500183,0.8114067912101746,0.06925825774669647,0.015590164810419083,-0.973127007484436,0.21905271708965302,0.0421384759247303,0.43309688568115234,-0.5409223437309265,-2.0940001010894775,0.06617872416973114,-0.34341421723365784,0.17744329571723938,0.6464680433273315,-0.6997612118721008,0.24598568677902222,-1.737062692642212,0.3813002407550812,-0.08174587041139603,-0.030434420332312584,0.04272474721074104,-0.020962633192539215,-0.010107343085110188,0.11106604337692261,1.4354084730148315,0.013770822435617447,0.2584110200405121,-0.6529113054275513,0.001121013192459941,0.24513225257396698,0.47646650671958923,-0.6702911257743835,-0.1203681081533432
1.1358870267868042,1.2177740335464478,0.7877237200737,0.0748494416475296,0.018395397812128067,-0.9682134985923767,0.237953320145607,0.13292063772678375,0.42281636595726013,-0.5435229539871216,-2.0940001010894775,0.06263187527656555,-0.28749409317970276,0.15537331998348236,0.49776604771614075,-0.742094099521637,0.34968072175979614,-1.6379810571670532,0.3745461404323578,-0.07652941346168518,-0.04597412794828415,-0.02676740102469921,-0.14209526777267456,0.02764934115111828,0.1333085596561432,1.756240725517273,0.12106668949127197,0.2367527186870575,-0.6749612092971802,0.0217426884919405,0.20592394471168518,0.5804005861282349,-0.541500985622406,0.011509107425808907
1.083465814590454,1.2018362283706665,0.7564591765403748,0.079594187438488,0.02034222148358822,-0.9655835032463074,0.2467782348394394,0.24936172366142273,0.4023487865924835,-0.5001060962677002,-2.002084970474243,0.07124864310026169,-0.2144859880208969,0.12026207894086838,0.21296750009059906,-0.7987305521965027,0.5587707161903381,-1.462344765663147,0.3422771990299225,-0.07113611698150635,-0.08970978111028671,-0.0951368659734726,-0.3115972876548767,-0.009647004306316376,0.15108534693717957,2.0680906772613525,0.21855323016643524,0.21942248940467834,-0.8174102902412415,0.061387237161397934,0.1810837686061859,0.9177501201629639,-0.44421255588531494,0.10166647285223007
1.0316427946090698,1.1816675662994385,0.7335749864578247,0.08569811284542084,0.023169223219156265,-0.9615304470062256,0.25995805859565735,0.35750967264175415,0.36529526114463806,-0.45730748772621155,-1.787595272064209,0.0013618211960420012,-0.14676745235919952,0.17697452008724213,-0.08997317403554916,-0.763820469379425,0.7827668786048889,-1.2422674894332886,0.30960091948509216,-0.09255073219537735,-0.11284216493368149,-0.1407185047864914,-0.5218780636787415,-0.06758258491754532,0.17369304597377777,2.3233072757720947,0.20818792283535004,0.20630234479904175,-0.8845462799072266,0.07682769000530243,0.15191416442394257,1.203707218170166,-0.5883361101150513,0.11105836182832718
0.9789860844612122,1.1569188833236694,0.7231689691543579,0.08745209872722626,0.02704361267387867,-0.9513516426086426,0.2941952049732208,0.4863753020763397,0.37793704867362976,-0.41261693835258484,-1.726976990699768,-0.06024798005819321,-0.18220685422420502,0.18036283552646637,-0.2563936412334442,-0.7298024892807007,0.8701127767562866,-1.2312384843826294,0.37064966559410095,-0.1433657705783844,-0.13459666073322296,-0.19352175295352936,-0.7338104248046875,-0.09228235483169556,0.19311855733394623,2.4395201206207275,0.12087599188089371,0.18675413727760315,-0.826932966709137,0.07296562939882278,0.13652023673057556,1.3493074178695679,-0.7824627161026001,0.10827000439167023
0.9286268949508667,1.124664306640625,0.7311728000640869,0.08329376578330994,0.029610525816679,-0.9385438561439514,0.3336477279663086,0.6281991004943848,0.4112854599952698,-0.3572683036327362,-1.7912189960479736,0.006398118566721678,-0.22686667740345,0.13976167142391205,-0.3611677289009094,-0.6852826476097107,0.8764709830284119,-1.3455504179000854,0.3241671621799469,-0.1437779814004898,-0.16340139508247375,-0.24348171055316925,-0.9041439294815063,-0.09319738298654556,0.19791527092456818,2.4166605472564697,0.017427565529942513,0.17396306991577148,-0.617050290107727,0.0445125438272953,0.11353177577257156,1.2360626459121704,-0.8650450110435486,0.1013246476650238
0.8790045976638794,1.0846586227416992,0.7508764863014221,0.07953206449747086,0.03198619559407234,-0.9243624806404114,0.37175998091697693,0.7495678067207336,0.4216432273387909,-0.29043155908584595,-1.8679779767990112,0.04296696558594704,-0.21964925527572632,0.12384200841188431,-0.4056609272956848,-0.6318320035934448,0.8163526058197021,-1.4886571168899536,0.3529677093029022,-0.12034405767917633,-0.15684452652931213,-0.2815144658088684,-1.0045591592788696,-0.10462506860494614,0.18602286279201508,2.2364518642425537,-0.11346836388111115,0.17123712599277496,-0.3711221218109131,0.024150073528289795,0.11317582428455353,1.0124716758728027,-0.8491778373718262,0.09469611197710037
0.8285520076751709,1.0394681692123413,0.7758957743644714,0.07511036843061447,0.0334615521132946,-0.91036057472229,0.40556424856185913,0.8461037278175354,0.40819844603538513,-0.23630671203136444,-1.935559868812561,0.04547928646206856,-0.20873120427131653,0.1323622614145279,-0.4259335994720459,-0.5998539924621582,0.7878047823905945,-1.6416090726852417,0.34860721230506897,-0.10728918015956879,-0.14838944375514984,-0.29466935992240906,-1.0216832160949707,-0.13197702169418335,0.1643991619348526,1.9465276002883911,-0.2407691478729248,0.19817334413528442,-0.12877725064754486,0.018672937527298927,0.1018529087305069,0.7743150591850281,-0.7939205169677734,0.07042601704597473
0.7794374227523804,0.9923804998397827,0.7997701168060303,0.067951999604702,0.03301718086004257,-0.8968756198883057,0.43578267097473145,0.9034591913223267,0.3852117359638214,-0.2158925086259842,-1.9841691255569458,0.04489753022789955,-0.20014715194702148,0.13434362411499023,-0.4431818127632141,-0.5926082134246826,0.8065566420555115,-1.769618272781372,0.3591517508029938,-0.09205909073352814,-0.13660430908203125,-0.2870187759399414,-0.9570704698562622,-0.16767066717147827,0.15716245770454407,1.5704689025878906,-0.35522887110710144,0.2240338772535324,0.05343935638666153,0.012608413584530354,0.028467277064919472,0.6157321333885193,-0.7268267869949341,0.021853197365999222
0.7299439907073975,0.9459162354469299,0.8135247230529785,0.04960969462990761,0.026013199239969254,-0.88424152135849,0.4636583924293518,0.9419034123420715,0.3635294437408447,-0.23400242626667023,-2.0160999298095703,0.015477510169148445,-0.19018694758415222,0.14129135012626648,-0.428335577249527,-0.5949645638465881,0.8503049612045288,-1.878940463066101,0.3862370252609253,-0.07171822339296341,-0.11847115308046341,-0.24379165470600128,-0.8468248844146729,-0.22270482778549194,0.16429316997528076,1.1258645057678223,-0.42952391505241394,0.23488344252109528,0.18134120106697083,-0.005737775471061468,-0.0637226402759552,0.5741800665855408,-0.4350188076496124,0.008193043060600758
0.6780765056610107,0.8998626470565796,0.8131060004234314,0.035205673426389694,0.01932947337627411,-0.875862181186676,0.48088711500167847,0.936854898929596,0.33380067348480225,-0.2541818916797638,-2.0196409225463867,0.0017023495165631175,-0.18860183656215668,0.1409202367067337,-0.4047963619232178,-0.5965614914894104,0.9062426686286926,-1.9439570903778076,0.38118189573287964,-0.0764009952545166,-0.11486329138278961,-0.1678420454263687,-0.7311062812805176,-0.28823545575141907,0.16765564680099487,0.8174208402633667,-0.533402681350708,0.23842813074588776,0.16298533976078033,0.005479809362441301,-0.1065300703048706,0.7960798144340515,0.02741837687790394,0.09529005736112595
0.631140410900116,0.8542764782905579,0.8086096048355103,0.027633249759674072,0.015545099973678589,-0.8711185455322266,0.49004819989204407,0.8935940861701965,0.2923664152622223,-0.271295428276062,-2.0090057849884033,0.00856398232281208,-0.19022715091705322,0.13431096076965332,-0.38047072291374207,-0.6018498539924622,0.9583431482315063,-1.9756596088409424,0.36632707715034485,-0.07536709308624268,-0.11144563555717468,-0.12238651514053345,-0.630719780921936,-0.35036054253578186,0.1699458509683609,0.5081029534339905,-0.5782971978187561,0.20592007040977478,0.12490782886743546,0.02092389576137066,-0.09335849434137344,1.003409504890442,0.27246981859207153,0.17102819681167603
0.5878200531005859,0.8131920099258423,0.7889828085899353,0.02113458514213562,0.012194756418466568,-0.8658970594406128,0.4996267557144165,0.8298910856246948,0.24900029599666595,-0.29628506302833557,-1.9965547323226929,0.01926225610077381,-0.19537197053432465,0.13093075156211853,-0.32821422815322876,-0.6244453191757202,0.9888493418693542,-1.9626158475875854,0.3664264976978302,-0.06730783730745316,-0.11061004549264908,-0.07363848388195038,-0.5889728665351868,-0.40999794006347656,0.17693102359771729,0.4833696782588959,-0.5922719240188599,0.20048871636390686,0.014147112146019936,-0.07369748502969742,-0.1848486214876175,1.4206346273422241,0.2653915584087372,0.26099997758865356
0.5441657900810242,0.7711904048919678,0.7639555931091309,0.02529471553862095,0.015155838802456856,-0.8574337959289551,0.5137487649917603,0.7123023271560669,0.22446231544017792,-0.30610498785972595,-1.9749411344528198,0.02960294671356678,-0.19749055802822113,0.13609986007213593,-0.2448432743549347,-0.6483194231987,0.9542619585990906,-1.905159831047058,0.38370147347450256,-0.050301339477300644,-0.09789000451564789,-0.0444505400955677,-0.6286271810531616,-0.45840123295783997,0.1789998561143875,0.65864497423172,-0.5428761839866638,0.26100000739097595,-0.07876427471637726,-0.2119138240814209,-0.26621997356414795,1.7630356550216675,0.23931677639484406,0.26100000739097595
0.5028466582298279,0.7305446863174438,0.7359246611595154,0.028229916468262672,0.01777646318078041,-0.8457338213920593,0.5325611233711243,0.5504944920539856,0.21008004248142242,-0.3077307939529419,-1.9354029893875122,0.06091463565826416,-0.19638897478580475,0.15565919876098633,-0.14734463393688202,-0.6674768924713135,0.8814582228660583,-1.7749981880187988,0.4027288556098938,-0.020189614966511726,-0.08998075127601624,-0.0017283058259636164,-0.7131942510604858,-0.4946136176586151,0.16691499948501587,0.97637540102005,-0.44586843252182007,0.26100000739097595,-0.1930868774652481,-0.26951348781585693,-0.253724604845047,2.0406103134155273,0.2489965260028839,0.21880869567394257
0.466119647026062,0.6919939517974854,0.7130439281463623,0.03552927076816559,0.024010732769966125,-0.8277784585952759,0.5594139099121094,0.32910653948783875,0.19804032146930695,-0.3115485906600952,-1.8662794828414917,0.090691477060318,-0.18288372457027435,0.19378596544265747,-0.018128186464309692,-0.6469738483428955,0.7323064804077148,-1.5115439891815186,0.44451814889907837,-0.0005320851923897862,-0.07370731979608536,0.018382079899311066,-0.758551299571991,-0.5169838070869446,0.1527438908815384,1.280519962310791,-0.6012358069419861,0.26100000739097595,-0.3986331820487976,-0.3467915952205658,-0.1916932910680771,2.3001365661621094,0.22787542641162872,0.06214161217212677
0.43266934156417847,0.6477025747299194,0.703732430934906,0.04092063382267952,0.028803249821066856,-0.8167137503623962,0.5748691558837891,0.1593180000782013,0.17400211095809937,-0.2735942602157593,-1.9003044366836548,0.1056838110089302,-0.2216918170452118,0.1710648089647293,0.10295205563306808,-0.6552975177764893,0.59563809633255,-1.3294421434402466,0.5014747381210327,-0.05591219663619995,-0.09696901589632034,0.032950446009635925,-0.6990163326263428,-0.5230000019073486,0.11705058068037033,1.3776776790618896,-0.7749800682067871,0.26100000739097595,-0.6516861915588379,-0.3937690258026123,-0.06877449154853821,2.443000078201294,0.08111251145601273,-0.07282652705907822
0.40298914909362793,0.5996377468109131,0.7091620564460754,0.044645898044109344,0.03200517222285271,-0.81151282787323,0.5817467570304871,0.005366343539208174,0.19895657896995544,-0.22855491936206818,-1.9777717590332031,0.14906486868858337,-0.24496808648109436,0.16700772941112518,0.25009822845458984,-0.6858729124069214,0.489093542098999,-1.3496779203414917,0.4457832872867584,-0.10150671750307083,-0.1307443082332611,0.08722224086523056,-0.5562286972999573,-0.5230000019073486,0.027896471321582794,1.3618018627166748,-0.8719999194145203,0.26100000739097595,-0.880594789981842,-0.41619664430618286,-0.01840374432504177,2.443000078201294,-0.10900771617889404,-0.26100000739097595
0.376485675573349,0.5470561385154724,0.7231616377830505,0.04781169071793556,0.03459780663251877,-0.8087268471717834,0.5852161645889282,-0.12295208126306534,0.23368868231773376,-0.18537430465221405,-2.0597198009490967,0.16503097116947174,-0.2368689924478531,0.18168318271636963,0.39317354559898376,-0.7195087671279907,0.4027087390422821,-1.426382064819336,0.39226213097572327,-0.10875919461250305,-0.14273537695407867,0.14244773983955383,-0.3762539029121399,-0.5230000019073486,-0.09654983133077621,1.2603936195373535,-0.871999979019165,0.26100000739097595,-1.0855604410171509,-0.3832009434700012,0.05543860048055649,2.393275260925293,-0.30815696716308594,-0.26100000739097595
0.35197708010673523,0.48659536242485046,0.746854305267334,0.04613306745886803,0.03338503837585449,-0.8088082075119019,0.585308849811554,-0.1957383155822754,0.25921371579170227,-0.15780483186244965,-2.0940001010894775,0.178788959980011,-0.261455774307251,0.19587421417236328,0.5334377884864807,-0.7366096377372742,0.3217027485370636,-1.482248306274414,0.4034911096096039,-0.09613115340471268,-0.12827210128307343,0.19716693460941315,-0.19398315250873566,-0.5056565999984741,-0.19256305694580078,1.141784429550171,-0.871999979019165,0.26100000739097595,-1.1555694341659546,-0.3501012921333313,0.06703732162714005,2.183535575866699,-0.43117618560791016,-0.26100000739097595
0.3279199004173279,0.4228886067867279,0.7723701000213623,0.03774779289960861,0.027734212577342987,-0.8049856424331665,0.5914422869682312,-0.23687408864498138,0.2896634340286255,-0.17374059557914734,-2.0940001010894775,0.21631594002246857,-0.33316880464553833,0.18744917213916779,0.6771695017814636,-0.7169815301895142,0.24675293266773224,-1.5240466594696045,0.415837824344635,-0.09098818153142929,-0.10735878348350525,0.16816776990890503,-0.05472416430711746,-0.45415428280830383,-0.19092999398708344,1.0566567182540894,-0.8599741458892822,0.26100000739097595,-1.1362675428390503,-0.21666328608989716,0.06489542126655579,1.9064280986785889,-0.4986330270767212,-0.26100000739097595
0.30661478638648987,0.35668760538101196,0.7929868698120117,0.028288261964917183,0.021655457094311714,-0.7935386300086975,0.6074761152267456,-0.2649185061454773,0.30381643772125244,-0.22855213284492493,-2.0940001010894775,0.21845746040344238,-0.4005759656429291,0.16341158747673035,0.8170470595359802,-0.6665157079696655,0.16823671758174896,-1.5651766061782837,0.43119481205940247,-0.0998108983039856,-0.08249060064554214,0.07771610468626022,0.016864750534296036,-0.38527384400367737,-0.10406140238046646,1.041849970817566,-0.6321882605552673,0.26100000739097595,-1.0654059648513794,-0.037028245627880096,0.11495120078325272,1.5914723873138428,-0.5035595893859863,-0.26100000739097595
0.2887204587459564,0.2901654541492462,0.8036491274833679,0.023910466581583023,0.019368929788470268,-0.7766728401184082,0.6291521191596985,-0.26845479011535645,0.29150256514549255,-0.2984943985939026,-2.0940001010894775,0.16082842648029327,-0.45009753108024597,0.13407553732395172,0.9087334275245667,-0.6026055812835693,0.10088121145963669,-1.5951476097106934,0.43010833859443665,-0.10517685860395432,-0.0738469734787941,0.035135477781295776,0.040462568402290344,-0.32545554637908936,-0.018377242609858513,1.1160255670547485,-0.19943805038928986,0.23308084905147552,-0.9696665406227112,0.0778283104300499,0.22116489708423615,1.2897902727127075,-0.47611716389656067,-0.18381963670253754
0.27092501521110535,0.22557057440280914,0.8035340905189514,0.025065159425139427,0.021300317719578743,-0.7616029977798462,0.647208571434021,-0.23351627588272095,0.2706482410430908,-0.36078816652297974,-2.0940001010894775,0.1156390905380249,-0.45918411016464233,0.12390979379415512,0.9224990606307983,-0.5457758903503418,0.05660885199904442,-1.594687819480896,0.42638951539993286,-0.10858039557933807,-0.07106348127126694,0.029406864196062088,0.03397750481963158,-0.2821866571903229,0.03240189701318741,1.281264066696167,-0.1890120953321457,0.23215843737125397,-0.9086189270019531,0.12592828273773193,0.31299105286598206,1.087329626083374,-0.4330514669418335,-0.05582393705844879
0.2539461553096771,0.165328711271286,0.7919155359268188,0.024225154891610146,0.021577514708042145,-0.7463417649269104,0.6647717952728271,-0.17094112932682037,0.24824422597885132,-0.4296610951423645,-2.0940001010894775,0.10955816507339478,-0.412687212228775,0.13564951717853546,0.8823444247245789,-0.541252851486206,0.046697985380887985,-1.5894633531570435,0.41654056310653687,-0.11147971451282501,-0.07539289444684982,0.001588467857800424,-0.009582297876477242,-0.2352387011051178,0.08883752673864365,1.5425482988357544,-0.1589285433292389,0.20442675054073334,-0.8643602728843689,0.14852102100849152,0.3235316276550293,1.006019949913025,-0.4120200574398041,-0.0742860957980156
0.2357719987630844,0.10672280937433243,0.7721874117851257,0.02544177696108818,0.023657850921154022,-0.7318726778030396,0.6805552244186401,-0.0943305566906929,0.23957155644893646,-0.47008106112480164,-2.065957546234131,0.10193777084350586,-0.32116061449050903,0.13860803842544556,0.7948457598686218,-0.582935631275177,0.06940413266420364,-1.5860579013824463,0.4131682813167572,-0.11185362935066223,-0.08401450514793396,-0.03916822746396065,-0.09801439195871353,-0.16816891729831696,0.16356825828552246,1.8173562288284302,-0.1537647396326065,0.19368605315685272,-0.8380481004714966,0.1382749378681183,0.2728215456008911,1.056416392326355,-0.3602249026298523,0.06719958037137985
0.2193404585123062,0.05382351949810982,0.7474719882011414,0.030574331060051918,0.02968856319785118,-0.7167708277702332,0.6960052847862244,0.005462169647216797,0.23599964380264282,-0.4777951240539551,-1.9508259296417236,0.059278588742017746,-0.21983470022678375,0.12674155831336975,0.6338152289390564,-0.6518255472183228,0.12424244731664658,-1.5654908418655396,0.403170645236969,-0.10428446531295776,-0.10081826895475388,-0.08694686740636826,-0.24461889266967773,-0.09824510663747787,0.23313643038272858,2.1333675384521484,-0.169419527053833,0.22621016204357147,-0.8505248427391052,0.1658300906419754,0.24888233840465546,1.2312664985656738,-0.4847323000431061,0.0995650365948677
0.20963908731937408,0.0017998518887907267,0.7322187423706055,0.03845313563942909,0.03846625238656998,-0.7059396505355835,0.7061805129051208,0.1864863783121109,0.208505779504776,-0.4572954773902893,-1.8406912088394165,-0.012537785805761814,-0.15417145192623138,0.15037891268730164,0.35971179604530334,-0.7250221967697144,0.2398613542318344,-1.5004342794418335,0.42206987738609314,-0.0857820063829422,-0.10563115775585175,-0.13065791130065918,-0.44634687900543213,-0.05124102905392647,0.290276437997818,2.3759753704071045,-0.1969727873802185,0.26100000739097595,-0.8594847321510315,0.2090139091014862,0.24245263636112213,1.415647029876709,-0.6787675023078918,0.08020778000354767
0.208421990275383,-0.05051318183541298,0.7290674448013306,0.04021555185317993,0.041819557547569275,-0.6919808387756348,0.7195806503295898,0.388396680355072,0.2066001445055008,-0.434354305267334,-1.8267951011657715,0.003236691700294614,-0.161178320646286,0.17554309964179993,0.13075925409793854,-0.762713611125946,0.34598788619041443,-1.4791535139083862,0.4735444188117981,-0.09343069791793823,-0.11967723816633224,-0.17941194772720337,-0.6715272068977356,-0.030173202976584435,0.3155730366706848,2.443000078201294,-0.2194390892982483,0.26100000739097595,-0.7913093566894531,0.2148897498846054,0.26277798414230347,1.5194662809371948,-0.8718363642692566,0.0743710920214653
0.21468916535377502,-0.10517866909503937,0.7434957027435303,0.04038119316101074,0.045779287815093994,-0.6602746844291687,0.7485392093658447,0.5239413380622864,0.28698912262916565,-0.42336753010749817,-1.872983694076538,0.05531826987862587,-0.19076724350452423,0.15373462438583374,0.024224648252129555,-0.7347730994224548,0.39045247435569763,-1.5473181009292603,0.3478700816631317,-0.10560554265975952,-0.17060333490371704,-0.1940702199935913,-0.8650788068771362,-0.04351304844021797,0.28092828392982483,2.4422080516815186,-0.2550351321697235,0.24361887574195862,-0.5383656620979309,0.1764628142118454,0.25782352685928345,1.2834830284118652,-0.8719928860664368,0.007065642159432173
0.22862708568572998,-0.16439107060432434,0.7693103551864624,0.03645604848861694,0.04554229602217674,-0.6238629221916199,0.7793535590171814,0.6400917768478394,0.34529340267181396,-0.3882644772529602,-1.9137228727340698,0.06178027391433716,-0.19808217883110046,0.10611511766910553,-0.038761913776397705,-0.7264591455459595,0.4260280728340149,-1.6483087539672852,0.3133815824985504,-0.10676747560501099,-0.15374408662319183,-0.20947851240634918,-0.9703870415687561,-0.09226643294095993,0.21618449687957764,2.222728967666626,-0.2877880036830902,0.198514923453331,-0.27328625321388245,0.11877071857452393,0.23205789923667908,1.0156126022338867,-0.8500398993492126,-0.03777209669351578
0.2440306544303894,-0.2240615338087082,0.7966993451118469,0.031055402010679245,0.04191693663597107,-0.5944889783859253,0.8024097681045532,0.746469259262085,0.3462553918361664,-0.3408440053462982,-1.9288443326950073,0.03610728308558464,-0.18792423605918884,0.0930727869272232,-0.09632951021194458,-0.7279279828071594,0.4918140172958374,-1.730109453201294,0.3482285439968109,-0.0940549299120903,-0.13708263635635376,-0.19848600029945374,-0.982265830039978,-0.13628189265727997,0.1674140840768814,1.9293510913848877,-0.34885454177856445,0.19040924310684204,-0.06556568294763565,0.06952767074108124,0.1552276611328125,0.8098025918006897,-0.7842755913734436,-0.06695179641246796
0.2591211795806885,-0.28391554951667786,0.8196495175361633,0.025436928495764732,0.03670288622379303,-0.5690540075302124,0.8210867047309875,0.8211692571640015,0.319200336933136,-0.3024222254753113,-1.933434247970581,-0.028350697830319405,-0.17275671660900116,0.11294333636760712,-0.11963661760091782,-0.7242191433906555,0.5487878918647766,-1.7910231351852417,0.32056766748428345,-0.08913538604974747,-0.12461769580841064,-0.15906648337841034,-0.9385828971862793,-0.16402189433574677,0.13619035482406616,1.5709776878356934,-0.42762577533721924,0.22588838636875153,0.0841769427061081,0.054418813437223434,0.041723232716321945,0.6790391206741333,-0.6602374911308289,-0.11827145516872406
0.27291202545166016,-0.34449654817581177,0.8288898468017578,0.020582804456353188,0.0311551783233881,-0.550838053226471,0.8337764143943787,0.8739774823188782,0.29148590564727783,-0.27411434054374695,-1.9475224018096924,-0.04138850420713425,-0.17411594092845917,0.11989691853523254,-0.11118969321250916,-0.717310905456543,0.5925693511962891,-1.8392730951309204,0.31477832794189453,-0.09142939746379852,-0.11227591335773468,-0.11593794822692871,-0.8832559585571289,-0.19819283485412598,0.11596027761697769,1.2766709327697754,-0.5196993947029114,0.22381341457366943,0.09281182289123535,0.04941541329026222,-0.06444352120161057,0.7980821132659912,-0.39875534176826477,-0.07417960464954376
0.28474485874176025,-0.4010468125343323,0.8228176832199097,0.013184955343604088,0.02040497213602066,-0.5425611734390259,0.8396649360656738,0.9115198254585266,0.2625207304954529,-0.27345454692840576,-1.9665963649749756,-0.01754382997751236,-0.18252915143966675,0.11814127117395401,-0.0914417952299118,-0.7335520386695862,0.6471499800682068,-1.886238932609558,0.3158455491065979,-0.09451191127300262,-0.10721490532159805,-0.03201094642281532,-0.82933509349823,-0.2286229431629181,0.11685881018638611,1.0585259199142456,-0.6502175331115723,0.1592578887939453,-0.0035203194711357355,-0.0006020462024025619,-0.160450741648674,1.1212760210037231,-0.060449983924627304,0.03723408281803131
0.29973161220550537,-0.45796799659729004,0.8165218234062195,0.011325709521770477,0.017561662942171097,-0.5418599843978882,0.8402089476585388,0.8949346542358398,0.24168311059474945,-0.2714056372642517,-1.9699759483337402,-0.015194454230368137,-0.18301822245121002,0.11543238908052444,-0.0725662112236023,-0.7386063933372498,0.678566038608551,-1.9103469848632812,0.3043726980686188,-0.08733201026916504,-0.1002916693687439,0.013208595104515553,-0.7753102779388428,-0.241049125790596,0.1213202103972435,0.9072871804237366,-0.6549841165542603,0.0648786798119545,-0.02791621722280979,-0.010465475730597973,-0.16741254925727844,1.2410269975662231,0.15735876560211182,0.1624094843864441
0.31406307220458984,-0.5118563175201416,0.8013153076171875,0.009467973373830318,0.014924713410437107,-0.5356004238128662,0.8442865610122681,0.8266170024871826,0.23935288190841675,-0.2901466190814972,-1.9520657062530518,-0.03536273539066315,-0.1783141791820526,0.12081883102655411,-0.007475058548152447,-0.7473558187484741,0.6615269184112549,-1.9079738855361938,0.30170896649360657,-0.08063507825136185,-0.09518797695636749,0.030241793021559715,-0.7495303750038147,-0.2670159339904785,0.10344991832971573,0.9222403168678284,-0.6313870549201965,0.031117087230086327,-0.08906032145023346,-0.04839267209172249,-0.18178550899028778,1.4243942499160767,0.30208107829093933,0.24123084545135498
0.3281339704990387,-0.5637410879135132,0.775418758392334,0.00861444789916277,0.013946371152997017,-0.5254449248313904,0.8506696820259094,0.7055942416191101,0.24533933401107788,-0.3142101764678955,-1.9040377140045166,-0.035038918256759644,-0.16952553391456604,0.13027390837669373,0.07705242186784744,-0.7524319887161255,0.6115735173225403,-1.8686678409576416,0.3067103624343872,-0.0682365819811821,-0.0911930724978447,0.05570846423506737,-0.7753182053565979,-0.3330189287662506,0.07002733647823334,1.1103805303573608,-0.5628621578216553,0.25995737314224243,-0.19714941084384918,-0.08998638391494751,-0.19469691812992096,1.6622509956359863,0.3599664270877838,0.23319090902805328
0.3404468297958374,-0.6118176579475403,0.7464731931686401,0.01107528805732727,0.018670322373509407,-0.5100705027580261,0.8598585724830627,0.5076675415039062,0.2404094636440277,-0.34777429699897766,-1.7983711957931519,-0.043279942125082016,-0.15202176570892334,0.16698114573955536,0.1511124223470688,-0.7373167872428894,0.5402317643165588,-1.7347458600997925,0.3244348168373108,-0.03905642405152321,-0.08391176909208298,0.10545016080141068,-0.816272497177124,-0.41199731826782227,0.030701780691742897,1.349897027015686,-0.604245662689209,0.26100000739097595,-0.37972745299339294,-0.1436389684677124,-0.1911149024963379,1.9335757493972778,0.3634837865829468,0.16686010360717773
0.35350891947746277,-0.6599937677383423,0.7277407050132751,0.015051820315420628,0.026247311383485794,-0.49723997712135315,0.8670852780342102,0.3008647561073303,0.21543776988983154,-0.35947173833847046,-1.7320448160171509,-0.05661747604608536,-0.16530805826187134,0.20540869235992432,0.22243532538414001,-0.7153116464614868,0.47201961278915405,-1.5733792781829834,0.3511468768119812,-0.04280310496687889,-0.0697704404592514,0.14326025545597076,-0.8101160526275635,-0.4528980851173401,-0.0005876938812434673,1.500428557395935,-0.7314224243164062,0.26100000739097595,-0.6054019927978516,-0.16375543177127838,-0.14674969017505646,2.1143720149993896,0.3476564288139343,0.08783797174692154
0.3681148290634155,-0.7093784213066101,0.7195031046867371,0.017762506380677223,0.03139135241508484,-0.49214792251586914,0.8697640299797058,0.1349618136882782,0.17847813665866852,-0.3309444785118103,-1.768929123878479,0.012250769883394241,-0.2170017957687378,0.16973306238651276,0.28926923871040344,-0.7376086115837097,0.4529826045036316,-1.5071964263916016,0.39942336082458496,-0.08374074846506119,-0.08545359969139099,0.14296357333660126,-0.7416523694992065,-0.44754424691200256,-0.03135262057185173,1.5664303302764893,-0.8700525164604187,0.26100000739097595,-0.8399139046669006,-0.1638454645872116,-0.06961305439472198,2.211106777191162,0.21817128360271454,0.0011917805531993508
0.38404080271720886,-0.759436309337616,0.7250223159790039,0.021741529926657677,0.03861476853489876,-0.49013444781303406,0.8705196380615234,-0.027968747541308403,0.15936166048049927,-0.3101501166820526,-1.83319091796875,0.07999195903539658,-0.2344842106103897,0.16059745848178864,0.3536730706691742,-0.7733731269836426,0.44109445810317993,-1.5370399951934814,0.35443857312202454,-0.1061687171459198,-0.09335016459226608,0.1760646253824234,-0.6205475926399231,-0.4288720190525055,-0.09567886590957642,1.525742530822754,-0.871999979019165,0.26100000739097595,-1.0220534801483154,-0.20229989290237427,-0.04691898822784424,2.19403076171875,-0.01191739458590746,-0.14784649014472961
0.4036727845668793,-0.8134956955909729,0.742093026638031,0.02133977971971035,0.03789139539003372,-0.4902488887310028,0.870496928691864,-0.14775793254375458,0.15790772438049316,-0.2983577251434326,-1.908934235572815,0.11970945447683334,-0.23298299312591553,0.1601441204547882,0.4296734035015106,-0.8016586899757385,0.4197268784046173,-1.5853536128997803,0.32845550775527954,-0.10299905389547348,-0.09061755985021591,0.21519950032234192,-0.45055434107780457,-0.39998534321784973,-0.1847267746925354,1.4108067750930786,-0.871999979019165,0.26100000739097595,-1.0950701236724854,-0.22345206141471863,-0.05751603841781616,2.0671212673187256,-0.2547920048236847,-0.26100000739097595
0.42668429017066956,-0.8704017996788025,0.7656257152557373,0.017340220510959625,0.030422672629356384,-0.494884192943573,0.8682530522346497,-0.20273400843143463,0.1720748245716095,-0.28808316588401794,-1.9967015981674194,0.1234559714794159,-0.22936660051345825,0.15456590056419373,0.5030975341796875,-0.8205028176307678,0.3914647102355957,-1.6116361618041992,0.3267204463481903,-0.09659126400947571,-0.07711388170719147,0.21820950508117676,-0.2634422481060028,-0.34293270111083984,-0.23798342049121857,1.2611501216888428,-0.871999979019165,0.26100000739097595,-1.0953786373138428,-0.16415433585643768,-0.048035718500614166,1.8474030494689941,-0.36983218789100647,-0.26100000739097595
0.45116645097732544,-0.9294654726982117,0.7901909351348877,0.011926339007914066,0.02097157947719097,-0.4941997826099396,0.8690135478973389,-0.21962285041809082,0.19778676331043243,-0.3026718497276306,-2.0915639400482178,0.13487766683101654,-0.23077243566513062,0.1473122239112854,0.5865891575813293,-0.8201086521148682,0.34554949402809143,-1.6221193075180054,0.32704296708106995,-0.09453681856393814,-0.07408855855464935,0.17473788559436798,-0.10435587167739868,-0.2622819244861603,-0.21303142607212067,1.144384741783142,-0.871999979019165,0.26100000739097595,-1.0413790941238403,-0.03598913177847862,-0.013836541213095188,1.569825530052185,-0.4092937111854553,-0.26100000739097595
0.4785654544830322,-0.9891704320907593,0.8090623021125793,0.005948703270405531,0.010790632106363773,-0.4827452003955841,0.8756741881370544,-0.2223374992609024,0.21627040207386017,-0.343789666891098,-2.0940001010894775,0.1471724659204483,-0.2900581657886505,0.13276708126068115,0.6741750240325928,-0.792884111404419,0.2840561866760254,-1.6097959280014038,0.32677480578422546,-0.0951240062713623,-0.06655094027519226,0.10563991218805313,0.01949065551161766,-0.17438022792339325,-0.12980113923549652,1.10877525806427,-0.871999979019165,0.26100000739097595,-0.9540238380432129,0.10016966611146927,0.055743660777807236,1.2907105684280396,-0.4220592975616455,-0.26100000739097595