-0.03824269771575928,-0.035174351185560226,0.8434029221534729,0.00867948867380619,0.08624913543462753,-0.09975014626979828,0.9912293553352356,-0.1952146738767624,0.2209344059228897,-0.5397313237190247,-0.3647947609424591,-0.5772430896759033,-0.10739049315452576,-0.08003144711256027,-0.14287938177585602,-0.25372883677482605,0.43170425295829773,-0.37035495042800903,0.2835204303264618,-0.08279429376125336,0.19493716955184937,0.026395339518785477,-0.29949504137039185,0.09701817482709885,-0.0037945390213280916,0.25364866852760315,-0.20962220430374146,-0.04117121174931526,-0.20707346498966217,0.00016804282495286316,-0.022969583049416542,0.11649865657091141,-0.1965818703174591,-0.05561668425798416
-0.03619803860783577,-0.034068744629621506,0.8434085845947266,0.00884686317294836,0.08779708296060562,-0.0998660996556282,0.9910802841186523,-0.2007797360420227,0.22430725395679474,-0.533960223197937,-0.35721826553344727,-0.5789546966552734,-0.10444702208042145,-0.07640695571899414,-0.13863505423069,-0.24880178272724152,0.43088778853416443,-0.3762059807777405,0.2722812592983246,-0.08123208582401276,0.20344284176826477,0.025896284729242325,-0.3006780445575714,0.09567763656377792,-0.0038098073564469814,0.25493288040161133,-0.21384963393211365,-0.039120323956012726,-0.20990876853466034,-0.00114994787145406,-0.023413734510540962,0.12047243118286133,-0.19966758787631989,-0.054023727774620056
-0.03404375538229942,-0.032682642340660095,0.84332674741745,0.009014911949634552,0.08941390365362167,-0.09990780055522919,0.9909300208091736,-0.20401853322982788,0.22787413001060486,-0.5300247669219971,-0.3532118797302246,-0.583260178565979,-0.10297325253486633,-0.07367980480194092,-0.13404691219329834,-0.24618741869926453,0.4322711229324341,-0.38747265934944153,0.2607482075691223,-0.07829221338033676,0.21540768444538116,0.026408176869153976,-0.3015400469303131,0.09278532862663269,-0.0065993270836770535,0.2552265524864197,-0.217560812830925,-0.036314237862825394,-0.21633216738700867,-0.0036672730930149555,-0.026372773572802544,0.13144338130950928,-0.20563456416130066,-0.05273769423365593
-0.031436312943696976,-0.03125018626451492,0.8432427644729614,0.009216340258717537,0.09145000576972961,-0.0998477190732956,0.990748405456543,-0.2047099620103836,0.23009006679058075,-0.5254871845245361,-0.35155007243156433,-0.5814225077629089,-0.10001079738140106,-0.069059818983078,-0.13049650192260742,-0.24351322650909424,0.4381175637245178,-0.3969149887561798,0.24533754587173462,-0.0745043009519577,0.2239125818014145,0.028354646638035774,-0.3032648265361786,0.08858122676610947,-0.009306497871875763,0.25590306520462036,-0.2235698252916336,-0.03286838158965111,-0.2200186848640442,-0.007784674875438213,-0.028853969648480415,0.13736338913440704,-0.2127106785774231,-0.049461573362350464
-0.028632909059524536,-0.029581425711512566,0.8430321216583252,0.009362824261188507,0.09346731752157211,-0.09923261404037476,0.9906205534934998,-0.20350328087806702,0.23216956853866577,-0.522343099117279,-0.35202208161354065,-0.5792650580406189,-0.10359514504671097,-0.07126080989837646,-0.12795336544513702,-0.24274033308029175,0.44585558772087097,-0.4063502848148346,0.24156279861927032,-0.07420184463262558,0.2320154458284378,0.028994619846343994,-0.30744668841362,0.08507470786571503,-0.012059027329087257,0.2621888220310211,-0.231819286942482,-0.029836544767022133,-0.22491267323493958,-0.010774115100502968,-0.03114035166800022,0.1458081305027008,-0.21951666474342346,-0.049150120466947556
-0.025265688076615334,-0.027762575075030327,0.842831015586853,0.009454948827624321,0.09536564350128174,-0.09820637851953506,0.9905410408973694,-0.20033346116542816,0.2323230654001236,-0.5219082832336426,-0.3519769310951233,-0.5806819200515747,-0.10249446332454681,-0.07057482749223709,-0.12743595242500305,-0.24288029968738556,0.4556179642677307,-0.41229626536369324,0.23913456499576569,-0.07676506042480469,0.23808731138706207,0.029800310730934143,-0.31481537222862244,0.08054260909557343,-0.015992553904652596,0.27675583958625793,-0.24479344487190247,-0.0250780638307333,-0.22548145055770874,-0.01441451907157898,-0.03355390951037407,0.1491323560476303,-0.22506199777126312,-0.0448194183409214
-0.021395040675997734,-0.02563919685781002,0.8426253795623779,0.00952966045588255,0.097443126142025,-0.09686516225337982,0.9904701709747314,-0.19619908928871155,0.23055611550807953,-0.5211458206176758,-0.3519614040851593,-0.5744489431381226,-0.10325612127780914,-0.06970617920160294,-0.12775205075740814,-0.24380004405975342,0.462139755487442,-0.41679760813713074,0.23627471923828125,-0.07135958969593048,0.24400413036346436,0.029226308688521385,-0.32151296734809875,0.07501566410064697,-0.021002057939767838,0.2908826768398285,-0.25848233699798584,-0.018889721482992172,-0.22468975186347961,-0.018452225252985954,-0.03475987911224365,0.14967557787895203,-0.22976525127887726,-0.04226197674870491
-0.01706288568675518,-0.02312946878373623,0.8420478105545044,0.00954868271946907,0.09927807748317719,-0.09526200592517853,0.990443229675293,-0.190522700548172,0.22708620131015778,-0.5195251703262329,-0.3518792688846588,-0.5802900791168213,-0.10440234839916229,-0.07799253612756729,-0.1298200637102127,-0.2445489466190338,0.4663715958595276,-0.41498926281929016,0.23723948001861572,-0.07264557480812073,0.24089263379573822,0.026506729423999786,-0.3335043787956238,0.06868212670087814,-0.02376856468617916,0.32022929191589355,-0.28406357765197754,-0.011140027083456516,-0.22381067276000977,-0.023581134155392647,-0.034486521035432816,0.15252260863780975,-0.23741857707500458,-0.03867143392562866
-0.011951860040426254,-0.02021751180291176,0.8412474393844604,0.00953852478414774,0.10103238373994827,-0.09350735694169998,0.9904331564903259,-0.18368181586265564,0.22256816923618317,-0.5161471366882324,-0.351855993270874,-0.5817875266075134,-0.10465933382511139,-0.0821089819073677,-0.13053414225578308,-0.2460971474647522,0.46566182374954224,-0.41467440128326416,0.23988834023475647,-0.07121071964502335,0.23748508095741272,0.022136205807328224,-0.3485281467437744,0.06173937767744064,-0.025665029883384705,0.3592202365398407,-0.3163919150829315,-0.0013604825362563133,-0.21992921829223633,-0.029176397249102592,-0.03201494738459587,0.1518166959285736,-0.24276016652584076,-0.030481288209557533
-0.005823154933750629,-0.016933202743530273,0.8403324484825134,0.009542536921799183,0.10269180685281754,-0.09203202277421951,0.9904006719589233,-0.1756257861852646,0.2169748693704605,-0.5144297480583191,-0.3527070879936218,-0.5859675407409668,-0.10337276756763458,-0.08709440380334854,-0.13202819228172302,-0.24835637211799622,0.46373581886291504,-0.4108394980430603,0.2381458729505539,-0.07229280471801758,0.23506978154182434,0.01718074642121792,-0.3559778928756714,0.05237329378724098,-0.027601581066846848,0.389497309923172,-0.3526003658771515,0.010775703936815262,-0.21319404244422913,-0.036835405975580215,-0.030633067712187767,0.14915591478347778,-0.2510288655757904,-0.022633453831076622
0.0015757663641124964,-0.013135097920894623,0.8393953442573547,0.009478992782533169,0.1039491668343544,-0.09031587839126587,0.99042809009552,-0.1673649251461029,0.21079720556735992,-0.5186923146247864,-0.3534401059150696,-0.58652263879776,-0.10606052726507187,-0.08864780515432358,-0.129729226231575,-0.2541104853153229,0.46077126264572144,-0.4129485487937927,0.2420930713415146,-0.07067538052797318,0.2309778928756714,0.01180086750537157,-0.3531539738178253,0.03960031270980835,-0.029052890837192535,0.40568551421165466,-0.38334760069847107,0.02558750845491886,-0.20662663877010345,-0.047638650983572006,-0.029044097289443016,0.15240199863910675,-0.2630966603755951,-0.016183041036128998
0.009883571416139603,-0.009011528454720974,0.8384165167808533,0.009450946934521198,0.10472048819065094,-0.08938570320606232,0.9904314875602722,-0.15854357182979584,0.20469091832637787,-0.5258368253707886,-0.3559289276599884,-0.5800596475601196,-0.10623077303171158,-0.0947236493229866,-0.12449787557125092,-0.2622980773448944,0.4518544375896454,-0.41750216484069824,0.2498510777950287,-0.07380174100399017,0.22808317840099335,0.006499446462839842,-0.34041762351989746,0.0246051624417305,-0.026980243623256683,0.40830644965171814,-0.408156156539917,0.03905921429395676,-0.20731699466705322,-0.0630757212638855,-0.030544422566890717,0.174583300948143,-0.28555071353912354,-0.005014810245484114
0.019076714292168617,-0.0046067871153354645,0.8371422290802002,0.009533085860311985,0.10577696561813354,-0.08925293385982513,0.9903303980827332,-0.14994309842586517,0.19942466914653778,-0.5295427441596985,-0.3636353015899658,-0.5628284811973572,-0.1018388569355011,-0.1143798753619194,-0.10987588763237,-0.27215301990509033,0.4292539954185486,-0.43587011098861694,0.2556453347206116,-0.07239694148302078,0.22149799764156342,0.00427832780405879,-0.3236140310764313,0.006345844827592373,-0.02751806192100048,0.4029451012611389,-0.4290623664855957,0.051939792931079865,-0.22330732643604279,-0.0824488028883934,-0.03649996221065521,0.22811982035636902,-0.32220861315727234,0.003727805335074663
0.030326414853334427,-0.0004370505048427731,0.8369414806365967,0.009986861608922482,0.11006283760070801,-0.08981302380561829,0.9898080825805664,-0.14742466807365417,0.20295090973377228,-0.5191926956176758,-0.37715280055999756,-0.526807427406311,-0.09342912584543228,-0.12708331644535065,-0.09799696505069733,-0.27792656421661377,0.3986717462539673,-0.46334901452064514,0.24530991911888123,-0.08032945543527603,0.22432175278663635,0.006497613620012999,-0.26083359122276306,-0.0028365820180624723,-0.03676939755678177,0.2958720028400421,-0.40683457255363464,0.0590839684009552,-0.2216465026140213,-0.09301110357046127,-0.05054512992501259,0.23906023800373077,-0.3455352187156677,0.009951849468052387
0.04098400101065636,0.0030728881247341633,0.8343275189399719,0.010267467238008976,0.11148768663406372,-0.09113040566444397,0.989525318145752,-0.14238302409648895,0.20773060619831085,-0.5188574194908142,-0.38794970512390137,-0.5124306082725525,-0.09380220621824265,-0.1370888352394104,-0.07203146070241928,-0.28265541791915894,0.3495163321495056,-0.4850900173187256,0.2159305363893509,-0.08695502579212189,0.2272159457206726,0.008457150310277939,-0.24073515832424164,-0.017430545762181282,-0.04286220297217369,0.2873959541320801,-0.4216234087944031,0.07028473168611526,-0.26307496428489685,-0.10508786141872406,-0.042287860065698624,0.3417533040046692,-0.3912116289138794,-0.00306547898799181
0.05201540142297745,0.00578563055023551,0.8304619193077087,0.010831357911229134,0.11493390053510666,-0.09319687634706497,0.9889323711395264,-0.14578816294670105,0.21834631264209747,-0.5339847207069397,-0.400473028421402,-0.5077508687973022,-0.09127078205347061,-0.1577521115541458,-0.045891862362623215,-0.28533563017845154,0.2978186011314392,-0.4989195466041565,0.18062767386436462,-0.09416226297616959,0.22829888761043549,0.008418290875852108,-0.24272115528583527,-0.030171234160661697,-0.0408538281917572,0.3142284154891968,-0.4500008821487427,0.077705517411232,-0.33718687295913696,-0.10841431468725204,-0.022716477513313293,0.492613285779953,-0.43545445799827576,-0.047849953174591064
0.06284036487340927,0.00593816302716732,0.8239828944206238,0.010978711768984795,0.1125795841217041,-0.09643621742725372,0.9888909459114075,-0.14103475213050842,0.2150115817785263,-0.5570885539054871,-0.41661536693573,-0.4894697666168213,-0.08131234347820282,-0.18407216668128967,-0.003977973945438862,-0.3050366938114166,0.2658214569091797,-0.5031892657279968,0.14274929463863373,-0.10694700479507446,0.20869509875774384,-0.00029987210291437805,-0.2506643533706665,-0.057487551122903824,-0.016944587230682373,0.38733503222465515,-0.4969179332256317,0.08919963240623474,-0.4704357087612152,-0.1211128979921341,0.0067116208374500275,0.7761458158493042,-0.516080915927887,-0.11056196689605713
0.07607001066207886,0.004522679839283228,0.8189312219619751,0.01248256117105484,0.11923637986183167,-0.10336756706237793,0.9873915314674377,-0.15584531426429749,0.2213178128004074,-0.5655107498168945,-0.4237467050552368,-0.4722328782081604,-0.07157761603593826,-0.19454841315746307,0.027882974594831467,-0.3095540702342987,0.24309955537319183,-0.5052286982536316,0.11969751119613647,-0.11521429568529129,0.1857151985168457,-0.0019581615924835205,-0.25908270478248596,-0.06859101355075836,-0.0009294018964283168,0.4280039072036743,-0.536888837814331,0.09743832796812057,-0.5983691811561584,-0.10966882854700089,0.01646946370601654,0.9910892844200134,-0.5233497023582458,-0.22247257828712463
0.09172768145799637,0.0016054678708314896,0.8157137036323547,0.014332940801978111,0.12506569921970367,-0.11295228451490402,0.9855936765670776,-0.1690826117992401,0.2228465974330902,-0.5589486360549927,-0.4279678463935852,-0.5030340552330017,-0.05370922386646271,-0.19995243847370148,0.06900999695062637,-0.3114430010318756,0.23349951207637787,-0.5081734657287598,0.1155540943145752,-0.11169563978910446,0.17397348582744598,0.007233268581330776,-0.2312576025724411,-0.0769619345664978,0.006497479975223541,0.40588831901550293,-0.5506061911582947,0.10126940160989761,-0.6982818841934204,-0.10454250127077103,0.00787638034671545,1.1358710527420044,-0.49619683623313904,-0.26100000739097595
0.10902206599712372,-0.003672165796160698,0.8130964040756226,0.016594860702753067,0.1301368772983551,-0.12540093064308167,0.9833939075469971,-0.18209685385227203,0.22234685719013214,-0.546410322189331,-0.43655890226364136,-0.5295463800430298,-0.015299733728170395,-0.20075362920761108,0.11545354127883911,-0.3092193603515625,0.23738853633403778,-0.511447012424469,0.12169735133647919,-0.10367636382579803,0.18150265514850616,0.02002519927918911,-0.18170028924942017,-0.0751541405916214,0.013883053325116634,0.3495666980743408,-0.542133629322052,0.09395774453878403,-0.7797563672065735,-0.08722303062677383,-0.0023161470890045166,1.2145452499389648,-0.49383747577667236,-0.26099249720573425
0.1272548884153366,-0.010230165906250477,0.8092331290245056,0.019394129514694214,0.1358567327260971,-0.13998447358608246,0.9805973768234253,-0.1995321661233902,0.21998481452465057,-0.5383515954017639,-0.45392662286758423,-0.553178071975708,0.01772638037800789,-0.21411187946796417,0.15941551327705383,-0.3094477951526642,0.24456453323364258,-0.5083959102630615,0.13567239046096802,-0.10493312776088715,0.2105296403169632,0.03402528911828995,-0.14362049102783203,-0.07201043516397476,0.020326782017946243,0.32159867882728577,-0.5564400553703308,0.08638577908277512,-0.8625012040138245,-0.07237433642148972,-0.018936598673462868,1.2452726364135742,-0.4931148588657379,-0.2558023929595947
0.14652879536151886,-0.017867855727672577,0.8046767115592957,0.022599445655941963,0.141967311501503,-0.15557537972927094,0.9773079752922058,-0.22420421242713928,0.21839994192123413,-0.5432611107826233,-0.48280900716781616,-0.5550125241279602,0.03367352858185768,-0.23389297723770142,0.19945289194583893,-0.3086696267127991,0.24170821905136108,-0.4963662028312683,0.17876242101192474,-0.08757705986499786,0.26165783405303955,0.05244077742099762,-0.09428004175424576,-0.06873707473278046,0.024004776030778885,0.2709270417690277,-0.5626182556152344,0.07846742123365402,-0.9409226775169373,-0.06493037194013596,-0.03735007718205452,1.2285782098770142,-0.48063069581985474,-0.22862586379051208
0.1669417768716812,-0.027304861694574356,0.7997837662696838,0.026234617456793785,0.15001794695854187,-0.17025288939476013,0.973560631275177,-0.2627948224544525,0.21986819803714752,-0.5637790560722351,-0.5169572830200195,-0.541282057762146,0.021136853843927383,-0.24213440716266632,0.236201673746109,-0.305726021528244,0.23236683011054993,-0.48371851444244385,0.23000125586986542,-0.0717703253030777,0.2981090545654297,0.07423970103263855,-0.04669145122170448,-0.06283000856637955,0.028934836387634277,0.2129894196987152,-0.5616157650947571,0.0685853362083435,-1.0204330682754517,-0.05972510203719139,-0.05921473354101181,1.1795690059661865,-0.45896920561790466,-0.2153850793838501
0.18912526965141296,-0.03912440314888954,0.7942279577255249,0.029424471780657768,0.1568879783153534,-0.18197323381900787,0.9702608585357666,-0.307047039270401,0.21564002335071564,-0.5936681628227234,-0.5524988174438477,-0.523645281791687,0.0030018682591617107,-0.22543515264987946,0.2729947865009308,-0.3066810369491577,0.21168085932731628,-0.4672241508960724,0.2658073604106903,-0.06513304263353348,0.3084118664264679,0.08193863928318024,-0.01917623169720173,-0.06190125644207001,0.04899574816226959,0.21497003734111786,-0.5962953567504883,0.060475122183561325,-1.0952576398849487,-0.04805905371904373,-0.06588391214609146,1.1184442043304443,-0.4425254762172699,-0.1921403706073761
0.21351760625839233,-0.053049877285957336,0.789493203163147,0.03195982426404953,0.16191576421260834,-0.19099362194538116,0.9676173329353333,-0.34865105152130127,0.21371877193450928,-0.6123487949371338,-0.5894306302070618,-0.5370773673057556,-0.00908318068832159,-0.18937785923480988,0.30494242906570435,-0.30031129717826843,0.17299555242061615,-0.4439886808395386,0.29605889320373535,-0.06021231412887573,0.32257023453712463,0.08799239993095398,-0.01550015527755022,-0.04950333014130592,0.07237003743648529,0.280659556388855,-0.6576620936393738,0.04383426904678345,-1.1400212049484253,-0.031178804114460945,-0.07722306251525879,1.0229032039642334,-0.41802361607551575,-0.16569741070270538
0.24080729484558105,-0.06941105425357819,0.7863253951072693,0.033646415919065475,0.16406376659870148,-0.19806252419948578,0.9657754302024841,-0.3757036626338959,0.206457257270813,-0.6053583025932312,-0.625960111618042,-0.5402855277061462,-0.016859591007232666,-0.15051761269569397,0.33055388927459717,-0.2877955734729767,0.11893986165523529,-0.4130704700946808,0.27932456135749817,-0.04404309764504433,0.32559511065483093,0.09761551767587662,0.003676521824672818,-0.03298775106668472,0.089003786444664,0.3316967189311981,-0.7043213248252869,0.01162270549684763,-1.1464778184890747,-0.013808047398924828,-0.08016888052225113,0.9174043536186218,-0.40374326705932617,-0.14814907312393188
0.27162107825279236,-0.08807647973299026,0.7833350896835327,0.03328894451260567,0.1588606983423233,-0.2023739218711853,0.9657639265060425,-0.3706398904323578,0.18957483768463135,-0.578887939453125,-0.6738122701644897,-0.5152501463890076,-0.022831860929727554,-0.11088073253631592,0.35796239972114563,-0.2842051088809967,0.08381691575050354,-0.39011770486831665,0.26098379492759705,-0.013736884109675884,0.3349233567714691,0.07537499815225601,0.04332093894481659,-0.029948167502880096,0.11867310851812363,0.39844805002212524,-0.7759197354316711,0.012583399191498756,-1.125088095664978,0.027908930554986,-0.06264400482177734,0.8703312873840332,-0.4114880859851837,-0.14412377774715424
0.30574023723602295,-0.1090736985206604,0.7814493179321289,0.032016027718782425,0.15133905410766602,-0.20447967946529388,0.966571033000946,-0.3389442563056946,0.18052063882350922,-0.5482984781265259,-0.7503599524497986,-0.49030742049217224,-0.026202935725450516,-0.10669080913066864,0.36812853813171387,-0.28819864988327026,0.08293972909450531,-0.3772113621234894,0.24616925418376923,0.024009572342038155,0.3664341866970062,0.05341903120279312,0.08053119480609894,-0.028327614068984985,0.14379030466079712,0.46779435873031616,-0.8433763384819031,0.036170050501823425,-1.0906857252120972,0.07558690756559372,-0.030859263613820076,0.9154326319694519,-0.38310059905052185,-0.18046152591705322
0.34133481979370117,-0.1320512890815735,0.7801546454429626,0.030529113486409187,0.14427506923675537,-0.20475609600543976,0.967640221118927,-0.29107388854026794,0.19006912410259247,-0.5302658081054688,-0.8426494598388672,-0.4462049603462219,-0.043538328260183334,-0.11832164227962494,0.3493161201477051,-0.2861674427986145,0.09538360685110092,-0.3673219084739685,0.28309857845306396,0.05009264498949051,0.42789334058761597,0.05632903799414635,0.04375976696610451,-0.012564577162265778,0.1292066127061844,0.632163405418396,-0.8695288896560669,0.08768845349550247,-1.0317814350128174,0.08632469177246094,-0.032284218817949295,0.9673152565956116,-0.41638728976249695,-0.1919260174036026
0.3767889440059662,-0.1546914130449295,0.7766079306602478,0.028785742819309235,0.1353985220193863,-0.20595049858093262,0.9687223434448242,-0.2252434492111206,0.20766954123973846,-0.5160971283912659,-0.9213983416557312,-0.38587257266044617,-0.08382904529571533,-0.117368184030056,0.30474913120269775,-0.2816253900527954,0.10539675503969193,-0.3630056083202362,0.30758339166641235,0.05762613192200661,0.4510495364665985,0.03538968041539192,-0.11112301796674728,0.02879786491394043,0.1476723700761795,0.9723039269447327,-0.6652718186378479,0.11690214276313782,-0.9717039465904236,0.12642954289913177,-0.029401183128356934,1.0221493244171143,-0.4413333237171173,-0.2335681915283203
0.41021689772605896,-0.1767948567867279,0.7668988108634949,0.028351526707410812,0.13274981081485748,-0.20692768692970276,0.9688934683799744,-0.16920019686222076,0.24074465036392212,-0.5044152736663818,-0.9839432239532471,-0.34965401887893677,-0.11309677362442017,-0.12173362076282501,0.22695870697498322,-0.2700149416923523,0.12024670094251633,-0.3753886818885803,0.2929539382457733,0.05606253817677498,0.42418599128723145,-0.012342078611254692,-0.34213441610336304,0.1293817162513733,0.19309328496456146,1.3130728006362915,-0.043082933872938156,0.09939201921224594,-0.9450715184211731,0.19631262123584747,-0.01713777519762516,1.113325834274292,-0.5167705416679382,-0.25660619139671326
0.44392725825309753,-0.19848287105560303,0.7597972750663757,0.028451675549149513,0.1329890340566635,-0.20726214349269867,0.9687862396240234,-0.11967496573925018,0.26436808705329895,-0.4840819835662842,-1.029884696006775,-0.326412171125412,-0.13758496940135956,-0.12054213881492615,0.12382786720991135,-0.2772451341152191,0.15151014924049377,-0.39611944556236267,0.2378181517124176,0.040074948221445084,0.3547416925430298,-0.034828267991542816,-0.5256519317626953,0.14802385866641998,0.17530901730060577,1.5618664026260376,-0.12637434899806976,0.12563017010688782,-0.89378821849823,0.22433024644851685,-0.005702406633645296,1.162216305732727,-0.601456880569458,-0.26100000739097595
0.47807472944259644,-0.21959739923477173,0.7550674676895142,0.0286723542958498,0.1365026980638504,-0.20355439186096191,0.9690771698951721,-0.07187500596046448,0.28933185338974,-0.45452192425727844,-1.077417254447937,-0.3075031340122223,-0.13584569096565247,-0.09741383045911789,0.01756899803876877,-0.2873338460922241,0.17219436168670654,-0.44066905975341797,0.19474610686302185,0.01766899600625038,0.2730776369571686,-0.06499189883470535,-0.7362998127937317,0.15344490110874176,0.15933257341384888,1.740636944770813,-0.2294238656759262,0.15007108449935913,-0.830718994140625,0.2415461391210556,0.01266635861247778,1.1789250373840332,-0.6702425479888916,-0.26100000739097595
0.5139464735984802,-0.24110117554664612,0.754554808139801,0.028418224304914474,0.14355428516864777,-0.19210238754749298,0.9704025983810425,-0.026199843734502792,0.32108399271965027,-0.42343616485595703,-1.152907371520996,-0.2601686418056488,-0.10573109984397888,-0.039663925766944885,-0.06160533428192139,-0.2916499674320221,0.12205467373132706,-0.5407803654670715,0.19084922969341278,-0.023793764412403107,0.22061914205551147,-0.11139438301324844,-0.9451983571052551,0.15600907802581787,0.14408035576343536,1.8138055801391602,-0.31917786598205566,0.17844775319099426,-0.7503477334976196,0.25208353996276855,0.0334789864718914,1.1503814458847046,-0.7245483994483948,-0.26100000739097595
0.5505678653717041,-0.2612530291080475,0.7566313147544861,0.02406936138868332,0.1339821070432663,-0.1751696765422821,0.9750820994377136,0.048693180084228516,0.3687010705471039,-0.3937472403049469,-1.2755913734436035,-0.19971507787704468,-0.054933100938797,-0.00688046682626009,-0.07571765780448914,-0.27496662735939026,0.027409574016928673,-0.6771098971366882,0.18039977550506592,-0.08153527975082397,0.2008974701166153,-0.1783229112625122,-1.0906915664672852,0.17372024059295654,0.1234227865934372,1.8039863109588623,-0.3909733295440674,0.19439101219177246,-0.6185054183006287,0.2726239860057831,0.06069772318005562,1.1137458086013794,-0.7810103297233582,-0.26100000739097595
0.5915277004241943,-0.28310057520866394,0.765972375869751,0.021194446831941605,0.13350898027420044,-0.15534676611423492,0.9785670638084412,0.09789321571588516,0.4016297459602356,-0.3465799391269684,-1.3807953596115112,-0.14829371869564056,-0.050541143864393234,-0.015785839408636093,-0.07720699161291122,-0.2815307378768921,-0.0034748450852930546,-0.8122570514678955,0.07751287519931793,-0.1568063646554947,0.12435715645551682,-0.21668364107608795,-1.1767113208770752,0.13709756731987,0.1049693152308464,1.637481451034546,-0.42342400550842285,0.2145734578371048,-0.4660312533378601,0.2591859698295593,0.08413629233837128,0.9897796511650085,-0.7960052490234375,-0.26100000739097595
0.6358168721199036,-0.30644509196281433,0.7776798605918884,0.018259910866618156,0.13009785115718842,-0.13778817653656006,0.9817104935646057,0.1427440196275711,0.4240334928035736,-0.30037739872932434,-1.4599790573120117,-0.0964665487408638,-0.0596713051199913,-0.015692876651883125,-0.04421218857169151,-0.30732250213623047,0.0344715490937233,-0.9320181608200073,0.04020150378346443,-0.24921011924743652,0.01487891748547554,-0.21722091734409332,-1.1793583631515503,0.05006081610918045,0.05295361205935478,1.3716340065002441,-0.4390278458595276,0.18588408827781677,-0.30219370126724243,0.24130943417549133,0.09206546097993851,0.8514963388442993,-0.7909646034240723,-0.26100000739097595
0.6833320260047913,-0.3319337069988251,0.7883017659187317,0.01674480363726616,0.12597374618053436,-0.13069571554660797,0.9832440614700317,0.18392342329025269,0.43108728528022766,-0.2611388862133026,-1.503190517425537,-0.05405893549323082,-0.05485343560576439,0.005689079407602549,0.010259300470352173,-0.3281991183757782,0.08070817589759827,-1.0114612579345703,0.10285089164972305,-0.3138670325279236,-0.04845990613102913,-0.19575664401054382,-1.1124564409255981,-0.027169782668352127,-0.01865125633776188,1.0614467859268188,-0.460229754447937,0.08670783042907715,-0.16560475528240204,0.2314014881849289,0.09910331666469574,0.7556735873222351,-0.7835026979446411,-0.26100000739097595
0.7331249117851257,-0.3599016070365906,0.7956128716468811,0.01655467599630356,0.11947239190340042,-0.13625144958496094,0.9833045601844788,0.2080385386943817,0.42689067125320435,-0.25366586446762085,-1.5057454109191895,-0.04314156249165535,-0.035896506160497665,0.04182960465550423,0.0839211717247963,-0.3383351266384125,0.12318288534879684,-1.056066632270813,0.11830386519432068,-0.32610172033309937,-0.026201767846941948,-0.1629653424024582,-1.0138578414916992,-0.0759514719247818,-0.09344281256198883,0.8229461312294006,-0.506992518901825,0.017886007204651833,-0.08312235027551651,0.227338507771492,0.0852823480963707,0.7487361431121826,-0.7734570503234863,-0.26100000739097595
0.7816094756126404,-0.38850221037864685,0.7987690567970276,0.017770778387784958,0.11311943829059601,-0.15417328476905823,0.9813861846923828,0.19448105990886688,0.4255083501338959,-0.27867391705513,-1.4913936853408813,-0.071509949862957,-0.033844027668237686,0.04671642929315567,0.1624792367219925,-0.34420591592788696,0.15871746838092804,-1.073395848274231,0.07781480252742767,-0.3056788146495819,0.05182059481739998,-0.1235821545124054,-0.9434826970100403,-0.0859399363398552,-0.11613339185714722,0.7615127563476562,-0.4990706145763397,-0.027822213247418404,-0.1137351542711258,0.2138674110174179,0.026448693126440048,0.8926851749420166,-0.5986385941505432,-0.23428544402122498
0.8298152089118958,-0.4170425534248352,0.7938173413276672,0.018871046602725983,0.10259249806404114,-0.17991982400417328,0.9781346917152405,0.13608652353286743,0.4321984350681305,-0.3272741436958313,-1.461941123008728,-0.07792049646377563,-0.0734277293086052,0.03567136824131012,0.25333160161972046,-0.3509034812450409,0.18060468137264252,-1.0677927732467651,0.04280496761202812,-0.2652541697025299,0.15112316608428955,-0.08629373461008072,-0.8693975210189819,-0.07980141043663025,-0.08653298765420914,0.8358012437820435,-0.5103673934936523,-0.051846399903297424,-0.2143176645040512,0.15966519713401794,-0.05385563522577286,1.1177482604980469,-0.18738701939582825,-0.165304496884346
0.8742552995681763,-0.44315797090530396,0.7840093970298767,0.019299108535051346,0.09160780906677246,-0.20524068176746368,0.9742236733436584,0.009106394834816456,0.4648299217224121,-0.39785709977149963,-1.415218710899353,-0.15983855724334717,-0.08154656738042831,0.07086917012929916,0.3492911756038666,-0.33719414472579956,0.1744590550661087,-1.0082461833953857,0.039583899080753326,-0.22227424383163452,0.2054663598537445,-0.06927596032619476,-0.8421429991722107,-0.06532193720340729,-0.05435842275619507,0.9852330684661865,-0.4690277874469757,-0.0032222671434283257,-0.3351830542087555,0.09992491453886032,-0.12439767271280289,1.3767070770263672,-0.1825614720582962,-0.1909025013446808
0.9168640375137329,-0.46922892332077026,0.7717549800872803,0.021163970232009888,0.08826872706413269,-0.2321966141462326,0.9684242010116577,-0.1743084043264389,0.47581085562705994,-0.4613941013813019,-1.3868815898895264,-0.22608338296413422,-0.04519603028893471,0.14836685359477997,0.41576382517814636,-0.32546210289001465,0.15292750298976898,-0.868108332157135,0.0728323757648468,-0.18546247482299805,0.19818933308124542,-0.01620793156325817,-0.8010520339012146,-0.07671565562486649,-0.0470336377620697,1.1064916849136353,-0.5572116374969482,0.015067869797348976,-0.5142394304275513,0.030505577102303505,-0.18817833065986633,1.6354769468307495,-0.23369009792804718,-0.26072317361831665
0.9574592709541321,-0.49800723791122437,0.7678365707397461,0.0244287122040987,0.08831251412630081,-0.26548323035240173,0.9597514271736145,-0.35901346802711487,0.4555134177207947,-0.46358731389045715,-1.39568293094635,-0.27128085494041443,-0.053662870079278946,0.15547023713588715,0.4754713773727417,-0.3221648931503296,0.130221888422966,-0.731141984462738,0.20184797048568726,-0.09521058946847916,0.11685804277658463,0.043268054723739624,-0.6916648745536804,-0.07331525534391403,-0.04690268263220787,1.1005547046661377,-0.6459058523178101,0.016438370570540428,-0.6986191868782043,0.00513250520452857,-0.1966540664434433,1.7571516036987305,-0.26789820194244385,-0.26100000739097595
0.9955483078956604,-0.5309805870056152,0.7699710130691528,0.02919778786599636,0.09101265668869019,-0.3040768802165985,0.9478403925895691,-0.5296512246131897,0.4148459732532501,-0.41767561435699463,-1.4241093397140503,-0.29703521728515625,-0.07489190250635147,0.1385021209716797,0.5544012188911438,-0.3370848298072815,0.12019211053848267,-0.7124204039573669,0.2786909341812134,-0.023559443652629852,0.06563820689916611,0.09938670694828033,-0.5611549615859985,-0.053185414522886276,-0.03450969234108925,1.0409895181655884,-0.7086008191108704,0.0020073135383427143,-0.8750417232513428,-0.002790675964206457,-0.20230506360530853,1.764242172241211,-0.30423957109451294,-0.26100000739097595
1.0335216522216797,-0.5685142278671265,0.7796520590782166,0.03327073156833649,0.08992967754602432,-0.3453802764415741,0.9335513710975647,-0.6506847739219666,0.36973488330841064,-0.37227141857147217,-1.465254545211792,-0.3238198459148407,-0.0766826644539833,0.15086078643798828,0.6343689560890198,-0.36288708448410034,0.12242329865694046,-0.74583500623703,0.1275680959224701,-0.033848803490400314,0.11844589561223984,0.15157482028007507,-0.3844035267829895,-0.034577377140522,-0.02254665084183216,0.9100642800331116,-0.7430335283279419,-0.009582565166056156,-0.9757396578788757,0.015008555725216866,-0.20640796422958374,1.6272159814834595,-0.3410305082798004,-0.26100000739097595
1.0727379322052002,-0.6100714206695557,0.7942501306533813,0.035951025784015656,0.08670259267091751,-0.38133472204208374,0.9196597337722778,-0.7162801027297974,0.3374738097190857,-0.36807653307914734,-1.5348119735717773,-0.31915655732154846,-0.0705813318490982,0.17236928641796112,0.6988486051559448,-0.3736955225467682,0.12490636855363846,-0.78038090467453,0.037252455949783325,-0.045911625027656555,0.18690013885498047,0.18004126846790314,-0.20084793865680695,-0.017147665843367577,-0.00593013409525156,0.7611557841300964,-0.7576614022254944,-0.02937879040837288,-0.9827058911323547,0.058231379836797714,-0.20918281376361847,1.3493856191635132,-0.3432392179965973,-0.26099324226379395
1.1128673553466797,-0.6548169851303101,0.8096988201141357,0.03704427182674408,0.08164159953594208,-0.411532998085022,0.9069746136665344,-0.7116084098815918,0.30543625354766846,-0.38236933946609497,-1.613755226135254,-0.2805265486240387,-0.1186492070555687,0.13707712292671204,0.7432225942611694,-0.3641946017742157,0.12972602248191833,-0.8092191815376282,0.047276124358177185,-0.04371051862835884,0.20561733841896057,0.17767855525016785,-0.043480321764945984,0.00563597958534956,0.04079471901059151,0.6453543305397034,-0.7703967690467834,-0.028863804414868355,-0.8925527334213257,0.12555688619613647,-0.21607844531536102,0.938294529914856,-0.32537147402763367,-0.26096445322036743
1.1534991264343262,-0.7011269330978394,0.8194993734359741,0.034451182931661606,0.07075721025466919,-0.43640342354774475,0.8963027000427246,-0.6270015239715576,0.2645689845085144,-0.4126453995704651,-1.6851258277893066,-0.23182326555252075,-0.16629722714424133,0.08934596925973892,0.7662029266357422,-0.34132736921310425,0.11792878806591034,-0.8258420825004578,0.044100601226091385,-0.041979920119047165,0.2331024408340454,0.1656750738620758,0.041534673422575,0.02988453023135662,0.09136688709259033,0.6509029865264893,-0.6492817997932434,-0.05265048146247864,-0.7395082116127014,0.19835446774959564,-0.21848471462726593,0.5208113193511963,-0.33747974038124084,-0.2605687975883484
1.1944289207458496,-0.7455151677131653,0.8197923302650452,0.030148938298225403,0.05899805948138237,-0.4540438652038574,0.8885124921798706,-0.5133230686187744,0.22550933063030243,-0.45852160453796387,-1.7246102094650269,-0.20787295699119568,-0.18529313802719116,0.031884364783763885,0.7699461579322815,-0.30616575479507446,0.08071938902139664,-0.8550272583961487,0.05015883594751358,-0.04238477349281311,0.25597724318504333,0.1483571082353592,-0.01024090126156807,0.043678026646375656,0.08854836970567703,0.8560010194778442,-0.2416580468416214,-0.10429463535547256,-0.6369592547416687,0.243765726685524,-0.1908193975687027,0.33359095454216003,-0.3467383086681366,-0.26096925139427185
1.233298897743225,-0.7867457866668701,0.8106170296669006,0.027592046186327934,0.05259587615728378,-0.4637393653392792,0.8839786052703857,-0.4203842282295227,0.20136937499046326,-0.4980529248714447,-1.709610939025879,-0.2530380189418793,-0.2001698911190033,-0.06563812494277954,0.7390382885932922,-0.2765224874019623,0.06528982520103455,-0.9132871031761169,0.055027544498443604,-0.03310757875442505,0.24787776172161102,0.1248335987329483,-0.10619862377643585,0.08024588227272034,0.11425843089818954,1.115959882736206,-0.11562606692314148,-0.12120435386896133,-0.6097992658615112,0.2713547945022583,-0.14542458951473236,0.3765556514263153,-0.33979442715644836,-0.26098158955574036
1.2717612981796265,-0.8272725939750671,0.7952433228492737,0.026163138449192047,0.04903755709528923,-0.46999749541282654,0.8809160590171814,-0.3558763861656189,0.1864757239818573,-0.5047667026519775,-1.639007568359375,-0.37145140767097473,-0.22354859113693237,-0.16211780905723572,0.6704370379447937,-0.27698367834091187,0.06623966991901398,-1.0020089149475098,0.04951227828860283,-0.0012989395763725042,0.2231372594833374,0.10568267107009888,-0.20423783361911774,0.14901825785636902,0.18407735228538513,1.3463672399520874,-0.19550514221191406,-0.08855699002742767,-0.655137836933136,0.2597390115261078,-0.16974149644374847,0.5963537693023682,-0.2440730184316635,-0.26100000739097595
1.3042834997177124,-0.8707860708236694,0.7782784700393677,0.028199398890137672,0.05169396102428436,-0.478056401014328,0.8763530254364014,-0.2956579625606537,0.19757960736751556,-0.493374228477478,-1.5184181928634644,-0.44635897874832153,-0.23568414151668549,-0.16515092551708221,0.5412148237228394,-0.2912004292011261,0.10093880444765091,-1.1041953563690186,0.015193743631243706,0.04814780876040459,0.1780814826488495,0.05697253718972206,-0.36636683344841003,0.24094338715076447,0.2151896357536316,1.572975754737854,-0.2905234396457672,-0.0069250911474227905,-0.6807751655578613,0.3148927092552185,-0.11641118675470352,0.79299396276474,-0.32588818669319153,-0.26100000739097595
1.3362720012664795,-0.9130467772483826,0.766232967376709,0.03167520835995674,0.056564804166555405,-0.4875628352165222,0.870677649974823,-0.21162554621696472,0.2275201678276062,-0.4628579914569855,-1.4424870014190674,-0.5635677576065063,-0.21075884997844696,-0.16025587916374207,0.3507614731788635,-0.3078506290912628,0.12492035329341888,-1.1912589073181152,-0.010100501589477062,0.07787153869867325,0.1415213644504547,0.009392873384058475,-0.5680741667747498,0.2822280824184418,0.19248953461647034,1.7228449583053589,-0.35623982548713684,0.12727248668670654,-0.6492893695831299,0.3544011414051056,-0.07393888384103775,0.9087622165679932,-0.44205278158187866,-0.26100000739097595
1.3668673038482666,-0.9549738764762878,0.7601733803749084,0.03313648700714111,0.05804694816470146,-0.4946558475494385,0.8665149211883545,-0.1057032123208046,0.2894172966480255,-0.4253891706466675,-1.4702976942062378,-0.6889517307281494,-0.25140050053596497,-0.1999378353357315,0.16981512308120728,-0.310771644115448,0.13065484166145325,-1.2969911098480225,0.037056468427181244,0.07819560170173645,0.11917934566736221,-0.01612684689462185,-0.7725820541381836,0.2746009826660156,0.1415853202342987,1.7727967500686646,-0.4219350218772888,0.24326474964618683,-0.5691280961036682,0.3623626232147217,-0.04359687864780426,0.961987316608429,-0.5532746315002441,-0.26100000739097595
1.395843505859375,-0.9963865280151367,0.75887131690979,0.02720419503748417,0.04780902713537216,-0.49380987882614136,0.8678283095359802,0.0033558853901922703,0.3869785666465759,-0.4186728000640869,-1.5222010612487793,-0.628836989402771,-0.27233773469924927,-0.2288360595703125,0.05198271572589874,-0.2997674345970154,0.1379314810037613,-1.4319812059402466,0.06679820269346237,0.055618707090616226,0.11278001219034195,-0.04208923876285553,-0.9434458017349243,0.25229954719543457,0.06555663794279099,1.7530354261398315,-0.46106404066085815,0.26100000739097595,-0.44731757044792175,0.3679986894130707,-0.03225776553153992,0.9951418042182922,-0.6614353656768799,-0.26100000739097595
1.4248677492141724,-1.0433026552200317,0.7677055597305298,0.023115020245313644,0.041486479341983795,-0.48617103695869446,0.8725722432136536,0.09759464114904404,0.469851016998291,-0.40148302912712097,-1.5949857234954834,-0.5095081925392151,-0.24449840188026428,-0.24742577970027924,-0.014896711334586143,-0.3004525303840637,0.13536472618579865,-1.5788248777389526,0.1183416098356247,0.0000653071838314645,0.12171442806720734,-0.05863501504063606,-1.0152363777160645,0.16500036418437958,0.01569391041994095,1.5646634101867676,-0.4853977859020233,0.26100000739097595,-0.2743433117866516,0.35144293308258057,-0.002780064009130001,0.9107347726821899,-0.7171703577041626,-0.26100000739097595
1.4551632404327393,-1.0939769744873047,0.7811154127120972,0.02026156149804592,0.037258248776197433,-0.47731125354766846,0.877710223197937,0.18747901916503906,0.5209351181983948,-0.35713857412338257,-1.6476712226867676,-0.427270770072937,-0.2129766047000885,-0.24040892720222473,-0.03948592394590378,-0.319830983877182,0.14593911170959473,-1.6987861394882202,0.12359057366847992,-0.08181265741586685,0.14470596611499786,-0.06505107134580612,-0.9967916011810303,0.057847801595926285,-0.05628219619393349,1.2689622640609741,-0.4986759424209595,0.16098357737064362,-0.10090140998363495,0.3349827229976654,0.033582501113414764,0.7914979457855225,-0.7285320162773132,-0.26100000739097595
1.4851255416870117,-1.1484253406524658,0.7941526174545288,0.017176447436213493,0.03193403780460358,-0.4733862280845642,0.8801083564758301,0.2620251476764679,0.5333734154701233,-0.30692124366760254,-1.6488332748413086,-0.35676318407058716,-0.17189297080039978,-0.21907347440719604,-0.028696328401565552,-0.35170719027519226,0.18067513406276703,-1.7932487726211548,0.06980771571397781,-0.13762180507183075,0.15908274054527283,-0.06385937333106995,-0.9101905226707458,-0.02284081093966961,-0.15832316875457764,0.9480922818183899,-0.5195531845092773,0.014770155772566795,0.039619993418455124,0.32182180881500244,0.05140085518360138,0.7095320224761963,-0.7153668999671936,-0.26100000739097595
1.5130388736724854,-1.2043653726577759,0.8020336031913757,0.015058189630508423,0.027342693880200386,-0.4821683466434479,0.8755223155021667,0.2946164011955261,0.5126102566719055,-0.26124733686447144,-1.6134623289108276,-0.3214274048805237,-0.12715843319892883,-0.19682440161705017,-0.012085454538464546,-0.38208863139152527,0.2356923371553421,-1.876295566558838,0.0010888082906603813,-0.1514555662870407,0.17496559023857117,-0.04848087206482887,-0.8215785622596741,-0.04120955616235733,-0.20023292303085327,0.7269243001937866,-0.5731098055839539,-0.08550091832876205,0.0872357189655304,0.31090712547302246,0.033815089613199234,0.7512401342391968,-0.620495617389679,-0.26100000739097595
1.5402297973632812,-1.258828043937683,0.8026083707809448,0.012526271864771843,0.02153671160340309,-0.5026121735572815,0.8641529083251953,0.2667657732963562,0.49100974202156067,-0.2506886422634125,-1.5736533403396606,-0.31112396717071533,-0.11077012866735458,-0.17522726953029633,0.024619270116090775,-0.39081457257270813,0.2835024893283844,-1.9446797370910645,-0.08985793590545654,-0.15282759070396423,0.21067719161510468,-0.028699347749352455,-0.7469258308410645,-0.036558836698532104,-0.16907885670661926,0.6632446646690369,-0.5911368727684021,-0.04833059012889862,0.03856726363301277,0.27089881896972656,-0.006535517517477274,0.9307654500007629,-0.35699883103370667,-0.16116319596767426
1.5666321516036987,-1.3102807998657227,0.7956792712211609,0.012130471877753735,0.019320912659168243,-0.5315899848937988,0.8466945290565491,0.18686582148075104,0.48635780811309814,-0.26912516355514526,-1.550563097000122,-0.34867173433303833,-0.11793162673711777,-0.15563948452472687,0.07197149842977524,-0.38210901618003845,0.3149305582046509,-1.9796500205993652,-0.19839677214622498,-0.14616818726062775,0.26691049337387085,-0.012911736965179443,-0.7199560403823853,-0.01285272091627121,-0.14300677180290222,0.7458792328834534,-0.5250146985054016,-0.12235742062330246,-0.05861876904964447,0.1869339495897293,-0.06821205466985703,1.1599512100219727,-0.18365541100502014,-0.0814894288778305
1.5935550928115845,-1.360518455505371,0.7835818529129028,0.016398711130023003,0.023886803537607193,-0.5657411217689514,0.8240737318992615,0.05174325406551361,0.4886848032474518,-0.29151153564453125,-1.5441926717758179,-0.42371827363967896,-0.1318386048078537,-0.14944550395011902,0.11846446990966797,-0.3795587420463562,0.3122078478336334,-1.9627341032028198,-0.2356225997209549,-0.13502924144268036,0.3310156762599945,0.007973730564117432,-0.7398152351379395,-0.009221795946359634,-0.1251865029335022,0.907592236995697,-0.42120078206062317,-0.12974722683429718,-0.19554418325424194,0.0844649001955986,-0.11046270281076431,1.3919802904129028,-0.20539799332618713,-0.17367039620876312
1.6148624420166016,-1.407166600227356,0.7706363201141357,0.027291661128401756,0.03657185658812523,-0.5974505543708801,0.8006063103675842,-0.14072805643081665,0.4922971725463867,-0.3189217150211334,-1.522640585899353,-0.5345223546028137,-0.13430477678775787,-0.1491781771183014,0.19232077896595,-0.36446818709373474,0.2737591862678528,-1.8864370584487915,-0.1269991397857666,-0.11899863928556442,0.35562223196029663,0.0854623094201088,-0.7735357284545898,-0.016768643632531166,-0.10122781246900558,1.060081958770752,-0.4613150954246521,-0.10287968814373016,-0.42565518617630005,0.026266450062394142,-0.1304115653038025,1.6430792808532715,-0.259554386138916,-0.2609999477863312
1.632043480873108,-1.4561258554458618,0.7639079093933105,0.040975917130708694,0.04999629035592079,-0.6325591802597046,0.7718096971511841,-0.33192676305770874,0.4729017913341522,-0.31104081869125366,-1.5035654306411743,-0.6443778276443481,-0.14807842671871185,-0.14177127182483673,0.28618529438972473,-0.36674878001213074,0.23988015949726105,-1.7985402345657349,0.12261664122343063,-0.06316550076007843,0.24608755111694336,0.14552618563175201,-0.7323668003082275,-0.012104001827538013,-0.07250509411096573,1.1231751441955566,-0.5817740559577942,-0.08385182172060013,-0.6739010810852051,0.01756223477423191,-0.07758292555809021,1.7961245775222778,-0.3086993098258972,-0.26100000739097595
1.6427429914474487,-1.5069880485534668,0.7675263285636902,0.04784168675541878,0.05337139964103699,-0.6657622456550598,0.742713451385498,-0.4895784556865692,0.44395968317985535,-0.3086117208003998,-1.4963070154190063,-0.6483045816421509,-0.14800862967967987,-0.11050327122211456,0.42371034622192383,-0.37497106194496155,0.20519469678401947,-1.775697946548462,0.08390240371227264,0.01994829624891281,0.09142354875802994,0.1755916029214859,-0.5877137184143066,0.016176285222172737,-0.035984113812446594,1.0613118410110474,-0.6634610295295715,-0.07132871448993683,-0.8554030060768127,0.04578406363725662,-0.04004190117120743,1.7946323156356812,-0.3472989797592163,-0.26100000739097595
1.6475412845611572,-1.5600643157958984,0.7789067029953003,0.05197003111243248,0.05309266597032547,-0.6975778937339783,0.7126467227935791,-0.5821278691291809,0.3899582028388977,-0.3015047609806061,-1.5225396156311035,-0.6247439980506897,-0.1236431896686554,-0.05627848580479622,0.5480875372886658,-0.38131052255630493,0.1499842405319214,-1.7410929203033447,-0.09842754155397415,0.03959740325808525,-0.003687942633405328,0.2158578634262085,-0.39035773277282715,0.035175152122974396,-0.0021991601679474115,0.8995695114135742,-0.6864411234855652,-0.06957978755235672,-0.9609947204589844,0.07127711176872253,-0.03701334819197655,1.660535216331482,-0.369370698928833,-0.26100000739097595
1.6495712995529175,-1.6168272495269775,0.7960847020149231,0.05611816421151161,0.05283442512154579,-0.7259218692779541,0.6834447383880615,-0.6203263401985168,0.33403298258781433,-0.3221907317638397,-1.5788415670394897,-0.5735726952552795,-0.08594710379838943,0.038989074528217316,0.62909334897995,-0.38479819893836975,0.0760057270526886,-1.6794062852859497,-0.18795154988765717,0.055196668952703476,0.010793990455567837,0.254019170999527,-0.18507349491119385,0.04384907707571983,0.022033173590898514,0.6973524689674377,-0.6596534848213196,-0.08268827944993973,-0.9810168743133545,0.1034172847867012,-0.03296186402440071,1.4053773880004883,-0.3657729923725128,-0.26100000739097595
1.6489206552505493,-1.676737904548645,0.8137999773025513,0.05762293562293053,0.05054708570241928,-0.7495431900024414,0.6575025320053101,-0.602421760559082,0.2794561982154846,-0.364422470331192,-1.6419004201889038,-0.3992583453655243,-0.10953081399202347,0.11646034568548203,0.6759926676750183,-0.37896057963371277,0.014434019103646278,-1.5943092107772827,-0.15003113448619843,0.061062511056661606,0.04616240784525871,0.26587721705436707,-0.007370474748313427,0.06287878751754761,0.06526565551757812,0.53830885887146,-0.6428888440132141,-0.08540456742048264,-0.913008987903595,0.15362003445625305,-0.01919117569923401,1.0533111095428467,-0.34826526045799255,-0.26100000739097595
1.6480231285095215,-1.7384144067764282,0.8261222839355469,0.05413491278886795,0.0447055846452713,-0.7691608667373657,0.6351868510246277,-0.5226117968559265,0.21706430613994598,-0.38796165585517883,-1.6908475160598755,-0.2761003077030182,-0.1713017374277115,0.0675823912024498,0.6897000074386597,-0.3744727373123169,-0.023556789383292198,-1.5046309232711792,-0.11617343872785568,0.09906574338674545,0.06144105643033981,0.25336581468582153,0.11099620163440704,0.07753272354602814,0.1264427751302719,0.49266424775123596,-0.5831037759780884,-0.08664588630199432,-0.787115752696991,0.2024230808019638,-0.01327473483979702,0.6963663697242737,-0.3349136412143707,-0.26100000739097595
1.6470600366592407,-1.8010612726211548,0.8302060961723328,0.04517199844121933,0.03580059856176376,-0.7824098467826843,0.6200908422470093,-0.40698912739753723,0.16601280868053436,-0.40919843316078186,-1.7175965309143066,-0.27682313323020935,-0.19521422684192657,-0.06270928680896759,0.7007911205291748,-0.3713250458240509,-0.04141607880592346,-1.4560173749923706,-0.18287429213523865,0.16367387771606445,0.0509864017367363,0.22760839760303497,0.12475035339593887,0.09047140181064606,0.12973806262016296,0.6188541650772095,-0.28307464718818665,-0.09475462883710861,-0.658632755279541,0.23790833353996277,-0.0613965168595314,0.463721364736557,-0.3503248393535614,-0.26100000739097595
1.6473166942596436,-1.859853744506836,0.8232800960540771,0.04078659787774086,0.03201301395893097,-0.7855749130249023,0.6165903210639954,-0.3023298382759094,0.14031612873077393,-0.4441187381744385,-1.7130475044250488,-0.34190377593040466,-0.20913322269916534,-0.16474649310112,0.6975407004356384,-0.3655017912387848,-0.0415804386138916,-1.451235055923462,-0.26349836587905884,0.1879504919052124,0.03557940945029259,0.18810786306858063,0.025668948888778687,0.09840556234121323,0.10983256250619888,0.8763650059700012,0.01210586167871952,-0.09388655424118042,-0.5943247079849243,0.25567519664764404,-0.15554022789001465,0.4092402160167694,-0.38333821296691895,-0.26100000739097595
1.6478198766708374,-1.9161465167999268,0.8110817670822144,0.041474875062704086,0.0330159030854702,-0.7812755107879639,0.6219311952590942,-0.21900464594364166,0.13274416327476501,-0.4788220524787903,-1.6752855777740479,-0.38336852192878723,-0.22932307422161102,-0.2167397290468216,0.669921875,-0.3715037405490875,-0.028128696605563164,-1.484779715538025,-0.2585369944572449,0.19309262931346893,0.050316549837589264,0.17089180648326874,-0.08141684532165527,0.1394883394241333,0.1431654840707779,1.1208138465881348,-0.07830243557691574,-0.06269822269678116,-0.5916582942008972,0.22914640605449677,-0.23876038193702698,0.4907127022743225,-0.26498186588287354,-0.26100000739097595
1.643040657043457,-1.9699543714523315,0.791150689125061,0.04314770549535751,0.03493768349289894,-0.7759705185890198,0.6283210515975952,-0.15028665959835052,0.17016619443893433,-0.495861291885376,-1.6206117868423462,-0.40299201011657715,-0.2275751531124115,-0.22156979143619537,0.598724901676178,-0.3758121132850647,0.0063311257399618626,-1.5384632349014282,-0.27629193663597107,0.1970142424106598,0.0650753304362297,0.11063262075185776,-0.2365025281906128,0.2137521356344223,0.18039195239543915,1.3939131498336792,-0.19113484025001526,0.0018365370342507958,-0.6478837132453918,0.2540706694126129,-0.20551051199436188,0.7210560441017151,-0.31204909086227417,-0.26100000739097595
1.638153076171875,-2.019800901412964,0.7708954811096191,0.04781069606542587,0.039074815809726715,-0.7728211879730225,0.6316127777099609,-0.07717881351709366,0.23306983709335327,-0.4789622724056244,-1.5696232318878174,-0.48801133036613464,-0.22279232740402222,-0.22252896428108215,0.44295734167099,-0.36881276965141296,0.051531627774238586,-1.57888925075531,-0.3059248924255371,0.2278032749891281,0.05163297429680824,0.026749858632683754,-0.4608437418937683,0.3017251491546631,0.1841147541999817,1.6766661405563354,-0.29602742195129395,0.12491084635257721,-0.6828665137290955,0.3093510866165161,-0.1773400902748108,0.9241628646850586,-0.44942644238471985,-0.26100000739097595
1.6328351497650146,-2.069086790084839,0.7572340965270996,0.0488099530339241,0.03983604162931442,-0.7731906771659851,0.6310363411903381,0.02533191628754139,0.29800158739089966,-0.43567734956741333,-1.5453474521636963,-0.7101099491119385,-0.23326578736305237,-0.21546711027622223,0.2257688045501709,-0.3349718749523163,0.07117439061403275,-1.6149324178695679,-0.2769795358181,0.25710219144821167,0.04516855627298355,-0.015208084136247635,-0.7095409631729126,0.3153963088989258,0.116488017141819,1.855424404144287,-0.3512682020664215,0.260999858379364,-0.6510064601898193,0.3336164355278015,-0.1686221808195114,1.060426950454712,-0.6125714182853699,-0.26100000739097595
1.624695897102356,-2.118520975112915,0.7536846399307251,0.04896792024374008,0.03976507484912872,-0.7747337222099304,0.6291331648826599,0.12927226722240448,0.3598543107509613,-0.38380786776542664,-1.539918303489685,-0.8520705103874207,-0.24103371798992157,-0.19754183292388916,-0.012107273563742638,-0.2818308472633362,0.09798678755760193,-1.6378506422042847,-0.19186346232891083,0.24618476629257202,0.01466566976159811,-0.031730055809020996,-0.9266650080680847,0.2351321578025818,0.02344498783349991,1.8819491863250732,-0.3809719979763031,0.26100000739097595,-0.5500437617301941,0.33311927318573,-0.150553897023201,1.0788942575454712,-0.718645453453064,-0.26100000739097595
1.615924596786499,-2.169437885284424,0.7581965327262878,0.04959360137581825,0.04054082930088043,-0.7726407647132874,0.6316035985946655,0.215057373046875,0.41647869348526,-0.33020755648612976,-1.5441021919250488,-0.826861560344696,-0.2412901520729065,-0.217210590839386,-0.2276194840669632,-0.23757289350032806,0.13052238523960114,-1.6725536584854126,-0.10033106058835983,0.21516893804073334,0.029659762978553772,-0.05513256415724754,-1.0753933191299438,0.14332091808319092,-0.023183446377515793,1.7834885120391846,-0.4005061388015747,0.26100000739097595,-0.4168454110622406,0.31979697942733765,-0.1194777563214302,1.0318173170089722,-0.7884852290153503,-0.26100000739097595
1.6043919324874878,-2.2247231006622314,0.7695049047470093,0.04937000945210457,0.0410364530980587,-0.7674403786659241,0.6378980278968811,0.29023200273513794,0.4587651193141937,-0.2643512785434723,-1.5623643398284912,-0.7572915554046631,-0.23751279711723328,-0.2577897012233734,-0.3766094744205475,-0.21708641946315765,0.16536670923233032,-1.7213246822357178,0.05805313587188721,0.124772809445858,0.13052327930927277,-0.07979513704776764,-1.126070261001587,0.06090659275650978,-0.05346302688121796,1.5659288167953491,-0.41311225295066833,0.26100000739097595,-0.2591639459133148,0.31125351786613464,-0.07303275913000107,0.9300684928894043,-0.8065340518951416,-0.26100000739097595
1.5903091430664062,-2.28432559967041,0.7842031717300415,0.045839644968509674,0.03879674896597862,-0.7619317770004272,0.6448670625686646,0.35387274622917175,0.473490446805954,-0.20437444746494293,-1.5741366147994995,-0.7005282044410706,-0.2115815430879593,-0.26662594079971313,-0.43348559737205505,-0.22620753943920135,0.2081894725561142,-1.7866065502166748,0.208399698138237,-0.022982323542237282,0.2282349169254303,-0.09594543278217316,-1.070629596710205,-0.0037722650449723005,-0.09050747007131577,1.2607346773147583,-0.4678725302219391,0.19303658604621887,-0.09059225767850876,0.3021247088909149,-0.02803555689752102,0.8105335831642151,-0.8102881908416748,-0.26100000739097595
1.5727206468582153,-2.3469972610473633,0.7978155016899109,0.03894998878240585,0.03320668265223503,-0.7599847316741943,0.6479223966598511,0.3947557508945465,0.46897608041763306,-0.1742948442697525,-1.5642675161361694,-0.6587138175964355,-0.15852251648902893,-0.23957791924476624,-0.4074558615684509,-0.25342732667922974,0.268415242433548,-1.8558893203735352,0.1814073771238327,-0.13879194855690002,0.2551918923854828,-0.09991716593503952,-0.9543776512145996,-0.043973375111818314,-0.14425621926784515,0.9418006539344788,-0.5029416680335999,0.05795440450310707,0.0572451613843441,0.29699888825416565,0.003299588104709983,0.7203603982925415,-0.7816923260688782,-0.26100000739097595
1.5525161027908325,-2.410139799118042,0.8056566119194031,0.03254716843366623,0.027152933180332184,-0.7671796083450317,0.6400303840637207,0.4014695882797241,0.4613265097141266,-0.16610956192016602,-1.5509116649627686,-0.6172147989273071,-0.12233142554759979,-0.22417494654655457,-0.3326019048690796,-0.2755432724952698,0.34103962779045105,-1.9204672574996948,0.04380359873175621,-0.18845337629318237,0.24470140039920807,-0.08348743617534637,-0.8349148035049438,-0.05218760296702385,-0.1862127035856247,0.7163113951683044,-0.5571751594543457,-0.07497504353523254,0.11360368132591248,0.2866421043872833,-0.02335144765675068,0.7543692588806152,-0.6170524954795837,-0.26100000739097595
1.5318474769592285,-2.4706408977508545,0.8065894246101379,0.028874382376670837,0.023065274581313133,-0.7807866930961609,0.6237037777900696,0.3635216951370239,0.4647407829761505,-0.18729382753372192,-1.5509766340255737,-0.557145357131958,-0.11299285292625427,-0.22285579144954681,-0.22120489180088043,-0.2814350724220276,0.3889380097389221,-1.9734947681427002,-0.08103695511817932,-0.20732493698596954,0.25013870000839233,-0.06840372830629349,-0.7475296258926392,-0.04451359808444977,-0.1930253952741623,0.6454800367355347,-0.5731269121170044,-0.062200844287872314,0.06589255481958389,0.24318042397499084,-0.10258551687002182,0.9147815108299255,-0.2469971925020218,-0.2599261701107025
1.513081431388855,-2.5284082889556885,0.8015220165252686,0.02691453881561756,0.020225070416927338,-0.7989880442619324,0.6004037261009216,0.2874660789966583,0.48770642280578613,-0.23897840082645416,-1.5630384683609009,-0.49191731214523315,-0.10933896899223328,-0.2117508351802826,-0.09033532440662384,-0.2808094620704651,0.4038037657737732,-1.9829111099243164,-0.14391042292118073,-0.20924249291419983,0.27079638838768005,-0.05123055353760719,-0.7153322100639343,-0.022530853748321533,-0.16908806562423706,0.7464988231658936,-0.4770881235599518,-0.1437244564294815,0.0031059561297297478,0.15535837411880493,-0.19861677289009094,1.0986390113830566,-0.1787760704755783,-0.2388228476047516
1.4966673851013184,-2.582622766494751,0.7906197309494019,0.032274939119815826,0.022561512887477875,-0.8189651966094971,0.5724904537200928,0.15285709500312805,0.51075279712677,-0.31354618072509766,-1.5692898035049438,-0.4731462597846985,-0.09767448157072067,-0.18004897236824036,0.03588386997580528,-0.28075161576271057,0.3635762929916382,-1.9141170978546143,-0.10269397497177124,-0.19255739450454712,0.3151041269302368,0.008918866515159607,-0.7349317669868469,-0.032165803015232086,-0.1483449637889862,0.9055238366127014,-0.44378846883773804,-0.14467930793762207,-0.14951221644878387,0.07843102514743805,-0.2510907053947449,1.3515256643295288,-0.21839290857315063,-0.26100000739097595
1.4784828424453735,-2.6338512897491455,0.7802832722663879,0.045202676206827164,0.02912069484591484,-0.8394388556480408,0.5407875180244446,-0.03545452654361725,0.5201615691184998,-0.3827061057090759,-1.5549801588058472,-0.5480508208274841,-0.08878915756940842,-0.17525479197502136,0.1575087010860443,-0.2792067527770996,0.2996220290660858,-1.7869489192962646,0.0617629736661911,-0.1611926108598709,0.28577283024787903,0.07089606672525406,-0.7281716465950012,-0.03751892223954201,-0.11489119380712509,1.020883560180664,-0.4905244708061218,-0.09981206059455872,-0.3780999481678009,0.014514070935547352,-0.252871036529541,1.602418065071106,-0.2759629189968109,-0.26100000739097595
1.4573110342025757,-2.684283971786499,0.7734845280647278,0.06075054407119751,0.03538771718740463,-0.861950695514679,0.5020937323570251,-0.23000706732273102,0.5179961919784546,-0.4223121702671051,-1.563588261604309,-0.6033549308776855,-0.12094537168741226,-0.1822015941143036,0.28803157806396484,-0.2916772663593292,0.22302477061748505,-1.7521823644638062,0.15754511952400208,-0.14126859605312347,0.19994871318340302,0.12670935690402985,-0.680381715297699,-0.03881273418664932,-0.09225011616945267,1.0939995050430298,-0.6142770051956177,-0.08091816306114197,-0.6295043230056763,-0.016253042966127396,-0.21755491197109222,1.7699004411697388,-0.339887410402298,-0.26100000739097595
1.4298545122146606,-2.732189893722534,0.7766208052635193,0.06560849398374557,0.03423592075705528,-0.8841239213943481,0.4613548517227173,-0.39577898383140564,0.49931347370147705,-0.45263028144836426,-1.5751795768737793,-0.594645619392395,-0.13038916885852814,-0.1495550125837326,0.43475183844566345,-0.31041550636291504,0.13574175536632538,-1.784477710723877,0.0896950289607048,-0.14385411143302917,0.19336238503456116,0.15869933366775513,-0.5113879442214966,-0.01876269280910492,-0.05197904631495476,1.0148392915725708,-0.7019679546356201,-0.05878801271319389,-0.8062936663627625,-0.012063256464898586,-0.18834635615348816,1.769960880279541,-0.3744429349899292,-0.26100000739097595
1.3957817554473877,-2.7797274589538574,0.7890466451644897,0.07371939718723297,0.034033242613077164,-0.9049198627471924,0.4177646040916443,-0.5125454664230347,0.4576297402381897,-0.44061481952667236,-1.6124811172485352,-0.5691476464271545,-0.13329105079174042,-0.11747729778289795,0.5304842591285706,-0.33798766136169434,0.06747055798768997,-1.8068678379058838,0.037615127861499786,-0.1411876529455185,0.1922784298658371,0.21158598363399506,-0.3230898976325989,-0.017387675121426582,-0.03330203890800476,0.8678674697875977,-0.7415017485618591,-0.052635688334703445,-0.9076849818229675,-0.0003562946221791208,-0.18002326786518097,1.6232560873031616,-0.39580342173576355,-0.26100000739097595
1.3586586713790894,-2.825683355331421,0.8013138771057129,0.06602060049772263,0.026943692937493324,-0.9235079288482666,0.37689316272735596,-0.5615325570106506,0.40788477659225464,-0.4478302597999573,-1.6582558155059814,-0.5105637907981873,-0.1223834678530693,-0.06524664908647537,0.6418867111206055,-0.35934504866600037,0.025128204375505447,-1.817082166671753,0.012344049289822578,-0.13787198066711426,0.17920923233032227,0.24502450227737427,-0.10089724510908127,0.006546649616211653,-0.007459254935383797,0.694189190864563,-0.7322599291801453,-0.06982593983411789,-0.9094014763832092,0.05196122080087662,-0.19457487761974335,1.3633733987808228,-0.39810508489608765,-0.26100000739097595
1.3145701885223389,-2.8725082874298096,0.8188251852989197,0.06858982890844345,0.025154730305075645,-0.9363448023796082,0.3433964252471924,-0.5843867659568787,0.3635416328907013,-0.45111674070358276,-1.7131024599075317,-0.44746851921081543,-0.14011532068252563,-0.03987938165664673,0.7073615193367004,-0.35048213601112366,0.0010059586493298411,-1.8152357339859009,0.01586678810417652,-0.1395934522151947,0.16149243712425232,0.2712399959564209,0.06463493406772614,0.03122161701321602,0.026367584243416786,0.5350631475448608,-0.7107782363891602,-0.09719441086053848,-0.8237517476081848,0.12291228026151657,-0.19371390342712402,0.9551645517349243,-0.38414669036865234,-0.26100000739097595
1.270240306854248,-2.9202721118927,0.8271437287330627,0.05962390825152397,0.019706083461642265,-0.9476115107536316,0.313191682100296,-0.5298548340797424,0.3090279698371887,-0.44302791357040405,-1.7697679996490479,-0.37646180391311646,-0.16896335780620575,-0.03318500891327858,0.7695983648300171,-0.33890482783317566,0.003176391590386629,-1.815456748008728,0.0009277270291931927,-0.1376478224992752,0.1674356460571289,0.2716555595397949,0.1572786271572113,0.06232690438628197,0.06992437690496445,0.5333213210105896,-0.5347287654876709,-0.1604345738887787,-0.6836552619934082,0.20865605771541595,-0.17223891615867615,0.566601574420929,-0.37893766164779663,-0.26081550121307373
1.2272710800170898,-2.9693307876586914,0.8261321783065796,0.0495264008641243,0.015124109573662281,-0.9551166892051697,0.29166847467422485,-0.45169582962989807,0.2581990361213684,-0.44610244035720825,-1.817097783088684,-0.28617534041404724,-0.18533164262771606,-0.023834196850657463,0.808255672454834,-0.32722532749176025,0.013366205617785454,-1.8206573724746704,-0.020745666697621346,-0.13330130279064178,0.19416804611682892,0.24367402493953705,0.1309620440006256,0.05568768084049225,0.05256066471338272,0.7158985137939453,-0.16915324330329895,-0.18827210366725922,-0.5750417113304138,0.26510554552078247,-0.15130828320980072,0.3680356740951538,-0.3948555290699005,-0.26100000739097595
1.1872152090072632,-3.015838146209717,0.8178239464759827,0.04626533016562462,0.013619626872241497,-0.958180844783783,0.2820701003074646,-0.38801079988479614,0.2155957669019699,-0.4561615288257599,-1.840743899345398,-0.24222300946712494,-0.19533349573612213,-0.04674631729722023,0.8048895597457886,-0.31829550862312317,0.02805991657078266,-1.8282352685928345,-0.03460489585995674,-0.1296486109495163,0.2309945970773697,0.22414401173591614,0.05607060343027115,0.06396530568599701,0.0731082335114479,0.9292179942131042,-0.032942913472652435,-0.18368956446647644,-0.5157533884048462,0.28311222791671753,-0.15101665258407593,0.32570892572402954,-0.38542988896369934,-0.26100000739097595
1.1522717475891113,-3.060263156890869,0.7984451055526733,0.0420524962246418,0.012242292053997517,-0.9592198133468628,0.27924737334251404,-0.3206724524497986,0.19399285316467285,-0.46681809425354004,-1.827850103378296,-0.26390594244003296,-0.2080010622739792,-0.09087250381708145,0.758452296257019,-0.32273831963539124,0.05493263155221939,-1.8277552127838135,-0.030947590246796608,-0.1357681155204773,0.24984581768512726,0.1923196166753769,-0.07963728159666061,0.14324985444545746,0.15699687600135803,1.2520743608474731,-0.150334894657135,-0.147694393992424,-0.5631320476531982,0.28322064876556396,-0.1813976764678955,0.5360298156738281,-0.2899116575717926,-0.26100000739097595
1.1145126819610596,-3.0986685752868652,0.7762590646743774,0.046330805867910385,0.01347216498106718,-0.9591096639633179,0.27889183163642883,-0.25797730684280396,0.21335667371749878,-0.4661506414413452,-1.7719874382019043,-0.30606910586357117,-0.22108718752861023,-0.12143652141094208,0.6336128115653992,-0.3244660794734955,0.11441244930028915,-1.8026882410049438,-0.020948287099599838,-0.13325828313827515,0.22206619381904602,0.13256670534610748,-0.28739798069000244,0.25874853134155273,0.18924324214458466,1.5888798236846924,-0.2935087978839874,-0.0578174851834774,-0.6459083557128906,0.3274505138397217,-0.15864796936511993,0.8112282752990723,-0.3464612066745758,-0.26100000739097595
1.0759639739990234,-3.1371910572052,0.7611311674118042,0.054990872740745544,0.01601547561585903,-0.9585342407226562,0.27916234731674194,-0.1779949814081192,0.2442883998155594,-0.4533313512802124,-1.7064509391784668,-0.38342490792274475,-0.2166980654001236,-0.11507192999124527,0.4323439598083496,-0.33032795786857605,0.17066128551959991,-1.7741260528564453,0.05479048937559128,-0.1037217453122139,0.1803724616765976,0.06757036596536636,-0.5115689635276794,0.31386348605155945,0.17529186606407166,1.7921338081359863,-0.3771357536315918,0.09206121414899826,-0.6456584930419922,0.35564371943473816,-0.13595537841320038,0.9751320481300354,-0.4889988303184509,-0.26100000739097595
1.035736083984375,-3.1734390258789062,0.7523394823074341,0.05629017949104309,0.01650293357670307,-0.9579573273658752,0.2808501720428467,-0.054218463599681854,0.2930794060230255,-0.41345641016960144,-1.6920862197875977,-0.46952342987060547,-0.23496733605861664,-0.12774129211902618,0.21382227540016174,-0.3087724447250366,0.22111819684505463,-1.7668861150741577,0.1270093023777008,-0.08384066075086594,0.15365540981292725,0.029262393712997437,-0.7410531044006348,0.31880617141723633,0.1201767846941948,1.8943982124328613,-0.4511552155017853,0.22608359158039093,-0.5692151784896851,0.3677103519439697,-0.11515113711357117,1.0489833354949951,-0.6301614046096802,-0.26100000739097595
0.993750274181366,-3.208340883255005,0.7528584599494934,0.053774747997522354,0.015897342935204506,-0.9574635028839111,0.2830534279346466,0.08779097348451614,0.3456764817237854,-0.35764312744140625,-1.7303324937820435,-0.38860201835632324,-0.2393835484981537,-0.13975244760513306,0.00007468373951269314,-0.2685023546218872,0.26626306772232056,-1.7594740390777588,0.11897846311330795,-0.08741695433855057,0.15553681552410126,0.0030874081421643496,-0.9249494075775146,0.2763822376728058,0.06984604895114899,1.8634463548660278,-0.4938068985939026,0.26100000739097595,-0.43394482135772705,0.3605121374130249,-0.08604144304990768,1.0327924489974976,-0.7239061594009399,-0.26100000739097595
0.9475823640823364,-3.242743968963623,0.7615808844566345,0.05356627702713013,0.016238238662481308,-0.9554941654205322,0.2896513044834137,0.20878027379512787,0.3918454647064209,-0.2930760085582733,-1.7786779403686523,-0.25875625014305115,-0.20388075709342957,-0.13119687139987946,-0.18225924670696259,-0.2139960378408432,0.3011249005794525,-1.7487679719924927,0.14109499752521515,-0.10431616008281708,0.16076110303401947,-0.026657292619347572,-1.0339930057525635,0.19877322018146515,0.03670937195420265,1.7018917798995972,-0.5318585634231567,0.26100000739097595,-0.2689005732536316,0.3444121778011322,-0.04673530533909798,0.9397150874137878,-0.7695409059524536,-0.26100000739097595
0.8963377475738525,-3.2771224975585938,0.774821400642395,0.04986047372221947,0.015714535489678383,-0.9524478912353516,0.3001832067966461,0.3050326108932495,0.42074349522590637,-0.2145307958126068,-1.8205158710479736,-0.21953637897968292,-0.17262202501296997,-0.1387893110513687,-0.2918601632118225,-0.16660287976264954,0.33742013573646545,-1.7578266859054565,0.202451691031456,-0.12219607830047607,0.16298910975456238,-0.04035155102610588,-1.048214316368103,0.11010826379060745,0.009439243003726006,1.4283257722854614,-0.532513439655304,0.20742158591747284,-0.09054917097091675,0.3332229256629944,-0.005211875308305025,0.8126227855682373,-0.7821649312973022,-0.26100000739097595
0.8409236073493958,-3.3114585876464844,0.788826584815979,0.04447361081838608,0.014520562253892422,-0.9495735764503479,0.31003424525260925,0.36336174607276917,0.42733943462371826,-0.1452120691537857,-1.8402799367904663,-0.18653708696365356,-0.14804401993751526,-0.14011383056640625,-0.32625818252563477,-0.15506546199321747,0.3835008442401886,-1.7909901142120361,0.20570588111877441,-0.16843853890895844,0.17572171986103058,-0.046715423464775085,-0.9811379313468933,0.045323170721530914,-0.02060198411345482,1.0834556818008423,-0.5385793447494507,0.026346813887357712,0.06403055042028427,0.3274887800216675,0.022866645827889442,0.7023429870605469,-0.7560885548591614,-0.26100000739097595
0.7821780443191528,-3.3453664779663086,0.7982772588729858,0.03678194433450699,0.012217103503644466,-0.9483067393302917,0.31497958302497864,0.3670346140861511,0.42906203866004944,-0.12218060344457626,-1.8364373445510864,-0.15751682221889496,-0.1213226169347763,-0.11352650821208954,-0.2774738669395447,-0.17269247770309448,0.4198024272918701,-1.8302909135818481,0.18294133245944977,-0.24099691212177277,0.22492621839046478,-0.044205084443092346,-0.8836721181869507,0.006750556640326977,-0.05188426747918129,0.783820629119873,-0.5668774843215942,-0.16574564576148987,0.15139056742191315,0.3273523449897766,0.018717991188168526,0.6836124062538147,-0.6395961046218872,-0.26100000739097595
0.7237175107002258,-3.378230094909668,0.800751805305481,0.02913265861570835,0.009554719552397728,-0.9497535824775696,0.3114933371543884,0.3087035119533539,0.43484947085380554,-0.13459570705890656,-1.8298912048339844,-0.17671111226081848,-0.1162770614027977,-0.10407198965549469,-0.18547679483890533,-0.21506890654563904,0.432206392288208,-1.8581069707870483,0.22376973927021027,-0.2979781925678253,0.26174429059028625,-0.038733385503292084,-0.8041217923164368,-0.019640401005744934,-0.07767355442047119,0.6492602825164795,-0.5777074694633484,-0.15644504129886627,0.13783212006092072,0.3076127767562866,-0.030663583427667618,0.8030104041099548,-0.32221224904060364,-0.20431604981422424
0.6680558323860168,-3.4100444316864014,0.7970468997955322,0.0257817804813385,0.008063088171184063,-0.9540654420852661,0.2983779013156891,0.20416775345802307,0.4439980685710907,-0.17722664773464203,-1.8161818981170654,-0.17691464722156525,-0.12574408948421478,-0.09666364639997482,-0.08862181007862091,-0.2707501947879791,0.4171419143676758,-1.8463715314865112,0.3198079764842987,-0.32164275646209717,0.24206843972206116,-0.03342222422361374,-0.7477105259895325,-0.028408994898200035,-0.11273692548274994,0.6547914147377014,-0.5547374486923218,-0.14465050399303436,0.07988350093364716,0.23609519004821777,-0.12900163233280182,0.976793646812439,-0.14061972498893738,-0.15427130460739136
0.6152615547180176,-3.4421298503875732,0.7862570285797119,0.020526934415102005,0.005826515145599842,-0.961777925491333,0.27299806475639343,0.08219364285469055,0.4495181739330292,-0.23956525325775146,-1.7848162651062012,-0.1567515879869461,-0.13065211474895477,-0.0777948871254921,0.015899410471320152,-0.31911739706993103,0.3568836450576782,-1.7829861640930176,0.451552152633667,-0.328258752822876,0.22116529941558838,-0.012192662805318832,-0.7593791484832764,-0.02899167314171791,-0.12893429398536682,0.8340445756912231,-0.4137742519378662,-0.18085376918315887,-0.010395065881311893,0.1217685118317604,-0.24153707921504974,1.2177456617355347,-0.17405948042869568,-0.23689991235733032
0.5647169947624207,-3.4711217880249023,0.7749134302139282,0.03254386782646179,0.008201329037547112,-0.9691362380981445,0.2442305088043213,-0.10179799050092697,0.4541037082672119,-0.31552135944366455,-1.7305179834365845,-0.1634724885225296,-0.1260446459054947,-0.058157723397016525,0.12657199800014496,-0.339169979095459,0.25035107135772705,-1.707148551940918,0.6146535873413086,-0.34276095032691956,0.20036721229553223,0.06509906053543091,-0.7970000505447388,-0.05432717874646187,-0.1298668384552002,1.007863998413086,-0.40537410974502563,-0.1178249940276146,-0.20497000217437744,0.03964240476489067,-0.2768705189228058,1.487836480140686,-0.25284701585769653,-0.26100000739097595
0.5138791799545288,-3.4960474967956543,0.7668894529342651,0.04885484278202057,0.010377487167716026,-0.976954996585846,0.20751960575580597,-0.2930179536342621,0.44089651107788086,-0.3948688805103302,-1.6865317821502686,-0.26314225792884827,-0.14518307149410248,-0.038114968687295914,0.2564697563648224,-0.3567124307155609,0.1449478566646576,-1.6543776988983154,0.721216082572937,-0.3777470886707306,0.15515777468681335,0.12223497033119202,-0.7722654342651367,-0.043444082140922546,-0.09748828411102295,1.1082918643951416,-0.513282060623169,-0.08508556336164474,-0.4608128070831299,-0.02010524831712246,-0.2356216460466385,1.7267848253250122,-0.3178316056728363,-0.26100000739097595
0.46107497811317444,-3.5164434909820557,0.7658423185348511,0.05898720398545265,0.00974432472139597,-0.9848636388778687,0.16269344091415405,-0.4418001174926758,0.3993886709213257,-0.4400114119052887,-1.7004936933517456,-0.23866495490074158,-0.1822250336408615,-0.05925343558192253,0.40122711658477783,-0.37166914343833923,0.0804290920495987,-1.6553912162780762,0.683557391166687,-0.3907542824745178,0.12036842852830887,0.16126695275306702,-0.675959587097168,-0.016377335414290428,-0.07454373687505722,1.1420042514801025,-0.6412019729614258,-0.07998856902122498,-0.696820080280304,-0.0277525894343853,-0.1709440052509308,1.8361973762512207,-0.3761938214302063,-0.26100000739097595
0.40254029631614685,-3.5299134254455566,0.781036376953125,0.06614664942026138,0.007531299255788326,-0.9913762807846069,0.11287572979927063,-0.5533231496810913,0.347148060798645,-0.45688334107398987,-1.7319447994232178,-0.24864508211612701,-0.20257119834423065,-0.0783449336886406,0.5308249592781067,-0.36467307806015015,0.04129701480269432,-1.6700612306594849,0.627871572971344,-0.3815295994281769,0.11281995475292206,0.19581955671310425,-0.45823463797569275,0.012402449734508991,-0.036977920681238174,0.9727234840393066,-0.6886953711509705,-0.07256539911031723,-0.8313373327255249,-0.00850234180688858,-0.12563611567020416,1.7308297157287598,-0.39073678851127625,-0.26100000739097595
0.3425597548484802,-3.5395779609680176,0.7960704565048218,0.058919381350278854,0.0034390492364764214,-0.9965606927871704,0.05816797539591789,-0.584920346736908,0.29126906394958496,-0.46871134638786316,-1.7686679363250732,-0.3167264461517334,-0.20492233335971832,-0.06131622940301895,0.6414533853530884,-0.3627350926399231,0.018705084919929504,-1.6646678447723389,0.594394326210022,-0.3865568935871124,0.13683617115020752,0.23664340376853943,-0.21319511532783508,0.036623843014240265,0.0036014635115861893,0.7824280261993408,-0.7000197768211365,-0.06014447659254074,-0.880432665348053,0.03740125894546509,-0.11708438396453857,1.5263744592666626,-0.3965564966201782,-0.26100000739097595
0.2776511311531067,-3.545166254043579,0.8154906630516052,0.05423407256603241,0.00044575074571184814,-0.9984944462776184,0.008206642232835293,-0.5902493596076965,0.25536665320396423,-0.487448513507843,-1.8198049068450928,-0.29317721724510193,-0.2045840322971344,-0.06722366064786911,0.7140456438064575,-0.3366601765155792,-0.002613743068650365,-1.6512129306793213,0.5407714247703552,-0.3897203505039215,0.1323380023241043,0.2629821002483368,0.006261487957090139,0.06396986544132233,0.05378122627735138,0.593083381652832,-0.680304229259491,-0.06528327614068985,-0.8210744857788086,0.1167723685503006,-0.1037864238023758,1.1704847812652588,-0.37954893708229065,-0.26100000739097595
0.21182061731815338,-3.5481929779052734,0.8295422196388245,-0.04013504460453987,0.001476238016039133,0.9985179305076599,0.03672725707292557,-0.5448794960975647,0.2348540872335434,-0.5014812350273132,-1.8668906688690186,-0.2510913610458374,-0.21195028722286224,-0.09239760041236877,0.7662924528121948,-0.3057226240634918,-0.006386025808751583,-1.6352312564849854,0.4323382079601288,-0.3790614902973175,0.12462235987186432,0.2808881402015686,0.16007880866527557,0.10973586142063141,0.12216399610042572,0.5138335824012756,-0.5723978281021118,-0.1053578332066536,-0.6732320189476013,0.21694423258304596,-0.07696636021137238,0.7466967701911926,-0.3569188416004181,-0.26100000739097595
0.14514966309070587,-3.5531423091888428,0.8343134522438049,-0.020061636343598366,0.0014369547134265304,0.9972428679466248,0.07142950594425201,-0.4695546627044678,0.2124652862548828,-0.49901577830314636,-1.8920758962631226,-0.2539710998535156,-0.2209503948688507,-0.11388556659221649,0.8071578145027161,-0.2799658477306366,-0.02316622994840145,-1.633628487586975,0.33342018723487854,-0.374574214220047,0.15173740684986115,0.291613906621933,0.19309373199939728,0.14550158381462097,0.12760955095291138,0.6347652673721313,-0.1738082617521286,-0.16332712769508362,-0.5034298300743103,0.2797684073448181,-0.058375000953674316,0.40764644742012024,-0.3786107003688812,-0.21556150913238525
0.07986415922641754,-3.5583159923553467,0.8320599794387817,-0.013288822025060654,0.001198739162646234,0.9958673715591431,0.08983378857374191,-0.41119229793548584,0.18986676633358002,-0.48935866355895996,-1.8849741220474243,-0.26370567083358765,-0.22539807856082916,-0.11296815425157547,0.8012856245040894,-0.2531625032424927,-0.05281751975417137,-1.6360502243041992,0.2715741693973541,-0.3611786365509033,0.17864081263542175,0.2987218499183655,0.1646047979593277,0.15057741105556488,0.10345263034105301,0.8118611574172974,-0.045191239565610886,-0.1369754672050476,-0.40934082865715027,0.3025485873222351,-0.08921113610267639,0.24147222936153412,-0.40122300386428833,-0.2288452535867691
0.02021237276494503,-3.563385486602783,0.8190891742706299,-0.012908769771456718,0.0012704671826213598,0.9951080083847046,0.0979374572634697,-0.3514212369918823,0.1754232943058014,-0.4744614362716675,-1.839431881904602,-0.27128279209136963,-0.23240455985069275,-0.10831907391548157,0.7631610035896301,-0.24314327538013458,-0.05946484953165054,-1.6422868967056274,0.2664525508880615,-0.34692850708961487,0.14861948788166046,0.2674168050289154,0.07336904108524323,0.19170238077640533,0.1407271921634674,1.0836714506149292,-0.14979146420955658,-0.1324205845594406,-0.38406902551651,0.3302266299724579,-0.14139966666698456,0.21880395710468292,-0.3720715641975403,-0.25720611214637756
-0.03447355329990387,-3.570889472961426,0.7969292402267456,-0.01581466756761074,0.0016026875237002969,0.9947784543037415,0.10081267356872559,-0.2987564206123352,0.18065470457077026,-0.4501575231552124,-1.7617838382720947,-0.2724863290786743,-0.2548026144504547,-0.09696609526872635,0.7003092765808105,-0.2473667562007904,-0.0518074557185173,-1.6656943559646606,0.22162169218063354,-0.3320416212081909,0.14050167798995972,0.22294609248638153,-0.08018921315670013,0.24849893152713776,0.1731543391942978,1.3967046737670898,-0.2746666371822357,-0.050785552710294724,-0.4761965870857239,0.3271794319152832,-0.18101738393306732,0.4596051871776581,-0.1996895968914032,-0.26100000739097595
-0.0864446610212326,-3.5709221363067627,0.7766017913818359,-0.029232170432806015,0.00302521581761539,0.9942579865455627,0.10289502888917923,-0.2403896600008011,0.2117578536272049,-0.41828811168670654,-1.6590629816055298,-0.3105247914791107,-0.27363282442092896,-0.045740626752376556,0.571437656879425,-0.25569429993629456,-0.009373880922794342,-1.686092495918274,0.19292011857032776,-0.3183777332305908,0.13328169286251068,0.14072364568710327,-0.2926759719848633,0.3094851076602936,0.17360997200012207,1.6734561920166016,-0.40246808528900146,0.09397634863853455,-0.5556288361549377,0.39287295937538147,-0.10000532120466232,0.6958280205726624,-0.25977447628974915,-0.26100000739097595
-0.13945384323596954,-3.571075201034546,0.7633890509605408,-0.0458730049431324,0.0045688217505812645,0.9940188527107239,0.09900146722793579,-0.154876708984375,0.24951791763305664,-0.3859902620315552,-1.5849595069885254,-0.2902112603187561,-0.2784157395362854,0.006235232576727867,0.37864309549331665,-0.26027026772499084,0.0469793938100338,-1.680647850036621,0.18060290813446045,-0.2948335111141205,0.12045427411794662,0.044719815254211426,-0.5369764566421509,0.334629088640213,0.14781664311885834,1.8521760702133179,-0.46921154856681824,0.24618913233280182,-0.5695533752441406,0.4268297255039215,-0.07049325108528137,0.8549166917800903,-0.39160096645355225,-0.26100000739097595
-0.19092637300491333,-3.5682637691497803,0.7567452192306519,-0.046558283269405365,0.004229366779327393,0.9948104619979858,0.09036885201931,-0.03045538254082203,0.31097254157066345,-0.3553062379360199,-1.5867385864257812,-0.2810695171356201,-0.3043392300605774,0.0017093875212594867,0.2071218490600586,-0.2354949414730072,0.10436275601387024,-1.6979634761810303,0.1277531534433365,-0.2904890179634094,0.1668301820755005,-0.017163144424557686,-0.7741314172744751,0.30216261744499207,0.042625490576028824,1.9330976009368896,-0.5348990559577942,0.26100000739097595,-0.5054003000259399,0.4375618100166321,-0.06979019194841385,0.9483780264854431,-0.53734290599823,-0.26100000739097595
-0.24352842569351196,-3.5631356239318848,0.7615097761154175,-0.050213735550642014,0.0038707482162863016,0.9957768321037292,0.07675990462303162,0.08201533555984497,0.3630446791648865,-0.31045129895210266,-1.6508864164352417,-0.23795562982559204,-0.30851271748542786,-0.05505002662539482,0.044868938624858856,-0.22103741765022278,0.16124846041202545,-1.7442928552627563,0.0969243273139,-0.2833746075630188,0.20498956739902496,-0.055214330554008484,-0.954531729221344,0.20277924835681915,-0.02291383594274521,1.8401641845703125,-0.5249213576316833,0.26100000739097595,-0.3828977644443512,0.4201364517211914,-0.04617626965045929,0.9110605120658875,-0.6110358238220215,-0.26100000739097595
-0.29939863085746765,-3.5538744926452637,0.7732333540916443,-0.05372678488492966,0.0032446838449686766,0.9967343807220459,0.06019507721066475,0.1921081840991974,0.40965282917022705,-0.24268637597560883,-1.721534252166748,-0.1951664537191391,-0.2941495180130005,-0.0945986658334732,-0.07625911384820938,-0.19699133932590485,0.20099246501922607,-1.7900205850601196,0.08905144780874252,-0.27742013335227966,0.2500804364681244,-0.09542125463485718,-1.0287243127822876,0.09426011890172958,-0.07238777726888657,1.6105519533157349,-0.5373806357383728,0.26100000739097595,-0.22757232189178467,0.41447141766548157,0.014915633015334606,0.8027133345603943,-0.6336678266525269,-0.26100000739097595
-0.3595563471317291,-3.5422866344451904,0.7885409593582153,-0.052661553025245667,0.0024391391780227423,0.9975399971008301,0.04620332643389702,0.3000642657279968,0.43480122089385986,-0.1679372489452362,-1.7701747417449951,-0.1590166538953781,-0.27233463525772095,-0.10378259420394897,-0.13214588165283203,-0.1792413592338562,0.24113643169403076,-1.8252365589141846,0.08570433408021927,-0.26393866539001465,0.27264684438705444,-0.11591231822967529,-0.9951394200325012,0.0018808967433869839,-0.1158364862203598,1.274499535560608,-0.5499809980392456,0.22968001663684845,-0.05952126905322075,0.39666152000427246,0.060315441340208054,0.6725481152534485,-0.6292669177055359,-0.26100000739097595
-0.4228077530860901,-3.5271928310394287,0.8019054532051086,-0.04748278111219406,0.0019745477475225925,0.9980075359344482,0.041501644998788834,0.39233365654945374,0.4356854259967804,-0.10636568069458008,-1.7898231744766235,-0.11066707968711853,-0.24952562153339386,-0.08213511109352112,-0.13356882333755493,-0.17503678798675537,0.28957822918891907,-1.847827672958374,0.08272811025381088,-0.26079365611076355,0.2793625593185425,-0.11492867022752762,-0.8950135707855225,-0.04673947021365166,-0.1635412722826004,0.9063333868980408,-0.5615056157112122,0.06295343488454819,0.09472845494747162,0.3823074698448181,0.08397593349218369,0.5582024455070496,-0.5838982462882996,-0.26100000739097595
-0.4857466518878937,-3.5085809230804443,0.8083570599555969,-0.04026030749082565,0.002002321183681488,0.9979537725448608,0.04963260889053345,0.43751785159111023,0.4334801733493805,-0.07077672332525253,-1.7946114540100098,-0.08328673988580704,-0.2393883317708969,-0.08573219925165176,-0.10198502987623215,-0.18385525047779083,0.33020323514938354,-1.8611444234848022,0.09170545637607574,-0.2607654333114624,0.3013196289539337,-0.1042654812335968,-0.7963224053382874,-0.05620929226279259,-0.20898298919200897,0.6530870795249939,-0.5821923613548279,-0.09657680243253708,0.17272688448429108,0.3696921169757843,0.05684249848127365,0.5603598952293396,-0.4449671506881714,-0.26100000739097595
-0.5461267232894897,-3.4900567531585693,0.8085717558860779,-0.03483157232403755,0.002474668435752392,0.9968773722648621,0.07082485407590866,0.4185333251953125,0.44647422432899475,-0.0739898532629013,-1.8060129880905151,-0.08267872780561447,-0.24887391924858093,-0.09594443440437317,-0.05431521311402321,-0.20104217529296875,0.3553192615509033,-1.8691999912261963,0.08091551065444946,-0.2602812647819519,0.3281029760837555,-0.09063725918531418,-0.7197855710983276,-0.05113571509718895,-0.21596504747867584,0.559491753578186,-0.5785730481147766,-0.04586305096745491,0.15936648845672607,0.3352344036102295,-0.006902948021888733,0.6864140629768372,-0.19877178966999054,-0.18775993585586548
-0.6039782762527466,-3.4736061096191406,0.8029303550720215,-0.0323544517159462,0.0033074584789574146,0.9942892789840698,0.10164197534322739,0.3362365961074829,0.4772794842720032,-0.1278129667043686,-1.8055858612060547,-0.12569333612918854,-0.26459410786628723,-0.053839877247810364,0.003882042597979307,-0.21365685760974884,0.35244664549827576,-1.847540020942688,0.03506793454289436,-0.253454327583313,0.3336861729621887,-0.07747583091259003,-0.7022395133972168,-0.023637473583221436,-0.1797776073217392,0.6482468843460083,-0.4672095775604248,-0.11957456916570663,0.09874335676431656,0.24377085268497467,-0.13637112081050873,0.8881134390830994,-0.11066137254238129,-0.15210957825183868
-0.6580687761306763,-3.459803581237793,0.7890570759773254,-0.03198036178946495,0.00445249117910862,0.9899303317070007,0.13782382011413574,0.19103042781352997,0.5142049789428711,-0.24485471844673157,-1.7765557765960693,-0.24987860023975372,-0.27148908376693726,0.07597140967845917,0.07499365508556366,-0.22705431282520294,0.31481078267097473,-1.7742074728012085,0.07501630485057831,-0.25696107745170593,0.27181482315063477,-0.03306383267045021,-0.7509263157844543,-0.014106939546763897,-0.14240489900112152,0.8731537461280823,-0.3938693702220917,-0.15107645094394684,-0.046753931790590286,0.13193655014038086,-0.25000032782554626,1.2146519422531128,-0.1785936951637268,-0.21776950359344482
-0.7100780010223389,-3.443855047225952,0.7771420478820801,-0.05001870170235634,0.008939889259636402,0.9831287860870361,0.17571553587913513,-0.040526311844587326,0.5430904626846313,-0.4019618034362793,-1.7098475694656372,-0.3485596776008606,-0.24666988849639893,0.21865156292915344,0.1495513767004013,-0.24487198889255524,0.2424864023923874,-1.692379355430603,0.20749826729297638,-0.27921968698501587,0.1746399998664856,0.02614716626703739,-0.77479088306427,-0.008085696026682854,-0.09840518981218338,1.0158771276474,-0.45489954948425293,-0.11583773791790009,-0.2638123631477356,0.03713763877749443,-0.2782326638698578,1.4942981004714966,-0.2451351284980774,-0.26100000739097595
-0.7609654664993286,-3.4262208938598633,0.7680708765983582,-0.0627368837594986,0.014121810905635357,0.9735704660415649,0.21914663910865784,-0.27100804448127747,0.5536749362945557,-0.5401001572608948,-1.6866270303726196,-0.4249013066291809,-0.2718980312347412,0.24514293670654297,0.2538067400455475,-0.29194310307502747,0.18552431464195251,-1.6553311347961426,0.26171430945396423,-0.31694549322128296,0.08143286406993866,0.08396663516759872,-0.73995041847229,-0.0052214255556464195,-0.06529983878135681,1.1169929504394531,-0.5753883719444275,-0.09061965346336365,-0.5031618475914001,-0.026026491075754166,-0.24391818046569824,1.7188794612884521,-0.31168434023857117,-0.26100000739097595
-0.8099524974822998,-3.4030051231384277,0.7682300209999084,-0.06484584510326385,0.017935143783688545,0.9616308212280273,0.26596903800964355,-0.4658416211605072,0.5250307321548462,-0.6146934628486633,-1.6958417892456055,-0.49212396144866943,-0.3188477158546448,0.16863688826560974,0.3941463232040405,-0.3423997163772583,0.15018703043460846,-1.6767127513885498,0.22132401168346405,-0.33700355887413025,0.04297565296292305,0.14003361761569977,-0.60381019115448,0.0047745974734425545,-0.03632977232336998,1.0962527990341187,-0.6741932034492493,-0.07783900946378708,-0.6916109323501587,-0.04506751894950867,-0.20387141406536102,1.7864055633544922,-0.34162425994873047,-0.26100000739097595
-0.8569766283035278,-3.3729002475738525,0.7780747413635254,-0.06230989843606949,0.020875949412584305,0.9461488127708435,0.31699225306510925,-0.5763192176818848,0.4627315104007721,-0.6080361604690552,-1.7216063737869263,-0.5355218648910522,-0.3169187009334564,0.1320934295654297,0.5289689898490906,-0.3771056532859802,0.12277553230524063,-1.6883013248443604,0.19698840379714966,-0.34529826045036316,0.03773405775427818,0.19789563119411469,-0.3914051949977875,0.018822355195879936,-0.0012606314849108458,0.9441702961921692,-0.7056106925010681,-0.07103810459375381,-0.8088297843933105,-0.03144281730055809,-0.1870516836643219,1.7016524076461792,-0.3730674982070923,-0.26100000739097595
-0.9057696461677551,-3.3372445106506348,0.7936183214187622,-0.061477892100811005,0.02420499362051487,0.9284452199935913,0.36554622650146484,-0.6249337792396545,0.39508846402168274,-0.565319836139679,-1.7690227031707764,-0.5130068063735962,-0.2934337556362152,0.11971019208431244,0.6445513367652893,-0.3940299153327942,0.0876007154583931,-1.685636281967163,0.19042019546031952,-0.3513029217720032,0.0417681522667408,0.2381746619939804,-0.16297024488449097,0.024952499195933342,0.04164953529834747,0.7430744171142578,-0.699789822101593,-0.08265469968318939,-0.8535422086715698,0.018223892897367477,-0.17023542523384094,1.4837298393249512,-0.3773241937160492,-0.26100000739097595
-0.9543481469154358,-3.295912742614746,0.8129463791847229,-0.06557270884513855,0.02913854457437992,0.9114811420440674,0.4050348997116089,-0.6305502653121948,0.33770084381103516,-0.5202767252922058,-1.8222248554229736,-0.4576151967048645,-0.2757321298122406,0.10632409900426865,0.7301092743873596,-0.3725437819957733,0.05191124603152275,-1.6729451417922974,0.17619559168815613,-0.35408538579940796,0.03487199917435646,0.26137420535087585,0.04061046242713928,0.022494908422231674,0.07537790387868881,0.526649534702301,-0.6914738416671753,-0.10054977238178253,-0.8029834032058716,0.08418619632720947,-0.15875987708568573,1.114667534828186,-0.40435656905174255,-0.26100000739097595
-1.0018566846847534,-3.2543039321899414,0.8216958045959473,-0.0629732757806778,0.030935300514101982,0.8953364491462708,0.4398294687271118,-0.5729631185531616,0.2846745550632477,-0.47979602217674255,-1.8662151098251343,-0.40144601464271545,-0.27058809995651245,0.09985711425542831,0.7928755879402161,-0.35003918409347534,0.031750261783599854,-1.6580345630645752,0.13186168670654297,-0.347542941570282,0.045624371618032455,0.2638118863105774,0.16148723661899567,0.02777625247836113,0.13182571530342102,0.4706643223762512,-0.6458167433738708,-0.1277419477701187,-0.7227829098701477,0.15199732780456543,-0.16170604526996613,0.7580754160881042,-0.43090829253196716,-0.26100000739097595
-1.0505088567733765,-3.211897134780884,0.8241134881973267,-0.056263718754053116,0.029726412147283554,0.8823872208595276,0.46620112657546997,-0.4869370460510254,0.24683138728141785,-0.4582288861274719,-1.8855228424072266,-0.36852800846099854,-0.267873615026474,0.10478992015123367,0.8316466212272644,-0.33239999413490295,0.028942089527845383,-1.6566587686538696,0.09489549696445465,-0.33851444721221924,0.07044516503810883,0.2366807460784912,0.19274409115314484,0.02625988982617855,0.14465607702732086,0.5661149621009827,-0.37414228916168213,-0.14467750489711761,-0.6216587424278259,0.21124213933944702,-0.19075262546539307,0.4883106052875519,-0.44400596618652344,-0.26100000739097595
-1.0961792469024658,-3.1747350692749023,0.8139981627464294,-0.04846412315964699,0.026717592030763626,0.874397873878479,0.4820432960987091,-0.4006192982196808,0.22981542348861694,-0.45813238620758057,-1.8616617918014526,-0.35489368438720703,-0.2682185471057892,0.10051523894071579,0.8353345990180969,-0.3205057680606842,0.05024174600839615,-1.6595014333724976,0.05660109221935272,-0.3233618438243866,0.09012029320001602,0.19013658165931702,0.10437586903572083,0.03797728195786476,0.14755821228027344,0.8285708427429199,-0.030701516196131706,-0.17398978769779205,-0.5675044655799866,0.2703358232975006,-0.21126942336559296,0.4061352014541626,-0.41806861758232117,-0.26100000739097595
-1.1410924196243286,-3.138798236846924,0.800316333770752,-0.04620647057890892,0.025742672383785248,0.8723526000976562,0.486007422208786,-0.33323168754577637,0.2260473519563675,-0.47029542922973633,-1.7975596189498901,-0.35916852951049805,-0.27115172147750854,0.0961829200387001,0.7885684967041016,-0.31483158469200134,0.0754634290933609,-1.6736581325531006,0.040465936064720154,-0.3102392256259918,0.09775378555059433,0.18671447038650513,0.0009110458777286112,0.09770156443119049,0.18581098318099976,1.1014035940170288,-0.08416010439395905,-0.15927809476852417,-0.576086163520813,0.2670757472515106,-0.23340830206871033,0.4989776015281677,-0.2603320777416229,-0.26100000739097595
-1.1800663471221924,-3.1024534702301025,0.7778899073600769,-0.046723343431949615,0.025967352092266083,0.8728286623954773,0.4850904941558838,-0.2782994508743286,0.26127782464027405,-0.48262038826942444,-1.699449896812439,-0.39030444622039795,-0.28577566146850586,0.10991866886615753,0.6898375153541565,-0.30272066593170166,0.12287505716085434,-1.692984700202942,0.02834315039217472,-0.29578232765197754,0.08701757341623306,0.12772046029567719,-0.17224036157131195,0.21739976108074188,0.23260274529457092,1.4528753757476807,-0.22541332244873047,-0.11838329583406448,-0.6418027877807617,0.3014410734176636,-0.20427507162094116,0.7553945779800415,-0.31769442558288574,-0.26100000739097595
-1.217598795890808,-3.0639681816101074,0.7607285380363464,-0.053627848625183105,0.030046597123146057,0.8707520961761475,0.48786476254463196,-0.19165579974651337,0.292446494102478,-0.45871254801750183,-1.5938466787338257,-0.4901597499847412,-0.2947227656841278,0.12312134355306625,0.49012961983680725,-0.32069098949432373,0.1856500804424286,-1.703031063079834,0.02479572407901287,-0.2609989643096924,0.05089554563164711,0.06005125492811203,-0.37220528721809387,0.29895269870758057,0.2312859743833542,1.6976879835128784,-0.3025779128074646,-0.002079404890537262,-0.658945620059967,0.34178274869918823,-0.16056685149669647,0.9503036737442017,-0.4795650243759155,-0.26100000739097595
-1.2534304857254028,-3.0244293212890625,0.7514597177505493,-0.058426953852176666,0.03315243497490883,0.8677775263786316,0.4923914968967438,-0.04600932449102402,0.33661431074142456,-0.41896486282348633,-1.559160590171814,-0.4932175874710083,-0.2996072471141815,0.13005168735980988,0.24523790180683136,-0.32985779643058777,0.2224893569946289,-1.746320366859436,0.1079198345541954,-0.22737841308116913,0.06318771094083786,0.007819770835340023,-0.6032487750053406,0.325176477432251,0.17777685821056366,1.8468739986419678,-0.35401254892349243,0.13813839852809906,-0.5973638892173767,0.35628455877304077,-0.12856878340244293,1.0351759195327759,-0.6142228245735168,-0.26100000739097595
-1.2865345478057861,-2.9840118885040283,0.7496625781059265,-0.05580602586269379,0.031703125685453415,0.867696225643158,0.4929339289665222,0.11705803871154785,0.40058740973472595,-0.3772220313549042,-1.6263707876205444,-0.46286043524742126,-0.3063690960407257,0.10704723745584488,0.024463249370455742,-0.32649311423301697,0.2415848970413208,-1.8299181461334229,0.14357390999794006,-0.206371009349823,0.10161621868610382,-0.010639987885951996,-0.8229003548622131,0.3028937876224518,0.09715208411216736,1.8877990245819092,-0.4197445213794708,0.2192641645669937,-0.475210577249527,0.3452669084072113,-0.11155315488576889,1.039637565612793,-0.7216132879257202,-0.26100000739097595
-1.3186699151992798,-2.940307855606079,0.7571066617965698,-0.052315227687358856,0.029320457950234413,0.870765745639801,0.4880271255970001,0.2646617293357849,0.462268590927124,-0.31107962131500244,-1.7179243564605713,-0.4371042549610138,-0.300847589969635,0.037385813891887665,-0.173275426030159,-0.34196481108665466,0.25391122698783875,-1.9158443212509155,0.1469033807516098,-0.19370107352733612,0.13389120995998383,-0.03214140608906746,-0.9735633134841919,0.23450100421905518,0.034497685730457306,1.7888171672821045,-0.44991937279701233,0.26100000739097595,-0.30571648478507996,0.3358682096004486,-0.0726429671049118,0.9490668177604675,-0.7823026180267334,-0.26100000739097595
-1.3518896102905273,-2.8919718265533447,0.770879328250885,-0.050635550171136856,0.027523143216967583,0.8771363496780396,0.4767707288265228,0.3870145082473755,0.502591609954834,-0.22981534898281097,-1.781643033027649,-0.39080795645713806,-0.28405827283859253,0.0011091335909441113,-0.301881343126297,-0.3578474521636963,0.250434935092926,-1.991808533668518,0.16412371397018433,-0.20225705206394196,0.1543465107679367,-0.05641802027821541,-1.0329947471618652,0.14564837515354156,-0.012532141990959644,1.5675727128982544,-0.4635063111782074,0.2589147388935089,-0.13197727501392365,0.3277209401130676,-0.019303619861602783,0.8194934725761414,-0.7784518003463745,-0.26100000739097595
-1.3862971067428589,-2.839752674102783,0.7872176766395569,-0.04807693883776665,0.025355340912938118,0.8832184076309204,0.4658013582229614,0.48139023780822754,0.512645423412323,-0.16021260619163513,-1.8050119876861572,-0.3387402892112732,-0.24342423677444458,0.026111187413334846,-0.35001853108406067,-0.37400904297828674,0.25633081793785095,-2.0519614219665527,0.13228042423725128,-0.21385428309440613,0.15779072046279907,-0.06548889726400375,-0.998937726020813,0.0515415221452713,-0.07738510519266129,1.25185227394104,-0.5013682246208191,0.15442205965518951,0.03066064417362213,0.3141259551048279,0.016441918909549713,0.6866384148597717,-0.7568798065185547,-0.26100000739097595
-1.4194872379302979,-2.78374981880188,0.8003064393997192,-0.04183125123381615,0.021699432283639908,0.8866889476776123,0.45995867252349854,0.5330507755279541,0.5003191828727722,-0.12437108904123306,-1.7889167070388794,-0.32589974999427795,-0.19799062609672546,0.07470808178186417,-0.32808002829551697,-0.3866698443889618,0.27821338176727295,-2.093003988265991,0.06767090409994125,-0.22380848228931427,0.1434129923582077,-0.06126432120800018,-0.9069088697433472,-0.008989105932414532,-0.15215450525283813,0.9243771433830261,-0.5344547033309937,0.00549351517111063,0.15486301481723785,0.30770424008369446,0.01614469103515148,0.6069944500923157,-0.6845220327377319,-0.26100000739097595
-1.4510750770568848,-2.7266600131988525,0.8065702319145203,-0.03430579602718353,0.017976835370063782,0.885091245174408,0.4638032615184784,0.5310792922973633,0.48388445377349854,-0.11575040221214294,-1.760534405708313,-0.32782119512557983,-0.1726406067609787,0.08718914538621902,-0.2675086557865143,-0.38701775670051575,0.30454790592193604,-2.0940001010894775,0.02199423499405384,-0.2455442249774933,0.14788271486759186,-0.04724700376391411,-0.8197628855705261,-0.033747732639312744,-0.20917995274066925,0.7076793909072876,-0.5596609711647034,-0.1346350908279419,0.17745286226272583,0.2965319752693176,-0.03533481806516647,0.6796571612358093,-0.4365920424461365,-0.26100000739097595
-1.4813897609710693,-2.6710095405578613,0.8049036860466003,-0.03005090542137623,0.01620951108634472,0.8796122670173645,0.47446441650390625,0.4750611484050751,0.48160627484321594,-0.141727477312088,-1.7483726739883423,-0.31412628293037415,-0.17548821866512299,0.07969971746206284,-0.18530979752540588,-0.37625783681869507,0.3274412751197815,-2.087850570678711,-0.03346816822886467,-0.24436332285404205,0.15950322151184082,-0.038829460740089417,-0.752623975276947,-0.03792455419898033,-0.20941706001758575,0.6401377320289612,-0.570389449596405,-0.0955612063407898,0.12329545617103577,0.25892239809036255,-0.11425527185201645,0.8487855195999146,-0.1430937498807907,-0.26100000739097595
-1.5125911235809326,-2.618025064468384,0.7977309226989746,-0.029867369681596756,0.017002413049340248,0.868539035320282,0.49442780017852783,0.37213727831840515,0.4958465099334717,-0.2158784568309784,-1.7405304908752441,-0.309061199426651,-0.1751842349767685,0.09129184484481812,-0.09450166672468185,-0.35937172174453735,0.3439640700817108,-2.023533344268799,-0.08510109037160873,-0.22195811569690704,0.1782328486442566,-0.014388730749487877,-0.70784991979599,-0.02882460691034794,-0.1806647926568985,0.6776469349861145,-0.5335310697555542,-0.11436349898576736,0.03625226393342018,0.18015390634536743,-0.19849656522274017,1.0623672008514404,-0.12641243636608124,-0.26100000739097595
-1.5431301593780518,-2.569875717163086,0.7827096581459045,-0.026777155697345734,0.016360359266400337,0.8529106378555298,0.5211129784584045,0.21621517837047577,0.5217540264129639,-0.3480755686759949,-1.7277157306671143,-0.2796112298965454,-0.18431101739406586,0.07762272655963898,0.021086813881993294,-0.3562837243080139,0.33489933609962463,-1.8903933763504028,-0.04251547530293465,-0.1858060657978058,0.20082032680511475,0.029849756509065628,-0.7362037301063538,-0.048476893454790115,-0.17510144412517548,0.8755223155021667,-0.4326070249080658,-0.13848161697387695,-0.12847377359867096,0.08516591787338257,-0.248174786567688,1.3890117406845093,-0.16619503498077393,-0.26100000739097595
-1.5690193176269531,-2.5213093757629395,0.7704633474349976,-0.04560306668281555,0.029736289754509926,0.8364089727401733,0.5453953742980957,-0.05637006461620331,0.537729024887085,-0.5122213959693909,-1.6946094036102295,-0.321295827627182,-0.2182634174823761,0.020494697615504265,0.14686515927314758,-0.359195739030838,0.30257105827331543,-1.7322478294372559,0.14176441729068756,-0.16269256174564362,0.13843992352485657,0.09019297361373901,-0.7721148729324341,-0.06239162012934685,-0.14018642902374268,1.0125703811645508,-0.4591396749019623,-0.10949482768774033,-0.4010361433029175,0.008359735831618309,-0.24083854258060455,1.6801522970199585,-0.2210419923067093,-0.26100000739097595
-1.5908950567245483,-2.471320867538452,0.7631862163543701,-0.05774799734354019,0.04070316627621651,0.8153260946273804,0.5746753811836243,-0.3193880617618561,0.5320489406585693,-0.6654320955276489,-1.6749343872070312,-0.38919463753700256,-0.25370872020721436,-0.01396391075104475,0.3063408136367798,-0.38137561082839966,0.26776978373527527,-1.6391361951828003,0.11386040598154068,-0.13223868608474731,0.00519061041995883,0.1403832733631134,-0.7332302331924438,-0.060606349259614944,-0.11854851990938187,1.0908035039901733,-0.5643876194953918,-0.0885285809636116,-0.6823667883872986,-0.03458917886018753,-0.2041577249765396,1.8772813081741333,-0.2681821584701538,-0.26100000739097595
-1.6062604188919067,-2.417968273162842,0.7632896304130554,-0.061897747218608856,0.047442685812711716,0.7912648916244507,0.6064797639846802,-0.5428851246833801,0.4979911744594574,-0.7830914855003357,-1.6634831428527832,-0.36998051404953003,-0.273032009601593,-0.014778636395931244,0.4702649414539337,-0.4107115864753723,0.2062624841928482,-1.6241354942321777,-0.0113602876663208,-0.11335150897502899,-0.04817201569676399,0.18030039966106415,-0.6233544945716858,-0.041846394538879395,-0.10228952765464783,1.103029489517212,-0.6887392401695251,-0.07878176122903824,-0.9125678539276123,-0.05378135293722153,-0.18577274680137634,1.9262486696243286,-0.3214733898639679,-0.26100000739097595
-1.614527940750122,-2.359602689743042,0.7771483063697815,-0.05521474406123161,0.04681773483753204,0.7607201337814331,0.6450304985046387,-0.6650704741477966,0.4451034367084503,-0.8194019198417664,-1.6650073528289795,-0.4085557460784912,-0.28641822934150696,-0.03364511579275131,0.6121900081634521,-0.43261563777923584,0.13612017035484314,-1.6221531629562378,0.05656774342060089,-0.13067588210105896,-0.02056010253727436,0.21377305686473846,-0.3581003248691559,-0.002572555560618639,-0.07073825597763062,0.8842781782150269,-0.7205631136894226,-0.06026625260710716,-1.0010405778884888,-0.020469648763537407,-0.18535496294498444,1.7619439363479614,-0.35595181584358215,-0.26100000739097595
-1.6197400093078613,-2.296250820159912,0.7955019474029541,-0.05791504681110382,0.05379625782370567,0.7303873896598816,0.6784438490867615,-0.7327092289924622,0.3910110294818878,-0.8007506132125854,-1.6872531175613403,-0.4461120665073395,-0.2903537154197693,-0.03635769337415695,0.6972435116767883,-0.42181041836738586,0.057487282902002335,-1.6044530868530273,0.10874633491039276,-0.16362963616847992,0.005455267149955034,0.2505076825618744,-0.14944736659526825,0.012953869998455048,-0.04650250822305679,0.6910924315452576,-0.7103986144065857,-0.05413500592112541,-1.028827428817749,0.016640597954392433,-0.19399037957191467,1.4866039752960205,-0.3789040148258209,-0.26100000739097595
-1.6228086948394775,-2.2327768802642822,0.8103165030479431,-0.0480053648352623,0.048317328095436096,0.7031762003898621,0.7077458500862122,-0.7075192928314209,0.3401348888874054,-0.7784788012504578,-1.7283457517623901,-0.3845679759979248,-0.2713014483451843,-0.0114809675142169,0.7743027210235596,-0.38550865650177,0.010658937506377697,-1.5557206869125366,0.0728967934846878,-0.18098053336143494,0.0067610968835651875,0.2610154449939728,0.06394141167402267,0.04752544313669205,0.0059307594783604145,0.5090513825416565,-0.6635199189186096,-0.011018811725080013,-0.9282298684120178,0.10356127470731735,-0.20247554779052734,1.0804733037948608,-0.38450729846954346,-0.26100000739097595
-1.6259300708770752,-2.165886402130127,0.8224502801895142,-0.04612709581851959,0.04920581355690956,0.6823573708534241,0.7279007434844971,-0.646666944026947,0.2949264943599701,-0.7366371154785156,-1.7689157724380493,-0.3104982376098633,-0.26552674174308777,-0.0023270549718290567,0.7913497090339661,-0.3408379852771759,-0.02308434434235096,-1.514991283416748,0.052317265421152115,-0.17328819632530212,0.00967467948794365,0.2685340344905853,0.14314356446266174,0.051794156432151794,0.055187784135341644,0.5065685510635376,-0.5812485218048096,0.0015485725598409772,-0.8147289752960205,0.14641663432121277,-0.1971820443868637,0.726806104183197,-0.4232773184776306,-0.26100000739097595
-1.6316814422607422,-2.102264881134033,0.8215000033378601,-0.034440308809280396,0.03848615661263466,0.6659622192382812,0.7441955208778381,-0.5224445462226868,0.2543971538543701,-0.6873873472213745,-1.7928828001022339,-0.26494017243385315,-0.2727441191673279,-0.01596730761229992,0.8092127442359924,-0.3146921694278717,-0.016690613701939583,-1.4887641668319702,0.011864681728184223,-0.17113129794597626,0.032182641327381134,0.2209690511226654,0.11791986227035522,0.08192017674446106,0.13829214870929718,0.7237325310707092,-0.23310022056102753,-0.04076407104730606,-0.6957707405090332,0.20233669877052307,-0.21811071038246155,0.5110856294631958,-0.42133668065071106,-0.26100000739097595
-1.6364494562149048,-2.041002035140991,0.813389003276825,-0.02798921801149845,0.0318753607571125,0.659221887588501,0.7507510185241699,-0.39439213275909424,0.22322387993335724,-0.6280350685119629,-1.7693405151367188,-0.2480579912662506,-0.2820330262184143,-0.036444541066884995,0.7878270149230957,-0.29944249987602234,0.024732369929552078,-1.4792410135269165,-0.0919872298836708,-0.14335304498672485,0.06918178498744965,0.18267768621444702,0.05057508125901222,0.11281823366880417,0.16553674638271332,0.9584586024284363,-0.06368180364370346,-0.04198113828897476,-0.6166781783103943,0.23064300417900085,-0.23078224062919617,0.44866621494293213,-0.3998194634914398,-0.26100000739097595
-1.64138925075531,-1.982601523399353,0.7979102730751038,-0.027210257947444916,0.030949659645557404,0.6597189903259277,0.7503816485404968,-0.28970441222190857,0.21042315661907196,-0.5534572601318359,-1.702202558517456,-0.21860888600349426,-0.2747226059436798,-0.03739535063505173,0.7171562314033508,-0.2949107885360718,0.08036232739686966,-1.4889304637908936,-0.23152144253253937,-0.09136433154344559,0.0987759456038475,0.14487430453300476,-0.07414188235998154,0.18660686910152435,0.20979832112789154,1.2559853792190552,-0.1661045104265213,-0.045879144221544266,-0.6371017098426819,0.22925035655498505,-0.25833073258399963,0.5902297496795654,-0.25263771414756775,-0.26100000739097595
-1.6405682563781738,-1.9269462823867798,0.7777016758918762,-0.029310133308172226,0.033245522528886795,0.6606653928756714,0.7493709921836853,-0.2035195529460907,0.23879840970039368,-0.472776859998703,-1.6136780977249146,-0.18903589248657227,-0.2616574466228485,-0.01852508634328842,0.5977133512496948,-0.29901182651519775,0.15192128717899323,-1.5246477127075195,-0.3255766034126282,-0.05588587000966072,0.09735020250082016,0.07704422622919083,-0.24719983339309692,0.27937039732933044,0.2118477076292038,1.5434566736221313,-0.26885539293289185,-0.039897456765174866,-0.6929856538772583,0.2759610712528229,-0.21408449113368988,0.8211914300918579,-0.29497745633125305,-0.26100000739097595
-1.6387031078338623,-1.8727411031723022,0.7611080408096313,-0.033868029713630676,0.038535553961992264,0.6592832207679749,0.7501423954963684,-0.09616930037736893,0.28257569670677185,-0.39291366934776306,-1.5333820581436157,-0.23195643723011017,-0.2580541968345642,0.0004965866100974381,0.40174400806427,-0.32057201862335205,0.2212011069059372,-1.564109444618225,-0.32604125142097473,-0.0022191989701241255,0.0590459406375885,-0.002146890154108405,-0.4704345166683197,0.32653337717056274,0.16269244253635406,1.769397258758545,-0.3422483801841736,0.059594687074422836,-0.6971344351768494,0.33006271719932556,-0.17442701756954193,0.9949413537979126,-0.4381760060787201,-0.26100000739097595
-1.6346272230148315,-1.8192722797393799,0.7524141669273376,-0.03779146075248718,0.043257202953100204,0.656840443611145,0.7518385648727417,0.029954345896840096,0.3409232497215271,-0.32108429074287415,-1.5236703157424927,-0.2676638066768646,-0.2601402997970581,0.014981048181653023,0.18104960024356842,-0.3173314929008484,0.25721389055252075,-1.6132278442382812,-0.22597311437129974,0.048123348504304886,0.04168090224266052,-0.03943932056427002,-0.7194917798042297,0.3246293365955353,0.0800408124923706,1.8867318630218506,-0.401183158159256,0.16085585951805115,-0.6327732801437378,0.3509366512298584,-0.15041564404964447,1.063530683517456,-0.565573513507843,-0.26100000739097595
-1.629168152809143,-1.766175627708435,0.7524182796478271,-0.03733883053064346,0.04292840510606766,0.6552135348320007,0.7532981634140015,0.16040100157260895,0.39661452174186707,-0.2545750141143799,-1.5706692934036255,-0.23354102671146393,-0.25355422496795654,0.010674550198018551,-0.005532449577003717,-0.2780122458934784,0.25662750005722046,-1.6693050861358643,-0.1527562141418457,0.06263595819473267,0.07433542609214783,-0.05682717636227608,-0.9244081377983093,0.2878512740135193,0.02035977877676487,1.872814655303955,-0.4383886158466339,0.22702884674072266,-0.5135252475738525,0.346775621175766,-0.1309395134449005,1.062706470489502,-0.6582425832748413,-0.26100000739097595
-1.6211572885513306,-1.7116568088531494,0.7613539695739746,-0.03599877655506134,0.041062597185373306,0.6582363247871399,0.7508281469345093,0.26984143257141113,0.43348342180252075,-0.18307280540466309,-1.6256167888641357,-0.20123054087162018,-0.23566275835037231,-0.014336790889501572,-0.12891849875450134,-0.20966403186321259,0.2078166902065277,-1.7414944171905518,-0.05739787593483925,0.034211575984954834,0.13382291793823242,-0.08146755397319794,-1.0383278131484985,0.23067231476306915,-0.0008741154451854527,1.7176107168197632,-0.4621935486793518,0.25288641452789307,-0.35520005226135254,0.3383053243160248,-0.09648279845714569,0.9874807596206665,-0.7075430750846863,-0.26100000739097595
-1.6115056276321411,-1.6536688804626465,0.7762001752853394,-0.03504389524459839,0.03925519436597824,0.665036141872406,0.7449549436569214,0.362802654504776,0.4429207444190979,-0.11402823776006699,-1.6764260530471802,-0.18232741951942444,-0.2160096913576126,-0.03360334411263466,-0.2024606317281723,-0.15737295150756836,0.1626877635717392,-1.813409686088562,0.023814916610717773,-0.019791254773736,0.17124947905540466,-0.10360032320022583,-1.052304744720459,0.1362210363149643,-0.02886722795665264,1.439795732498169,-0.474558562040329,0.2021118551492691,-0.19422517716884613,0.3259744942188263,-0.05814916640520096,0.8821783661842346,-0.7138233184814453,-0.26100000739097595
-1.5992103815078735,-1.5918023586273193,0.7924928665161133,-0.032320763915777206,0.035702843219041824,0.6703422665596008,0.7404875755310059,0.43554261326789856,0.42383304238319397,-0.06595778465270996,-1.7011337280273438,-0.1354706883430481,-0.19388219714164734,-0.0270994920283556,-0.21497969329357147,-0.15022720396518707,0.1736268699169159,-1.8791829347610474,0.03048361837863922,-0.0728800818324089,0.13426674902439117,-0.1139964908361435,-0.9742606282234192,0.03739936649799347,-0.11341246217489243,1.0850117206573486,-0.4746825397014618,-0.013491516001522541,-0.048912495374679565,0.31328973174095154,-0.029320072382688522,0.7893427014350891,-0.6798765063285828,-0.26100000739097595
-1.5838408470153809,-1.5277774333953857,0.8043596744537354,-0.02790430374443531,0.03091777116060257,0.6694215536117554,0.741714358329773,0.4785799980163574,0.3862960636615753,-0.04219944030046463,-1.7092519998550415,-0.10175985097885132,-0.16851305961608887,-0.015080074779689312,-0.1786729097366333,-0.1844346970319748,0.22528021037578583,-1.9429161548614502,0.0020437564235180616,-0.11841456592082977,0.09461250901222229,-0.10803678631782532,-0.8655585646629333,-0.014720715582370758,-0.17989403009414673,0.7701882719993591,-0.5207488536834717,-0.1898663192987442,0.04340912774205208,0.3029925227165222,-0.03200405836105347,0.7608823180198669,-0.5807849168777466,-0.26100000739097595
-1.5680567026138306,-1.46513831615448,0.8094308972358704,-0.02499394491314888,0.028422364965081215,0.6598905920982361,0.7504078149795532,0.4702814519405365,0.3611482083797455,-0.04908621683716774,-1.7205005884170532,-0.08312425762414932,-0.15952380001544952,-0.029840173199772835,-0.1247982531785965,-0.22950884699821472,0.2712305784225464,-1.998130440711975,0.001660445355810225,-0.14320258796215057,0.12565740942955017,-0.10079514980316162,-0.7882072329521179,-0.03448895364999771,-0.17267680168151855,0.6231203675270081,-0.5450437068939209,-0.1996627151966095,0.033045750111341476,0.2687031924724579,-0.07960308343172073,0.8584417104721069,-0.3213835060596466,-0.2172645479440689
-1.5533701181411743,-1.4043655395507812,0.8057265281677246,-0.021321265026926994,0.025323843583464622,0.6437106728553772,0.7645525932312012,0.41011422872543335,0.3733903467655182,-0.10065196454524994,-1.7380096912384033,-0.08098827302455902,-0.16393819451332092,-0.049032874405384064,-0.04428339749574661,-0.26786577701568604,0.29754942655563354,-2.0333194732666016,-0.012337526306509972,-0.1562095284461975,0.19740208983421326,-0.08171628415584564,-0.7158161997795105,-0.047018516808748245,-0.11334192007780075,0.6087227463722229,-0.5639645457267761,-0.13744737207889557,-0.021876834332942963,0.19911181926727295,-0.15404321253299713,1.0274605751037598,-0.08232870697975159,-0.13577449321746826
-1.5398510694503784,-1.3462647199630737,0.7966218590736389,-0.019984973594546318,0.025428585708141327,0.6176009774208069,0.7858263254165649,0.3089490830898285,0.40729182958602905,-0.16780386865139008,-1.7466659545898438,-0.08648470044136047,-0.1709744781255722,-0.05146963521838188,0.03829130530357361,-0.2984611392021179,0.3112310767173767,-2.0198843479156494,-0.06767243146896362,-0.14885775744915009,0.257320761680603,-0.07242502272129059,-0.7191492319107056,-0.043233469128608704,-0.10959697514772415,0.7452627420425415,-0.3926752507686615,-0.16171273589134216,-0.11873859167098999,0.10228496789932251,-0.21946297585964203,1.2523802518844604,-0.11172640323638916,-0.1865178793668747
-1.5269562005996704,-1.2913236618041992,0.7822884321212769,-0.025004837661981583,0.03451872617006302,0.5861077308654785,0.8091111779212952,0.1585351675748825,0.45355114340782166,-0.2495497763156891,-1.7292523384094238,-0.060590121895074844,-0.16939298808574677,-0.02634897455573082,0.11462760716676712,-0.3186197280883789,0.27569580078125,-1.9347891807556152,-0.07326607406139374,-0.12175549566745758,0.3056270182132721,-0.008680700324475765,-0.7562801837921143,-0.07457246631383896,-0.10606134682893753,0.9259435534477234,-0.3940677046775818,-0.08068094402551651,-0.3003378212451935,0.017964839935302734,-0.25955110788345337,1.5074204206466675,-0.16904166340827942,-0.26100000739097595
-1.510231375694275,-1.2375973463058472,0.7710961103439331,-0.03643875941634178,0.0550067238509655,0.5510559678077698,0.8318555951118469,-0.03714034706354141,0.5222446918487549,-0.34532496333122253,-1.6727555990219116,-0.08727934956550598,-0.14657267928123474,0.007984591647982597,0.19955481588840485,-0.32915908098220825,0.22720876336097717,-1.8100831508636475,0.06665635854005814,-0.06561446189880371,0.2639777362346649,0.08186885714530945,-0.7722541093826294,-0.0951610878109932,-0.07743871212005615,1.0502417087554932,-0.4726918041706085,-0.043340012431144714,-0.5342984795570374,-0.034855492413043976,-0.24698059260845184,1.691365122795105,-0.2335837036371231,-0.26100000739097595
-1.490565538406372,-1.1851507425308228,0.7647327780723572,-0.04170338064432144,0.06982611864805222,0.5110575556755066,0.8556899428367615,-0.18605241179466248,0.5744295716285706,-0.40721914172172546,-1.6371970176696777,-0.1657794862985611,-0.13067074120044708,-0.02299083024263382,0.3270617127418518,-0.3676147162914276,0.19731561839580536,-1.7554928064346313,0.1735232025384903,0.045798640698194504,0.09845423698425293,0.14601527154445648,-0.7096995711326599,-0.10422361642122269,-0.05905983969569206,1.103280782699585,-0.5873135328292847,-0.018148260191082954,-0.7699928283691406,-0.04986296221613884,-0.20543622970581055,1.8014158010482788,-0.2956424355506897,-0.26100000739097595
-1.4654021263122559,-1.1342660188674927,0.7675637006759644,-0.04016586393117905,0.07554434984922409,0.4677339196205139,0.879718542098999,-0.2619721591472626,0.5829991102218628,-0.41060611605644226,-1.6502203941345215,-0.12848743796348572,-0.11637484282255173,-0.09975286573171616,0.4912518858909607,-0.411247193813324,0.14232949912548065,-1.793390154838562,-0.060733359307050705,0.1006273701786995,0.0037565906532108784,0.19289204478263855,-0.5499482750892639,-0.10554368048906326,-0.0417330339550972,1.0412746667861938,-0.6821076273918152,0.010241019539535046,-0.9256753325462341,-0.03150368854403496,-0.17594335973262787,1.7601561546325684,-0.3517492711544037,-0.26100000739097595
-1.434262752532959,-1.0818891525268555,0.7796323895454407,-0.03936503455042839,0.08349748700857162,0.4246155321598053,0.9006554484367371,-0.29392048716545105,0.5612016320228577,-0.3879636526107788,-1.6998752355575562,-0.06408622115850449,-0.10346870124340057,-0.10955209285020828,0.6231745481491089,-0.4489787518978119,0.06456822901964188,-1.807988166809082,-0.1653526872396469,0.0807260125875473,0.028278816491365433,0.23919914662837982,-0.3535970151424408,-0.12444078177213669,-0.0416070818901062,0.8965784311294556,-0.7299972772598267,0.02790897525846958,-0.9949129223823547,-0.007578438613563776,-0.1588301807641983,1.5800431966781616,-0.38974347710609436,-0.26100000739097595
-1.3999303579330444,-1.0309256315231323,0.7941633462905884,-0.029854947701096535,0.07133140414953232,0.38493025302886963,0.9197006225585938,-0.26348263025283813,0.5193352103233337,-0.38609054684638977,-1.767001748085022,-0.007527168840169907,-0.08991102129220963,-0.08404627442359924,0.7768378257751465,-0.4706035256385803,0.003917760215699673,-1.7982515096664429,-0.14568981528282166,0.013052603229880333,0.06592285633087158,0.2644304931163788,-0.08917289227247238,-0.09945040196180344,-0.035468973219394684,0.672859787940979,-0.7154693007469177,0.026601511985063553,-0.9324037432670593,0.06914152204990387,-0.17337067425251007,1.2529680728912354,-0.3837634325027466,-0.26100000739097595
-1.3603516817092896,-0.9794095754623413,0.8079835772514343,-0.025569014251232147,0.06687729060649872,0.35620003938674927,0.9316626191139221,-0.24522028863430023,0.46917811036109924,-0.3929500877857208,-1.824360728263855,0.016178671270608902,-0.10487928241491318,-0.09370647370815277,0.8711629509925842,-0.4509125053882599,-0.04360746964812279,-1.7713830471038818,-0.1531379371881485,-0.026488902047276497,0.06310133635997772,0.26438555121421814,0.07978925108909607,-0.06678392738103867,0.00934466440230608,0.5490800738334656,-0.7191724181175232,-0.008255325257778168,-0.8056403398513794,0.1590600311756134,-0.15995970368385315,0.8288659453392029,-0.3751184344291687,-0.26100000739097595
-1.3194565773010254,-0.9267145991325378,0.8171766400337219,-0.023419009521603584,0.06422977894544601,0.3417518138885498,0.9373002648353577,-0.23188111186027527,0.4099331498146057,-0.4196684658527374,-1.8657101392745972,0.021470649167895317,-0.1359173208475113,-0.10485101491212845,0.9189165234565735,-0.40813305974006653,-0.07621582597494125,-1.7553790807724,-0.18017451465129852,-0.03252146765589714,0.05621682479977608,0.25883305072784424,0.14157740771770477,-0.04612084850668907,0.03672105446457863,0.5652322769165039,-0.5948183536529541,-0.0620541088283062,-0.6736947298049927,0.19946548342704773,-0.13684889674186707,0.4929811358451843,-0.364740252494812,-0.26100000739097595
-1.2843317985534668,-0.8754426836967468,0.8132780194282532,-0.01645156368613243,0.04651161655783653,0.3330574333667755,0.9416149854660034,-0.18242990970611572,0.3547801077365875,-0.45560693740844727,-1.8906813859939575,0.00951001700013876,-0.16041886806488037,-0.12980224192142487,0.9625073075294495,-0.37346166372299194,-0.07238445430994034,-1.7615315914154053,-0.19804109632968903,-0.04074415564537048,0.0743846446275711,0.2169409990310669,0.089141346514225,-0.02031809091567993,0.032991550862789154,0.8026413321495056,-0.24217084050178528,-0.14998312294483185,-0.5770479440689087,0.2545146048069,-0.09164362400770187,0.37869834899902344,-0.35170018672943115,-0.26100000739097595
-1.2501698732376099,-0.8267751336097717,0.8049526214599609,-0.015244944952428341,0.04294385761022568,0.3341948986053467,0.9414017200469971,-0.15636208653450012,0.29596495628356934,-0.4744323492050171,-1.8930715322494507,-0.021308837458491325,-0.17370979487895966,-0.18095515668392181,0.9295291304588318,-0.3496125042438507,-0.049382880330085754,-1.7686699628829956,-0.2118876725435257,-0.04320678487420082,0.10628675669431686,0.187216117978096,-0.007932916283607483,0.015342584811151028,0.049458909779787064,1.0171576738357544,-0.027700649574398994,-0.22187857329845428,-0.5596157312393188,0.2661465108394623,-0.10076864063739777,0.44057944416999817,-0.22193793952465057,-0.26100000739097595
-1.2173155546188354,-0.7832388281822205,0.786533772945404,-0.014408383518457413,0.04000742360949516,0.33853188157081604,0.9399936199188232,-0.1320294886827469,0.25428110361099243,-0.46738991141319275,-1.847648024559021,-0.09820957481861115,-0.18469977378845215,-0.2577103078365326,0.8446488976478577,-0.33061301708221436,0.003382917493581772,-1.7778576612472534,-0.23187416791915894,-0.053609251976013184,0.12485044449567795,0.14403598010540009,-0.173751562833786,0.12321458756923676,0.0998302698135376,1.3578364849090576,-0.14366023242473602,-0.22464774549007416,-0.6234198212623596,0.2962884306907654,-0.1084386482834816,0.689253568649292,-0.205607607960701,-0.26100000739097595
-1.1814541816711426,-0.742390513420105,0.7706575393676758,-0.01775537244975567,0.0487402006983757,0.3418212831020355,0.938332200050354,-0.11687667667865753,0.2254391312599182,-0.4472261965274811,-1.740869164466858,-0.1729702353477478,-0.18304167687892914,-0.26795125007629395,0.6513031125068665,-0.3405872583389282,0.08521176129579544,-1.767417311668396,-0.2492797076702118,-0.05902522802352905,0.08792256563901901,0.09804050624370575,-0.3849410116672516,0.21322333812713623,0.0888945683836937,1.6169618368148804,-0.22580775618553162,-0.14266902208328247,-0.6448540091514587,0.34233519434928894,-0.08289466053247452,0.8664960861206055,-0.35070380568504333,-0.26100000739097595
-1.1457972526550293,-0.7020164132118225,0.7609406113624573,-0.01879030652344227,0.050748564302921295,0.34671688079833984,0.9364074468612671,-0.07633707672357559,0.22614239156246185,-0.44022297859191895,-1.6133173704147339,-0.3313770592212677,-0.1710021197795868,-0.17306286096572876,0.41636040806770325,-0.3436247706413269,0.15044933557510376,-1.7684892416000366,-0.21141751110553741,-0.05641842260956764,0.08502191305160522,0.06611552834510803,-0.6071196794509888,0.24085569381713867,0.02303939498960972,1.7871525287628174,-0.31515493988990784,0.01485140435397625,-0.5930448174476624,0.3591460883617401,-0.08266715705394745,0.9656564593315125,-0.5047777891159058,-0.26100000739097595
-1.1093062162399292,-0.6633291244506836,0.7587160468101501,-0.01810583285987377,0.04782017692923546,0.3536292612552643,0.933987021446228,-0.012343435548245907,0.27189531922340393,-0.4302935302257538,-1.5807456970214844,-0.4920439124107361,-0.15717709064483643,-0.12177339941263199,0.1998274326324463,-0.31633731722831726,0.18044546246528625,-1.7928836345672607,-0.13260988891124725,-0.08199314773082733,0.14690499007701874,0.0432978980243206,-0.7997140288352966,0.22525720298290253,-0.03336208313703537,1.827885389328003,-0.3754728138446808,0.14304625988006592,-0.4797689616680145,0.35490280389785767,-0.07649421691894531,0.9774433374404907,-0.6129819750785828,-0.26100000739097595
-1.0708039999008179,-0.6247522234916687,0.7644237279891968,-0.01716688834130764,0.04371471330523491,0.36512452363967896,0.9297733306884766,0.04670485481619835,0.34373241662979126,-0.38797110319137573,-1.6253705024719238,-0.4647369384765625,-0.19907286763191223,-0.20086680352687836,0.05233258754014969,-0.26979586482048035,0.1751338690519333,-1.8392289876937866,-0.031650103628635406,-0.11864540725946426,0.2083267867565155,-0.001553723937831819,-0.9191175699234009,0.18613708019256592,-0.056594368070364,1.7332161664962769,-0.4343823492527008,0.23248714208602905,-0.31907135248184204,0.3538914918899536,-0.03589313104748726,0.9044241905212402,-0.6760101318359375,-0.26100000739097595
-1.0283831357955933,-0.5854691863059998,0.7753875255584717,-0.015326332300901413,0.037092190235853195,0.3815726041793823,0.9234671592712402,0.10967294126749039,0.4177344739437103,-0.33128711581230164,-1.6920145750045776,-0.3596283197402954,-0.21146278083324432,-0.29792097210884094,-0.00787114817649126,-0.22901690006256104,0.16484981775283813,-1.8995237350463867,0.015430286526679993,-0.14179842174053192,0.2225131243467331,-0.04927985370159149,-0.9554855823516846,0.11907438188791275,-0.08896417170763016,1.5241601467132568,-0.4743075668811798,0.224361389875412,-0.1392243653535843,0.35263460874557495,0.022343479096889496,0.7914132475852966,-0.6950820088386536,-0.26100000739097595
-0.9821755886077881,-0.5447311401367188,0.7890890836715698,-0.013394979760050774,0.03122641146183014,0.3939957916736603,0.9184839725494385,0.1859915852546692,0.4654370844364166,-0.2660662531852722,-1.7495063543319702,-0.2830893397331238,-0.1800427883863449,-0.29527100920677185,-0.00846510473638773,-0.2180391550064087,0.1808125227689743,-1.955201268196106,-0.04720742627978325,-0.1409362405538559,0.20729796588420868,-0.08111780136823654,-0.9084711670875549,0.02246766909956932,-0.18534207344055176,1.2114752531051636,-0.486736536026001,0.0831599310040474,0.026191964745521545,0.3406469225883484,0.06788139790296555,0.67820805311203,-0.6881728768348694,-0.26100000739097595
-0.9314934611320496,-0.5030142068862915,0.7995061278343201,-0.00992218591272831,0.022921379655599594,0.3971325159072876,0.9174213409423828,0.27327609062194824,0.48022836446762085,-0.21554706990718842,-1.7735005617141724,-0.23710286617279053,-0.1341254562139511,-0.20919770002365112,0.03962735831737518,-0.23090171813964844,0.20625407993793488,-1.9934544563293457,-0.10647391527891159,-0.13594317436218262,0.2317012995481491,-0.0799369141459465,-0.8055873513221741,-0.03951897844672203,-0.3142988681793213,0.8574191927909851,-0.5116993188858032,-0.13762778043746948,0.16296632587909698,0.32688578963279724,0.06905832886695862,0.6025615334510803,-0.6473888158798218,-0.26100000739097595
-0.8790903091430664,-0.46278712153434753,0.803493857383728,-0.006797793786972761,0.016121795400977135,0.3884669244289398,0.9212965369224548,0.32897844910621643,0.47336989641189575,-0.18248631060123444,-1.7720892429351807,-0.2279055118560791,-0.09796822816133499,-0.15040281414985657,0.110489621758461,-0.25866153836250305,0.23616009950637817,-2.015608549118042,-0.10194171965122223,-0.1258048564195633,0.2865384519100189,-0.06356999278068542,-0.7101332545280457,-0.054885271936655045,-0.4049188196659088,0.5937303900718689,-0.5490283966064453,-0.21181990206241608,0.21423031389713287,0.31425294280052185,0.05235280841588974,0.6456204056739807,-0.4755256772041321,-0.25887733697891235
-0.8292720913887024,-0.4230725169181824,0.7997689843177795,-0.00359008158557117,0.009043458849191666,0.36895301938056946,0.9293971061706543,0.3289298713207245,0.4732661247253418,-0.18349342048168182,-1.768850326538086,-0.225136861205101,-0.08155211806297302,-0.15501810610294342,0.1930425763130188,-0.2873636484146118,0.2552839517593384,-2.016727924346924,-0.10603147745132446,-0.1067662313580513,0.35007521510124207,-0.025409512221813202,-0.6226747035980225,-0.06589086353778839,-0.40899422764778137,0.4736202657222748,-0.5518501996994019,-0.15553058683872223,0.1830713152885437,0.2757675349712372,0.024859482422471046,0.7986119389533997,-0.16662783920764923,-0.06222589686512947
-0.783126711845398,-0.3857521414756775,0.790191650390625,-0.0021274476312100887,0.005917147267609835,0.3383290767669678,0.9410068392753601,0.27493715286254883,0.4922865033149719,-0.22934496402740479,-1.7751805782318115,-0.20478680729866028,-0.08596434444189072,-0.16232122480869293,0.2690303921699524,-0.304758220911026,0.254391074180603,-1.9847534894943237,-0.14375315606594086,-0.0805644690990448,0.39747652411460876,0.005887089297175407,-0.6148255467414856,-0.04930584132671356,-0.3516102731227875,0.5573192834854126,-0.4048708379268646,-0.26084500551223755,0.10687754303216934,0.21891279518604279,-0.01125844195485115,1.0140897035598755,-0.0978219285607338,0.017893517389893532
-0.7403866052627563,-0.3506947159767151,0.7779147028923035,-0.004742635879665613,0.014908334240317345,0.30311286449432373,0.9528262615203857,0.14421424269676208,0.5103985071182251,-0.3111523687839508,-1.7746973037719727,-0.19386060535907745,-0.08760558068752289,-0.14071963727474213,0.31840524077415466,-0.31003227829933167,0.20265935361385345,-1.8846228122711182,-0.1816718876361847,-0.05566973239183426,0.4286743402481079,0.02780427224934101,-0.6613886952400208,-0.05441872775554657,-0.30538374185562134,0.7526417970657349,-0.3685016930103302,-0.24556423723697662,-0.06860437244176865,0.1273447722196579,-0.04453789442777634,1.3023778200149536,-0.13474886119365692,-0.04693153128027916
-0.6993234753608704,-0.32162731885910034,0.7629576325416565,-0.008814784698188305,0.03200440853834152,0.2653902471065521,0.9635694026947021,-0.05639827251434326,0.5239481925964355,-0.4197951555252075,-1.7261462211608887,-0.24550959467887878,-0.07362198084592819,-0.11291731894016266,0.3626318871974945,-0.2878980040550232,0.14393465220928192,-1.6929659843444824,-0.07556087523698807,-0.07021532207727432,0.3046019375324249,0.065066859126091,-0.7378100156784058,-0.05824196711182594,-0.2586483061313629,1.0075231790542603,-0.4702465832233429,-0.2012738138437271,-0.34035396575927734,0.060308076441287994,-0.06124222278594971,1.6331145763397217,-0.22156713902950287,-0.19847345352172852
-0.6548747420310974,-0.29299822449684143,0.7562835216522217,-0.010408775880932808,0.046726372092962265,0.21718154847621918,0.9749566316604614,-0.25917795300483704,0.5090534687042236,-0.5111472606658936,-1.7150639295578003,-0.31223249435424805,-0.07733523845672607,-0.11189398169517517,0.4377862215042114,-0.31972721219062805,0.17361509799957275,-1.56259286403656,-0.07420476526021957,-0.11544167995452881,-0.10987445712089539,0.10624916106462479,-0.6962716579437256,-0.050187814980745316,-0.21580924093723297,1.108069658279419,-0.6033321619033813,-0.15953108668327332,-0.5888913869857788,0.01632324792444706,-0.017244530841708183,1.818160891532898,-0.284370094537735,-0.26100000739097595
-0.6078758239746094,-0.2712016999721527,0.759327232837677,-0.009067988954484463,0.05211401730775833,0.17118707299232483,0.9838175177574158,-0.4773395359516144,0.46622219681739807,-0.5964294672012329,-1.7393616437911987,-0.30851176381111145,-0.07497971504926682,-0.11703872680664062,0.5676693916320801,-0.3573943078517914,0.19729696214199066,-1.5334689617156982,-0.5734121799468994,-0.17699703574180603,-0.22441840171813965,0.13651104271411896,-0.5582125186920166,-0.026400599628686905,-0.17359283566474915,1.0694878101348877,-0.6859995722770691,-0.11898235976696014,-0.7866353392601013,0.018466290086507797,0.025177326053380966,1.849304437637329,-0.33214089274406433,-0.26100000739097595
-0.5565220713615417,-0.2552773654460907,0.7696163058280945,-0.006545610725879669,0.052038807421922684,0.12462809681892395,0.9908162951469421,-0.6455409526824951,0.3870207667350769,-0.6205819249153137,-1.7841908931732178,-0.35414817929267883,-0.10454133152961731,-0.15289908647537231,0.6923012137413025,-0.3991708755493164,0.2267277091741562,-1.5240702629089355,-0.7614628672599792,-0.1801721751689911,-0.2983010709285736,0.1810559630393982,-0.3687954545021057,0.0013618461089208722,-0.14690634608268738,0.9454269409179688,-0.7283350825309753,-0.09579697251319885,-0.905485987663269,0.026360513642430305,0.006231797859072685,1.7380937337875366,-0.3665810525417328,-0.26100000739097595
-0.5006545186042786,-0.241682767868042,0.7871180176734924,-0.004250785801559687,0.052413780242204666,0.08072329312562943,0.9953483939170837,-0.754657506942749,0.29070279002189636,-0.6134161353111267,-1.8343054056167603,-0.4201914370059967,-0.12133748829364777,-0.1492234766483307,0.7917613983154297,-0.4222680628299713,0.2216520756483078,-1.5186563730239868,-0.7520719766616821,-0.1916053146123886,-0.29258984327316284,0.2182716578245163,-0.14967139065265656,0.026522338390350342,-0.12237287312746048,0.7432258129119873,-0.7249749898910522,-0.0817025825381279,-0.9311094284057617,0.04884400591254234,-0.030502503737807274,1.4820019006729126,-0.3790540397167206,-0.26100000739097595
-0.4420435428619385,-0.23141959309577942,0.8049142360687256,-0.002050453331321478,0.05108356103301048,0.040054455399513245,0.9978887438774109,-0.7941382527351379,0.22167105972766876,-0.6121248006820679,-1.8955979347229004,-0.4111686944961548,-0.1294645369052887,-0.09857022762298584,0.8616030216217041,-0.4076426327228546,0.1872006505727768,-1.5095579624176025,-0.7257071137428284,-0.18802312016487122,-0.24834370613098145,0.23490506410598755,0.02715110220015049,0.05813831090927124,-0.07299313694238663,0.5881611108779907,-0.7150802612304688,-0.09102128446102142,-0.8677852749824524,0.0974271297454834,-0.07985921949148178,1.1079590320587158,-0.38364505767822266,-0.26100000739097595
-0.382244735956192,-0.22193753719329834,0.8177075982093811,-0.00017097892123274505,0.04640955850481987,0.003680136986076832,0.9989157319068909,-0.7465029358863831,0.18906117975711823,-0.6187577843666077,-1.9650006294250488,-0.2916029393672943,-0.1872856616973877,-0.029389450326561928,0.8951725363731384,-0.3698676526546478,0.14899484813213348,-1.4927232265472412,-0.7217210531234741,-0.14917288720607758,-0.2133471965789795,0.23468565940856934,0.1439134180545807,0.07695168256759644,-0.0037320475094020367,0.5323710441589355,-0.6678808331489563,-0.10913081467151642,-0.7375915050506592,0.1651461124420166,-0.11973024159669876,0.6846229434013367,-0.38317203521728516,-0.23899734020233154
-0.3202149569988251,-0.21350325644016266,0.8256269693374634,0.0010451910784468055,0.043384015560150146,-0.024061938747763634,0.9987680912017822,-0.6592943668365479,0.19067129492759705,-0.6252015829086304,-2.0244059562683105,-0.21388153731822968,-0.24295799434185028,-0.02181221917271614,0.8930165767669678,-0.3277616500854492,0.11003102362155914,-1.4780491590499878,-0.6963311433792114,-0.0955929309129715,-0.17007558047771454,0.24119634926319122,0.1596125066280365,0.0707106739282608,-0.006607850082218647,0.5950523614883423,-0.3545610308647156,-0.1276482343673706,-0.6036782264709473,0.20345178246498108,-0.20216602087020874,0.3738788962364197,-0.40831828117370605,-0.18533287942409515
-0.26291483640670776,-0.20391243696212769,0.8198664784431458,0.0015779105015099049,0.0375852957367897,-0.04191548377275467,0.9984127283096313,-0.5610243678092957,0.20946285128593445,-0.616464376449585,-2.039386034011841,-0.2160024493932724,-0.24959303438663483,-0.07327208667993546,0.8725889921188354,-0.297259658575058,0.09299249202013016,-1.4756324291229248,-0.703923225402832,-0.055035773664712906,-0.14316050708293915,0.19905035197734833,0.07322076708078384,0.05017039552330971,-0.0035301940515637398,0.8253594636917114,0.019371241331100464,-0.16819985210895538,-0.5459091663360596,0.25874435901641846,-0.2577943205833435,0.31245386600494385,-0.4008801579475403,-0.23881515860557556
-0.21008898317813873,-0.19294285774230957,0.8032640218734741,0.0014820502838119864,0.029998144134879112,-0.04932228848338127,0.9983312487602234,-0.4589200019836426,0.23736146092414856,-0.5997409820556641,-1.9982843399047852,-0.21321524679660797,-0.21760694682598114,-0.12080547958612442,0.8306474089622498,-0.2825923264026642,0.08725077658891678,-1.487802267074585,-0.7292637825012207,-0.019431771710515022,-0.09391962736845016,0.16459247469902039,-0.026063328608870506,0.09468702971935272,0.06620404124259949,1.1073814630508423,-0.05083867907524109,-0.19184623658657074,-0.49742522835731506,0.2868751883506775,-0.24886584281921387,0.3330565392971039,-0.3698194622993469,-0.2209109663963318
-0.15625862777233124,-0.18277902901172638,0.7857921719551086,0.001461752108298242,0.031098291277885437,-0.04692965745925903,0.9984129071235657,-0.3869168162345886,0.2680773437023163,-0.5767391324043274,-1.9092541933059692,-0.20570902526378632,-0.17438894510269165,-0.1437324583530426,0.7528418302536011,-0.28489547967910767,0.08463622629642487,-1.5198451280593872,-0.7130864858627319,-0.010823387652635574,-0.051801443099975586,0.13633038103580475,-0.15244179964065552,0.17415569722652435,0.14563797414302826,1.3560978174209595,-0.16214153170585632,-0.1444491595029831,-0.5512410998344421,0.26935163140296936,-0.26143014430999756,0.5259164571762085,-0.21302425861358643,-0.26100000739097595
-0.10727409273386002,-0.17938697338104248,0.7652201652526855,0.0017779950285330415,0.0390058234333992,-0.045500803738832474,0.9982008934020996,-0.3017391264438629,0.3157285451889038,-0.5367197394371033,-1.782470703125,-0.32179298996925354,-0.14237335324287415,-0.15182627737522125,0.6134035587310791,-0.3039732873439789,0.13456855714321136,-1.546873688697815,-0.6947362422943115,-0.008077891543507576,-0.07877948135137558,0.06577976793050766,-0.37312835454940796,0.28321510553359985,0.15626586973667145,1.6551705598831177,-0.27906733751296997,-0.04576779156923294,-0.6390190124511719,0.3386181592941284,-0.17398597300052643,0.778279721736908,-0.29198986291885376,-0.26100000739097595
-0.059255752712488174,-0.17552922666072845,0.7535020709037781,0.0027620806358754635,0.05108926445245743,-0.05391427502036095,0.9972339272499084,-0.15427541732788086,0.33575767278671265,-0.45957520604133606,-1.6876115798950195,-0.4670667350292206,-0.10316761583089828,-0.13969667255878448,0.3675397038459778,-0.34135714173316956,0.20229122042655945,-1.5282599925994873,-0.6737159490585327,0.01998964324593544,-0.1280018538236618,0.0006104710628278553,-0.605495274066925,0.3198731243610382,0.1331203728914261,1.8249359130859375,-0.3455078601837158,0.11433327943086624,-0.6467395424842834,0.3621939718723297,-0.15811659395694733,0.9349369406700134,-0.43892931938171387,-0.26100000739097595
-0.011331316083669662,-0.17487077414989471,0.7500693202018738,0.0032351126428693533,0.052353885024785995,-0.06159062683582306,0.9967222213745117,0.015135171823203564,0.357303649187088,-0.37728992104530334,-1.6703636646270752,-0.46459928154945374,-0.05893992632627487,-0.11787430197000504,0.15996430814266205,-0.3226466178894043,0.24590858817100525,-1.5418071746826172,-0.6087338924407959,0.022488482296466827,-0.1234656274318695,-0.009772783145308495,-0.8226186037063599,0.2975552976131439,0.07038216292858124,1.880296230316162,-0.3987773060798645,0.22153444588184357,-0.5717622637748718,0.3568320572376251,-0.15214760601520538,0.9924041628837585,-0.5572377443313599,-0.26100000739097595
0.03664662688970566,-0.17638622224330902,0.7552040219306946,0.002828093944117427,0.047892581671476364,-0.05888020619750023,0.9971115589141846,0.1485913097858429,0.38985586166381836,-0.31583523750305176,-1.7174506187438965,-0.3442545533180237,-0.03322164714336395,-0.12757427990436554,0.014381523244082928,-0.3001028895378113,0.26208677887916565,-1.6084831953048706,-0.5247802138328552,0.0016706999158486724,-0.05192304775118828,-0.02460387349128723,-0.9702898859977722,0.22252637147903442,0.01731301285326481,1.8038982152938843,-0.43207958340644836,0.2565900385379791,-0.4384584128856659,0.34875813126564026,-0.1285533756017685,0.9574496746063232,-0.6377213001251221,-0.26100000739097595
0.08741936087608337,-0.1801857054233551,0.7679491639137268,0.0020419221837073565,0.043793145567178726,-0.04653114825487137,0.9979543089866638,0.2523956894874573,0.422132283449173,-0.2532244920730591,-1.7701256275177002,-0.29553961753845215,-0.048427581787109375,-0.1907430738210678,-0.08509671688079834,-0.2878614068031311,0.2530559301376343,-1.6916505098342896,-0.33073660731315613,-0.024073809385299683,0.042293280363082886,-0.06484121829271317,-1.0241458415985107,0.1444084793329239,-0.009026837535202503,1.6061913967132568,-0.4488506615161896,0.25046104192733765,-0.2715007960796356,0.3478255867958069,-0.07640529423952103,0.8476160764694214,-0.6654568314552307,-0.26100000739097595
0.14145031571388245,-0.18571938574314117,0.7845538854598999,0.001396444160491228,0.03960171341896057,-0.03521263226866722,0.9985939264297485,0.34644195437431335,0.4283415377140045,-0.184181809425354,-1.796109914779663,-0.2992168962955475,-0.06878411769866943,-0.2445397824048996,-0.14763526618480682,-0.2910166382789612,0.24534404277801514,-1.76023530960083,-0.11217672377824783,-0.06736566126346588,0.13955757021903992,-0.0919208973646164,-0.990889310836792,0.05727234110236168,-0.048217933624982834,1.3207299709320068,-0.4758143723011017,0.17716580629348755,-0.10186635702848434,0.33936798572540283,-0.022121215239167213,0.7176797389984131,-0.6594469547271729,-0.26100000739097595
0.19785839319229126,-0.19394657015800476,0.8002496361732483,0.0009874787647277117,0.033156655728816986,-0.029752634465694427,0.9990067481994629,0.4255715310573578,0.4068980813026428,-0.13972429931163788,-1.7884784936904907,-0.2728276252746582,-0.044086724519729614,-0.21565768122673035,-0.17174920439720154,-0.3024890422821045,0.253189355134964,-1.8054876327514648,-0.0007430038531310856,-0.12011497467756271,0.1980719119310379,-0.10488303750753403,-0.8967114090919495,-0.016280705109238625,-0.1279517561197281,1.010916829109192,-0.49024197459220886,0.0338088721036911,0.03929240629076958,0.3274843990802765,0.011260735802352428,0.6238580346107483,-0.6370505094528198,-0.26100000739097595
0.2548014223575592,-0.20486043393611908,0.8106452822685242,0.0011014897609129548,0.02603728137910366,-0.04225217550992966,0.9987670183181763,0.4909839928150177,0.35426366329193115,-0.10672271251678467,-1.768702745437622,-0.26231080293655396,-0.006871530786156654,-0.14717167615890503,-0.18884515762329102,-0.30831798911094666,0.2926662564277649,-1.8053408861160278,-0.08702044934034348,-0.15196290612220764,0.2027094066143036,-0.09662241488695145,-0.7829056978225708,-0.04321323335170746,-0.21293970942497253,0.7677310109138489,-0.5315673351287842,-0.11339753121137619,0.10161907970905304,0.3100130259990692,-0.002737533999606967,0.6459595561027527,-0.5730087757110596,-0.26100000739097595
0.3103521466255188,-0.21706800162792206,0.8145877718925476,0.0013252760982140899,0.019177211448550224,-0.06892964988946915,0.9974362850189209,0.5091626048088074,0.3192165493965149,-0.09825275093317032,-1.7568960189819336,-0.25332674384117126,0.024315455928444862,-0.1106797382235527,-0.18747800588607788,-0.2985175549983978,0.3347163498401642,-1.783396601676941,-0.22387294471263885,-0.15439145267009735,0.21274177730083466,-0.08166847378015518,-0.6641126871109009,-0.03746265918016434,-0.25121262669563293,0.6223800778388977,-0.5524207353591919,-0.10951653867959976,0.07423359900712967,0.28108733892440796,-0.03838184103369713,0.7897977232933044,-0.3609118163585663,-0.25726622343063354
0.363991916179657,-0.22774960100650787,0.8096376061439514,0.001602986827492714,0.015634505078196526,-0.1019815057516098,0.9946621656417847,0.458257794380188,0.3266041576862335,-0.12094507366418839,-1.754917860031128,-0.23417305946350098,0.024819085374474525,-0.11919669806957245,-0.15356941521167755,-0.28599536418914795,0.35281309485435486,-1.7653228044509888,-0.25559937953948975,-0.1451728343963623,0.24743378162384033,-0.05464016646146774,-0.577386736869812,-0.02696390263736248,-0.22922195494174957,0.6005618572235107,-0.5594029426574707,-0.07852903753519058,-0.016910437494516373,0.19977249205112457,-0.12164843827486038,1.0009864568710327,-0.07745800167322159,-0.12882782518863678
0.4155196249485016,-0.23516620695590973,0.7983571887016296,0.0017129245679825544,0.012096114456653595,-0.1402001529932022,0.990047812461853,0.36003807187080383,0.3634946644306183,-0.17106443643569946,-1.7451084852218628,-0.22005432844161987,0.0038457559421658516,-0.11794081330299377,-0.09844851493835449,-0.281161904335022,0.35858312249183655,-1.7417124509811401,-0.19746829569339752,-0.14972707629203796,0.26950517296791077,-0.031149020418524742,-0.5744781494140625,-0.032267238944768906,-0.20516538619995117,0.7453591227531433,-0.444906622171402,-0.10968844592571259,-0.12715674936771393,0.09419729560613632,-0.19623512029647827,1.2403613328933716,-0.0803726464509964,-0.16232743859291077
0.46302732825279236,-0.24271062016487122,0.7832459807395935,0.0040814527310431,0.022720271721482277,-0.17676196992397308,0.9839829206466675,0.18133293092250824,0.4179638624191284,-0.24527990818023682,-1.7039868831634521,-0.2287777215242386,0.0003934214182663709,-0.09249622374773026,-0.035885293036699295,-0.2812194526195526,0.33706384897232056,-1.6759001016616821,-0.08286180347204208,-0.15794461965560913,0.24599549174308777,0.03044830448925495,-0.6179366111755371,-0.06018928438425064,-0.17688168585300446,0.928104043006897,-0.466442734003067,-0.08688188344240189,-0.3401046693325043,0.013442151248455048,-0.22158248722553253,1.5201377868652344,-0.16745014488697052,-0.26079556345939636
0.50910484790802,-0.2543635368347168,0.7707882523536682,0.008691838942468166,0.040640104562044144,-0.20896291732788086,0.9770401120185852,-0.052393678575754166,0.4685017764568329,-0.33626052737236023,-1.660454511642456,-0.32635077834129333,-0.0025435469578951597,-0.05867129564285278,0.07402744889259338,-0.2868807017803192,0.30527228116989136,-1.6328260898590088,0.03418147936463356,-0.14292992651462555,0.14274537563323975,0.08143772929906845,-0.6294323801994324,-0.06929971277713776,-0.14437273144721985,1.0495585203170776,-0.5710612535476685,-0.06383705884218216,-0.5914092659950256,-0.010750466026365757,-0.17738084495067596,1.715790033340454,-0.24493961036205292,-0.26100000739097595
0.5557946562767029,-0.2696549892425537,0.7643998861312866,0.014121250249445438,0.05629250034689903,-0.242905855178833,0.9683122038841248,-0.26838287711143494,0.4769617021083832,-0.3895408511161804,-1.6622684001922607,-0.35822543501853943,-0.03212077170610428,-0.05561200901865959,0.21233226358890533,-0.30774861574172974,0.26490139961242676,-1.6386709213256836,0.03668280318379402,-0.12318374961614609,0.07770978659391403,0.11161074042320251,-0.5782663822174072,-0.06990207731723785,-0.1101611778140068,1.0923995971679688,-0.676673173904419,-0.03923594206571579,-0.8192818760871887,-0.012115461751818657,-0.12856756150722504,1.7911900281906128,-0.3003031313419342,-0.26100000739097595
0.6004011631011963,-0.2910366654396057,0.7689586281776428,0.017032934352755547,0.05859922245144844,-0.27859610319137573,0.9584676623344421,-0.4243508577346802,0.432985782623291,-0.3985689878463745,-1.683919072151184,-0.3354993462562561,-0.059587933123111725,-0.06453985720872879,0.36733224987983704,-0.3363381028175354,0.21607130765914917,-1.6571327447891235,-0.012391955591738224,-0.1294131577014923,0.08749260008335114,0.13755306601524353,-0.41528844833374023,-0.055561766028404236,-0.07972599565982819,0.9814586043357849,-0.7189612984657288,-0.021951153874397278,-0.9422236680984497,0.004684474319219589,-0.1102832704782486,1.7071155309677124,-0.3530595600605011,-0.26100000739097595
0.6456470489501953,-0.31752246618270874,0.7806885838508606,0.01870458759367466,0.055605608969926834,-0.31827589869499207,0.946181058883667,-0.5134961009025574,0.36659446358680725,-0.383259654045105,-1.726619005203247,-0.34970271587371826,-0.07250749319791794,-0.05905236676335335,0.49833059310913086,-0.3720564842224121,0.17655234038829803,-1.6596782207489014,-0.011896851472556591,-0.13413971662521362,0.09536537528038025,0.1850111484527588,-0.19980555772781372,-0.04857763275504112,-0.06651998311281204,0.783663809299469,-0.7189185619354248,-0.00250943168066442,-0.9704883098602295,0.016824327409267426,-0.12512053549289703,1.5042017698287964,-0.3723474442958832,-0.26100000739097595
0.6919279098510742,-0.3489347994327545,0.7956414222717285,0.019887857139110565,0.05240579694509506,-0.35424917936325073,0.9334696531295776,-0.5707341432571411,0.3158515989780426,-0.3913940489292145,-1.7766242027282715,-0.3654835522174835,-0.07676983624696732,-0.03304094448685646,0.614446759223938,-0.3892289400100708,0.12879861891269684,-1.6647305488586426,0.014334133826196194,-0.1459769755601883,0.09537253528833389,0.229127898812294,0.010119530372321606,-0.031164463609457016,-0.05956287309527397,0.5806628465652466,-0.6931895017623901,-0.016615314409136772,-0.9196250438690186,0.053964145481586456,-0.14591090381145477,1.1937683820724487,-0.3667493462562561,-0.26100000739097595
0.7382382750511169,-0.38353630900382996,0.8086068034172058,0.019261563196778297,0.046593278646469116,-0.3815540373325348,0.9229705333709717,-0.5866066813468933,0.284049391746521,-0.42772984504699707,-1.8246465921401978,-0.3509788513183594,-0.10167977213859558,-0.015072757378220558,0.7161239981651306,-0.3686412572860718,0.07364007830619812,-1.654815435409546,0.006753561086952686,-0.1584448367357254,0.10263245552778244,0.24417582154273987,0.14069844782352448,-0.0005305784870870411,-0.01674836501479149,0.4960921108722687,-0.7060414552688599,-0.045866403728723526,-0.805882453918457,0.11889886111021042,-0.16117270290851593,0.8264970779418945,-0.36677056550979614,-0.26099270582199097
0.785852313041687,-0.4204123616218567,0.8185043334960938,0.01890314742922783,0.04319072887301445,-0.40050122141838074,0.9150825142860413,-0.5644716024398804,0.2670803666114807,-0.46703454852104187,-1.8752667903900146,-0.3048281669616699,-0.1355377733707428,-0.030430547893047333,0.7808166146278381,-0.3355400264263153,0.029027653858065605,-1.649845838546753,-0.02395734190940857,-0.16068430244922638,0.10531177371740341,0.26003581285476685,0.19459222257137299,0.022789333015680313,0.01694628782570362,0.5102917551994324,-0.6229167580604553,-0.08682654798030853,-0.6777197122573853,0.15874910354614258,-0.17714782059192657,0.5262730121612549,-0.40167078375816345,-0.23472145199775696
0.8329864740371704,-0.45511478185653687,0.8187190890312195,0.014651640318334103,0.032151661813259125,-0.4144175350666046,0.9094007611274719,-0.4975426495075226,0.25756609439849854,-0.5024335980415344,-1.9173781871795654,-0.23705369234085083,-0.16423963010311127,-0.05982283875346184,0.8326608538627625,-0.32419756054878235,0.004309108946472406,-1.6682829856872559,-0.06991215795278549,-0.15888988971710205,0.11925451457500458,0.22882652282714844,0.14803634583950043,0.022607572376728058,0.0300342608243227,0.7120476365089417,-0.33533814549446106,-0.10482010990381241,-0.5731090903282166,0.2109399139881134,-0.16140693426132202,0.41134822368621826,-0.4066322445869446,-0.26035889983177185
0.878601610660553,-0.48595932126045227,0.8096160888671875,0.013320300728082657,0.028664764016866684,-0.42120417952537537,0.9064148664474487,-0.4250115156173706,0.25458982586860657,-0.52435702085495,-1.940032958984375,-0.19512830674648285,-0.18142740428447723,-0.10818468779325485,0.8277818560600281,-0.3353872001171112,0.002548030810430646,-1.689845323562622,-0.10410379618406296,-0.15560396015644073,0.13761572539806366,0.19086119532585144,0.016837600618600845,0.033200815320014954,0.07033873349428177,0.9748174548149109,0.0363122932612896,-0.16499470174312592,-0.538752019405365,0.23263521492481232,-0.149761363863945,0.46098411083221436,-0.344205379486084,-0.26100000739097595
0.9199697971343994,-0.5153229832649231,0.7911484241485596,0.011352444998919964,0.024179566651582718,-0.4248429834842682,0.9048728942871094,-0.3366714119911194,0.26214736700057983,-0.5240186452865601,-1.9216023683547974,-0.19220851361751556,-0.19230933487415314,-0.16592545807361603,0.7787517309188843,-0.3632226586341858,0.03029804490506649,-1.7041690349578857,-0.10083049535751343,-0.15585006773471832,0.13716019690036774,0.1557168811559677,-0.11456391960382462,0.11410899460315704,0.15619954466819763,1.2777281999588013,-0.07083015888929367,-0.14873452484607697,-0.5910952687263489,0.2453862577676773,-0.15002968907356262,0.6876099109649658,-0.2861007750034332,-0.26100000739097595
0.957409143447876,-0.5475394129753113,0.7739536166191101,0.016276966780424118,0.03449535742402077,-0.4264276325702667,0.9037171006202698,-0.24468053877353668,0.2779921889305115,-0.4954323470592499,-1.85369074344635,-0.20420625805854797,-0.19073210656642914,-0.1916932612657547,0.6323583722114563,-0.39168474078178406,0.09724056720733643,-1.6959149837493896,-0.09251871705055237,-0.14260224997997284,0.09240693598985672,0.10119781643152237,-0.3187852203845978,0.19889721274375916,0.18902231752872467,1.5609872341156006,-0.19887107610702515,-0.05566740036010742,-0.6346681714057922,0.29104626178741455,-0.10672327876091003,0.869628369808197,-0.3737455904483795,-0.26100000739097595