-0.0023079323582351208,0.012556756846606731,0.8386321663856506,0.04230715334415436,0.04687182977795601,-0.6686989665031433,0.7408473491668701,-0.005803507287055254,0.11137840151786804,-0.3606886565685272,-0.35095903277397156,-0.0027175480499863625,0.021659625694155693,0.25750160217285156,-0.05919468775391579,-0.107073575258255,0.28124475479125977,-0.2828685939311981,0.1956409215927124,-0.05743410438299179,-0.1177789717912674,-0.03414374962449074,-0.039139676839113235,-0.048356134444475174,0.08338729292154312,0.051013123244047165,-0.23716601729393005,0.08613753318786621,-0.05041393265128136,0.0970892384648323,-0.2813171446323395,-0.002918276935815811,-0.19416047632694244,-0.12680211663246155
-0.002513546496629715,0.012846575118601322,0.8384324312210083,0.042867351323366165,0.0474652461707592,-0.6688753962516785,0.740618109703064,-0.006981901358813047,0.11255563795566559,-0.36198657751083374,-0.3569261431694031,-0.004819212481379509,0.030350375920534134,0.259141206741333,-0.06085238605737686,-0.105970099568367,0.2795737087726593,-0.28931066393852234,0.19699719548225403,-0.04483169689774513,-0.11736270785331726,-0.0287930928170681,-0.06108729541301727,-0.04621485248208046,0.07228489220142365,0.09522189199924469,-0.2771318852901459,0.08294282108545303,-0.06340640038251877,0.09514310210943222,-0.2752344310283661,0.02223437838256359,-0.2167305201292038,-0.13325358927249908
-0.002629260765388608,0.01300288550555706,0.8379418253898621,0.043831389397382736,0.04856210574507713,-0.6685886979103088,0.7407493591308594,-0.008874877355992794,0.11309517920017242,-0.36563369631767273,-0.35631901025772095,-0.008542327210307121,0.03292550891637802,0.2564816474914551,-0.06243953853845596,-0.10572268068790436,0.2755436897277832,-0.28906673192977905,0.19421105086803436,-0.04440230876207352,-0.11802902817726135,-0.027092386037111282,-0.08275589346885681,-0.0472269281744957,0.05218669772148132,0.13960392773151398,-0.3373059034347534,0.08628692477941513,-0.08112262189388275,0.09297288209199905,-0.25658276677131653,0.05418704077601433,-0.24501235783100128,-0.14159460365772247
-0.002801655326038599,0.012370160780847073,0.8370845317840576,0.04542040452361107,0.050327274948358536,-0.6684484481811523,0.7406624555587769,-0.009618280455470085,0.11368551105260849,-0.3731555640697479,-0.35528072714805603,-0.008716427721083164,0.03276410698890686,0.25719135999679565,-0.06259900331497192,-0.10577411949634552,0.27296924591064453,-0.2900966703891754,0.19319601356983185,-0.04589536413550377,-0.11595389246940613,-0.026726625859737396,-0.09894194453954697,-0.04939282685518265,0.037161774933338165,0.1736285537481308,-0.4015633463859558,0.09011190384626389,-0.10414694994688034,0.09016605466604233,-0.2448277622461319,0.09551148861646652,-0.2843066453933716,-0.15099936723709106
-0.0031957661267369986,0.010762820020318031,0.8361706137657166,0.04745093733072281,0.0524829663336277,-0.6689710021018982,0.7399133443832397,-0.010846628807485104,0.11567581444978714,-0.38892337679862976,-0.3516761064529419,-0.006030365824699402,0.026948772370815277,0.2607254683971405,-0.0615856796503067,-0.10580561310052872,0.2730790078639984,-0.2925841808319092,0.18888892233371735,-0.04679048806428909,-0.11637338995933533,-0.02649777941405773,-0.10521602630615234,-0.04953312128782272,0.02986699901521206,0.18790127336978912,-0.45992445945739746,0.0913892388343811,-0.1216030865907669,0.08966777473688126,-0.2382693588733673,0.1259421557188034,-0.32134029269218445,-0.15669173002243042
-0.003871589433401823,0.008248308673501015,0.8355131149291992,0.049828462302684784,0.055095124989748,-0.6689155697822571,0.7396171689033508,-0.014966589398682117,0.11871369183063507,-0.4083515703678131,-0.34767788648605347,-0.011543703265488148,0.030710479244589806,0.2540648579597473,-0.058329831808805466,-0.10611703246831894,0.26748576760292053,-0.2962806224822998,0.1933699995279312,-0.05095243081450462,-0.11198052763938904,-0.025842566043138504,-0.11072412133216858,-0.04580407217144966,0.027338126674294472,0.1976049840450287,-0.4999080300331116,0.08435747772455215,-0.1340647041797638,0.09183509647846222,-0.23395615816116333,0.14735007286071777,-0.35376471281051636,-0.1544894427061081
-0.005118626169860363,0.004702422302216291,0.8350252509117126,0.05308996140956879,0.058696769177913666,-0.6686935424804688,0.7393139600753784,-0.01960228756070137,0.1214253157377243,-0.42835378646850586,-0.34392791986465454,-0.010302995331585407,0.028502987697720528,0.2562640309333801,-0.051854632794857025,-0.10639599710702896,0.2577309310436249,-0.3064104914665222,0.19354143738746643,-0.05461689457297325,-0.10948074609041214,-0.022808877751231194,-0.12075698375701904,-0.0404554158449173,0.028240960091352463,0.2093905359506607,-0.5276447534561157,0.07867997884750366,-0.14360179007053375,0.09655263274908066,-0.23222339153289795,0.15815216302871704,-0.37793946266174316,-0.15668737888336182
-0.006700858008116484,0.00015348325541708618,0.8344311118125916,0.057455260306596756,0.06363694369792938,-0.6676692366600037,0.7395045757293701,-0.02463662438094616,0.12398293614387512,-0.4402899444103241,-0.3471212089061737,-0.019010290503501892,0.03420264273881912,0.24785809218883514,-0.0432855598628521,-0.10869342088699341,0.24663934111595154,-0.32540079951286316,0.19324533641338348,-0.053062744438648224,-0.10742295533418655,-0.02048652432858944,-0.13526836037635803,-0.037123847752809525,0.018241746351122856,0.2214553952217102,-0.543523907661438,0.08226381987333298,-0.15925176441669464,0.10116825997829437,-0.2265480011701584,0.17517390847206116,-0.39843329787254333,-0.15998885035514832
-0.0087598180398345,-0.005517500452697277,0.8336005806922913,0.06290152668952942,0.06968067586421967,-0.6671169996261597,0.7390148043632507,-0.0317058302462101,0.12666848301887512,-0.4491160213947296,-0.3516990840435028,-0.023624951019883156,0.03392338752746582,0.24463242292404175,-0.03729313239455223,-0.11208534240722656,0.23822933435440063,-0.3425132632255554,0.1988218128681183,-0.058254893869161606,-0.10355328768491745,-0.017120322212576866,-0.15067102015018463,-0.03165971487760544,0.01569812372326851,0.22982987761497498,-0.560006320476532,0.07945776730775833,-0.17329008877277374,0.1079971045255661,-0.22136177122592926,0.1822800487279892,-0.41872087121009827,-0.17123016715049744
-0.011301489546895027,-0.012771354988217354,0.83271723985672,0.06866664439439774,0.07600808888673782,-0.6668363809585571,0.7381306886672974,-0.03712411969900131,0.12889789044857025,-0.45282408595085144,-0.35884615778923035,-0.02297385036945343,0.03186466917395592,0.24541059136390686,-0.03388262540102005,-0.11477503180503845,0.23569251596927643,-0.3534705936908722,0.20083698630332947,-0.06463779509067535,-0.10989304631948471,-0.013698501512408257,-0.16173048317432404,-0.02420276403427124,0.016979236155748367,0.23149314522743225,-0.5606433153152466,0.06810120493173599,-0.18149878084659576,0.11575926840305328,-0.21518725156784058,0.1803443282842636,-0.4315040111541748,-0.17715862393379211
-0.014300857670605183,-0.02140597626566887,0.8315967321395874,0.07507961988449097,0.08283029496669769,-0.6673815250396729,0.736277163028717,-0.040777914226055145,0.1308298259973526,-0.44631868600845337,-0.3695797324180603,-0.020988063886761665,0.030442390590906143,0.24619852006435394,-0.03015626035630703,-0.11730435490608215,0.23050986230373383,-0.37148892879486084,0.21199436485767365,-0.06564971059560776,-0.10826568305492401,-0.010069657117128372,-0.17080877721309662,-0.016990501433610916,0.01950169913470745,0.22958950698375702,-0.5649615526199341,0.058820758014917374,-0.18817390501499176,0.12272908538579941,-0.21402712166309357,0.17421889305114746,-0.4412176311016083,-0.1793576329946518
-0.01774873025715351,-0.03121546469628811,0.8300811052322388,0.08204782009124756,0.09025260806083679,-0.6676502227783203,0.7344152927398682,-0.04453441500663757,0.1334032118320465,-0.4358192980289459,-0.38312825560569763,-0.02452845685184002,0.03192072734236717,0.2455686628818512,-0.022527286782860756,-0.11924908310174942,0.22183158993721008,-0.40171271562576294,0.22163687646389008,-0.07490329444408417,-0.1069481298327446,-0.007994926534593105,-0.18668562173843384,-0.00782544631510973,0.024853771552443504,0.2405000627040863,-0.573259174823761,0.050550442188978195,-0.19675374031066895,0.12983354926109314,-0.2160317450761795,0.17107880115509033,-0.4487229883670807,-0.17398196458816528
-0.02144520916044712,-0.04233596846461296,0.82792729139328,0.08870723843574524,0.09718756377696991,-0.6682865023612976,0.7321739792823792,-0.04549189284443855,0.13538861274719238,-0.4260197579860687,-0.39876317977905273,-0.032137565314769745,0.03020898811519146,0.24468931555747986,-0.013030563481152058,-0.1204475685954094,0.21526440978050232,-0.440742552280426,0.22134922444820404,-0.08687473088502884,-0.11008667945861816,-0.008519761264324188,-0.2097245156764984,-0.0014288288075476885,0.028323430567979813,0.272959440946579,-0.5839723944664001,0.0517425462603569,-0.20113149285316467,0.13664443790912628,-0.20939654111862183,0.16645760834217072,-0.4579184651374817,-0.17235638201236725
-0.025353509932756424,-0.05552768334746361,0.8249915242195129,0.09489326179027557,0.10332854837179184,-0.6697144508361816,0.7292469143867493,-0.042419981211423874,0.13693472743034363,-0.4136942923069,-0.4145490825176239,-0.033380746841430664,0.024670841172337532,0.2466985583305359,-0.002609832910820842,-0.1199805736541748,0.21352343261241913,-0.4838699698448181,0.2145756632089615,-0.09942229837179184,-0.11332497000694275,-0.009423218667507172,-0.24353547394275665,0.003895066911354661,0.02855629473924637,0.33501628041267395,-0.5764040946960449,0.058365143835544586,-0.19238615036010742,0.1451595574617386,-0.19912128150463104,0.14717021584510803,-0.46495193243026733,-0.17370955646038055
-0.02961510792374611,-0.06952588260173798,0.8208405375480652,0.10112905502319336,0.10954400897026062,-0.6707409024238586,0.7265532612800598,-0.03693017363548279,0.13952183723449707,-0.3995601534843445,-0.43538418412208557,-0.03885900601744652,0.021326392889022827,0.248274028301239,0.011538549326360226,-0.11719192564487457,0.2124536633491516,-0.5482914447784424,0.21556410193443298,-0.11123602837324142,-0.12195092439651489,-0.012881113216280937,-0.2979408800601959,0.010041870176792145,0.022226467728614807,0.43764591217041016,-0.5538270473480225,0.059923723340034485,-0.18131962418556213,0.1558983027935028,-0.18495991826057434,0.12672065198421478,-0.47220346331596375,-0.17911869287490845
-0.03359512984752655,-0.084719218313694,0.815700113773346,0.10764044523239136,0.11625732481479645,-0.6708089709281921,0.7245088815689087,-0.02768741175532341,0.14368000626564026,-0.38389235734939575,-0.46713903546333313,-0.0494474321603775,0.02091781049966812,0.24404890835285187,0.02559664659202099,-0.11289705336093903,0.20474505424499512,-0.6235892176628113,0.2219344526529312,-0.14231008291244507,-0.12805163860321045,-0.013863570988178253,-0.37264755368232727,0.008331081829965115,0.002863670699298382,0.5870586037635803,-0.5824307799339294,0.06457009166479111,-0.1673976629972458,0.16132594645023346,-0.18181517720222473,0.1048104539513588,-0.47107282280921936,-0.16375486552715302
-0.03722246736288071,-0.10114368796348572,0.8098417520523071,0.11475986987352371,0.12361129373311996,-0.6706327795982361,0.7223587036132812,-0.013145789504051208,0.1510469615459442,-0.36990514397621155,-0.510257363319397,-0.056664835661649704,0.013591484166681767,0.23964402079582214,0.03192625939846039,-0.10576364398002625,0.20389698445796967,-0.7072862386703491,0.23174285888671875,-0.1587183177471161,-0.14220233261585236,-0.0054893167689442635,-0.49256235361099243,-0.0028205602429807186,-0.013772128149867058,0.8130096793174744,-0.6331220269203186,0.07132094353437424,-0.153114914894104,0.16197900474071503,-0.19717396795749664,0.08088239282369614,-0.48704490065574646,-0.1662111133337021
-0.04083327576518059,-0.11923479288816452,0.8033114671707153,0.12029293924570084,0.1311577409505844,-0.6651328206062317,0.7252072691917419,0.00764951528981328,0.16326338052749634,-0.35685446858406067,-0.5608291029930115,-0.06937038898468018,0.0026009490247815847,0.24356801807880402,0.03265136107802391,-0.0957876518368721,0.20533765852451324,-0.7905965447425842,0.23104605078697205,-0.17372176051139832,-0.14647693932056427,-0.012919709086418152,-0.6420458555221558,0.004430703353136778,0.002151335822418332,1.0703130960464478,-0.6199232339859009,0.12140252441167831,-0.1253194361925125,0.1783568412065506,-0.20802558958530426,0.03845858946442604,-0.4730052947998047,-0.1657802313566208
-0.04406658560037613,-0.13991287350654602,0.7964819669723511,0.12425679713487625,0.1372854858636856,-0.6594457626342773,0.7285906076431274,0.053141407668590546,0.17650048434734344,-0.3141927123069763,-0.6534850597381592,-0.08715018630027771,0.0011496070073917508,0.24248331785202026,0.024100711569190025,-0.08718142658472061,0.21843408048152924,-0.8793671131134033,0.21772445738315582,-0.190231591463089,-0.15763899683952332,-0.02901192381978035,-0.791319727897644,0.03151984512805939,0.036344945430755615,1.290982961654663,-0.4817698895931244,0.16791391372680664,-0.0926685705780983,0.19711549580097198,-0.21371731162071228,0.009636455215513706,-0.465293824672699,-0.14983804523944855
-0.04507056251168251,-0.16151577234268188,0.7914179563522339,0.13063856959342957,0.14511525630950928,-0.6561853885650635,0.7289004325866699,0.10811430960893631,0.187584787607193,-0.2564937472343445,-0.774061918258667,-0.094915471971035,-0.00467186514288187,0.23162409663200378,-0.0023924512788653374,-0.0852716937661171,0.23566284775733948,-0.9816141724586487,0.22323808073997498,-0.20001307129859924,-0.16055041551589966,-0.040321577340364456,-0.9125009775161743,0.050874605774879456,0.07467453926801682,1.422297477722168,-0.5015878677368164,0.1942175179719925,-0.08162616193294525,0.197921484708786,-0.21873365342617035,0.009726707823574543,-0.46950411796569824,-0.12016100436449051
-0.044340286403894424,-0.18485280871391296,0.7886761426925659,0.13647069036960602,0.15217529237270355,-0.6535506844520569,0.7287591695785522,0.17178428173065186,0.19749408960342407,-0.2076714187860489,-0.8940028548240662,-0.09172973781824112,0.0008626214112155139,0.22629664838314056,-0.05063880980014801,-0.08860888332128525,0.2542535364627838,-1.0759668350219727,0.23849578201770782,-0.19166778028011322,-0.16598470509052277,-0.059554990381002426,-1.0205862522125244,0.06348340213298798,0.0972399041056633,1.4838429689407349,-0.5113021731376648,0.18689729273319244,-0.06976284086704254,0.1936527043581009,-0.2307000309228897,0.014158613979816437,-0.4592135548591614,-0.0822424665093422
-0.041874900460243225,-0.2114483267068863,0.7885498404502869,0.1417955905199051,0.15793569386005402,-0.652840793132782,0.7271514534950256,0.24145546555519104,0.20198817551136017,-0.15857930481433868,-1.0028809309005737,-0.09615921974182129,0.009036106057465076,0.22350220382213593,-0.10248598456382751,-0.0938214436173439,0.27379167079925537,-1.1636542081832886,0.25767266750335693,-0.19955191016197205,-0.15611088275909424,-0.06645210087299347,-1.1074856519699097,0.05490090325474739,0.09515970200300217,1.4651366472244263,-0.5102934241294861,0.13890781998634338,-0.05200226977467537,0.18593446910381317,-0.25475868582725525,0.015448817051947117,-0.43655240535736084,-0.0455135852098465
-0.03831319510936737,-0.24130597710609436,0.7911118268966675,0.1461741179227829,0.16210070252418518,-0.6535342931747437,0.7247409224510193,0.31046661734580994,0.20632107555866241,-0.1199072077870369,-1.1027380228042603,-0.09760107845067978,0.015342442318797112,0.23048236966133118,-0.16416716575622559,-0.10398253053426743,0.29950031638145447,-1.2349692583084106,0.26806414127349854,-0.20294922590255737,-0.16040053963661194,-0.06151854246854782,-1.1629713773727417,0.023424537852406502,0.075904980301857,1.3701061010360718,-0.5115264058113098,0.0703660175204277,-0.02819109708070755,0.17180407047271729,-0.26611465215682983,0.01714778132736683,-0.4048536419868469,-0.011607264168560505
-0.033655356615781784,-0.2749158442020416,0.7953821420669556,0.14931900799274445,0.1654183566570282,-0.653211772441864,0.7236400842666626,0.3734264671802521,0.21119476854801178,-0.09206672012805939,-1.1953239440917969,-0.12525545060634613,0.030670717358589172,0.235311821103096,-0.21821680665016174,-0.11640844494104385,0.3193090260028839,-1.2941641807556152,0.2760337293148041,-0.1961982548236847,-0.16507276892662048,-0.06057724356651306,-1.1756590604782104,-0.010570570826530457,0.049722298979759216,1.211328387260437,-0.4998495578765869,0.006290362682193518,0.0020143999718129635,0.15780630707740784,-0.27765780687332153,0.016008473932743073,-0.39013925194740295,0.015602437779307365
-0.0284151379019022,-0.31278717517852783,0.7998853325843811,0.15093478560447693,0.16762994229793549,-0.6518855690956116,0.7239917516708374,0.41821056604385376,0.21997475624084473,-0.07465606182813644,-1.266238808631897,-0.16023042798042297,0.03588559478521347,0.24336223304271698,-0.24607646465301514,-0.12737628817558289,0.3313932418823242,-1.3441104888916016,0.2711138427257538,-0.18865622580051422,-0.17802202701568604,-0.0636245459318161,-1.1512341499328613,-0.026113105937838554,0.04375673830509186,1.0285227298736572,-0.47356128692626953,-0.059720661491155624,0.022667421028017998,0.1425967514514923,-0.28376907110214233,0.05062698572874069,-0.41105782985687256,0.023451415821909904
-0.023298049345612526,-0.35479429364204407,0.8027344942092896,0.14965680241584778,0.167486310005188,-0.6492771506309509,0.7266294360160828,0.4418926239013672,0.23558901250362396,-0.07490949332714081,-1.3156815767288208,-0.16595511138439178,0.031795404851436615,0.26002588868141174,-0.24407826364040375,-0.13595567643642426,0.33447176218032837,-1.3872990608215332,0.24593935906887054,-0.1787007451057434,-0.18142051994800568,-0.07185355573892593,-1.1094554662704468,-0.028185514733195305,0.07487205415964127,0.9129790663719177,-0.4435393512248993,-0.05938907340168953,0.019871098920702934,0.13060204684734344,-0.2820260226726532,0.14163702726364136,-0.44399917125701904,-0.01544986478984356
-0.017814671620726585,-0.40041854977607727,0.8022109866142273,0.14495380222797394,0.1628860980272293,-0.6487938165664673,0.7290562987327576,0.44674035906791687,0.25470155477523804,-0.08995961397886276,-1.356960654258728,-0.13512854278087616,0.02492152713239193,0.27042749524116516,-0.218898743391037,-0.14158427715301514,0.3278893828392029,-1.4088517427444458,0.1941303163766861,-0.19009432196617126,-0.17425619065761566,-0.07795021682977676,-1.0528995990753174,-0.026096632704138756,0.13107936084270477,0.9016392827033997,-0.4403686821460724,-0.04463951289653778,-0.014183956198394299,0.11371279507875443,-0.2663124203681946,0.3123994767665863,-0.4223564565181732,-0.08698835968971252
-0.011341791599988937,-0.44902005791664124,0.7964664101600647,0.13834482431411743,0.15468047559261322,-0.652138888835907,0.729142963886261,0.434389591217041,0.27460548281669617,-0.11690381914377213,-1.4008159637451172,-0.1166367381811142,0.01845894567668438,0.2656136155128479,-0.16516929864883423,-0.14247874915599823,0.31645071506500244,-1.417032241821289,0.15900184214115143,-0.21314802765846252,-0.1715456247329712,-0.07588384300470352,-0.9735091924667358,-0.06782584637403488,0.1469392031431198,0.9456860423088074,-0.5006942749023438,0.18896380066871643,-0.10115644335746765,0.07993534207344055,-0.25029510259628296,0.569411039352417,-0.19495409727096558,-0.12825898826122284
-0.0025997795164585114,-0.49574679136276245,0.7826473116874695,0.13199733197689056,0.14653098583221436,-0.6561540961265564,0.7284004092216492,0.396257221698761,0.28531426191329956,-0.1620822697877884,-1.4606261253356934,-0.09694176912307739,0.01213823165744543,0.2577681839466095,-0.09529420733451843,-0.15546350181102753,0.30120256543159485,-1.4243974685668945,0.15049073100090027,-0.2251708060503006,-0.1840810626745224,-0.035100359469652176,-0.8907519578933716,-0.1303195059299469,0.12232480943202972,1.0188326835632324,-0.6073779463768005,0.2161867469549179,-0.24759258329868317,-0.002249981975182891,-0.24789074063301086,0.8883290886878967,0.325764000415802,-0.04696584492921829
0.0003075685235671699,-0.5328962802886963,0.7581073641777039,0.1209392175078392,0.1332383006811142,-0.6611346006393433,0.7283695936203003,0.34058013558387756,0.2864696979522705,-0.22622144222259521,-1.5358171463012695,-0.04227283596992493,0.009728636592626572,0.2519705295562744,0.0026328102685511112,-0.1783798336982727,0.27798381447792053,-1.4313868284225464,0.14184613525867462,-0.25771185755729675,-0.1720583736896515,0.02032778039574623,-0.8936092257499695,-0.19026172161102295,0.12734726071357727,1.238956093788147,-0.7619308829307556,0.2464636266231537,-0.4452647268772125,-0.119661845266819,-0.28322911262512207,1.401054859161377,0.17148201167583466,-0.07206008583307266
0.003409333061426878,-0.5739704966545105,0.7467237114906311,0.12347035855054855,0.13441245257854462,-0.6651321649551392,0.724077045917511,0.21458448469638824,0.2821683883666992,-0.2800326347351074,-1.5962319374084473,-0.045314475893974304,0.020100854337215424,0.27011191844940186,0.07896161824464798,-0.18408901989459991,0.24669870734214783,-1.4540140628814697,0.14840608835220337,-0.2573793828487396,-0.18766242265701294,0.042670756578445435,-0.8441144824028015,-0.20869942009449005,0.12827883660793304,1.2941783666610718,-0.8516355156898499,0.26057562232017517,-0.6412625908851624,-0.16761834919452667,-0.25245219469070435,1.6739237308502197,0.0448799692094326,-0.10213202238082886
0.005627705715596676,-0.6177924871444702,0.7443854212760925,0.12857301533222198,0.13722878694534302,-0.6715196967124939,0.7167276740074158,0.07198110222816467,0.26368629932403564,-0.3280944228172302,-1.6536829471588135,-0.08391688019037247,0.024869520217180252,0.2703065276145935,0.17145580053329468,-0.18316707015037537,0.21804265677928925,-1.4918382167816162,0.13658350706100464,-0.25471198558807373,-0.19279853999614716,0.06704427301883698,-0.7674461603164673,-0.223326176404953,0.11870552599430084,1.275294542312622,-0.8713699579238892,0.2604951858520508,-0.8459327220916748,-0.20057354867458344,-0.21790027618408203,1.8312939405441284,-0.08037848025560379,-0.14268332719802856
0.007379041984677315,-0.6664239764213562,0.7518790364265442,0.131314218044281,0.1364002823829651,-0.6810031533241272,0.7073798179626465,-0.05330464243888855,0.23133717477321625,-0.3743186295032501,-1.7075169086456299,-0.07265258580446243,0.006594658829271793,0.27929073572158813,0.26031577587127686,-0.18233098089694977,0.20042283833026886,-1.5113837718963623,0.11942495405673981,-0.25487518310546875,-0.1950252652168274,0.06719610095024109,-0.6301481127738953,-0.22203361988067627,0.11385272443294525,1.1677916049957275,-0.8714662194252014,0.24490860104560852,-1.019687533378601,-0.1975000500679016,-0.17978845536708832,1.8446053266525269,-0.16634216904640198,-0.16614116728305817
0.007184478919953108,-0.719897449016571,0.7663867473602295,0.13467003405094147,0.133790522813797,-0.6965199708938599,0.6919711232185364,-0.13896186649799347,0.19988837838172913,-0.40061870217323303,-1.77047860622406,-0.05448921024799347,-0.014938375912606716,0.2764666974544525,0.32212576270103455,-0.1849798560142517,0.19755436480045319,-1.5217175483703613,0.12694238126277924,-0.2556494474411011,-0.18883644044399261,0.060400042682886124,-0.46935728192329407,-0.21088770031929016,0.11600159108638763,1.0104674100875854,-0.8712535500526428,0.22587166726589203,-1.1461267471313477,-0.14728409051895142,-0.1521317958831787,1.7435470819473267,-0.2563186287879944,-0.17037071287631989
0.005992673337459564,-0.7797684669494629,0.7866242527961731,0.13513600826263428,0.12748050689697266,-0.7147477865219116,0.6742570400238037,-0.18179143965244293,0.18240834772586823,-0.4225894510746002,-1.8272156715393066,-0.047242194414138794,-0.030659832060337067,0.26761093735694885,0.3775816559791565,-0.18774472177028656,0.2022838294506073,-1.5469597578048706,0.14385689795017242,-0.24894757568836212,-0.1629534810781479,0.043243441730737686,-0.2773957848548889,-0.1948278248310089,0.1396784782409668,0.7972391247749329,-0.866970419883728,0.19984085857868195,-1.1795670986175537,-0.050614047795534134,-0.12691456079483032,1.5135700702667236,-0.2643422484397888,-0.1185227483510971
0.00483072130009532,-0.8431828618049622,0.8077983260154724,0.1344483643770218,0.12189023941755295,-0.7285579442977905,0.6605071425437927,-0.19550828635692596,0.1806524097919464,-0.4495961368083954,-1.8814411163330078,-0.04625759273767471,-0.032408762723207474,0.23568981885910034,0.4285580515861511,-0.17984077334403992,0.20413847267627716,-1.5729302167892456,0.1514999121427536,-0.24380461871623993,-0.1516391485929489,0.02124345488846302,-0.10722021758556366,-0.18446075916290283,0.18899290263652802,0.5717023611068726,-0.75193190574646,0.17965541779994965,-1.1294338703155518,0.04286812245845795,-0.10218130052089691,1.1836298704147339,-0.2589462399482727,-0.0271290373057127
0.004471423104405403,-0.9088028073310852,0.8243585228919983,0.13031208515167236,0.11525600403547287,-0.737631618976593,0.652406632900238,-0.17774604260921478,0.18445156514644623,-0.4723314046859741,-1.9357421398162842,-0.09017464518547058,-0.034313686192035675,0.19873356819152832,0.4726356863975525,-0.16979768872261047,0.20999006927013397,-1.5929219722747803,0.16716869175434113,-0.24244634807109833,-0.1520097553730011,0.0008921062108129263,-0.023988744243979454,-0.1727616935968399,0.21101568639278412,0.47098103165626526,-0.3541777729988098,0.1384071707725525,-1.016214370727539,0.11992606520652771,-0.053193703293800354,0.8223863244056702,-0.20487120747566223,0.07975652813911438
0.004395465366542339,-0.9711545705795288,0.8267644643783569,0.12358748912811279,0.10873918235301971,-0.7405251264572144,0.6515554189682007,-0.14250153303146362,0.1961382031440735,-0.49304670095443726,-1.9748458862304688,-0.08449865132570267,-0.051606010645627975,0.17955435812473297,0.4905790686607361,-0.17264364659786224,0.22853009402751923,-1.622814655303955,0.19219596683979034,-0.24299360811710358,-0.14800837635993958,-0.046206407248973846,-0.09511628746986389,-0.13563449680805206,0.21300870180130005,0.6708372235298157,0.09439172595739365,0.05583295598626137,-0.9475062489509583,0.18277618288993835,-0.055976752191782,0.6428577899932861,-0.10464748740196228,0.12601400911808014
0.0037905678618699312,-1.0359716415405273,0.8242782950401306,0.1254398673772812,0.11206911504268646,-0.7351073026657104,0.6567515730857849,-0.11439616233110428,0.22268496453762054,-0.4969579875469208,-1.973115086555481,-0.0423273891210556,-0.07850620895624161,0.17455273866653442,0.4396502375602722,-0.17476439476013184,0.2630934417247772,-1.6412986516952515,0.21658971905708313,-0.2499944567680359,-0.15689806640148163,-0.0273604653775692,-0.15415050089359283,-0.10591113567352295,0.11555013060569763,0.839901864528656,0.12759704887866974,0.025064807385206223,-0.8543961048126221,0.19383865594863892,-0.1197577640414238,0.5609756112098694,-0.10630457103252411,0.120697982609272
0.0028733897488564253,-1.0902161598205566,0.8005993366241455,0.10534992069005966,0.09673255681991577,-0.7290176749229431,0.6693858504295349,-0.02036529779434204,0.24226775765419006,-0.4859425723552704,-1.9286283254623413,-0.028072485700249672,-0.06278310716152191,0.17955328524112701,0.41370251774787903,-0.20176534354686737,0.3220272362232208,-1.666558861732483,0.21173721551895142,-0.2584347724914551,-0.15344290435314178,-0.06169290468096733,-0.28870847821235657,-0.0048001729883253574,0.1972474306821823,1.2816087007522583,0.060584839433431625,0.02843867801129818,-0.8060435056686401,0.24267084896564484,-0.21070705354213715,0.7415485978126526,-0.28840023279190063,-0.2604348361492157
0.000648031709715724,-1.1477057933807373,0.7773797512054443,0.0966976210474968,0.09414491057395935,-0.7099459171295166,0.6912041306495667,0.046094756573438644,0.2750471830368042,-0.45435404777526855,-1.8730632066726685,-0.09678502380847931,-0.0406603142619133,0.1741887480020523,0.34470808506011963,-0.21122679114341736,0.3551945984363556,-1.7330321073532104,0.19861707091331482,-0.2603726089000702,-0.1431145817041397,-0.09629572182893753,-0.4328473210334778,0.1063234731554985,0.1889820396900177,1.6024200916290283,-0.07684499025344849,0.0713033378124237,-0.744030773639679,0.2612646818161011,-0.21451494097709656,0.8944032192230225,-0.48329171538352966,-0.2609999477863312
-0.0005867397412657738,-1.2036833763122559,0.7577948570251465,0.09290552139282227,0.094991534948349,-0.6930137276649475,0.7085739970207214,0.15091025829315186,0.30143991112709045,-0.3966678977012634,-1.8632142543792725,-0.1830345243215561,-0.026531536132097244,0.19131077826023102,0.2124045193195343,-0.2287721186876297,0.38243502378463745,-1.7808245420455933,0.2100815325975418,-0.23893369734287262,-0.1653328686952591,-0.12196668982505798,-0.6230356097221375,0.16979005932807922,0.14351755380630493,1.842328667640686,-0.20271654427051544,0.11796431988477707,-0.6863693594932556,0.28101277351379395,-0.20307134091854095,1.0176301002502441,-0.6456484198570251,-0.26100000739097595
0.0015000967541709542,-1.2605628967285156,0.7517059445381165,0.09355081617832184,0.09848017990589142,-0.6823456287384033,0.7182996273040771,0.28623443841934204,0.31066030263900757,-0.3089115023612976,-1.8815968036651611,-0.14132468402385712,-0.026162900030612946,0.18202289938926697,0.03498584032058716,-0.23398324847221375,0.39390239119529724,-1.7815362215042114,0.24478687345981598,-0.25149208307266235,-0.16027602553367615,-0.12356191873550415,-0.829521894454956,0.17920398712158203,0.11131949722766876,1.9384616613388062,-0.3220188617706299,0.16496311128139496,-0.5879099369049072,0.27557069063186646,-0.20759326219558716,1.027795433998108,-0.7235971689224243,-0.26076221466064453
0.0052511380054056644,-1.3214870691299438,0.7582054138183594,0.09298456460237503,0.10147477686405182,-0.6691609025001526,0.7302604913711548,0.40440359711647034,0.3085006773471832,-0.24139797687530518,-1.877070426940918,-0.1371402144432068,-0.010539629496634007,0.2143428474664688,-0.10171283781528473,-0.20819292962551117,0.37561360001564026,-1.7793354988098145,0.29345226287841797,-0.2536347806453705,-0.15029479563236237,-0.11385415494441986,-0.9958780407905579,0.14696532487869263,0.09863589704036713,1.8861844539642334,-0.42324137687683105,0.16457362473011017,-0.4418255388736725,0.25641685724258423,-0.2084079533815384,0.9476115703582764,-0.7508367300033569,-0.2232893705368042
0.008285729214549065,-1.3938559293746948,0.7862228751182556,0.09942114353179932,0.11447697132825851,-0.6481316089630127,0.7462813258171082,0.46626096963882446,0.27004918456077576,-0.21562309563159943,-1.8743228912353516,-0.14204762876033783,0.011116853915154934,0.2451161891222,-0.197297140955925,-0.21292054653167725,0.3541538119316101,-1.8002310991287231,0.2916267216205597,-0.2473822683095932,-0.1745155304670334,-0.11687958240509033,-1.0026029348373413,0.03684074804186821,0.08809794485569,1.5085290670394897,-0.4266206622123718,0.08733665198087692,-0.19127653539180756,0.2217559516429901,-0.17031453549861908,0.5703837275505066,-0.6143779158592224,-0.14305941760540009
0.01493874192237854,-1.4638296365737915,0.8071898818016052,0.09277786314487457,0.1128806322813034,-0.6281473636627197,0.7642520070075989,0.5399838089942932,0.26258230209350586,-0.20758087933063507,-1.9035693407058716,-0.10925961285829544,0.016730956733226776,0.25560462474823,-0.21250611543655396,-0.1989210546016693,0.35048189759254456,-1.8335833549499512,0.2904772460460663,-0.23664724826812744,-0.19129937887191772,-0.11928177624940872,-0.9814122915267944,-0.027981126680970192,0.07472096383571625,1.1774680614471436,-0.4163428246974945,0.023890813812613487,0.0014070668257772923,0.2086031585931778,-0.23395073413848877,0.35428890585899353,-0.5234954357147217,-0.08605813980102539
0.020312216132879257,-1.5363903045654297,0.8255212903022766,0.08623826503753662,0.10862825065851212,-0.6157605051994324,0.775629997253418,0.6081397533416748,0.2497652918100357,-0.2115105539560318,-1.944305419921875,-0.07548636198043823,0.007840617559850216,0.2714026868343353,-0.20593176782131195,-0.18807266652584076,0.3726198673248291,-1.854262351989746,0.3020157516002655,-0.233545184135437,-0.20272305607795715,-0.10753723233938217,-0.8875257968902588,-0.07205118238925934,0.08667368441820145,0.7674729824066162,-0.30424821376800537,-0.05896993726491928,0.11802586913108826,0.2107318490743637,-0.2858482003211975,0.22507146000862122,-0.24140207469463348,-0.0953521654009819
0.024894794449210167,-1.6095131635665894,0.834170937538147,0.08070188015699387,0.10294763743877411,-0.6116430759429932,0.7802446484565735,0.6533762216567993,0.23992612957954407,-0.2296065390110016,-1.9755879640579224,-0.07944847643375397,-0.0037028873339295387,0.29089805483818054,-0.18107660114765167,-0.1774517446756363,0.40035000443458557,-1.8503087759017944,0.2768441140651703,-0.2641279399394989,-0.17368941009044647,-0.0796363577246666,-0.8051225543022156,-0.10865692794322968,0.1252131462097168,0.47232070565223694,-0.18604020774364471,-0.11044160276651382,0.12544412910938263,0.18720200657844543,-0.2991371750831604,0.26885807514190674,0.3461538553237915,0.017111973837018013
0.02771640382707119,-1.6795212030410767,0.8311610817909241,0.07671518623828888,0.09787086397409439,-0.6121209859848022,0.7809250354766846,0.651442289352417,0.24235652387142181,-0.26159098744392395,-1.9918184280395508,-0.11181887984275818,-0.001414362690411508,0.29356488585472107,-0.12687385082244873,-0.16158589720726013,0.4147375524044037,-1.80682373046875,0.2692312002182007,-0.29385486245155334,-0.16646574437618256,-0.031637195497751236,-0.7616229057312012,-0.1515980064868927,0.15278686583042145,0.37455636262893677,-0.15436972677707672,-0.13467860221862793,0.04286779835820198,0.1854267716407776,-0.22648824751377106,0.5271292924880981,0.5230000019073486,0.06328784674406052
0.030798306688666344,-1.7487274408340454,0.8217238187789917,0.0725385919213295,0.09243139624595642,-0.6130921840667725,0.7812250852584839,0.5898410081863403,0.2668178677558899,-0.3064093589782715,-1.9727885723114014,-0.12039408832788467,-0.009220404550433159,0.2945699095726013,-0.05651509389281273,-0.13905200362205505,0.4035514295101166,-1.7339637279510498,0.2417847216129303,-0.3148501515388489,-0.18411152064800262,-0.024317380040884018,-0.7393494844436646,-0.1539427489042282,0.14081041514873505,0.44229087233543396,-0.13848695158958435,-0.13272051513195038,-0.02287202700972557,0.1785162091255188,-0.19949020445346832,0.736873984336853,0.4810822606086731,0.15785560011863708
0.03292107209563255,-1.8133326768875122,0.7943235039710999,0.060990650206804276,0.07656043767929077,-0.6200962066650391,0.7783953547477722,0.5223771333694458,0.29124733805656433,-0.37025097012519836,-1.952750563621521,-0.07853275537490845,-0.018044253811240196,0.298918217420578,0.051155008375644684,-0.13138838112354279,0.39231956005096436,-1.6701602935791016,0.2568298876285553,-0.33855801820755005,-0.22406062483787537,0.026601068675518036,-0.8061726689338684,-0.2408973127603531,0.09286162257194519,0.8137873411178589,-0.29419034719467163,0.22195321321487427,-0.17080476880073547,0.04390890151262283,-0.33368077874183655,1.1971466541290283,0.2546819746494293,0.18210351467132568
0.03896491602063179,-1.879168152809143,0.7698785066604614,0.06014634296298027,0.07203280180692673,-0.6381041407585144,0.7642099261283875,0.4050523340702057,0.2995232045650482,-0.40859079360961914,-1.9217593669891357,-0.12013478577136993,-0.015542414970695972,0.3246990740299225,0.13561299443244934,-0.13593924045562744,0.3837333917617798,-1.6365801095962524,0.2817505896091461,-0.3480128049850464,-0.24940407276153564,0.03165102005004883,-0.7592095136642456,-0.2525554597377777,0.09911935031414032,1.0196164846420288,-0.5730827450752258,0.2604721188545227,-0.32818150520324707,-0.0879000648856163,-0.32412979006767273,1.5063166618347168,0.0576140396296978,0.10885868221521378
0.043473441153764725,-1.9416768550872803,0.7508955001831055,0.06464110314846039,0.07308560609817505,-0.6593464016914368,0.7454813122749329,0.2584395408630371,0.29847654700279236,-0.4327563941478729,-1.9065335988998413,-0.1732206493616104,0.017609741538763046,0.34509822726249695,0.21875807642936707,-0.14283470809459686,0.3635334074497223,-1.6239430904388428,0.3045576214790344,-0.3437340557575226,-0.25334006547927856,0.03777093440294266,-0.7116575241088867,-0.23692093789577484,0.13729846477508545,1.1619902849197388,-0.7498959898948669,0.26098188757896423,-0.5462144017219543,-0.1648387759923935,-0.259840190410614,1.7317689657211304,-0.11709126085042953,0.028429415076971054
0.04502328485250473,-2.004322052001953,0.7435299158096313,0.07007887959480286,0.07575324177742004,-0.6754536032676697,0.7301457524299622,0.09839250892400742,0.2893144190311432,-0.46349450945854187,-1.9251548051834106,-0.12018170952796936,0.013671081513166428,0.3420787751674652,0.31055641174316406,-0.14684487879276276,0.32479897141456604,-1.6401126384735107,0.2751119136810303,-0.3348863124847412,-0.2421024888753891,0.04393995925784111,-0.6122485995292664,-0.2255721092224121,0.14560914039611816,1.1892815828323364,-0.858119785785675,0.26076099276542664,-0.7735891938209534,-0.16660743951797485,-0.18791581690311432,1.8259012699127197,-0.24458405375480652,-0.040161676704883575
0.04518916457891464,-2.070173978805542,0.7491429448127747,0.07476947456598282,0.07719997316598892,-0.6916792988777161,0.7141634225845337,-0.029034817591309547,0.254231721162796,-0.46865957975387573,-1.9592446088790894,-0.16438546776771545,0.0013879794860258698,0.31568145751953125,0.3889247179031372,-0.15522505342960358,0.2927522659301758,-1.655623435974121,0.25791752338409424,-0.3236728310585022,-0.2461339235305786,0.044912081211805344,-0.4560011923313141,-0.21194340288639069,0.16649755835533142,1.0960679054260254,-0.8696072101593018,0.24920177459716797,-0.9624215960502625,-0.12140961736440659,-0.12032191455364227,1.78999662399292,-0.30072206258773804,-0.046927545219659805
0.04480477422475815,-2.1412651538848877,0.7647069096565247,0.07789694517850876,0.07611243426799774,-0.7109975814819336,0.6947095990180969,-0.10078264027833939,0.21353495121002197,-0.46369436383247375,-2.0032968521118164,-0.16798731684684753,-0.022104140371084213,0.301734060049057,0.4448748826980591,-0.16763325035572052,0.2683996856212616,-1.677381992340088,0.24564559757709503,-0.31116169691085815,-0.2200939804315567,0.04766792804002762,-0.26107436418533325,-0.210584357380867,0.16562236845493317,0.9245725274085999,-0.8690524101257324,0.2071569710969925,-1.0683783292770386,-0.05193804204463959,-0.0779852420091629,1.6362744569778442,-0.3385757505893707,-0.018206875771284103
0.04395044595003128,-2.2170627117156982,0.7856504917144775,0.07946763932704926,0.0732228085398674,-0.7311055064201355,0.6736527681350708,-0.13187275826931,0.19236069917678833,-0.4609461724758148,-2.041687250137329,-0.1541403830051422,-0.028097553178668022,0.30240103602409363,0.48359113931655884,-0.1775420606136322,0.25576767325401306,-1.704430103302002,0.2509538531303406,-0.30471888184547424,-0.2067055106163025,0.04386323690414429,-0.05136477202177048,-0.21233995258808136,0.18230368196964264,0.6973190307617188,-0.8647569417953491,0.16723620891571045,-1.0850602388381958,0.020886704325675964,-0.06028052046895027,1.3702642917633057,-0.3273155987262726,0.020856400951743126
0.04526938498020172,-2.2986786365509033,0.8143742084503174,0.08910858631134033,0.07940291613340378,-0.7412595152854919,0.6605218648910522,-0.16817843914031982,0.20933738350868225,-0.47124582529067993,-2.0546908378601074,-0.15594106912612915,-0.03212513402104378,0.2900300621986389,0.4885431230068207,-0.15291377902030945,0.23617810010910034,-1.729257583618164,0.24103248119354248,-0.30118808150291443,-0.1946178525686264,0.07785722613334656,0.11679039150476456,-0.1863505095243454,0.13938823342323303,0.38705432415008545,-0.5703533887863159,0.11644347012042999,-0.9398877620697021,0.06068577617406845,-0.06984370946884155,0.8355261087417603,-0.19598989188671112,0.11170660704374313
0.045456212013959885,-2.3748013973236084,0.8204265832901001,0.07405496388673782,0.06441907584667206,-0.7508440613746643,0.6531456708908081,-0.11507046222686768,0.19033639132976532,-0.4832979738712311,-2.0501279830932617,-0.16939523816108704,-0.03190450370311737,0.26651832461357117,0.5313951373100281,-0.18694180250167847,0.23044802248477936,-1.7425575256347656,0.2229958176612854,-0.2951928675174713,-0.20571433007717133,-0.01495142187923193,0.13429369032382965,-0.20153062045574188,0.22447822988033295,0.48342084884643555,-0.01151557732373476,-0.01229181420058012,-0.8899348378181458,0.13084185123443604,-0.06938779354095459,0.6038443446159363,0.026640353724360466,0.11022787541151047
0.04674023762345314,-2.4491705894470215,0.818917989730835,0.07026390731334686,0.061135273426771164,-0.7511336803436279,0.6535469889640808,-0.0705394297838211,0.2068411111831665,-0.4969835877418518,-2.022152900695801,-0.16957375407218933,-0.032017823308706284,0.2587219178676605,0.5077419877052307,-0.1979382485151291,0.23917505145072937,-1.7538403272628784,0.2150816172361374,-0.2918461561203003,-0.2038305401802063,-0.06376703083515167,0.03383656218647957,-0.219917893409729,0.11143214255571365,0.7368672490119934,0.2607545256614685,-0.11542999744415283,-0.8224145770072937,0.18005555868148804,-0.11564119160175323,0.4640158712863922,0.059064749628305435,0.16786281764507294
0.04595412313938141,-2.526890993118286,0.8145409226417542,0.0747838169336319,0.06649665534496307,-0.7435480952262878,0.6611518859863281,-0.03551019728183746,0.22156597673892975,-0.5035930871963501,-1.9707427024841309,-0.1593794971704483,-0.020473137497901917,0.27387627959251404,0.41765719652175903,-0.21235892176628113,0.2422894388437271,-1.7375448942184448,0.1885361671447754,-0.29686757922172546,-0.19568659365177155,-0.03359812870621681,-0.03072669729590416,-0.17011310160160065,0.06554756313562393,0.9152590036392212,0.20097054541110992,-0.2126331329345703,-0.7515876889228821,0.16287200152873993,-0.19101925194263458,0.45131558179855347,0.07077071070671082,0.1364845484495163
0.045499928295612335,-2.594701051712036,0.7877986431121826,0.06048152595758438,0.05530193820595741,-0.7355186939239502,0.6725295186042786,0.06551282107830048,0.25186678767204285,-0.5049350261688232,-1.9384300708770752,-0.1402718424797058,-0.016359886154532433,0.28255414962768555,0.37075915932655334,-0.22537383437156677,0.26720044016838074,-1.7448227405548096,0.2015480250120163,-0.29103487730026245,-0.18228626251220703,-0.08710063248872757,-0.19816961884498596,-0.01706836000084877,0.211325004696846,1.4018127918243408,0.032908182591199875,-0.1677180826663971,-0.738102376461029,0.2313424050807953,-0.23821155726909637,0.7190358638763428,-0.19138741493225098,-0.26098108291625977
0.041757646948099136,-2.6645596027374268,0.7662996053695679,0.0604495033621788,0.05846565216779709,-0.7162570357322693,0.6927506923675537,0.13556137681007385,0.2878516614437103,-0.4983057975769043,-1.9302340745925903,-0.1402311474084854,-0.017675179988145828,0.28300052881240845,0.283056378364563,-0.2258632630109787,0.2544727921485901,-1.7930468320846558,0.2060260772705078,-0.28645560145378113,-0.14632566273212433,-0.1010674461722374,-0.37844064831733704,0.13267099857330322,0.20086324214935303,1.7072207927703857,-0.11231358349323273,-0.07300993800163269,-0.6955869197845459,0.24496591091156006,-0.22404451668262482,0.9061170816421509,-0.46312832832336426,-0.26100000739097595
0.04021235927939415,-2.7319223880767822,0.7498494982719421,0.06362702697515488,0.06498368084430695,-0.6967095732688904,0.711564838886261,0.2264326810836792,0.31422194838523865,-0.4622235596179962,-1.9362765550613403,-0.17503422498703003,-0.01627163775265217,0.2700863182544708,0.16284269094467163,-0.21793347597122192,0.23725579679012299,-1.8422359228134155,0.2309076339006424,-0.27528369426727295,-0.1306321769952774,-0.1145506203174591,-0.6151307225227356,0.2035902589559555,0.13032600283622742,1.9137825965881348,-0.214578777551651,0.025012100115418434,-0.6523284912109375,0.243344247341156,-0.24502485990524292,1.0507811307907104,-0.6450150609016418,-0.26100000739097595
0.041492920368909836,-2.8004064559936523,0.7476735711097717,0.06762003153562546,0.07189209759235382,-0.68178790807724,0.7248615622520447,0.32974544167518616,0.31861257553100586,-0.401122123003006,-1.9389097690582275,-0.17212338745594025,-0.012920042499899864,0.27247878909111023,0.02344260737299919,-0.19427703320980072,0.23319587111473083,-1.8750261068344116,0.2670140564441681,-0.27486348152160645,-0.12766677141189575,-0.12762396037578583,-0.8380699157714844,0.20378415286540985,0.08760564774274826,1.959538221359253,-0.2934950590133667,0.12926703691482544,-0.5384945273399353,0.2470754235982895,-0.24213701486587524,1.0462195873260498,-0.7275309562683105,-0.26100000739097595
0.04459114372730255,-2.8727478981018066,0.7579073309898376,0.06978048384189606,0.07668469101190567,-0.6693999767303467,0.7356315851211548,0.42921382188796997,0.3006740212440491,-0.3423945903778076,-1.940095067024231,-0.12033039331436157,0.0011960883857682347,0.3093513548374176,-0.09449142217636108,-0.15281912684440613,0.2427588850259781,-1.880388855934143,0.3059234917163849,-0.281658798456192,-0.1183035597205162,-0.12527762353420258,-0.986265242099762,0.18526318669319153,0.09875152260065079,1.8575016260147095,-0.3784726858139038,0.1525397151708603,-0.3687397241592407,0.24132393300533295,-0.23202913999557495,0.9315267205238342,-0.7372221350669861,-0.23296359181404114
0.047065962105989456,-2.9549827575683594,0.7865521311759949,0.07993341237306595,0.09130685776472092,-0.6538228392601013,0.7468529939651489,0.481222927570343,0.24070169031620026,-0.30957841873168945,-1.9591155052185059,-0.10738193243741989,0.016393598169088364,0.3434017300605774,-0.18031446635723114,-0.14599382877349854,0.2676800489425659,-1.889482855796814,0.3256077170372009,-0.2825474441051483,-0.12574069201946259,-0.12935702502727509,-0.9744568467140198,0.0936298817396164,0.14036568999290466,1.4549838304519653,-0.3755209445953369,0.0747944712638855,-0.13186128437519073,0.20644164085388184,-0.17949247360229492,0.5863293409347534,-0.6345793008804321,-0.15736228227615356
0.0532965250313282,-3.034133195877075,0.8066426515579224,0.07602393627166748,0.0903920829296112,-0.6391560435295105,0.7599533796310425,0.5503844022750854,0.21227778494358063,-0.288102924823761,-1.9947404861450195,-0.11325404793024063,0.0015926159685477614,0.3391883671283722,-0.18298830091953278,-0.12224922329187393,0.3074561357498169,-1.9053521156311035,0.3013048768043518,-0.29165151715278625,-0.1081024631857872,-0.13163992762565613,-0.9381610751152039,0.03434692323207855,0.1750548630952835,1.1130629777908325,-0.3590129315853119,0.00954297836869955,0.03733991086483002,0.18492591381072998,-0.2317700982093811,0.4132951498031616,-0.5365298390388489,-0.13505643606185913
0.05810197815299034,-3.116231679916382,0.8225414156913757,0.06987420469522476,0.08560319989919662,-0.6284717321395874,0.7699434757232666,0.606602668762207,0.18818549811840057,-0.286501407623291,-2.0400469303131104,-0.12786898016929626,0.008001036942005157,0.33550673723220825,-0.15171568095684052,-0.1087307557463646,0.33802130818367004,-1.9152731895446777,0.2768719494342804,-0.2990672290325165,-0.07315997034311295,-0.1170424148440361,-0.8321773409843445,-0.034883443266153336,0.19826233386993408,0.7038822770118713,-0.2558349072933197,-0.0917498990893364,0.13251017034053802,0.16604506969451904,-0.27816492319107056,0.3271982669830322,-0.1093081459403038,-0.11637560278177261
0.06174549087882042,-3.1972413063049316,0.8245226144790649,0.06356031447649002,0.07917952537536621,-0.6227604150772095,0.7757964730262756,0.6352904438972473,0.1780669391155243,-0.3103203773498535,-2.092272996902466,-0.11638710647821426,-0.0031873087864369154,0.3388482928276062,-0.09514526277780533,-0.10485619306564331,0.340185284614563,-1.9102782011032104,0.2736988663673401,-0.31624430418014526,-0.06489678472280502,-0.07111374288797379,-0.7551928758621216,-0.1013924777507782,0.23991523683071136,0.427253395318985,-0.1231629028916359,-0.16167403757572174,0.1155080571770668,0.14611777663230896,-0.24610932171344757,0.4485572874546051,0.5229944586753845,0.03697562962770462
0.06380773335695267,-3.2750184535980225,0.8174760341644287,0.06096743047237396,0.07632733881473541,-0.6211203932762146,0.7776030898094177,0.6036481261253357,0.18704038858413696,-0.34392207860946655,-2.0940001010894775,-0.11575806140899658,-0.04446040093898773,0.3373899459838867,-0.026622137054800987,-0.09820204228162766,0.3089088499546051,-1.877567172050476,0.2575831711292267,-0.3320254385471344,-0.07886944711208344,-0.03332279250025749,-0.7033877372741699,-0.14164671301841736,0.26787227392196655,0.31846752762794495,-0.09059455990791321,-0.22065165638923645,0.03987383097410202,0.17079465091228485,-0.177711620926857,0.7148545384407043,0.5230000019073486,0.09987456351518631
0.06755232065916061,-3.3515539169311523,0.8046160936355591,0.059300027787685394,0.07361142337322235,-0.6245329976081848,0.7752569913864136,0.5280307531356812,0.2075410634279251,-0.3821103870868683,-2.0940001010894775,-0.13771919906139374,-0.03517740219831467,0.3317202031612396,0.04724752530455589,-0.08990133553743362,0.2667121887207031,-1.82797372341156,0.2381761521100998,-0.34787607192993164,-0.1046784296631813,-0.01851830445230007,-0.7112631797790527,-0.17982463538646698,0.24857713282108307,0.4154150187969208,-0.025539599359035492,0.08302565664052963,-0.027848590165376663,0.11442069709300995,-0.23250213265419006,0.9274366497993469,0.5177736282348633,0.1758819818496704
0.07211204618215561,-3.428138494491577,0.7834534049034119,0.0572887621819973,0.06985422223806381,-0.6315414309501648,0.7700608968734741,0.42279136180877686,0.2415296584367752,-0.4285927414894104,-2.090930938720703,-0.13947992026805878,-0.005932888947427273,0.34436658024787903,0.12423127144575119,-0.08655355870723724,0.21936802566051483,-1.7982646226882935,0.25141996145248413,-0.35887229442596436,-0.1283029019832611,0.014494732953608036,-0.6943305134773254,-0.21413257718086243,0.17057833075523376,0.6750453114509583,-0.3142147660255432,0.26100000739097595,-0.1258002370595932,0.02154591679573059,-0.3165300190448761,1.1864066123962402,0.3693569004535675,0.1254582703113556
0.07672584056854248,-3.4993293285369873,0.7646809220314026,0.061549197882413864,0.07242599874734879,-0.644637942314148,0.758556604385376,0.27907124161720276,0.2675696015357971,-0.4748024642467499,-2.057577133178711,-0.1014256551861763,0.0037312277127057314,0.3969482481479645,0.1959521472454071,-0.08847939968109131,0.18315835297107697,-1.7702538967132568,0.23970240354537964,-0.37597858905792236,-0.15098842978477478,0.036649055778980255,-0.6954498887062073,-0.2154386043548584,0.1460380107164383,0.91673344373703,-0.5417970418930054,0.26100000739097595,-0.3114365041255951,-0.07787064462900162,-0.3235457241535187,1.4586619138717651,0.16037605702877045,0.02715454436838627
0.07602790743112564,-3.561807155609131,0.7448394298553467,0.05819200724363327,0.0644490197300911,-0.6676280498504639,0.7394137978553772,0.17779138684272766,0.24871453642845154,-0.5036917328834534,-2.0520431995391846,-0.11195268481969833,0.04097522795200348,0.44036707282066345,0.2951614558696747,-0.12340790778398514,0.17392629384994507,-1.7495132684707642,0.2233743965625763,-0.38089093565940857,-0.1944463849067688,0.057502567768096924,-0.6860412359237671,-0.2050417810678482,0.2196619063615799,1.166883111000061,-0.7431346774101257,0.26100000739097595,-0.5696354508399963,-0.21680951118469238,-0.2775563895702362,1.772162914276123,-0.05595000088214874,-0.05597265064716339
0.07735493034124374,-3.631053924560547,0.7459880709648132,0.0644468441605568,0.06615491211414337,-0.6948168277740479,0.7132318615913391,0.0749501958489418,0.23397865891456604,-0.4673924744129181,-2.0791027545928955,-0.15318043529987335,0.026088448241353035,0.40872856974601746,0.3522145748138428,-0.1472725123167038,0.16887490451335907,-1.758684754371643,0.1729988157749176,-0.3890354633331299,-0.19814248383045197,0.055342257022857666,-0.5535276532173157,-0.19153457880020142,0.25468164682388306,1.1490448713302612,-0.8465163707733154,0.26100000739097595,-0.8036848306655884,-0.21698620915412903,-0.20598772168159485,1.7966880798339844,-0.19950450956821442,-0.12713202834129333
0.07967931777238846,-3.7082507610321045,0.7678725719451904,0.08170004934072495,0.07837114483118057,-0.7170163989067078,0.6878012418746948,-0.04857873171567917,0.2428576797246933,-0.4112999737262726,-2.0940001010894775,-0.20686370134353638,-0.0026610596105456352,0.3765016198158264,0.38218221068382263,-0.1349812150001526,0.1557132750749588,-1.7744063138961792,0.1608320027589798,-0.3883736729621887,-0.20952795445919037,0.05944919213652611,-0.34703680872917175,-0.20380324125289917,0.1925250142812729,0.8801234364509583,-0.8191750645637512,0.26100000739097595,-0.9159514904022217,-0.10762669891119003,-0.16613589227199554,1.515058994293213,-0.23716339468955994,-0.09849274158477783
0.07684982568025589,-3.7848706245422363,0.7882210612297058,0.08423204720020294,0.07619535177946091,-0.7368006110191345,0.6665014028549194,-0.10000532120466232,0.22235985100269318,-0.3748612701892853,-2.0940001010894775,-0.2527206242084503,-0.029327912256121635,0.3641529679298401,0.44643545150756836,-0.13923533260822296,0.1320319026708603,-1.7932713031768799,0.16478152573108673,-0.38559672236442566,-0.22143495082855225,0.06337689608335495,-0.13757173717021942,-0.21499086916446686,0.17056861519813538,0.6648666858673096,-0.8014093041419983,0.25246456265449524,-0.9541423916816711,-0.03155411779880524,-0.14081738889217377,1.2274633646011353,-0.2182280272245407,-0.019629940390586853
0.0721590593457222,-3.8651373386383057,0.8088483214378357,0.08276625722646713,0.07138267904520035,-0.7527264952659607,0.6491972804069519,-0.12153428792953491,0.21224673092365265,-0.35940784215927124,-2.0940001010894775,-0.22717805206775665,-0.06948796659708023,0.36967626214027405,0.5081540942192078,-0.13054847717285156,0.10482406616210938,-1.8121968507766724,0.17567220330238342,-0.3855530321598053,-0.22805674374103546,0.06597833335399628,0.04904067888855934,-0.19775328040122986,0.19057567417621613,0.4657704532146454,-0.681121826171875,0.19896899163722992,-0.891444742679596,0.05296143516898155,-0.11680907011032104,0.8313927054405212,-0.1273595541715622,0.08948573470115662
0.06773800402879715,-3.944793939590454,0.8177214860916138,0.06498251855373383,0.054238203912973404,-0.7649656534194946,0.6384849548339844,-0.0973678007721901,0.19681450724601746,-0.36760413646698,-2.0940001010894775,-0.1660199910402298,-0.10029008239507675,0.3627755343914032,0.603540301322937,-0.131373792886734,0.07751454412937164,-1.831915020942688,0.2010827362537384,-0.3903048634529114,-0.23057089745998383,-0.003378730034455657,0.1478164792060852,-0.19827969372272491,0.23687976598739624,0.4788725972175598,-0.27121701836586,0.11689509451389313,-0.8195673227310181,0.1320991814136505,-0.10813289880752563,0.5359386205673218,0.10661546885967255,0.18450552225112915
0.06467920541763306,-4.024283409118652,0.8188785314559937,0.058042384684085846,0.048666812479496,-0.7640805244445801,0.6406587362289429,-0.09507521986961365,0.22854602336883545,-0.39353907108306885,-2.0940001010894775,-0.17110663652420044,-0.08754625916481018,0.3378167748451233,0.6671354174613953,-0.09081564098596573,0.06743829697370529,-1.8762151002883911,0.2020895928144455,-0.39260032773017883,-0.23720215260982513,-0.05142207443714142,0.10080907493829727,-0.18993908166885376,0.07257278263568878,0.6721754670143127,0.21538592875003815,-0.04815768823027611,-0.7338595986366272,0.21038179099559784,-0.11532960087060928,0.304858535528183,0.2062123715877533,0.2497512400150299
0.060182228684425354,-4.106879711151123,0.8177473545074463,0.06284361332654953,0.05379607900977135,-0.757070004940033,0.6480753421783447,-0.08155752718448639,0.2506294548511505,-0.4087715744972229,-2.0940001010894775,-0.24201548099517822,-0.025370215997099876,0.2914383113384247,0.64591383934021,-0.07646598666906357,0.06832452118396759,-1.903525471687317,0.20517146587371826,-0.3930714726448059,-0.24585962295532227,-0.011416747234761715,0.08314430713653564,-0.1539084017276764,-0.054249607026576996,0.800659716129303,0.221547469496727,-0.14934642612934113,-0.6530919671058655,0.20777979493141174,-0.19838006794452667,0.19987285137176514,0.18524399399757385,0.26100000739097595
0.057131215929985046,-4.182980537414551,0.8013662695884705,0.05746646597981453,0.05015410855412483,-0.7512196898460388,0.6556302905082703,-0.016697341576218605,0.25931572914123535,-0.42402327060699463,-2.0500640869140625,-0.24275889992713928,0.02815653756260872,0.2670326828956604,0.6046510934829712,-0.1026957705616951,0.08751943707466125,-1.9056756496429443,0.23549894988536835,-0.3973022997379303,-0.2320597916841507,-0.03413897752761841,-0.024800196290016174,-0.06416594237089157,0.059971246868371964,1.1343823671340942,0.14765457808971405,-0.12177926301956177,-0.6411668658256531,0.2437516450881958,-0.2540989816188812,0.3403954803943634,0.15585878491401672,-0.07522523403167725
0.05489858239889145,-4.252878189086914,0.7723286747932434,0.043785467743873596,0.03946094587445259,-0.7415466904640198,0.6683069467544556,0.08253993093967438,0.2999344766139984,-0.4401554465293884,-1.9901334047317505,-0.22798465192317963,0.035305123776197433,0.24891166388988495,0.5660296678543091,-0.12061598896980286,0.1445726752281189,-1.9032957553863525,0.23461927473545074,-0.4018474519252777,-0.23075127601623535,-0.08924823999404907,-0.15638287365436554,0.1276700496673584,0.18211431801319122,1.5576817989349365,-0.013765946961939335,-0.05673191323876381,-0.625734806060791,0.30776041746139526,-0.24167372286319733,0.6538732051849365,-0.23367486894130707,-0.2609999179840088
0.047741472721099854,-4.3287553787231445,0.7648022174835205,0.05771719291806221,0.05374276638031006,-0.7295761108398438,0.6793372631072998,0.15650130808353424,0.2795254588127136,-0.42449548840522766,-1.9575473070144653,-0.2609189748764038,0.031241098418831825,0.2398015260696411,0.40242117643356323,-0.17809051275253296,0.17667201161384583,-1.8753470182418823,0.23440340161323547,-0.3850030303001404,-0.2523719370365143,-0.07761611044406891,-0.3199304938316345,0.16747348010540009,0.13002575933933258,1.638643503189087,-0.044462770223617554,0.01574571058154106,-0.5464358329772949,0.29829084873199463,-0.17950840294361115,0.7045058608055115,-0.41906464099884033,-0.26100000739097595
0.05110028386116028,-4.390497207641602,0.7455893754959106,0.05251116678118706,0.05048936605453491,-0.718932569026947,0.6912520527839661,0.2937110662460327,0.3033924400806427,-0.4007563889026642,-1.9523142576217651,-0.21693450212478638,0.027127528563141823,0.2459522932767868,0.2685328423976898,-0.1911333203315735,0.24683523178100586,-1.846797227859497,0.2580013573169708,-0.377063512802124,-0.24275361001491547,-0.11633529514074326,-0.5739553570747375,0.2650306522846222,0.1070735976099968,1.9492361545562744,-0.2477501928806305,0.12487366050481796,-0.5594159364700317,0.3088146448135376,-0.22716741263866425,0.9734866619110107,-0.5957310795783997,-0.26100000739097595
0.051031045615673065,-4.4598870277404785,0.7494078278541565,0.05509066954255104,0.055467814207077026,-0.7025338411331177,0.7073432803153992,0.38690200448036194,0.3019673526287079,-0.37551918625831604,-1.9532257318496704,-0.20091064274311066,0.02807130105793476,0.25561270117759705,0.12484513223171234,-0.20061318576335907,0.29200589656829834,-1.8498523235321045,0.2627902925014496,-0.37095826864242554,-0.2203468382358551,-0.12912870943546295,-0.7877475619316101,0.24748967587947845,0.0607740618288517,1.9612925052642822,-0.3201686441898346,0.12485089153051376,-0.42584317922592163,0.30545929074287415,-0.2223760038614273,0.9373036026954651,-0.6593722105026245,-0.26100000739097595
0.0482780896127224,-4.537860870361328,0.7751080393791199,0.06639407575130463,0.07045240700244904,-0.6826139688491821,0.7243386507034302,0.4378683865070343,0.26083001494407654,-0.35733798146247864,-1.9618020057678223,-0.19667775928974152,0.025559160858392715,0.26523542404174805,-0.011943766847252846,-0.22452451288700104,0.3224785625934601,-1.8658872842788696,0.269681841135025,-0.3561857342720032,-0.19952508807182312,-0.13359515368938446,-0.8677371740341187,0.14585626125335693,0.060862138867378235,1.6563355922698975,-0.30318960547447205,0.06294728070497513,-0.1872033327817917,0.2819342017173767,-0.1574651300907135,0.609281063079834,-0.5764802098274231,-0.22586745023727417
0.05065777525305748,-4.612631797790527,0.7940688133239746,0.0650375634431839,0.07357949763536453,-0.6590756177902222,0.7456376552581787,0.4992690086364746,0.2553889751434326,-0.34350091218948364,-1.9855331182479858,-0.1916058510541916,0.02521456405520439,0.2678206264972687,-0.0748457983136177,-0.22047172486782074,0.37208986282348633,-1.8812923431396484,0.24431166052818298,-0.3457206189632416,-0.18625903129577637,-0.14849421381950378,-0.9234074950218201,0.08730561286211014,0.06996529549360275,1.4022177457809448,-0.31208691000938416,0.025107605382800102,-0.01799023523926735,0.26330313086509705,-0.17961783707141876,0.44860848784446716,-0.5282235741615295,-0.16016608476638794
0.052483223378658295,-4.689388275146484,0.8130744099617004,0.06219296157360077,0.0744156688451767,-0.6382555961608887,0.7636911273002625,0.5523409843444824,0.24168145656585693,-0.32704219222068787,-2.0181665420532227,-0.2014709711074829,0.01731451228260994,0.2697449028491974,-0.10697560757398605,-0.21715103089809418,0.4222550094127655,-1.8862794637680054,0.2444305121898651,-0.34273913502693176,-0.1316845417022705,-0.14468960464000702,-0.8921388983726501,0.008612058125436306,0.08275909721851349,1.0320825576782227,-0.26295584440231323,0.0020636883564293385,0.11289044469594955,0.24926432967185974,-0.24564015865325928,0.31258055567741394,-0.3907739520072937,-0.1370384246110916
0.05299683287739754,-4.769324779510498,0.8256397247314453,0.05659276992082596,0.0701654776930809,-0.6252483129501343,0.7752023339271545,0.6061423420906067,0.22524012625217438,-0.3120923340320587,-2.062727928161621,-0.20452597737312317,0.01234122458845377,0.2815678119659424,-0.10902371257543564,-0.2042420208454132,0.47375941276550293,-1.873563289642334,0.24928896129131317,-0.35720294713974,-0.10441199690103531,-0.1304217278957367,-0.7981616854667664,-0.05384182184934616,0.10076158493757248,0.631228506565094,-0.08458516001701355,-0.10259873420000076,0.17284364998340607,0.22787432372570038,-0.2725628614425659,0.2762996554374695,0.11694195121526718,-0.06306822597980499
0.052628692239522934,-4.848093032836914,0.8228996992111206,0.049511395394802094,0.06211584433913231,-0.6213329434394836,0.7795098423957825,0.6433253884315491,0.20909270644187927,-0.30428633093833923,-2.0939998626708984,-0.20222744345664978,-0.01912052184343338,0.29427406191825867,-0.07462073117494583,-0.19014987349510193,0.5033553838729858,-1.851955771446228,0.2496313601732254,-0.37453705072402954,-0.10189034789800644,-0.08495304733514786,-0.732246994972229,-0.12696410715579987,0.13779939711093903,0.40197837352752686,0.022879289463162422,-0.17429061233997345,0.10925701260566711,0.20365498960018158,-0.21357984840869904,0.5245963335037231,0.5230000019073486,0.07303471863269806
0.05291832610964775,-4.925294399261475,0.8137599229812622,0.0445757694542408,0.05599069967865944,-0.6212490797042847,0.7803381085395813,0.6328189373016357,0.20683196187019348,-0.30475229024887085,-2.0940001010894775,-0.22156715393066406,-0.07025448977947235,0.32151055335998535,-0.014316316694021225,-0.17391236126422882,0.4967326521873474,-1.815504789352417,0.2360546588897705,-0.3902890682220459,-0.13091376423835754,-0.06345807015895844,-0.6616671681404114,-0.16967688500881195,0.1778056025505066,0.302945613861084,0.01975652575492859,-0.2247007191181183,0.06205975264310837,0.1965237408876419,-0.16769051551818848,0.7520563006401062,0.5230000019073486,0.17212872207164764
0.05517783761024475,-5.0018415451049805,0.7984358072280884,0.04040736332535744,0.04995173215866089,-0.6276190280914307,0.7758649587631226,0.594916045665741,0.214180588722229,-0.31275245547294617,-2.0940001010894775,-0.25063061714172363,-0.12424207478761673,0.3679864704608917,0.0607762485742569,-0.16702178120613098,0.47867342829704285,-1.7872246503829956,0.22730068862438202,-0.4007475674152374,-0.16284698247909546,-0.05810195952653885,-0.6479148268699646,-0.21824447810649872,0.19401493668556213,0.39092472195625305,0.0622156523168087,0.11819332093000412,0.018547507002949715,0.0978965237736702,-0.2393425554037094,0.9509035348892212,0.4988781809806824,0.25665345788002014
0.057718269526958466,-5.077603340148926,0.7746816873550415,0.0369064137339592,0.044096142053604126,-0.6407592296600342,0.7655854225158691,0.5359626412391663,0.2259356528520584,-0.3231338858604431,-2.0940001010894775,-0.22571557760238647,-0.19930826127529144,0.40500035881996155,0.13308608531951904,-0.17205269634723663,0.44723179936408997,-1.7592511177062988,0.21773405373096466,-0.41319891810417175,-0.1784520298242569,-0.02706090174615383,-0.6152642369270325,-0.25118541717529297,0.13691791892051697,0.661611795425415,-0.2961837351322174,0.26100000739097595,-0.06566949933767319,-0.023072006180882454,-0.32125696539878845,1.2089881896972656,0.32655036449432373,0.17669683694839478
0.05947956070303917,-5.145717620849609,0.7558130025863647,0.03960782662034035,0.04574359208345413,-0.6533854603767395,0.7546033263206482,0.4081816077232361,0.2409171611070633,-0.3311108350753784,-2.0940001010894775,-0.20901063084602356,-0.20249898731708527,0.43342724442481995,0.2092236876487732,-0.174107164144516,0.40215808153152466,-1.707881212234497,0.24890680611133575,-0.40979665517807007,-0.2180444598197937,-0.0016240028198808432,-0.6128560304641724,-0.2608877420425415,0.12463850528001785,0.8966280817985535,-0.5253389477729797,0.26100000739097595,-0.23643475770950317,-0.14664123952388763,-0.33155763149261475,1.462731957435608,0.12211829423904419,0.07836350798606873
0.059858039021492004,-5.210824012756348,0.7490500807762146,0.043955136090517044,0.048232752829790115,-0.6721358299255371,0.7375465631484985,0.2634105980396271,0.24000737071037292,-0.3180437386035919,-2.0940001010894775,-0.2603842616081238,-0.11850796639919281,0.4099806249141693,0.28062257170677185,-0.18260295689105988,0.3652312159538269,-1.6816684007644653,0.2586895525455475,-0.41711997985839844,-0.22759708762168884,0.00319860246963799,-0.5361855626106262,-0.2543025314807892,0.14644969999790192,0.9624438881874084,-0.649895429611206,0.26100000739097595,-0.4512298107147217,-0.20604871213436127,-0.2527145743370056,1.5815142393112183,-0.018379900604486465,0.008488746359944344
0.057769984006881714,-5.2752556800842285,0.7527528405189514,0.04846436530351639,0.049682050943374634,-0.6965962052345276,0.7140984535217285,0.153219074010849,0.22429867088794708,-0.2915598452091217,-2.0940001010894775,-0.2874462306499481,-0.11402817070484161,0.36107125878334045,0.32715630531311035,-0.20528683066368103,0.34333741664886475,-1.693516492843628,0.23944692313671112,-0.4218488335609436,-0.21999502182006836,0.019104039296507835,-0.42195403575897217,-0.24842309951782227,0.1614779829978943,0.9447927474975586,-0.7307662963867188,0.26100000739097595,-0.6525405049324036,-0.20496271550655365,-0.19722403585910797,1.5793871879577637,-0.1746412068605423,-0.08473116159439087
0.053976524621248245,-5.341849327087402,0.7672410607337952,0.0517207495868206,0.050116702914237976,-0.7162905335426331,0.6940757632255554,0.06000863015651703,0.21633660793304443,-0.30302008986473083,-2.0940001010894775,-0.26462480425834656,-0.13982495665550232,0.37849563360214233,0.38163134455680847,-0.2106219083070755,0.3057870864868164,-1.7138185501098633,0.20483309030532837,-0.42146581411361694,-0.21762575209140778,0.04494742676615715,-0.27129995822906494,-0.2539650797843933,0.1297338604927063,0.842612087726593,-0.7647648453712463,0.26100000739097595,-0.774225652217865,-0.16991645097732544,-0.1823216676712036,1.4230902194976807,-0.24458472430706024,-0.06871478259563446
0.04898874834179878,-5.411617279052734,0.7890614867210388,0.052087362855672836,0.04867979511618614,-0.7287417650222778,0.6810672879219055,-0.01827050931751728,0.21930308640003204,-0.34747928380966187,-2.0940001010894775,-0.2157575488090515,-0.1588776558637619,0.374523788690567,0.4478127360343933,-0.18856632709503174,0.25017261505126953,-1.7312383651733398,0.18022915720939636,-0.4180275499820709,-0.2176678627729416,0.058691930025815964,-0.09746482968330383,-0.24017658829689026,0.09472435712814331,0.683092474937439,-0.765210747718811,0.26100000739097595,-0.7928557991981506,-0.101530060172081,-0.1800551414489746,1.1154842376708984,-0.22615723311901093,0.02439420484006405
0.043763354420661926,-5.484164714813232,0.8102239966392517,0.04884900897741318,0.04462826997041702,-0.7366644144058228,0.6730138659477234,-0.06737533211708069,0.22942012548446655,-0.40406516194343567,-2.0940001010894775,-0.17995885014533997,-0.16151677072048187,0.32911041378974915,0.515250027179718,-0.15437906980514526,0.19380804896354675,-1.7480159997940063,0.17242717742919922,-0.4208364486694336,-0.21456408500671387,0.061783742159605026,0.04680265486240387,-0.20669548213481903,0.11421177536249161,0.5530602931976318,-0.684101939201355,0.23555216193199158,-0.7407807111740112,-0.03202464058995247,-0.17420585453510284,0.7286512851715088,-0.10853318125009537,0.15114545822143555
0.039957307279109955,-5.555747032165527,0.8194336891174316,0.030996549874544144,0.027826862409710884,-0.7434836626052856,0.6674555540084839,-0.05929386615753174,0.22666171193122864,-0.47355517745018005,-2.0940001010894775,-0.18138974905014038,-0.13609157502651215,0.3014364540576935,0.6099904775619507,-0.14141233265399933,0.1513340324163437,-1.774497628211975,0.1497856229543686,-0.41718387603759766,-0.1985444724559784,-0.0007294524693861604,0.11792153865098953,-0.20446693897247314,0.19100290536880493,0.6055100560188293,-0.3687519431114197,0.17784053087234497,-0.6914652585983276,0.030254730954766273,-0.1665244698524475,0.4383904039859772,0.13822408020496368,0.2167995721101761
0.03649918735027313,-5.629034042358398,0.8229979276657104,0.026452381163835526,0.023791350424289703,-0.7430440783500671,0.6682960987091064,-0.06181403994560242,0.24708804488182068,-0.5321442484855652,-2.0940001010894775,-0.1938008815050125,-0.09420328587293625,0.2548309862613678,0.6452867984771729,-0.1136399433016777,0.12257399410009384,-1.7946398258209229,0.12330131232738495,-0.4178745746612549,-0.19099268317222595,-0.025573071092367172,0.0922430008649826,-0.1608252376317978,0.16683444380760193,0.7123618125915527,0.10439464449882507,0.01743808202445507,-0.6334301829338074,0.0960034504532814,-0.1639045923948288,0.20486117899417877,0.27975696325302124,0.23372837901115417
0.0333886556327343,-5.699651718139648,0.8159862756729126,0.02259773574769497,0.020524421706795692,-0.7399043440818787,0.6720190644264221,-0.040947332978248596,0.2565496563911438,-0.5761315226554871,-2.055433511734009,-0.20545293390750885,-0.057767532765865326,0.22880125045776367,0.6280491948127747,-0.11628422886133194,0.1108049675822258,-1.790748953819275,0.13891761004924774,-0.4181048572063446,-0.20424418151378632,-0.0429922416806221,0.052081745117902756,-0.13012292981147766,0.14704951643943787,0.9148776531219482,0.04960799217224121,-0.05958365648984909,-0.6020575761795044,0.1309947967529297,-0.26014581322669983,0.1483633816242218,0.3515881299972534,0.24962656199932098
0.029626285657286644,-5.769530296325684,0.801380455493927,0.017148692160844803,0.01596316508948803,-0.7317538857460022,0.6811661720275879,-0.0057801068760454655,0.26531538367271423,-0.6042639017105103,-1.9836773872375488,-0.18384909629821777,-0.03821472078561783,0.2225867509841919,0.5815094709396362,-0.1340659260749817,0.1062125563621521,-1.767608880996704,0.16327962279319763,-0.41780200600624084,-0.21182726323604584,-0.04302864149212837,-0.00760540459305048,-0.016886031255126,0.22132477164268494,1.152212142944336,-0.03757597506046295,-0.09020966291427612,-0.5889894366264343,0.1417350322008133,-0.32800543308258057,0.24726229906082153,0.3676157295703888,0.08701978623867035
0.02250179462134838,-5.8442792892456055,0.788624107837677,0.023242546245455742,0.022700823843479156,-0.7150169610977173,0.6983517408370972,0.011339511722326279,0.27397945523262024,-0.6231325268745422,-1.9320849180221558,-0.15399618446826935,-0.03492015227675438,0.2269746959209442,0.5039860010147095,-0.16061747074127197,0.08988654613494873,-1.7745835781097412,0.15578177571296692,-0.4178110659122467,-0.21125741302967072,-0.009329777210950851,-0.07146305590867996,0.07396644353866577,0.19869905710220337,1.232541799545288,-0.06816641241312027,-0.05536101385951042,-0.544906497001648,0.1584583967924118,-0.332724928855896,0.43348631262779236,-0.017443448305130005,-0.2371225506067276
0.016933249309659004,-5.907388687133789,0.7721139788627625,0.026673374697566032,0.026785248890519142,-0.7051211595535278,0.7080785632133484,0.08369272202253342,0.2771238684654236,-0.5908812880516052,-1.8958593606948853,-0.1791650354862213,-0.03697117045521736,0.2193237990140915,0.39264345169067383,-0.21122556924819946,0.1130986139178276,-1.7579158544540405,0.17716176807880402,-0.4012482464313507,-0.23538175225257874,-0.030166340991854668,-0.22747448086738586,0.15477882325649261,0.19361253082752228,1.4324884414672852,-0.1621316373348236,0.015382517129182816,-0.536636471748352,0.19435431063175201,-0.2682751715183258,0.6155133247375488,-0.22975730895996094,-0.2606178820133209
0.0157826729118824,-5.965438365936279,0.7627442479133606,0.03190942853689194,0.03299044445157051,-0.6944996118545532,0.718027651309967,0.17645278573036194,0.26897096633911133,-0.5365955829620361,-1.871173620223999,-0.2282107025384903,-0.028894653543829918,0.23506344854831696,0.26458364725112915,-0.25232043862342834,0.13891254365444183,-1.722197413444519,0.2310844212770462,-0.38771796226501465,-0.24357344210147858,-0.05019867420196533,-0.4193911850452423,0.17906078696250916,0.1577843427658081,1.577633261680603,-0.28111502528190613,0.09711464494466782,-0.5214983820915222,0.20579193532466888,-0.2643464207649231,0.7542724609375,-0.3841533362865448,-0.26100000739097595
0.01705072820186615,-6.021958351135254,0.7649086117744446,0.035337306559085846,0.03829096630215645,-0.6772738695144653,0.7338836193084717,0.2603919804096222,0.2641890048980713,-0.48554807901382446,-1.867112398147583,-0.20499815046787262,-0.0330110564827919,0.25094035267829895,0.1815320998430252,-0.2664528489112854,0.15513840317726135,-1.7254754304885864,0.21843351423740387,-0.38902905583381653,-0.2403920292854309,-0.062191400676965714,-0.5888957381248474,0.1559036523103714,0.11198115348815918,1.596439003944397,-0.390529066324234,0.1271219253540039,-0.43335121870040894,0.21262729167938232,-0.2630492150783539,0.7557166814804077,-0.48001495003700256,-0.2607063353061676
0.02076437883079052,-6.076884746551514,0.7762523293495178,0.03961570933461189,0.04505839943885803,-0.6591032147407532,0.7496554851531982,0.3359536826610565,0.2619006037712097,-0.43192052841186523,-1.8774632215499878,-0.1618068665266037,-0.04499446973204613,0.2568586766719818,0.10356124490499496,-0.2742186188697815,0.17535127699375153,-1.7335247993469238,0.20131169259548187,-0.38309741020202637,-0.23813384771347046,-0.08160827308893204,-0.7282844185829163,0.12636946141719818,0.09003078192472458,1.5056308507919312,-0.41457489132881165,0.0906335860490799,-0.327140212059021,0.21689122915267944,-0.26010462641716003,0.6899232268333435,-0.5035473108291626,-0.2303173840045929
0.025698861107230186,-6.13232946395874,0.79355788230896,0.04305640235543251,0.050901733338832855,-0.6443803906440735,0.761793315410614,0.4088051915168762,0.24898476898670197,-0.3677847981452942,-1.8732730150222778,-0.14762043952941895,-0.05306786671280861,0.26189154386520386,0.0341971255838871,-0.2734401226043701,0.21372708678245544,-1.7377244234085083,0.2079695761203766,-0.3825943171977997,-0.23884554207324982,-0.09618869423866272,-0.8072022199630737,0.0942055806517601,0.09153419733047485,1.313125491142273,-0.40809112787246704,0.053786978125572205,-0.21676290035247803,0.20835329592227936,-0.26220253109931946,0.6047835946083069,-0.4884467124938965,-0.1736610233783722
0.03148001432418823,-6.189539909362793,0.8135026693344116,0.04320097342133522,0.05232708528637886,-0.6351884007453918,0.7693706750869751,0.4811165928840637,0.22378289699554443,-0.2995428442955017,-1.871126413345337,-0.12067308276891708,-0.05112785845994949,0.25041571259498596,-0.034126490354537964,-0.265647292137146,0.2731916308403015,-1.722477674484253,0.21911941468715668,-0.3828812539577484,-0.24180296063423157,-0.10514937341213226,-0.8176201581954956,0.0600677952170372,0.10169510543346405,1.0353037118911743,-0.3224717080593109,0.022824948653578758,-0.09827026724815369,0.19238866865634918,-0.27897706627845764,0.5032980442047119,-0.4425235688686371,-0.12977132201194763
0.037630993872880936,-6.248353481292725,0.8307824730873108,0.040181465446949005,0.0492996871471405,-0.6305011510848999,0.7735782861709595,0.5434176325798035,0.19795779883861542,-0.2539237141609192,-1.8708741664886475,-0.08634813129901886,-0.0524105504155159,0.27437934279441833,-0.08571145683526993,-0.24110057950019836,0.33160650730133057,-1.7023167610168457,0.24784377217292786,-0.3797367513179779,-0.22865089774131775,-0.10595829784870148,-0.7834271192550659,0.026924189180135727,0.11471953988075256,0.7163702845573425,-0.14185133576393127,-0.03040149062871933,0.00496186688542366,0.17265933752059937,-0.30674922466278076,0.42308276891708374,-0.33757704496383667,-0.12715928256511688
0.04393058270215988,-6.309717655181885,0.840483546257019,0.0344836451113224,0.04268818348646164,-0.6274424195289612,0.7767269015312195,0.5949758887290955,0.18230827152729034,-0.22445446252822876,-1.8833913803100586,-0.038512203842401505,-0.04853859916329384,0.26538488268852234,-0.10750904679298401,-0.21151947975158691,0.39191290736198425,-1.6914454698562622,0.2537386417388916,-0.38599953055381775,-0.2169935256242752,-0.09988780319690704,-0.7409539222717285,0.005548711400479078,0.15853089094161987,0.4650686979293823,0.008451998233795166,-0.12761788070201874,0.06470488011837006,0.14381422102451324,-0.3083168864250183,0.42640450596809387,-0.09522531181573868,-0.11189353466033936
0.05018042027950287,-6.371286869049072,0.8411098718643188,0.028617819771170616,0.03545369952917099,-0.6274475455284119,0.7773246765136719,0.6256945133209229,0.17280671000480652,-0.21584388613700867,-1.8956928253173828,-0.03756792098283768,-0.05143837630748749,0.27831318974494934,-0.11231465637683868,-0.18042965233325958,0.43928101658821106,-1.6772054433822632,0.2558911144733429,-0.39535704255104065,-0.2018011063337326,-0.09479575604200363,-0.6996850371360779,-0.018586905673146248,0.18592235445976257,0.28011661767959595,0.1555330753326416,-0.21260961890220642,0.07671387493610382,0.10498619079589844,-0.26758265495300293,0.5081751346588135,0.2634723484516144,-0.03285010904073715
0.05338042974472046,-6.428075790405273,0.8262269496917725,0.01778416521847248,0.02223609946668148,-0.624340832233429,0.7806329727172852,0.6423783302307129,0.18652182817459106,-0.23754540085792542,-1.894024133682251,-0.04802339896559715,-0.0792807936668396,0.30185210704803467,-0.07676519453525543,-0.14921265840530396,0.4539008140563965,-1.6421900987625122,0.2731148600578308,-0.41058212518692017,-0.20442666113376617,-0.0452326200902462,-0.7084407806396484,-0.06550265848636627,0.19179698824882507,0.23355765640735626,0.32451900839805603,-0.20354554057121277,0.03695106506347656,0.060349080711603165,-0.3207302391529083,0.7983217239379883,0.21762965619564056,0.03932859003543854
0.06162402033805847,-6.4912495613098145,0.813039243221283,0.017486752942204475,0.02124057523906231,-0.635347843170166,0.7717357873916626,0.604219913482666,0.18099237978458405,-0.24516339600086212,-1.881126046180725,-0.04751910641789436,-0.11743339896202087,0.33059263229370117,-0.06081826612353325,-0.13003303110599518,0.465798020362854,-1.5960416793823242,0.28195250034332275,-0.4185056686401367,-0.24136409163475037,-0.07472744584083557,-0.6535012722015381,-0.04557287320494652,0.2322165071964264,0.20815728604793549,0.32535403966903687,-0.26100000739097595,0.02328917756676674,-0.003218562575057149,-0.28797537088394165,0.9159517884254456,0.13097311556339264,0.10818835347890854
0.06551755219697952,-6.545804500579834,0.781265139579773,0.0042233094573020935,0.005027356557548046,-0.6432076692581177,0.7656636238098145,0.5970131158828735,0.1939007043838501,-0.29339319467544556,-1.8991918563842773,-0.028772374615073204,-0.12589067220687866,0.3433258533477783,0.012427696958184242,-0.13398566842079163,0.45390841364860535,-1.5568773746490479,0.28181180357933044,-0.42487263679504395,-0.29610297083854675,-0.049442801624536514,-0.70383620262146,-0.11466177552938461,0.18059389293193817,0.44339391589164734,0.2567428648471832,0.1666213423013687,-0.03806686028838158,-0.15035967528820038,-0.3882933557033539,1.271791934967041,-0.11413348466157913,0.06680931150913239
0.07171575725078583,-6.598172664642334,0.7507557272911072,0.0002592396049294621,0.0002957996621262282,-0.6591017842292786,0.7520536184310913,0.5377073287963867,0.20930488407611847,-0.32365673780441284,-1.9069609642028809,-0.019933905452489853,-0.12956956028938293,0.35174480080604553,0.0498126745223999,-0.1431913524866104,0.41902878880500793,-1.4881423711776733,0.2907688617706299,-0.429892361164093,-0.37628811597824097,-0.02666090801358223,-0.7654083371162415,-0.14170224964618683,0.15897171199321747,0.8166484236717224,-0.10165980458259583,0.26100000739097595,-0.13876958191394806,-0.22964568436145782,-0.37948912382125854,1.510233998298645,-0.32808688282966614,-0.025409802794456482
0.07685624063014984,-6.642892837524414,0.7461068630218506,0.01313526090234518,0.01468677632510662,-0.6665093302726746,0.7452362775802612,0.3694683313369751,0.23945443332195282,-0.33420154452323914,-1.7902542352676392,-0.09681762009859085,-0.1294863522052765,0.3536396920681,0.055556174367666245,-0.10691241174936295,0.3161963224411011,-1.3116140365600586,0.3433226943016052,-0.42472589015960693,-0.47356200218200684,-0.02346339449286461,-0.7831088304519653,-0.14406295120716095,0.08491507917642593,0.9381537437438965,-0.24532616138458252,0.26037150621414185,-0.30210718512535095,-0.13629387319087982,-0.2879325747489929,1.5022550821304321,-0.40269380807876587,-0.1109839603304863
0.07557516545057297,-6.677171230316162,0.7451488375663757,0.015280483290553093,0.016662847250699997,-0.6757010221481323,0.7368289828300476,0.2525272071361542,0.23432229459285736,-0.32218432426452637,-1.6485810279846191,-0.2002524882555008,-0.11195428669452667,0.30869483947753906,0.09716638177633286,-0.0776086151599884,0.19932959973812103,-1.0851486921310425,0.3133189082145691,-0.4087428152561188,-0.44871267676353455,-0.008015806786715984,-0.7791838645935059,-0.13426926732063293,0.10987620055675507,1.0341826677322388,-0.3321188986301422,0.2605389356613159,-0.47612178325653076,-0.09602469950914383,-0.22910678386688232,1.54524827003479,-0.4824194312095642,-0.1619059443473816
0.07423639297485352,-6.705503463745117,0.7548596262931824,0.02078641578555107,0.02196812815964222,-0.6869858503341675,0.7260411381721497,0.15714451670646667,0.22128161787986755,-0.2941669225692749,-1.55552339553833,-0.16778498888015747,-0.1045883372426033,0.28928840160369873,0.11107402294874191,-0.08814191073179245,0.1412563920021057,-0.8850906491279602,0.25642701983451843,-0.40941938757896423,-0.437087744474411,-0.021244904026389122,-0.7440398931503296,-0.12136223167181015,0.13472987711429596,1.0317617654800415,-0.37463897466659546,0.26100000739097595,-0.6246063709259033,-0.045594897121191025,-0.1606997698545456,1.46888267993927,-0.5146488547325134,-0.15216568112373352
0.07123002409934998,-6.732316970825195,0.7737587094306946,0.02802601456642151,0.028779352083802223,-0.697104811668396,0.7158429622650146,0.08924728631973267,0.2044764757156372,-0.2640150487422943,-1.4754739999771118,-0.11804495006799698,-0.1152976006269455,0.3224506080150604,0.09512607008218765,-0.1159890741109848,0.13432838022708893,-0.6650370955467224,0.24295231699943542,-0.3966556787490845,-0.42920634150505066,-0.020030545070767403,-0.660980761051178,-0.11629927903413773,0.13336925208568573,0.9209469556808472,-0.3643694818019867,0.2609390914440155,-0.6865872740745544,0.01027836836874485,-0.11660051345825195,1.2536486387252808,-0.5243008732795715,-0.13397781550884247
0.06697169691324234,-6.759008407592773,0.7953104376792908,0.03368736431002617,0.033774930983781815,-0.705384373664856,0.7072179913520813,0.053087301552295685,0.18946824967861176,-0.23113691806793213,-1.3852488994598389,-0.10873421281576157,-0.10852102935314178,0.3481763005256653,0.07346443086862564,-0.13718564808368683,0.1480536311864853,-0.4611152410507202,0.2088574320077896,-0.3715447187423706,-0.38035738468170166,-0.007971840910613537,-0.5715348124504089,-0.11278105527162552,0.11877370625734329,0.7958534955978394,-0.33329734206199646,0.24620021879673004,-0.6757739186286926,0.049846991896629333,-0.09467288851737976,0.9767521023750305,-0.4827653467655182,-0.08169789612293243
0.06213796138763428,-6.7858405113220215,0.8150013089179993,0.0347612239420414,0.03497223183512688,-0.704106330871582,0.7083804607391357,0.01033000461757183,0.19173447787761688,-0.23930685222148895,-1.2768635749816895,-0.0973992645740509,-0.08095338940620422,0.36499539017677307,0.09000153839588165,-0.14246371388435364,0.1141495406627655,-0.33795875310897827,0.17064045369625092,-0.35035809874534607,-0.3606201112270355,-0.005175928119570017,-0.491178035736084,-0.100803442299366,0.12716005742549896,0.704505443572998,-0.3043035566806793,0.2146209180355072,-0.6095850467681885,0.054306939244270325,-0.11679669469594955,0.6745171546936035,-0.35822686553001404,0.013576461933553219
0.0569792203605175,-6.8117356300354,0.8296222686767578,0.033044371753931046,0.033955179154872894,-0.696646511554718,0.7158482670783997,-0.037618186324834824,0.20698772370815277,-0.2782931625843048,-1.162678837776184,-0.10001415014266968,-0.06437873095273972,0.3660203218460083,0.12947359681129456,-0.14104481041431427,0.057073548436164856,-0.26667702198028564,0.10060697793960571,-0.3249433934688568,-0.35174986720085144,-0.004390125162899494,-0.42970532178878784,-0.08399590849876404,0.13399545848369598,0.6537083387374878,-0.25515666604042053,0.15379184484481812,-0.5175221562385559,0.044823091477155685,-0.18293941020965576,0.35882455110549927,-0.11456509679555893,0.0917421355843544
0.051177043467760086,-6.838284492492676,0.836118221282959,0.030171170830726624,0.03159324824810028,-0.6899838447570801,0.7225052714347839,-0.059859078377485275,0.21849210560321808,-0.30861806869506836,-1.0740751028060913,-0.12227682024240494,-0.05712483078241348,0.34308910369873047,0.16127733886241913,-0.14638492465019226,0.04089846462011337,-0.2131851315498352,0.004939541686326265,-0.30972951650619507,-0.329813688993454,0.00517262564972043,-0.3806910812854767,-0.07388810813426971,0.11722156405448914,0.6465634107589722,-0.24787864089012146,0.11449871212244034,-0.4520924985408783,0.05277648940682411,-0.2221672385931015,0.14490123093128204,0.15736138820648193,0.05309939384460449
0.0445755310356617,-6.865082740783691,0.8348578214645386,0.02588844858109951,0.0276483204215765,-0.6830030083656311,0.7294328808784485,-0.07252714782953262,0.22494067251682281,-0.3401612341403961,-0.9999188780784607,-0.1263277381658554,-0.05558255687355995,0.33198076486587524,0.19067908823490143,-0.15256938338279724,0.018745582550764084,-0.18549597263336182,-0.0186136607080698,-0.2816949784755707,-0.30404728651046753,0.000723566219676286,-0.3547736704349518,-0.050645168870687485,0.10866770148277283,0.7158162593841553,-0.33414995670318604,0.08952129632234573,-0.4154464900493622,0.07129430025815964,-0.30145537853240967,0.07299570739269257,0.37508586049079895,-0.058669690042734146
0.03707040473818779,-6.8925886154174805,0.8300735950469971,0.020816989243030548,0.022506654262542725,-0.6786934733390808,0.7337814569473267,-0.07634434849023819,0.22855611145496368,-0.35881343483924866,-0.9356473088264465,-0.12931674718856812,-0.051438044756650925,0.3255859315395355,0.20702725648880005,-0.16574296355247498,0.015613742172718048,-0.1773054450750351,-0.00006597946776309982,-0.24473701417446136,-0.2897806465625763,0.005082364659756422,-0.2817409932613373,-0.023715779185295105,0.09191936999559402,0.7120414972305298,-0.41072016954421997,0.05366191267967224,-0.35340502858161926,0.09546530991792679,-0.30944469571113586,0.10001504421234131,0.24428384006023407,-0.1280580759048462
0.029108380898833275,-6.919068336486816,0.8213555812835693,0.016538817435503006,0.017949404194951057,-0.6774173378944397,0.7351939082145691,-0.0665515586733818,0.22355683147907257,-0.35292449593544006,-0.8725957870483398,-0.1431160271167755,-0.05267952010035515,0.32827550172805786,0.20894551277160645,-0.17963330447673798,0.02448275499045849,-0.17389078438282013,0.011765332892537117,-0.2219741940498352,-0.26916176080703735,0.003977222368121147,-0.23995615541934967,0.01815524883568287,0.08947209268808365,0.7672125697135925,-0.5023263096809387,0.0007488113478757441,-0.28692710399627686,0.13237440586090088,-0.3055626451969147,0.10052450746297836,0.15526629984378815,-0.16292577981948853
0.021610276773571968,-6.942457675933838,0.8137739300727844,0.014376970008015633,0.015773287042975426,-0.6734838485717773,0.7388938069343567,-0.0561525896191597,0.20575621724128723,-0.3336375653743744,-0.7920693755149841,-0.1657273918390274,-0.045316144824028015,0.33574238419532776,0.19439484179019928,-0.18858817219734192,0.019093770533800125,-0.16747066378593445,-0.0030011592898517847,-0.2019513100385666,-0.24644465744495392,0.011081963777542114,-0.2280779927968979,0.04910427704453468,0.06106787547469139,0.838165283203125,-0.5690639615058899,-0.0333472304046154,-0.22382277250289917,0.16534119844436646,-0.30706095695495605,0.07636869698762894,0.09358958899974823,-0.18392813205718994
0.01595652475953102,-6.961160659790039,0.8094331622123718,0.014089452102780342,0.015687506645917892,-0.6680479645729065,0.7438193559646606,-0.056977320462465286,0.18108156323432922,-0.3185036778450012,-0.6762831807136536,-0.1618662178516388,-0.04510103911161423,0.34515875577926636,0.17455041408538818,-0.18984395265579224,0.004832062404602766,-0.16256462037563324,-0.04114551842212677,-0.1875353306531906,-0.22608454525470734,0.013721626251935959,-0.23908276855945587,0.06461744755506516,0.031152885407209396,0.9102010726928711,-0.6011539697647095,-0.04225508123636246,-0.17688600718975067,0.1884751319885254,-0.3294081687927246,0.051116783171892166,0.05286027118563652,-0.19365020096302032
0.012145280838012695,-6.977214336395264,0.8079525828361511,0.014338241890072823,0.0162055566906929,-0.6624850630760193,0.7487625479698181,-0.051968421787023544,0.15415874123573303,-0.3011799156665802,-0.5522825121879578,-0.10229566693305969,-0.06399723887443542,0.34232431650161743,0.1517111361026764,-0.18798385560512543,0.00267165619879961,-0.16011488437652588,-0.060630958527326584,-0.17534513771533966,-0.21592290699481964,0.0036404684651643038,-0.25493189692497253,0.07283107936382294,0.015597679652273655,0.97102290391922,-0.581291675567627,-0.03901660069823265,-0.1317111700773239,0.20934104919433594,-0.3272736370563507,0.012250008061528206,0.034541089087724686,-0.19625213742256165
0.009752335958182812,-6.990576267242432,0.8083115816116333,0.015167494304478168,0.017323270440101624,-0.6585668921470642,0.7521698474884033,-0.0317603275179863,0.12745366990566254,-0.2759536802768707,-0.4654204249382019,-0.01440773718059063,-0.07488180696964264,0.34977948665618896,0.12133259326219559,-0.18621203303337097,0.020975887775421143,-0.16000446677207947,-0.04046729952096939,-0.16651412844657898,-0.22446200251579285,-0.012430494651198387,-0.26337918639183044,0.0777972862124443,0.01846912130713463,0.9961002469062805,-0.5547984838485718,-0.04304733872413635,-0.10954546183347702,0.21740436553955078,-0.30784735083580017,0.007120723836123943,0.019108569249510765,-0.1942550241947174
0.007844631560146809,-7.001258373260498,0.8094982504844666,0.01679788902401924,0.01927979663014412,-0.6566950678825378,0.7537225484848022,-0.010631384328007698,0.11446316540241241,-0.2593986988067627,-0.3932700455188751,0.05593675747513771,-0.07485609501600266,0.3206716775894165,0.0780424028635025,-0.18505489826202393,0.0773731917142868,-0.15141528844833374,-0.04799845814704895,-0.16948388516902924,-0.2169407159090042,-0.015796497464179993,-0.2718348503112793,0.07438799738883972,0.019364872947335243,0.9880414009094238,-0.5693655014038086,-0.009205334819853306,-0.09779985249042511,0.22150036692619324,-0.30581483244895935,0.005774728022515774,0.007038854993879795,-0.1950491964817047
0.006989087909460068,-7.011664867401123,0.8107590079307556,0.018260251730680466,0.021005429327487946,-0.6558153033256531,0.7544081211090088,0.020718460902571678,0.10248725861310959,-0.24587766826152802,-0.33851322531700134,0.08303195983171463,-0.06278181076049805,0.31079384684562683,0.04997173696756363,-0.18039371073246002,0.10611699521541595,-0.16419290006160736,-0.0360494963824749,-0.1725122630596161,-0.21064525842666626,-0.020181741565465927,-0.27135515213012695,0.06693286448717117,0.019946767017245293,0.9483674764633179,-0.5868380069732666,0.023447733372449875,-0.08575430512428284,0.22384129464626312,-0.30503544211387634,0.004363288637250662,-0.0027539744041860104,-0.19587014615535736
0.006132945884019136,-7.0206732749938965,0.8117205500602722,0.019980428740382195,0.023115960881114006,-0.6536265015602112,0.7562002539634705,0.03845597803592682,0.10278204083442688,-0.26760050654411316,-0.2840465009212494,0.09696956723928452,-0.055954549461603165,0.2974037528038025,0.027183696627616882,-0.1749712973833084,0.11690402776002884,-0.1820654720067978,-0.029331594705581665,-0.17922943830490112,-0.20464497804641724,-0.020032966509461403,-0.27083536982536316,0.0577583871781826,0.0027100318111479282,0.8835578560829163,-0.6010322570800781,0.007394065149128437,-0.0773194208741188,0.22380924224853516,-0.30752161145210266,0.003646666184067726,-0.013924908824265003,-0.19442787766456604
0.005182094871997833,-7.028883934020996,0.8122084736824036,0.021789154037833214,0.02536841854453087,-0.6511988043785095,0.7581700086593628,0.05687940493226051,0.10531289130449295,-0.29294541478157043,-0.24375535547733307,0.08507218211889267,-0.03330260142683983,0.29584479331970215,0.014903332106769085,-0.1663307398557663,0.10097702592611313,-0.2079973965883255,-0.006767798215150833,-0.17806130647659302,-0.20013724267482758,-0.016052326187491417,-0.26660284399986267,0.05630170926451683,-0.011276567354798317,0.802868127822876,-0.6134905219078064,-0.026668822392821312,-0.07137531787157059,0.22538559138774872,-0.3045786917209625,0.00397288566455245,-0.02576444298028946,-0.19531741738319397
0.004733357112854719,-7.036099910736084,0.812436580657959,0.023606257513165474,0.027781544253230095,-0.6470897197723389,0.7615417838096619,0.07161219418048859,0.1083206906914711,-0.298727810382843,-0.21789488196372986,0.0942985862493515,-0.017425451427698135,0.2790343463420868,0.006420567631721497,-0.15509065985679626,0.09787260740995407,-0.22442899644374847,0.00022134260507300496,-0.1764904111623764,-0.20554189383983612,-0.01552713941782713,-0.2612747251987457,0.06014137342572212,-0.007734693121165037,0.7207674384117126,-0.6080574989318848,-0.026837831363081932,-0.06678925454616547,0.2273603230714798,-0.29889610409736633,0.003916779067367315,-0.03925085440278053,-0.197112038731575
0.004673507995903492,-7.042217254638672,0.8124904036521912,0.025174085050821304,0.029926078394055367,-0.6432419419288635,0.7646636962890625,0.08243421465158463,0.11245916038751602,-0.2919195890426636,-0.2020459920167923,0.1096155196428299,-0.00623276038095355,0.2566969096660614,-0.0031270210165530443,-0.14622940123081207,0.10497580468654633,-0.22840915620326996,0.007874391041696072,-0.17597681283950806,-0.20068052411079407,-0.015503949485719204,-0.2523299753665924,0.0621907003223896,0.0005939836264587939,0.6425775289535522,-0.6073439717292786,-0.01101963222026825,-0.06372211873531342,0.22726751863956451,-0.29866546392440796,0.005506458226591349,-0.04886908829212189,-0.19656941294670105
0.00451930845156312,-7.047852516174316,0.8123126029968262,0.026251288130879402,0.03149901703000069,-0.6396762728691101,0.7675499320030212,0.09394679963588715,0.11724760383367538,-0.28855594992637634,-0.20032940804958344,0.12111400812864304,-0.003048090962693095,0.2493422031402588,0.005767389200627804,-0.13116911053657532,0.10353751480579376,-0.24077564477920532,0.03134928271174431,-0.17074540257453918,-0.19866743683815002,-0.01588965579867363,-0.24435007572174072,0.06530825793743134,0.0031809797510504723,0.5823823809623718,-0.592643141746521,-0.00907591450959444,-0.05868487060070038,0.2289130985736847,-0.30577564239501953,0.004932634066790342,-0.05721984803676605,-0.19621559977531433
0.0049807121977210045,-7.052724361419678,0.8123161196708679,0.027305567637085915,0.032964691519737244,-0.637321949005127,0.7694078683853149,0.10140515118837357,0.1221177875995636,-0.2866569459438324,-0.20992286503314972,0.11841446906328201,0.000403388257836923,0.2512784004211426,0.0007824069471098483,-0.12306897342205048,0.12682226300239563,-0.23576585948467255,0.03661532327532768,-0.16770923137664795,-0.19168025255203247,-0.0170318391174078,-0.24066370725631714,0.06605932861566544,0.0027268643025308847,0.5502951145172119,-0.5783374309539795,-0.00485555874183774,-0.0546027347445488,0.22893911600112915,-0.31073370575904846,0.0045798723585903645,-0.06482978910207748,-0.19527405500411987
0.005806036293506622,-7.05722713470459,0.8123143911361694,0.028076544404029846,0.03420092910528183,-0.6338874697685242,0.7721584439277649,0.10137603431940079,0.1297105848789215,-0.29730939865112305,-0.22169920802116394,0.10709696263074875,-0.0008234098204411566,0.24914368987083435,0.00255894148722291,-0.11443369090557098,0.1420062780380249,-0.23036262392997742,0.04771057888865471,-0.16397841274738312,-0.18986190855503082,-0.01970071904361248,-0.2389094978570938,0.06699545681476593,-0.004340376704931259,0.5451233386993408,-0.5659233331680298,0.001227916800417006,-0.049858540296554565,0.23037979006767273,-0.3138185739517212,0.0040787942707538605,-0.07347201555967331,-0.19435955584049225
0.007257702294737101,-7.061164379119873,0.812457799911499,0.028739454224705696,0.03509977459907532,-0.6328688859939575,0.7729288935661316,0.1020783931016922,0.13271494209766388,-0.29230451583862305,-0.24237170815467834,0.08572512120008469,-0.0063420613296329975,0.2579975128173828,0.006036864127963781,-0.11179213970899582,0.1805979311466217,-0.221711665391922,0.034866489470005035,-0.16091622412204742,-0.17745424807071686,-0.021805711090564728,-0.22677157819271088,0.06299522519111633,0.0007660635164938867,0.5262247323989868,-0.550058126449585,0.007427638862282038,-0.04589265212416649,0.2262365072965622,-0.30970022082328796,0.005204895511269569,-0.08161304891109467,-0.19205746054649353
0.009122020564973354,-7.064409255981445,0.8128509521484375,0.029519012197852135,0.03603237494826317,-0.6330381631851196,0.7727178931236267,0.0961257591843605,0.13627953827381134,-0.2798864245414734,-0.26413002610206604,0.07068052887916565,-0.010568932630121708,0.25634557008743286,0.014930005185306072,-0.10708335787057877,0.17601735889911652,-0.21960175037384033,0.061227038502693176,-0.15197716653347015,-0.16863834857940674,-0.024955252185463905,-0.2081449329853058,0.05679341405630112,0.0157270859926939,0.49122095108032227,-0.5181779265403748,0.019734589383006096,-0.04242891073226929,0.21995003521442413,-0.30167156457901,0.004601070191711187,-0.08604989945888519,-0.18802523612976074
0.011295916512608528,-7.067087650299072,0.8130810260772705,0.030551085248589516,0.037297323346138,-0.6329367756843567,0.7727007865905762,0.09199793636798859,0.13462384045124054,-0.26402387022972107,-0.2898421883583069,0.06326530873775482,-0.01786583475768566,0.26954469084739685,0.017685718834400177,-0.11159999668598175,0.21739071607589722,-0.20972061157226562,0.04296284168958664,-0.14619092643260956,-0.1587906777858734,-0.027505144476890564,-0.1887417733669281,0.051162078976631165,0.03096650540828705,0.45204663276672363,-0.49382779002189636,0.027024509385228157,-0.04102065786719322,0.21355636417865753,-0.3001198470592499,0.004274147097021341,-0.08978539705276489,-0.18364010751247406
0.013579210266470909,-7.069281101226807,0.8132600784301758,0.03164621442556381,0.038554027676582336,-0.6336723566055298,0.7719918489456177,0.0804828628897667,0.13409417867660522,-0.25898846983909607,-0.3072368800640106,0.058120615780353546,-0.02365693636238575,0.2751310169696808,0.023347431793808937,-0.11258795857429504,0.21599674224853516,-0.20303410291671753,0.04806699976325035,-0.14163874089717865,-0.15909148752689362,-0.02897925302386284,-0.16929253935813904,0.04373013600707054,0.04487834870815277,0.4129023849964142,-0.4747125804424286,0.03194499760866165,-0.04050628840923309,0.20566943287849426,-0.29570621252059937,0.0038880975916981697,-0.09299654513597488,-0.178535595536232
0.01618480123579502,-7.070577621459961,0.8136631846427917,0.03311076760292053,0.04018118977546692,-0.6350778937339783,0.7706913948059082,0.06431455165147781,0.13392597436904907,-0.2641398012638092,-0.31675633788108826,0.055979106575250626,-0.031661875545978546,0.2737865447998047,0.027036715298891068,-0.11507170647382736,0.21270903944969177,-0.19590061902999878,0.050752684473991394,-0.13763399422168732,-0.16516952216625214,-0.02694394625723362,-0.15621712803840637,0.03227552771568298,0.049356646835803986,0.3778379261493683,-0.4478755593299866,0.04007662832736969,-0.04413691535592079,0.19501006603240967,-0.29317614436149597,0.006247825920581818,-0.09461674094200134,-0.17302630841732025
0.018633348867297173,-7.072295188903809,0.8142238259315491,0.03384939581155777,0.041047271341085434,-0.6353185176849365,0.7704153060913086,0.048096369951963425,0.13478483259677887,-0.27152109146118164,-0.32197684049606323,0.05638106167316437,-0.03696464002132416,0.2709876596927643,0.030394991859793663,-0.11806780099868774,0.20966961979866028,-0.18749377131462097,0.04457714036107063,-0.13083487749099731,-0.16156814992427826,-0.02809884399175644,-0.14033937454223633,0.024787763133645058,0.052789464592933655,0.3444967269897461,-0.42574629187583923,0.04823000729084015,-0.042944420129060745,0.18947544693946838,-0.28741490840911865,0.005170809105038643,-0.09637296944856644,-0.16985562443733215
0.02099841833114624,-7.073493003845215,0.8148597478866577,0.03445827215909958,0.041608285158872604,-0.6368979811668396,0.7690528631210327,0.036594077944755554,0.13356705009937286,-0.27652695775032043,-0.32963770627975464,0.05377928540110588,-0.043024223297834396,0.2810567021369934,0.03216078504920006,-0.11910455673933029,0.21005234122276306,-0.17708416283130646,0.04057566449046135,-0.1305970847606659,-0.1665099710226059,-0.02808033674955368,-0.12357835471630096,0.018599119037389755,0.060941100120544434,0.31059208512306213,-0.4057419002056122,0.0518842488527298,-0.04346674680709839,0.1834590882062912,-0.28311413526535034,0.007169825956225395,-0.09695813059806824,-0.16577087342739105
0.02315196953713894,-7.074378490447998,0.8152915239334106,0.035104475915431976,0.04213455319404602,-0.6391386985778809,0.7671336531639099,0.027663594111800194,0.13714469969272614,-0.2800527811050415,-0.33657848834991455,0.04362676665186882,-0.0404655896127224,0.27267274260520935,0.03311449661850929,-0.1200190857052803,0.20982114970684052,-0.16960081458091736,0.038578081876039505,-0.12941402196884155,-0.16726154088974,-0.027016665786504745,-0.1096249371767044,0.013261355459690094,0.06871369481086731,0.2835463285446167,-0.3973296582698822,0.058149293065071106,-0.04232762008905411,0.17913061380386353,-0.27978870272636414,0.004418917000293732,-0.09627330303192139,-0.16251690685749054
0.025270774960517883,-7.075091361999512,0.8155803680419922,0.035674404352903366,0.042524948716163635,-0.6417093873023987,0.764936625957489,0.02162276580929756,0.13877393305301666,-0.28422975540161133,-0.3436046838760376,0.04079308733344078,-0.04228740930557251,0.27764198184013367,0.03366805240511894,-0.12186142057180405,0.2136668860912323,-0.16506046056747437,0.03519311919808388,-0.12755714356899261,-0.16488075256347656,-0.02510921284556389,-0.09928692132234573,0.006857554893940687,0.07282253354787827,0.26318374276161194,-0.38748598098754883,0.06320640444755554,-0.04272235929965973,0.17330630123615265,-0.2784980237483978,0.005434134043753147,-0.09708617627620697,-0.15761388838291168