-0.014058967120945454,0.020921485498547554,0.8526092171669006,0.034012194722890854,0.03303204104304314,-0.7165609002113342,0.6959112882614136,-0.04014284163713455,0.18334558606147766,-0.5893407464027405,-0.4288184940814972,0.19554471969604492,0.048592112958431244,0.1638675034046173,-0.09822530299425125,-0.08500729501247406,0.108946293592453,-0.2902226448059082,-0.33288565278053284,-0.009850389324128628,-0.18707185983657837,-0.05243954062461853,-0.08713430911302567,-0.04613334313035011,0.1234930157661438,0.07637116312980652,-0.17533013224601746,0.08451948314905167,-0.08320025354623795,0.06392575800418854,-0.06879958510398865,0.024388691410422325,-0.17618289589881897,-0.12897329032421112
-0.01680881343781948,0.019115962088108063,0.8531208634376526,0.04086929187178612,0.03956006094813347,-0.7173586487770081,0.6943783164024353,-0.057519592344760895,0.1810472458600998,-0.5808312296867371,-0.43804171681404114,0.1969713717699051,0.06453195959329605,0.16722172498703003,-0.11790630221366882,-0.08786758035421371,0.10616695135831833,-0.29821619391441345,-0.3342742323875427,-0.0035991554614156485,-0.1885630488395691,-0.05078226327896118,-0.10496469587087631,-0.04457593336701393,0.12962505221366882,0.08824164420366287,-0.1905200034379959,0.07279117405414581,-0.10282915085554123,0.059907861053943634,-0.061172664165496826,0.03920004144310951,-0.1941770315170288,-0.13180023431777954
-0.018049582839012146,0.019416581839323044,0.8532406091690063,0.041903894394636154,0.04048234969377518,-0.717978835105896,0.6936221122741699,-0.057987868785858154,0.1828380823135376,-0.578210175037384,-0.4406132698059082,0.19760288298130035,0.06797612458467484,0.16885270178318024,-0.12063320726156235,-0.0860653817653656,0.10850165039300919,-0.29950615763664246,-0.3344219923019409,-0.0019918279722332954,-0.18939949572086334,-0.050721727311611176,-0.11799491941928864,-0.04149508476257324,0.13511595129966736,0.10113576799631119,-0.20091548562049866,0.06515038013458252,-0.12025108188390732,0.059317126870155334,-0.05438869073987007,0.06278496235609055,-0.20990529656410217,-0.1356823742389679
-0.019627071917057037,0.019790565595030785,0.8528195023536682,0.04309705272316933,0.041644882410764694,-0.7178258895874023,0.6936385035514832,-0.05992978438735008,0.18519949913024902,-0.5783498883247375,-0.44044026732444763,0.1987806111574173,0.06768807023763657,0.1699129343032837,-0.12342872470617294,-0.0840623676776886,0.11172967404127121,-0.29827451705932617,-0.334879994392395,-0.0018231559079140425,-0.18931758403778076,-0.0527939535677433,-0.1305595338344574,-0.03582237660884857,0.14023521542549133,0.11908936500549316,-0.2099829912185669,0.06210292875766754,-0.1396484076976776,0.06323300302028656,-0.04870334267616272,0.09228096157312393,-0.2278626561164856,-0.14095938205718994
-0.019802019000053406,0.02151169441640377,0.8519883155822754,0.04041995853185654,0.03907317668199539,-0.7178464531898499,0.6939279437065125,-0.050036702305078506,0.1900043785572052,-0.579371988773346,-0.43954798579216003,0.19910797476768494,0.06848663091659546,0.1715698391199112,-0.11447159200906754,-0.0784916877746582,0.11856535077095032,-0.2947440445423126,-0.33506688475608826,-0.000956342788413167,-0.18847890198230743,-0.055959552526474,-0.14812761545181274,-0.02781253680586815,0.14400720596313477,0.15954457223415375,-0.22443132102489471,0.061018723994493484,-0.16236378252506256,0.07004371285438538,-0.044293809682130814,0.1494179517030716,-0.2516275644302368,-0.1479049026966095
-0.022204475477337837,0.021546317264437675,0.8509397506713867,0.04109599068760872,0.03985144570469856,-0.7167162895202637,0.69501131772995,-0.05067451298236847,0.1919769048690796,-0.5772302746772766,-0.4378851056098938,0.19776101410388947,0.06808176636695862,0.17029422521591187,-0.11490398645401001,-0.07645318657159805,0.12371136248111725,-0.2920057773590088,-0.3352554738521576,-0.001955089857801795,-0.1871555596590042,-0.05857745558023453,-0.1733495146036148,-0.01887325383722782,0.14314496517181396,0.21177929639816284,-0.24612514674663544,0.059117596596479416,-0.18166789412498474,0.07736580818891525,-0.04166799038648605,0.1922507882118225,-0.27736037969589233,-0.1557895392179489
-0.02471848577260971,0.02116614766418934,0.8496510982513428,0.04200577363371849,0.0409911647439003,-0.7144637107849121,0.6972064971923828,-0.05093472823500633,0.19340986013412476,-0.5712283253669739,-0.4367711544036865,0.19945132732391357,0.06651920080184937,0.16896669566631317,-0.11412161588668823,-0.07573360204696655,0.13230201601982117,-0.2896043062210083,-0.33632180094718933,0.00023765533114783466,-0.185426726937294,-0.060057926923036575,-0.20731030404567719,-0.009954513050615788,0.13601453602313995,0.27027955651283264,-0.27417489886283875,0.05762143060564995,-0.19356724619865417,0.08422093838453293,-0.04156482219696045,0.20936721563339233,-0.2998587489128113,-0.16312956809997559
-0.02724594995379448,0.020705582574009895,0.8478296399116516,0.042978961020708084,0.0423581562936306,-0.7109339833259583,0.7006649971008301,-0.05261663347482681,0.1950935274362564,-0.5636101365089417,-0.4355822503566742,0.2031548172235489,0.06436669081449509,0.17010650038719177,-0.1133296862244606,-0.07606320828199387,0.13808034360408783,-0.2872423827648163,-0.34037530422210693,-0.0009393579675816,-0.183198943734169,-0.06102145463228226,-0.2524058222770691,-0.0011985856108367443,0.12213783711194992,0.35582295060157776,-0.3089861273765564,0.05811893567442894,-0.20130392909049988,0.09104262292385101,-0.04515539109706879,0.2247941941022873,-0.31935569643974304,-0.17005673050880432
-0.029768571257591248,0.02028111182153225,0.8451595306396484,0.04412499815225601,0.04415600374341011,-0.7054798007011414,0.7059755325317383,-0.05604789778590202,0.19730697572231293,-0.5541704297065735,-0.4337509274482727,0.205718532204628,0.0623621866106987,0.1722065955400467,-0.11294188350439072,-0.07803624123334885,0.1416284590959549,-0.2826552391052246,-0.34125781059265137,0.0012573591666296124,-0.18045882880687714,-0.062366217374801636,-0.3168538808822632,0.006902616936713457,0.09982199221849442,0.45991256833076477,-0.3566882312297821,0.05997122824192047,-0.21300305426120758,0.0981554239988327,-0.05408254265785217,0.23279424011707306,-0.341982364654541,-0.17684268951416016
-0.03197440877556801,0.01969926431775093,0.8416504859924316,0.045682717114686966,0.0466364324092865,-0.6982718110084534,0.7128496170043945,-0.0592639185488224,0.20332682132720947,-0.5405547022819519,-0.4350987672805786,0.20019541680812836,0.058258917182683945,0.17553198337554932,-0.11168058216571808,-0.08166540414094925,0.1505488008260727,-0.27954956889152527,-0.34889093041419983,0.0008908755262382329,-0.17739108204841614,-0.0652637705206871,-0.4063578248023987,0.013262847438454628,0.06926143914461136,0.6389934420585632,-0.4172108769416809,0.06255290657281876,-0.23432420194149017,0.1051587387919426,-0.06927230209112167,0.2841305434703827,-0.3724503815174103,-0.18051953613758087
-0.033736519515514374,0.018427573144435883,0.837801456451416,0.04819314926862717,0.05049184337258339,-0.6887646913528442,0.7216170430183411,-0.06500552594661713,0.21061289310455322,-0.5263321399688721,-0.438638299703598,0.1984342783689499,0.05329716205596924,0.18287798762321472,-0.11548131704330444,-0.08756052702665329,0.1586892306804657,-0.2725018560886383,-0.3541152775287628,0.001356778317131102,-0.17419251799583435,-0.07127641141414642,-0.5124278664588928,0.0174271073192358,0.037670738995075226,0.8187178373336792,-0.4633643925189972,0.06779561936855316,-0.25969648361206055,0.11144505441188812,-0.08933167904615402,0.32439666986465454,-0.40596315264701843,-0.17680008709430695
-0.03514837846159935,0.01609993353486061,0.8344221711158752,0.050634268671274185,0.054812200367450714,-0.6766660213470459,0.7324990630149841,-0.07215467095375061,0.22046247124671936,-0.5213918089866638,-0.4409528076648712,0.20058800280094147,0.0497337244451046,0.18668168783187866,-0.12138114124536514,-0.09257423132658005,0.17440256476402283,-0.2598975598812103,-0.36014437675476074,0.005266399588435888,-0.1708163022994995,-0.08104530721902847,-0.619041919708252,0.019992338493466377,0.014493472874164581,0.9987782835960388,-0.4745457172393799,0.0776791125535965,-0.2788146138191223,0.1166393980383873,-0.11046892404556274,0.3657485842704773,-0.43642011284828186,-0.1668275147676468
-0.03569289669394493,0.011997713707387447,0.8322157859802246,0.05267748981714249,0.058892909437417984,-0.6645968556404114,0.7430126070976257,-0.07569220662117004,0.22687417268753052,-0.5155414342880249,-0.43910884857177734,0.20333291590213776,0.050393231213092804,0.18653422594070435,-0.12935011088848114,-0.09861232340335846,0.20668427646160126,-0.24285830557346344,-0.36343875527381897,0.008455316536128521,-0.16696986556053162,-0.0932069718837738,-0.7096776962280273,0.02167218178510666,0.0011938153766095638,1.1200802326202393,-0.46788471937179565,0.08780866861343384,-0.28428709506988525,0.12056206911802292,-0.12841492891311646,0.3712445795536041,-0.4588303864002228,-0.15778402984142303
-0.035224221646785736,0.006686678621917963,0.8314091563224792,0.05447986349463463,0.0626630112528801,-0.6538463234901428,0.7520573139190674,-0.0729822888970375,0.23142729699611664,-0.5035607814788818,-0.43667566776275635,0.20501993596553802,0.05251520499587059,0.18340887129306793,-0.13939328491687775,-0.10230421274900436,0.249620258808136,-0.2282850444316864,-0.36484333872795105,0.015748417004942894,-0.1624157726764679,-0.10504427552223206,-0.7776269316673279,0.02324483171105385,-0.003941260278224945,1.1732947826385498,-0.46482035517692566,0.0920768454670906,-0.2778719663619995,0.12300902605056763,-0.1411995142698288,0.3570404052734375,-0.46907150745391846,-0.15458279848098755
-0.03367459028959274,0.0002960929705295712,0.8316766619682312,0.05638021603226662,0.06638074666261673,-0.6448991298675537,0.7592891454696655,-0.0623590387403965,0.23454910516738892,-0.48545944690704346,-0.435540109872818,0.20696768164634705,0.05340980365872383,0.17964404821395874,-0.14825256168842316,-0.10331598669290543,0.26576027274131775,-0.22828130424022675,-0.35701054334640503,0.022070901468396187,-0.15733394026756287,-0.11361648887395859,-0.8282133340835571,0.025156086310744286,-0.0015906428452581167,1.1691386699676514,-0.46467703580856323,0.09020384401082993,-0.26602527499198914,0.12374293059110641,-0.1505047231912613,0.33458730578422546,-0.47224053740501404,-0.15667319297790527
-0.03164554759860039,-0.007294438313692808,0.8323690295219421,0.058810628950595856,0.07045073807239532,-0.6381337642669678,0.7644366025924683,-0.04378598928451538,0.23506291210651398,-0.4584466218948364,-0.43517374992370605,0.20195381343364716,0.054450761526823044,0.18119776248931885,-0.15973207354545593,-0.10332468152046204,0.27028051018714905,-0.23943324387073517,-0.34949374198913574,0.021240193396806717,-0.15238940715789795,-0.11666512489318848,-0.8666692972183228,0.026190603151917458,0.0012431942159309983,1.1186456680297852,-0.4574250280857086,0.08544360101222992,-0.25245776772499084,0.1227196455001831,-0.1600385308265686,0.309409499168396,-0.47419473528862,-0.16171757876873016
-0.02919543907046318,-0.016151301562786102,0.832841157913208,0.061433881521224976,0.0745575949549675,-0.6329394578933716,0.7681501507759094,-0.02129455842077732,0.23457540571689606,-0.43414801359176636,-0.4341042935848236,0.20350003242492676,0.05640183761715889,0.18476451933383942,-0.17880766093730927,-0.10404146462678909,0.27739888429641724,-0.2510894238948822,-0.3389035761356354,0.019382180646061897,-0.14832189679145813,-0.11338743567466736,-0.894063413143158,0.024722998961806297,-0.0036106915213167667,1.029942274093628,-0.43932849168777466,0.08006896078586578,-0.2392670214176178,0.12010952830314636,-0.1727224886417389,0.290484756231308,-0.4767944812774658,-0.16627739369869232
-0.026520881801843643,-0.026567790657281876,0.8326623439788818,0.06416673213243484,0.07884429395198822,-0.627949059009552,0.7715867757797241,-0.0013630831381306052,0.23294572532176971,-0.42235344648361206,-0.42647022008895874,0.20968851447105408,0.06040889024734497,0.18239913880825043,-0.20272475481033325,-0.10525678098201752,0.2842061221599579,-0.26031729578971863,-0.33109134435653687,0.017288919538259506,-0.14537717401981354,-0.10432441532611847,-0.9083278775215149,0.021418850868940353,-0.011993691325187683,0.9096850156784058,-0.4140966236591339,0.07081101834774017,-0.22602084279060364,0.11610613018274307,-0.18954074382781982,0.27838653326034546,-0.48137179017066956,-0.16697074472904205
-0.023333536460995674,-0.038741759955883026,0.8316478133201599,0.06630905717611313,0.08247766643762589,-0.6230583190917969,0.7749831080436707,0.01497180387377739,0.22897429764270782,-0.4210197329521179,-0.41074657440185547,0.21529708802700043,0.06417407840490341,0.18069706857204437,-0.22886541485786438,-0.10830630362033844,0.29445576667785645,-0.2659132778644562,-0.32838404178619385,0.015335053205490112,-0.14319784939289093,-0.09042312949895859,-0.9066420793533325,0.018143095076084137,-0.0133738461881876,0.7665483951568604,-0.3878650367259979,0.05374142900109291,-0.2101822793483734,0.11104618012905121,-0.21016205847263336,0.2729887068271637,-0.48723891377449036,-0.16334965825080872
-0.019060660153627396,-0.0529775433242321,0.8298078775405884,0.06750282645225525,0.08474855124950409,-0.6193600296974182,0.7775951623916626,0.03484302759170532,0.22149772942066193,-0.41407138109207153,-0.3951849043369293,0.21775716543197632,0.07140848785638809,0.1769278645515442,-0.2527499496936798,-0.11283843964338303,0.31609585881233215,-0.2702752649784088,-0.3287230432033539,0.01637539640069008,-0.1413174420595169,-0.07287107408046722,-0.8889518976211548,0.014659080654382706,0.0008196709677577019,0.6136364340782166,-0.3641110062599182,0.034364257007837296,-0.1872308850288391,0.1058606430888176,-0.23313331604003906,0.2729034423828125,-0.4956555962562561,-0.15618348121643066
-0.01358128059655428,-0.06962383538484573,0.8273444175720215,0.06779102236032486,0.08589702099561691,-0.6157978773117065,0.7802685499191284,0.057241808623075485,0.21303385496139526,-0.40206050872802734,-0.38518285751342773,0.22066731750965118,0.07278025895357132,0.17433041334152222,-0.27443185448646545,-0.11591619998216629,0.33065634965896606,-0.2721502482891083,-0.32746511697769165,0.01738983765244484,-0.13969822227954865,-0.055133506655693054,-0.8594205379486084,0.00950966589152813,0.03905150666832924,0.46852585673332214,-0.34241360425949097,0.020097916945815086,-0.1518116593360901,0.10174723714590073,-0.2536689341068268,0.2638120949268341,-0.5082464814186096,-0.14537999033927917
-0.006950163282454014,-0.08854231983423233,0.8246550559997559,0.06706026941537857,0.0855870172381401,-0.613102912902832,0.7824848890304565,0.08139219880104065,0.20423255860805511,-0.3842577636241913,-0.37973183393478394,0.2263781577348709,0.0727243721485138,0.1751786172389984,-0.2899150550365448,-0.11828114092350006,0.3453846871852875,-0.2754288613796234,-0.3270913362503052,0.018841946497559547,-0.13877063989639282,-0.04437049478292465,-0.8224788308143616,0.004029406234622002,0.08999252319335938,0.35759344696998596,-0.3232002258300781,0.016594035550951958,-0.10145288705825806,0.09832512587308884,-0.26218733191490173,0.24142274260520935,-0.5194876194000244,-0.13289855420589447
0.0006573491846211255,-0.10946597903966904,0.8221597671508789,0.06580657511949539,0.08449182659387589,-0.610934317111969,0.7844041585922241,0.10627570748329163,0.19300861656665802,-0.36212852597236633,-0.3789757490158081,0.23058746755123138,0.0714535117149353,0.17707964777946472,-0.30008530616760254,-0.1211966797709465,0.35262608528137207,-0.2785612940788269,-0.3206416368484497,0.020962009206414223,-0.13900050520896912,-0.04599587246775627,-0.774966299533844,0.0008940063416957855,0.1240946352481842,0.29196229577064514,-0.30935466289520264,0.018335822969675064,-0.04048415273427963,0.09318280965089798,-0.25178664922714233,0.19427423179149628,-0.5196781158447266,-0.12336402386426926
0.007612400222569704,-0.13394896686077118,0.8200793266296387,0.06624959409236908,0.08479475229978561,-0.612090528011322,0.7834321856498718,0.12489461898803711,0.1652585119009018,-0.34021803736686707,-0.38076186180114746,0.230995774269104,0.07108860462903976,0.17544852197170258,-0.30881622433662415,-0.13821958005428314,0.36069294810295105,-0.2831611633300781,-0.3155347406864166,0.021034356206655502,-0.1403491050004959,-0.05618976056575775,-0.7354024052619934,-0.0025494189467281103,0.12517929077148438,0.2635202705860138,-0.29116174578666687,0.01851034350693226,0.016782626509666443,0.0849711149930954,-0.2290762960910797,0.12888288497924805,-0.5156787037849426,-0.11404109001159668
0.01852358877658844,-0.15712547302246094,0.8185539841651917,0.06601347029209137,0.0849393904209137,-0.6100870370864868,0.7849977016448975,0.1370217651128769,0.16438518464565277,-0.33809694647789,-0.38423043489456177,0.24336953461170197,0.06950734555721283,0.17984400689601898,-0.31196409463882446,-0.13810425996780396,0.3609735667705536,-0.2850346267223358,-0.3125416338443756,0.02146485075354576,-0.14200714230537415,-0.06610291451215744,-0.7334348559379578,-0.01280587911605835,0.09342512488365173,0.34038054943084717,-0.2502807080745697,0.02768240123987198,0.05640368163585663,0.07474607974290848,-0.20831827819347382,0.13978664577007294,-0.5269114971160889,-0.09673593938350677
0.030673939734697342,-0.1818692833185196,0.8179267048835754,0.06425744295120239,0.08410970866680145,-0.603671669960022,0.7901753187179565,0.13006775081157684,0.17096588015556335,-0.3654617965221405,-0.3723638355731964,0.25044581294059753,0.07637951523065567,0.17882265150547028,-0.30066362023353577,-0.14058959484100342,0.35663679242134094,-0.2869439721107483,-0.31049659848213196,0.01884624920785427,-0.14272159337997437,-0.07229797542095184,-0.7467772960662842,-0.030824778601527214,0.046523112803697586,0.43096724152565,-0.20961827039718628,0.04629940539598465,0.07487905770540237,0.06268833577632904,-0.19463074207305908,0.20114681124687195,-0.557663083076477,-0.07534477114677429
0.04367883875966072,-0.2081017941236496,0.8185707330703735,0.06132146343588829,0.0819593220949173,-0.595927357673645,0.7964878678321838,0.10903346538543701,0.1785202920436859,-0.4078419804573059,-0.3462495505809784,0.25894349813461304,0.08212137222290039,0.17662519216537476,-0.2767607271671295,-0.14414837956428528,0.3584505021572113,-0.28825414180755615,-0.3139857053756714,0.01430224347859621,-0.1417057067155838,-0.07599374651908875,-0.7364615201950073,-0.05152220278978348,0.012137826532125473,0.5091142058372498,-0.20410841703414917,0.06642051041126251,0.06921157985925674,0.04584309831261635,-0.18410056829452515,0.31765252351760864,-0.6053347587585449,-0.06595709174871445
0.05721832811832428,-0.23554882407188416,0.820338249206543,0.056747253984212875,0.07620033621788025,-0.5945800542831421,0.7984033226966858,0.0996352881193161,0.1828131377696991,-0.41722795367240906,-0.33496159315109253,0.24852217733860016,0.08932200819253922,0.17503085732460022,-0.25453558564186096,-0.14321042597293854,0.37070009112358093,-0.2815350294113159,-0.31149038672447205,0.01774803176522255,-0.13949128985404968,-0.07524589449167252,-0.692304790019989,-0.07352547347545624,0.00048410112503916025,0.544685959815979,-0.22142119705677032,0.0939350426197052,0.02975435182452202,0.01939280703663826,-0.17646026611328125,0.4997182786464691,-0.6452984809875488,-0.08671338111162186
0.07174533605575562,-0.2633053660392761,0.8223688006401062,0.05123041942715645,0.06823312491178513,-0.5982272028923035,0.7967709302902222,0.10328324884176254,0.1849450170993805,-0.4057437777519226,-0.350158154964447,0.24474383890628815,0.08631497621536255,0.17346389591693878,-0.23578141629695892,-0.14191316068172455,0.3624112010002136,-0.27587273716926575,-0.2934541404247284,0.02683388628065586,-0.13784925639629364,-0.06498908996582031,-0.6239410638809204,-0.10256662964820862,-0.0024099915754050016,0.5446978807449341,-0.24688869714736938,0.13328266143798828,-0.05328803509473801,-0.019519519060850143,-0.1745137721300125,0.7434294819831848,-0.5743937492370605,-0.13379040360450745
0.08677098900079727,-0.2895488440990448,0.8236362338066101,0.04536117613315582,0.05979103222489357,-0.6027026772499084,0.7944286465644836,0.10317890346050262,0.18417920172214508,-0.41259101033210754,-0.37245285511016846,0.2450687736272812,0.07498883455991745,0.17898987233638763,-0.21643556654453278,-0.1482847034931183,0.33053719997406006,-0.28345662355422974,-0.285705029964447,0.024849601089954376,-0.1386043131351471,-0.044341228902339935,-0.5506359338760376,-0.14169281721115112,-0.01328759454190731,0.5443222522735596,-0.28124862909317017,0.1760185807943344,-0.1716468632221222,-0.06577682495117188,-0.17464779317378998,1.0049149990081787,-0.31212279200553894,-0.17802290618419647
0.10087775439023972,-0.3144909739494324,0.8238683342933655,0.040914759039878845,0.05346481874585152,-0.6063514351844788,0.7923417091369629,0.0799739807844162,0.18304522335529327,-0.4488852024078369,-0.38097453117370605,0.2518698573112488,0.06401839107275009,0.18699783086776733,-0.19842521846294403,-0.16214483976364136,0.30050739645957947,-0.30378878116607666,-0.2843492031097412,0.01708705723285675,-0.14223617315292358,-0.020430510863661766,-0.4896821975708008,-0.18212468922138214,-0.023176323622465134,0.5472525954246521,-0.3183610141277313,0.21435405313968658,-0.3069378733634949,-0.10401061177253723,-0.16815078258514404,1.1898102760314941,-0.06832090020179749,-0.21472126245498657
0.10760766267776489,-0.33531689643859863,0.8238750696182251,0.030625425279140472,0.03990849480032921,-0.6080226898193359,0.7923243045806885,0.05499519407749176,0.16740381717681885,-0.5020136833190918,-0.36907848715782166,0.2537090480327606,0.06964647024869919,0.1841973066329956,-0.15501251816749573,-0.1878039538860321,0.28184089064598083,-0.3290519118309021,-0.27631983160972595,0.006703610066324472,-0.14752325415611267,-0.0031054662540555,-0.4335334300994873,-0.20925672352313995,-0.019515730440616608,0.6153637766838074,-0.3489643633365631,0.24023756384849548,-0.44532036781311035,-0.11665494740009308,-0.14972041547298431,1.4795457124710083,-0.061494845896959305,-0.24728401005268097
0.11515140533447266,-0.3607445955276489,0.8246756196022034,0.027554454281926155,0.03563795983791351,-0.6110493540763855,0.7903096675872803,0.001744960667565465,0.16555842757225037,-0.5249279737472534,-0.3510265350341797,0.2493002861738205,0.08303835242986679,0.1748092770576477,-0.12974126636981964,-0.19133839011192322,0.253371000289917,-0.35018810629844666,-0.2613348960876465,-0.0009510020609013736,-0.15262508392333984,0.0034757184330374002,-0.3566642999649048,-0.2176225781440735,-0.012265720404684544,0.5659765005111694,-0.36536601185798645,0.2483709454536438,-0.5704991817474365,-0.09749682247638702,-0.12040723860263824,1.557708740234375,-0.1515592336654663,-0.26036012172698975
0.1220734566450119,-0.3867378830909729,0.8264163136482239,0.025182414799928665,0.03234531357884407,-0.6138033866882324,0.7883939743041992,-0.048697277903556824,0.1648104041814804,-0.5371424555778503,-0.3453513979911804,0.24827493727207184,0.08508646488189697,0.17463085055351257,-0.1045142263174057,-0.1946023404598236,0.22707265615463257,-0.3654246926307678,-0.2567000389099121,0.00009664602839620784,-0.15657386183738708,0.002528621582314372,-0.2629725933074951,-0.21440556645393372,-0.009471860714256763,0.4880135953426361,-0.3699042797088623,0.2476186603307724,-0.6757840514183044,-0.05648009106516838,-0.08483821153640747,1.5515929460525513,-0.21316838264465332,-0.26013314723968506
0.12898971140384674,-0.41265150904655457,0.8284111618995667,0.02406848594546318,0.030824987217783928,-0.6149582862854004,0.7875892519950867,-0.09508346021175385,0.16849303245544434,-0.5428493022918701,-0.36437225341796875,0.23717546463012695,0.0785001739859581,0.18589839339256287,-0.08169237524271011,-0.19978229701519012,0.20406651496887207,-0.3737508952617645,-0.2480834722518921,-0.005314462818205357,-0.15970581769943237,0.0002362296509090811,-0.1721860021352768,-0.20557764172554016,-0.00953004416078329,0.4075382649898529,-0.3700852394104004,0.2423112988471985,-0.7610154151916504,-0.010579806752502918,-0.04698961228132248,1.473501205444336,-0.2673414945602417,-0.25247856974601746
0.13614709675312042,-0.4383717477321625,0.8297612071037292,0.024373095482587814,0.031370870769023895,-0.6130410432815552,0.7890516519546509,-0.13886180520057678,0.17549973726272583,-0.5347013473510742,-0.40206480026245117,0.21626782417297363,0.060711540281772614,0.18872413039207458,-0.056777775287628174,-0.20644117891788483,0.1821725219488144,-0.37779781222343445,-0.24680078029632568,-0.005916085559874773,-0.16274866461753845,0.0014191011432558298,-0.09087879210710526,-0.1887669861316681,-0.018929868936538696,0.3354201912879944,-0.36568909883499146,0.22696897387504578,-0.8020238280296326,0.026279840618371964,-0.00763931218534708,1.3244153261184692,-0.30072924494743347,-0.230307936668396
0.14443975687026978,-0.46702301502227783,0.8295428156852722,0.03292817622423172,0.04317154735326767,-0.6055630445480347,0.793942928314209,-0.2032109647989273,0.2096853107213974,-0.5219238996505737,-0.455282062292099,0.1967039406299591,0.04458062723278999,0.1908351480960846,-0.053292859345674515,-0.18718954920768738,0.1480945646762848,-0.37363696098327637,-0.24369435012340546,-0.00530090369284153,-0.16564252972602844,0.006462324410676956,-0.021895213052630424,-0.16577838361263275,-0.04315781220793724,0.21925650537014008,-0.36666733026504517,0.20951184630393982,-0.7910524010658264,0.0449049137532711,0.034560833126306534,0.9532506465911865,-0.31023529171943665,-0.20604100823402405
0.15163268148899078,-0.49430158734321594,0.8270638585090637,0.03403220325708389,0.045866843312978745,-0.5948964357376099,0.8017706871032715,-0.23997488617897034,0.21337920427322388,-0.5185157656669617,-0.5125524401664734,0.17980822920799255,0.025203365832567215,0.1974119395017624,-0.023415563628077507,-0.1934116929769516,0.13278080523014069,-0.35737478733062744,-0.2456689178943634,-0.003569595282897353,-0.16722585260868073,0.011614978313446045,0.0374198779463768,-0.14518052339553833,-0.07136666774749756,0.19656527042388916,-0.3860916793346405,0.2012123167514801,-0.7611196637153625,0.04124990105628967,0.07874928414821625,0.680236279964447,-0.3202618658542633,-0.18961943686008453
0.16005271673202515,-0.5234490633010864,0.8225027918815613,0.03373616561293602,0.04725715145468712,-0.5800419449806213,0.81251460313797,-0.2680486738681793,0.2110406905412674,-0.5213292241096497,-0.5765493512153625,0.15838046371936798,0.015938812866806984,0.20380212366580963,0.007842492312192917,-0.20135527849197388,0.1404290646314621,-0.32815808057785034,-0.23393182456493378,0.005671949125826359,-0.16606462001800537,0.013730783946812153,0.09683731943368912,-0.12759338319301605,-0.09726493805646896,0.1715116649866104,-0.4151596426963806,0.19469086825847626,-0.723831057548523,0.01962832361459732,0.11651508510112762,0.3923012614250183,-0.33915528655052185,-0.17630647122859955
0.1689787656068802,-0.5553041696548462,0.8170162439346313,0.03187635913491249,0.04673298820853233,-0.5625908374786377,0.8247978687286377,-0.28441858291625977,0.20374472439289093,-0.5264741778373718,-0.6299257874488831,0.133500337600708,0.011655911803245544,0.20195996761322021,0.04149088263511658,-0.20538179576396942,0.1597469002008438,-0.2908610999584198,-0.20828358829021454,0.021276287734508514,-0.16182544827461243,0.0130432965233922,0.15307460725307465,-0.10605624318122864,-0.1205054298043251,0.16109974682331085,-0.4520641267299652,0.18045462667942047,-0.6879631876945496,-0.007892320863902569,0.13456547260284424,0.1917564570903778,-0.36070874333381653,-0.14673779904842377
0.17672407627105713,-0.5891485214233398,0.8120530843734741,0.030148454010486603,0.04644939303398132,-0.5435987114906311,0.8375165462493896,-0.2901707887649536,0.19690974056720734,-0.5333006978034973,-0.6735564470291138,0.11147407442331314,0.012273047119379044,0.19887122511863708,0.07296819984912872,-0.20162202417850494,0.18441113829612732,-0.2612204849720001,-0.22093544900417328,0.03563215211033821,-0.15596017241477966,0.011049365624785423,0.19120629131793976,-0.07948359847068787,-0.14044159650802612,0.20137172937393188,-0.507301926612854,0.16244898736476898,-0.6718096733093262,-0.028157765045762062,0.1300518810749054,0.17214462161064148,-0.38000810146331787,-0.10754437744617462
0.1835411787033081,-0.6255755424499512,0.80865478515625,0.028697576373815536,0.046073999255895615,-0.5279116630554199,0.8475629091262817,-0.27900585532188416,0.1893215775489807,-0.5307623744010925,-0.7048044204711914,0.09215456992387772,0.007929141633212566,0.19805648922920227,0.09739061444997787,-0.19148242473602295,0.19862882792949677,-0.2428162693977356,-0.23929348587989807,0.04304460808634758,-0.15081825852394104,0.007608385756611824,0.20404762029647827,-0.05642872303724289,-0.1631690114736557,0.29024630784988403,-0.5815937519073486,0.15538954734802246,-0.6696583032608032,-0.03398721665143967,0.11840128898620605,0.27712106704711914,-0.3605611324310303,-0.08365243673324585
0.1903853714466095,-0.663318932056427,0.8071148991584778,0.026867656037211418,0.044569551944732666,-0.5155742168426514,0.8552630543708801,-0.2573290467262268,0.18808819353580475,-0.5226090550422668,-0.7189294695854187,0.09431137889623642,0.01038097869604826,0.1978069543838501,0.11949703842401505,-0.17917414009571075,0.18809178471565247,-0.2456333041191101,-0.2427268624305725,0.048428721725940704,-0.14798471331596375,-0.00001242512371391058,0.18938520550727844,-0.048318441957235336,-0.18792007863521576,0.4398527443408966,-0.6608336567878723,0.1733655482530594,-0.6669114232063293,-0.02646993100643158,0.11664746701717377,0.36404949426651,-0.2979124188423157,-0.05630911514163017
0.1986624002456665,-0.7006887793540955,0.8068639039993286,0.023254472762346268,0.03954392671585083,-0.5063785910606384,0.8610901832580566,-0.2242850959300995,0.18052484095096588,-0.5174508094787598,-0.6794602870941162,0.11282272636890411,0.004861935973167419,0.20184354484081268,0.12784095108509064,-0.1710195690393448,0.18065127730369568,-0.25093188881874084,-0.25747618079185486,0.04658377170562744,-0.14766034483909607,-0.015619557350873947,0.13652247190475464,-0.05548139661550522,-0.18138960003852844,0.6482056379318237,-0.687805712223053,0.2038317322731018,-0.6516454219818115,-0.010315166786313057,0.1257772296667099,0.46272674202919006,-0.2583039402961731,-0.011822272092103958
0.20815975964069366,-0.7358465790748596,0.8068048357963562,0.020492201671004295,0.03526774048805237,-0.5019769668579102,0.8639186024665833,-0.18723908066749573,0.17008113861083984,-0.5082215666770935,-0.6014299988746643,0.13908620178699493,0.016178786754608154,0.20398391783237457,0.11817964166402817,-0.1716902107000351,0.19096079468727112,-0.2636023759841919,-0.2549096643924713,0.04468172788619995,-0.14940333366394043,-0.040752969682216644,0.02373831905424595,-0.059023499488830566,-0.11130756139755249,0.9032405018806458,-0.5506176352500916,0.2086663544178009,-0.6273625493049622,0.013307306915521622,0.1363571584224701,0.5189040899276733,-0.26897844672203064,0.02183796837925911
0.2174803614616394,-0.7674809098243713,0.8063583374023438,0.01860540732741356,0.03286588937044144,-0.49228835105895996,0.869612455368042,-0.15684771537780762,0.15828821063041687,-0.5206668376922607,-0.5130569338798523,0.16361968219280243,0.03709028661251068,0.2135622650384903,0.09734813123941422,-0.18006202578544617,0.21801137924194336,-0.2843354344367981,-0.24891601502895355,0.0341491661965847,-0.15266269445419312,-0.07114367187023163,-0.14669892191886902,-0.04298873990774155,-0.010070129297673702,1.1891392469406128,-0.2451290488243103,0.18021415174007416,-0.6188532114028931,0.044213708490133286,0.1413513720035553,0.6077744960784912,-0.3199470341205597,0.0065328218042850494
0.2267996370792389,-0.7914190888404846,0.8062803745269775,0.012371757067739964,0.02249860018491745,-0.48168593645095825,0.8759676814079285,-0.1015070453286171,0.1806907057762146,-0.5546053647994995,-0.45831170678138733,0.19420388340950012,0.04694044217467308,0.20282068848609924,0.07360582798719406,-0.16732683777809143,0.2696099281311035,-0.2901065945625305,-0.2549462616443634,0.02469349093735218,-0.1564168632030487,-0.0967511460185051,-0.32314300537109375,-0.02488716132938862,0.062046200037002563,1.510774850845337,-0.01838080585002899,0.1671077013015747,-0.6167826652526855,0.07341579347848892,0.13779997825622559,0.7986378073692322,-0.3877527713775635,-0.04088632017374039
0.23935014009475708,-0.8180996179580688,0.8078953623771667,0.012434174306690693,0.023211568593978882,-0.4720401465892792,0.8811836838722229,-0.06461817771196365,0.1791372001171112,-0.5652574896812439,-0.4108475148677826,0.20933537185192108,0.06611885875463486,0.17801633477210999,0.0057930853217840195,-0.17786350846290588,0.30878955125808716,-0.2760967016220093,-0.26302266120910645,0.02505536377429962,-0.15923771262168884,-0.10922496020793915,-0.4653628170490265,-0.03552418574690819,0.08340013027191162,1.6418101787567139,-0.022994430735707283,0.18786530196666718,-0.5755321383476257,0.0871632918715477,0.12383055686950684,0.8059950470924377,-0.4359916150569916,-0.07640700042247772
0.25347763299942017,-0.8432961702346802,0.8115215301513672,0.012191456742584705,0.02342965640127659,-0.4614311754703522,0.8867827653884888,-0.02176247350871563,0.17836391925811768,-0.5739933848381042,-0.3757953643798828,0.2232811450958252,0.08227328956127167,0.16618219017982483,-0.05753795802593231,-0.1899154931306839,0.32875242829322815,-0.27259397506713867,-0.2635064423084259,0.03072289563715458,-0.16036391258239746,-0.10922104120254517,-0.5851934552192688,-0.07474624365568161,0.07198749482631683,1.6881240606307983,-0.11198828369379044,0.19062457978725433,-0.4963786005973816,0.08227580040693283,0.09828171133995056,0.7470894455909729,-0.46261921525001526,-0.09339682757854462
0.2677881121635437,-0.8682951927185059,0.8161364793777466,0.012259474024176598,0.02455410733819008,-0.44653281569480896,0.8943462371826172,0.017238762229681015,0.1822928786277771,-0.5778997540473938,-0.3562730848789215,0.21622887253761292,0.09755991399288177,0.1631285548210144,-0.11132223159074783,-0.20374225080013275,0.3291524052619934,-0.2871476113796234,-0.258144348859787,0.026718180626630783,-0.16013364493846893,-0.10268773883581161,-0.6900479793548584,-0.11674284189939499,0.04919126629829407,1.6775264739990234,-0.18238723278045654,0.1599445790052414,-0.3993624150753021,0.06805505603551865,0.0622643306851387,0.6852013468742371,-0.47645241022109985,-0.09920690953731537
0.2829892635345459,-0.89370197057724,0.8203038573265076,0.012318414635956287,0.025855235755443573,-0.42993924021720886,0.9024034738540649,0.055191025137901306,0.19029049575328827,-0.5575420260429382,-0.35170379281044006,0.21976038813591003,0.10260961949825287,0.15583397448062897,-0.15529629588127136,-0.219528466463089,0.3297145366668701,-0.3124108612537384,-0.25089314579963684,0.02079710178077221,-0.15876024961471558,-0.09296716004610062,-0.7700611352920532,-0.14152340590953827,0.028661828488111496,1.5819090604782104,-0.24390552937984467,0.1335316300392151,-0.28698253631591797,0.055463772267103195,0.021082088351249695,0.5444190502166748,-0.47481828927993774,-0.09954442083835602
0.297934353351593,-0.9189403057098389,0.8228951692581177,0.013447677716612816,0.02944139949977398,-0.4152546226978302,0.90912926197052,0.09312243014574051,0.19876867532730103,-0.523771345615387,-0.3591737151145935,0.225457102060318,0.09776473790407181,0.16405841708183289,-0.20019879937171936,-0.23209886252880096,0.3239883780479431,-0.3398600220680237,-0.23688115179538727,0.011381694115698338,-0.15521880984306335,-0.08020658791065216,-0.8235635161399841,-0.1451559066772461,0.022191736847162247,1.4286116361618042,-0.2889758348464966,0.12698571383953094,-0.17278185486793518,0.05024637281894684,-0.017496507614850998,0.4204673767089844,-0.45985350012779236,-0.10141640901565552
0.31345435976982117,-0.9441967606544495,0.8232096433639526,0.015377101488411427,0.03471805527806282,-0.4046773314476013,0.9136708378791809,0.13219621777534485,0.20371681451797485,-0.47384244203567505,-0.37505418062210083,0.2275296449661255,0.09069135785102844,0.1689363569021225,-0.24974298477172852,-0.24273374676704407,0.3196495771408081,-0.3670605719089508,-0.21708831191062927,0.003947192337363958,-0.14818137884140015,-0.06443974375724792,-0.8465560078620911,-0.135634183883667,0.029324747622013092,1.2053450345993042,-0.3061213493347168,0.12641489505767822,-0.06781148165464401,0.052225664258003235,-0.049601875245571136,0.2804802656173706,-0.4407252371311188,-0.10562805831432343
0.330262154340744,-0.9692900776863098,0.8209797143936157,0.017789850011467934,0.04092036187648773,-0.39829862117767334,0.9161698818206787,0.1662602424621582,0.2033342868089676,-0.4281664192676544,-0.3869355022907257,0.23950128257274628,0.08382444828748703,0.16920652985572815,-0.30254265666007996,-0.2536400556564331,0.3299914598464966,-0.392414391040802,-0.19721855223178864,-0.0033478536643087864,-0.13802030682563782,-0.04589620977640152,-0.8324465155601501,-0.1239093691110611,0.044892024248838425,0.9087733626365662,-0.29388976097106934,0.10793805122375488,0.02454114891588688,0.05794896185398102,-0.07804721593856812,0.17924486100673676,-0.42952442169189453,-0.10203927755355835
0.34854254126548767,-0.9952545166015625,0.816519021987915,0.019935477524995804,0.04621659591794014,-0.3955707848072052,0.9170552492141724,0.19224931299686432,0.19997099041938782,-0.39312630891799927,-0.38476499915122986,0.2446235865354538,0.08295979350805283,0.16659264266490936,-0.35284891724586487,-0.2611532509326935,0.35317012667655945,-0.4230409562587738,-0.181703582406044,-0.004211587365716696,-0.12733329832553864,-0.025390557944774628,-0.7914839386940002,-0.11674857139587402,0.062237098813056946,0.5607720613479614,-0.2786681652069092,0.06453939527273178,0.10410761088132858,0.06412527710199356,-0.10575532168149948,0.1029416099190712,-0.4362483322620392,-0.08845089375972748
0.3692191243171692,-1.0219144821166992,0.8109339475631714,0.02090143784880638,0.048530131578445435,-0.395009845495224,0.9171560406684875,0.21273918449878693,0.20016175508499146,-0.37118616700172424,-0.37040379643440247,0.252214640378952,0.0856320932507515,0.16697263717651367,-0.39214614033699036,-0.25789108872413635,0.3861106336116791,-0.44999274611473083,-0.17271484434604645,-0.005790090654045343,-0.1193002387881279,-0.008023743517696857,-0.7470636367797852,-0.11454253643751144,0.07841335237026215,0.3083679974079132,-0.28131264448165894,0.019732888787984848,0.16795918345451355,0.06712479889392853,-0.12739339470863342,0.08775043487548828,-0.4676629900932312,-0.07250545173883438
0.39258113503456116,-1.0483801364898682,0.8059959411621094,0.021195702254772186,0.04893823340535164,-0.39687028527259827,0.9163240194320679,0.22832025587558746,0.19538599252700806,-0.3633829951286316,-0.3514743745326996,0.26440146565437317,0.09523122757673264,0.17010429501533508,-0.41630831360816956,-0.24959279596805573,0.41456079483032227,-0.47432103753089905,-0.15570931136608124,-0.0042043644934892654,-0.11556797474622726,-0.0038820113986730576,-0.7129489183425903,-0.11060202121734619,0.1168738603591919,0.16670148074626923,-0.29220259189605713,-0.001316479523666203,0.20999933779239655,0.06167955324053764,-0.13133478164672852,0.13648098707199097,-0.5214695334434509,-0.05813540890812874
0.4186669588088989,-1.0752652883529663,0.8033329844474792,0.020225409418344498,0.046807218343019485,-0.3961382210254669,0.9167739748954773,0.23711848258972168,0.18673042953014374,-0.3761546313762665,-0.331218421459198,0.2755347788333893,0.11012546718120575,0.16079123318195343,-0.41897544264793396,-0.23937711119651794,0.4312935769557953,-0.48419618606567383,-0.15822306275367737,-0.00604914641007781,-0.11538827419281006,-0.018197694793343544,-0.6906822323799133,-0.09950141608715057,0.18613874912261963,0.2102539986371994,-0.29277583956718445,0.012359817512333393,0.22549448907375336,0.046044692397117615,-0.11313579976558685,0.23613205552101135,-0.5798850655555725,-0.044264115393161774
0.44753211736679077,-1.103586196899414,0.8034239411354065,0.02353294938802719,0.053658973425626755,-0.40094730257987976,0.9142254590988159,0.22756248712539673,0.16265782713890076,-0.37989190220832825,-0.32448679208755493,0.27592313289642334,0.11965255439281464,0.15693660080432892,-0.42706796526908875,-0.23099210858345032,0.4466528296470642,-0.4897034168243408,-0.16769562661647797,-0.0014018041547387838,-0.11623954772949219,-0.041432932019233704,-0.6754129528999329,-0.08842018991708755,0.23110812902450562,0.269987553358078,-0.25540050864219666,0.04930384084582329,0.21636280417442322,0.026901084929704666,-0.08440810441970825,0.316496342420578,-0.6347209215164185,-0.03842541575431824
0.47814100980758667,-1.1302237510681152,0.8053461909294128,0.02106342650949955,0.049021899700164795,-0.3942124843597412,0.9174692034721375,0.21943436563014984,0.1640995293855667,-0.40456482768058777,-0.3216674327850342,0.2659290134906769,0.12500524520874023,0.14737291634082794,-0.38943785429000854,-0.21267646551132202,0.44019627571105957,-0.47181063890457153,-0.17604218423366547,0.0019281974527984858,-0.11537447571754456,-0.055993273854255676,-0.6576088070869446,-0.09057702124118805,0.2159244418144226,0.35048553347587585,-0.1940273642539978,0.07351306080818176,0.18175442516803741,0.010661057196557522,-0.0626983791589737,0.4811300039291382,-0.664070188999176,-0.061451785266399384
0.5081008672714233,-1.1559441089630127,0.807545006275177,0.01752226985991001,0.042078252881765366,-0.38402259349823,0.9221979379653931,0.19098331034183502,0.1688435673713684,-0.4329541325569153,-0.31894969940185547,0.2519923746585846,0.1309780776500702,0.13624422252178192,-0.3362223505973816,-0.1954183578491211,0.4343743324279785,-0.4249200224876404,-0.18921440839767456,-0.0024835343938320875,-0.111736960709095,-0.05068861320614815,-0.6241530776023865,-0.11528681218624115,0.18376745283603668,0.4265023469924927,-0.1630779504776001,0.09853903949260712,0.09644704312086105,-0.007188607472926378,-0.054975476115942,0.7250869274139404,-0.542998194694519,-0.09063771367073059
0.5379337668418884,-1.1781933307647705,0.8091108798980713,0.01464176271110773,0.035305850207805634,-0.3827965259552002,0.9230417013168335,0.1682703197002411,0.1649952083826065,-0.4280090928077698,-0.344343364238739,0.23618537187576294,0.11967524141073227,0.13906922936439514,-0.29152336716651917,-0.190745010972023,0.45162519812583923,-0.38152995705604553,-0.1867169886827469,0.009286112152040005,-0.10719349980354309,-0.026353225111961365,-0.5874620079994202,-0.16518914699554443,0.1621289998292923,0.45997244119644165,-0.17601263523101807,0.16676808893680573,-0.05127425491809845,-0.0313728004693985,-0.0540536493062973,1.0052818059921265,-0.2467614859342575,-0.08921283483505249
0.5598526000976562,-1.1979713439941406,0.8105590343475342,0.00859341211616993,0.020763488486409187,-0.382316917181015,0.9237579703330994,0.15419335663318634,0.13556377589702606,-0.4553421437740326,-0.3819868862628937,0.24987052381038666,0.09586328268051147,0.14574159681797028,-0.23157288134098053,-0.23450712859630585,0.48935580253601074,-0.36675262451171875,-0.1699335277080536,0.024540254846215248,-0.1055866926908493,0.005223554093390703,-0.5490916967391968,-0.2237418293952942,0.13864807784557343,0.5913819074630737,-0.21104460954666138,0.23712360858917236,-0.21785931289196014,-0.05194022133946419,-0.04766999930143356,1.397744059562683,-0.03178528696298599,-0.08867958188056946
0.583925724029541,-1.2203826904296875,0.8130974769592285,0.006705643609166145,0.016109555959701538,-0.3842310905456543,0.9230720400810242,0.09111388772726059,0.15011470019817352,-0.5036398768424988,-0.3952946960926056,0.2538563311100006,0.07752010971307755,0.14634406566619873,-0.18386182188987732,-0.24729439616203308,0.5048825144767761,-0.3675621747970581,-0.1822870671749115,0.02036825381219387,-0.10967672616243362,0.028681650757789612,-0.475629061460495,-0.2647760510444641,0.11272728443145752,0.5509514808654785,-0.24422171711921692,0.26058530807495117,-0.357769250869751,-0.05680061876773834,-0.03167509287595749,1.5651143789291382,-0.02829248085618019,-0.10749432444572449
0.6069561243057251,-1.2424252033233643,0.8170888423919678,0.004999783355742693,0.012252330780029297,-0.377788245677948,0.9257974624633789,-0.001443100511096418,0.16649508476257324,-0.5750877857208252,-0.381106436252594,0.23892627656459808,0.08231052756309509,0.13684092462062836,-0.11240362375974655,-0.25741633772850037,0.465105265378952,-0.3777697682380676,-0.19633714854717255,0.006664571817964315,-0.11866891384124756,0.03726881742477417,-0.37070000171661377,-0.2837396264076233,0.08479021489620209,0.49056506156921387,-0.2640553414821625,0.2606048285961151,-0.47520214319229126,-0.05039461702108383,-0.014684694819152355,1.6562135219573975,-0.08964737504720688,-0.12789423763751984
0.630438506603241,-1.2642934322357178,0.8217419385910034,0.0031673198100179434,0.008066768757998943,-0.36546191573143005,0.9307859539985657,-0.10463733226060867,0.17721067368984222,-0.6383321285247803,-0.3603520393371582,0.20235316455364227,0.10358677804470062,0.1313714236021042,-0.02383066527545452,-0.2617189884185791,0.38542503118515015,-0.391633540391922,-0.22385726869106293,-0.014639162458479404,-0.12889406085014343,0.03521033376455307,-0.2560192048549652,-0.2909834682941437,0.05159669741988182,0.39272814989089966,-0.27068087458610535,0.26047223806381226,-0.5793102979660034,-0.04473087936639786,-0.007188299670815468,1.6728808879852295,-0.1394498348236084,-0.1552734225988388
0.6538822054862976,-1.2859596014022827,0.826108992099762,0.0020738812163472176,0.005525016691535711,-0.35141441226005554,0.9362013936042786,-0.19767774641513824,0.18134146928787231,-0.6458143591880798,-0.3586421608924866,0.17818927764892578,0.10865476727485657,0.15467233955860138,0.05876115337014198,-0.26030611991882324,0.30813896656036377,-0.39795905351638794,-0.25451427698135376,-0.021208273246884346,-0.1367291510105133,0.030004393309354782,-0.14428964257240295,-0.28681567311286926,0.01600790210068226,0.29279500246047974,-0.2701840102672577,0.25837934017181396,-0.664169430732727,-0.041119664907455444,-0.01024752389639616,1.6224350929260254,-0.202616348862648,-0.1906181126832962
0.6769290566444397,-1.307793140411377,0.829522967338562,0.0020676287822425365,0.0057893008925020695,-0.33633312582969666,0.9417229890823364,-0.2759135365486145,0.18624411523342133,-0.6157723069190979,-0.38789746165275574,0.18536682426929474,0.09024213999509811,0.1934494525194168,0.12374000251293182,-0.2547765374183655,0.2571879029273987,-0.3848184049129486,-0.2690196931362152,-0.01814251020550728,-0.1406298130750656,0.02655315026640892,-0.04975491389632225,-0.26495933532714844,-0.020421534776687622,0.21441176533699036,-0.2680380940437317,0.2478519082069397,-0.7083705067634583,-0.03233327716588974,-0.015989316627383232,1.5065819025039673,-0.2591862678527832,-0.2144220769405365
0.7033127546310425,-1.3299728631973267,0.8311560153961182,0.006991454865783453,0.020633095875382423,-0.32084721326828003,0.9468804001808167,-0.3628038763999939,0.2281455099582672,-0.5725265741348267,-0.448954313993454,0.18234890699386597,0.06680392473936081,0.21140436828136444,0.1476171612739563,-0.2081425040960312,0.22747410833835602,-0.35055088996887207,-0.2727813720703125,-0.009304176084697247,-0.14097373187541962,0.024925554171204567,0.02379225380718708,-0.2312856912612915,-0.05612582340836525,0.11393006891012192,-0.2723255455493927,0.23324887454509735,-0.7083591222763062,-0.016940820962190628,-0.013987104408442974,1.1512821912765503,-0.2861349582672119,-0.2176380157470703
0.7261239290237427,-1.3522214889526367,0.8301045298576355,0.007764098700135946,0.024102507159113884,-0.3065144121646881,0.9515291452407837,-0.4026646018028259,0.23426707088947296,-0.523614227771759,-0.5470990538597107,0.1575210988521576,0.04276196286082268,0.21119007468223572,0.18625344336032867,-0.19536876678466797,0.2127234786748886,-0.3054784834384918,-0.2833592891693115,0.007391323801130056,-0.13900652527809143,0.02181990072131157,0.08136474341154099,-0.20157238841056824,-0.08583222329616547,0.09733040630817413,-0.2953934669494629,0.22777147591114044,-0.6963434219360352,-0.002395791467279196,0.0013988190330564976,0.9130113124847412,-0.30338168144226074,-0.20639124512672424
0.7499433755874634,-1.3748209476470947,0.8262007236480713,0.008462545461952686,0.02760901115834713,-0.29293420910835266,0.9556964635848999,-0.4175528883934021,0.23739181458950043,-0.48118409514427185,-0.6725850701332092,0.1167604848742485,0.025825977325439453,0.2161664068698883,0.21610510349273682,-0.18090049922466278,0.21743391454219818,-0.26010531187057495,-0.3024349808692932,0.02982516400516033,-0.13609646260738373,0.01515728235244751,0.13409903645515442,-0.18088501691818237,-0.11148937046527863,0.09467032551765442,-0.3319106698036194,0.22882598638534546,-0.6707568168640137,0.00484023243188858,0.025867557153105736,0.6157585382461548,-0.3250342607498169,-0.17682859301567078
0.7758738994598389,-1.397794485092163,0.8203471302986145,0.008698460645973682,0.02989593893289566,-0.2792373299598694,0.9597172141075134,-0.41920584440231323,0.24306721985340118,-0.4737693667411804,-0.7896129488945007,0.08149737119674683,0.01231464371085167,0.22172468900680542,0.24505451321601868,-0.16815871000289917,0.2243497371673584,-0.23365075886249542,-0.2977370619773865,0.05334736406803131,-0.1332523226737976,0.005927416495978832,0.19058378040790558,-0.16291597485542297,-0.13171935081481934,0.09000542014837265,-0.37327882647514343,0.22733044624328613,-0.6272332668304443,0.005808922462165356,0.04734880104660988,0.29898226261138916,-0.3471759855747223,-0.132706418633461
0.803642213344574,-1.42218017578125,0.8140397071838379,0.008697726763784885,0.03140642121434212,-0.2667533755302429,0.9632136821746826,-0.40547314286231995,0.24839407205581665,-0.47613629698753357,-0.8905168175697327,0.04843028262257576,0.00448260921984911,0.2228405922651291,0.27298569679260254,-0.1586000621318817,0.21841366589069366,-0.23495565354824066,-0.278309166431427,0.05924977362155914,-0.13086479902267456,-0.0030599820893257856,0.2440909892320633,-0.1429171860218048,-0.13473373651504517,0.09150336682796478,-0.42416512966156006,0.2162957638502121,-0.5967113375663757,0.005793034099042416,0.055227167904376984,0.07916494458913803,-0.3658694624900818,-0.07244061678647995
0.8313372135162354,-1.4482417106628418,0.8087770938873291,0.008820295333862305,0.03330961614847183,-0.2558231055736542,0.9661093354225159,-0.3795124888420105,0.2532085180282593,-0.47634977102279663,-0.9643985033035278,0.023872802034020424,-0.0013834101846441627,0.21553948521614075,0.28955286741256714,-0.1472107321023941,0.19809457659721375,-0.2498793751001358,-0.27783921360969543,0.04986358806490898,-0.12894457578659058,-0.008658296428620815,0.281734436750412,-0.12106285989284515,-0.12879033386707306,0.14267376065254211,-0.48909029364585876,0.19894710183143616,-0.5940767526626587,0.008747341111302376,0.050140295177698135,0.06520181149244308,-0.38164544105529785,-0.02965836599469185
0.8609442710876465,-1.4753508567810059,0.8056467771530151,0.008436712436378002,0.03288939595222473,-0.248329758644104,0.9680802822113037,-0.3322032392024994,0.25122904777526855,-0.4747594892978668,-1.0014095306396484,0.01937599666416645,-0.00637344503775239,0.2180698961019516,0.28589004278182983,-0.14113084971904755,0.19160760939121246,-0.2549586594104767,-0.2867763638496399,0.04648399353027344,-0.12750351428985596,-0.01056728046387434,0.29515284299850464,-0.1027851328253746,-0.13552027940750122,0.23273293673992157,-0.5667209625244141,0.18841713666915894,-0.6077401638031006,0.015094012022018433,0.043564461171627045,0.19098219275474548,-0.35689806938171387,-0.0427713543176651
0.8908476233482361,-1.5032633543014526,0.8049668073654175,0.008050491102039814,0.03274644538760185,-0.23859882354736328,0.9705325365066528,-0.28963908553123474,0.24489791691303253,-0.4868307113647461,-0.9880395531654358,0.02521333284676075,-0.0010243616998195648,0.2193467617034912,0.2763429582118988,-0.1371658593416214,0.19171394407749176,-0.2652530372142792,-0.2779284715652466,0.05059310793876648,-0.12650033831596375,-0.013726402074098587,0.27531537413597107,-0.09712459146976471,-0.15356777608394623,0.3930068612098694,-0.6456208229064941,0.19280268251895905,-0.6186795234680176,0.022916557267308235,0.04517815262079239,0.3039337694644928,-0.2828582227230072,-0.047464851289987564
0.921735942363739,-1.529654860496521,0.8061139583587646,0.006535738240927458,0.02789664827287197,-0.22801369428634644,0.9732362627983093,-0.24305550754070282,0.23255087435245514,-0.5078376531600952,-0.9083661437034607,0.015147573314607143,0.010728956200182438,0.20623140037059784,0.24763965606689453,-0.14112631976604462,0.21678374707698822,-0.25782501697540283,-0.287166953086853,0.051470667123794556,-0.12567083537578583,-0.02495354413986206,0.20921611785888672,-0.1038270816206932,-0.14617782831192017,0.6186115145683289,-0.6589213609695435,0.2027062624692917,-0.6077408194541931,0.03162483498454094,0.053464338183403015,0.4068141579627991,-0.23312920331954956,-0.007127879187464714
0.9521400332450867,-1.5534723997116089,0.8079463839530945,0.005391014739871025,0.02389453910291195,-0.22001901268959045,0.9751880168914795,-0.2003324180841446,0.21632009744644165,-0.5271929502487183,-0.7777551412582397,0.01396859809756279,0.03203963860869408,0.1892450451850891,0.2015417218208313,-0.15471036732196808,0.25734421610832214,-0.25507616996765137,-0.2732720673084259,0.058754950761795044,-0.1248156875371933,-0.0469706766307354,0.0790054127573967,-0.1032114028930664,-0.08032168447971344,0.8915313482284546,-0.47099223732948303,0.17502668499946594,-0.5771093368530273,0.04463700205087662,0.05918531119823456,0.45627713203430176,-0.23531831800937653,0.026216372847557068
0.979415774345398,-1.574967384338379,0.8099210858345032,0.004895669873803854,0.023529328405857086,-0.2036452293395996,0.9787497520446777,-0.17793002724647522,0.20895390212535858,-0.5838304758071899,-0.6386682391166687,0.05213380232453346,0.05395961552858353,0.18234623968601227,0.1524743288755417,-0.17362238466739655,0.29731330275535583,-0.274595707654953,-0.270089328289032,0.0438796766102314,-0.12420408427715302,-0.07504923641681671,-0.10803615301847458,-0.07846685498952866,0.016989804804325104,1.1707669496536255,-0.1794685274362564,0.13144183158874512,-0.5563856363296509,0.06409148871898651,0.05444520711898804,0.5145754814147949,-0.2756689190864563,0.01237755548208952
1.0020240545272827,-1.5892362594604492,0.812713086605072,0.003228225978091359,0.016964998096227646,-0.18690529465675354,0.9822261333465576,-0.14197702705860138,0.22861218452453613,-0.6503847241401672,-0.5043384432792664,0.10260392725467682,0.05552467703819275,0.17343556880950928,0.09984135627746582,-0.176656574010849,0.3733369708061218,-0.2903277277946472,-0.280129075050354,0.03319690376520157,-0.12452404201030731,-0.09863223135471344,-0.3003121018409729,-0.045366138219833374,0.09393753111362457,1.5435220003128052,-0.06274721771478653,0.14973704516887665,-0.5372430086135864,0.08300189673900604,0.03900133818387985,0.658111035823822,-0.32637906074523926,-0.02904912456870079
1.0282258987426758,-1.6052976846694946,0.8170006275177002,0.003746165195479989,0.021256374195218086,-0.17352205514907837,0.9845934510231018,-0.10148616880178452,0.22896800935268402,-0.6554498672485352,-0.4284621775150299,0.13328111171722412,0.08967778086662292,0.16483545303344727,0.0029781325720250607,-0.20350803434848785,0.4373660385608673,-0.27980971336364746,-0.27765780687332153,0.03812791407108307,-0.12657135725021362,-0.10977421700954437,-0.4478483200073242,-0.03256049007177353,0.12733952701091766,1.6632318496704102,-0.08582539111375809,0.19472768902778625,-0.4713411331176758,0.09171220660209656,0.018078671768307686,0.5941785573959351,-0.348593145608902,-0.058575231581926346
1.0579594373703003,-1.6243984699249268,0.8219411969184875,0.005807541310787201,0.0349966362118721,-0.16360387206077576,0.9858880639076233,-0.06525090336799622,0.20378811657428741,-0.6143698692321777,-0.38343697786331177,0.16773264110088348,0.11860089749097824,0.16797040402889252,-0.11199340969324112,-0.2572055757045746,0.45903512835502625,-0.2718154788017273,-0.26796284317970276,0.048010680824518204,-0.13100828230381012,-0.11041327565908432,-0.5656608939170837,-0.04116601496934891,0.1360917091369629,1.5688989162445068,-0.11745228618383408,0.20829617977142334,-0.36998042464256287,0.09082117676734924,-0.005663956515491009,0.43238744139671326,-0.34729474782943726,-0.06747666001319885
1.082326054573059,-1.6335428953170776,0.8258585929870605,0.003952857106924057,0.025379901751875877,-0.15384143590927124,0.9877616167068481,0.02245783805847168,0.24162639677524567,-0.5804027318954468,-0.3780542016029358,0.20274969935417175,0.1335454285144806,0.17250502109527588,-0.1732420027256012,-0.2531190514564514,0.45039862394332886,-0.27964672446250916,-0.2678197920322418,0.045967455953359604,-0.13809427618980408,-0.10744477063417435,-0.6826608180999756,-0.0549292266368866,0.14170223474502563,1.6810981035232544,-0.1718693971633911,0.19827890396118164,-0.27282771468162537,0.08766932785511017,-0.03230021893978119,0.39092716574668884,-0.3419094979763031,-0.06043488159775734
1.1099395751953125,-1.6465774774551392,0.8279295563697815,0.004178428556770086,0.028286993503570557,-0.14607012271881104,0.9888609051704407,0.08442843705415726,0.2542716860771179,-0.5386646389961243,-0.3873921036720276,0.2202690839767456,0.12732402980327606,0.16790422797203064,-0.250083863735199,-0.27823585271835327,0.42239823937416077,-0.30315783619880676,-0.26347342133522034,0.03812738507986069,-0.1474657654762268,-0.103636734187603,-0.7742316722869873,-0.06732552498579025,0.1382254809141159,1.593445897102356,-0.2370413839817047,0.165004700422287,-0.1828160434961319,0.08571454882621765,-0.05811670422554016,0.2928565740585327,-0.33574503660202026,-0.045800596475601196
1.1380058526992798,-1.6597545146942139,0.8282448053359985,0.00456520589068532,0.031914763152599335,-0.14152874052524567,0.9894090294837952,0.14511370658874512,0.26183804869651794,-0.48446524143218994,-0.40459755063056946,0.2221945822238922,0.11283416301012039,0.16802987456321716,-0.3196502923965454,-0.29918408393859863,0.3985663056373596,-0.34098076820373535,-0.25714609026908875,0.02775266207754612,-0.15826520323753357,-0.09719891846179962,-0.823919415473938,-0.07522891461849213,0.1332334578037262,1.4411778450012207,-0.28873467445373535,0.12619414925575256,-0.09751434624195099,0.08536998927593231,-0.07752428203821182,0.21866102516651154,-0.3323654532432556,-0.04137563332915306
1.1669514179229736,-1.6731007099151611,0.8269084692001343,0.00501562375575304,0.035881876945495605,-0.13834474980831146,0.9897211790084839,0.20233900845050812,0.2631519138813019,-0.43056538701057434,-0.4226324260234833,0.22867542505264282,0.10003125667572021,0.17402639985084534,-0.37555643916130066,-0.31205642223358154,0.3517560362815857,-0.40238627791404724,-0.24188904464244843,0.01874086819589138,-0.16941982507705688,-0.08698408305644989,-0.8338947892189026,-0.07680707424879074,0.14059776067733765,1.2203359603881836,-0.3157387673854828,0.10514307022094727,-0.01667337864637375,0.08696943521499634,-0.08932046592235565,0.14294135570526123,-0.33736738562583923,-0.054326869547367096
1.1972899436950684,-1.685818076133728,0.82391357421875,0.0054057142697274685,0.03958669304847717,-0.13519015908241272,0.9900137782096863,0.24819999933242798,0.2562139928340912,-0.3881697356700897,-0.4269530475139618,0.23849424719810486,0.09109793603420258,0.17338459193706512,-0.419290691614151,-0.31596365571022034,0.2993669807910919,-0.46647772192955017,-0.2162848562002182,0.012639593333005905,-0.17965543270111084,-0.07579350471496582,-0.8020049929618835,-0.0774288922548294,0.1617007553577423,0.9094945788383484,-0.32410749793052673,0.09340260922908783,0.060997121036052704,0.0883578360080719,-0.09520900249481201,0.08828616887331009,-0.3529124855995178,-0.07072485983371735
1.2296607494354248,-1.6979893445968628,0.8195706605911255,0.005594337359070778,0.04167349264025688,-0.1329309642314911,0.9902330040931702,0.28140637278556824,0.2485097348690033,-0.36130964756011963,-0.4153587222099304,0.24487504363059998,0.09099112451076508,0.1740836352109909,-0.4483857750892639,-0.3083658516407013,0.25544270873069763,-0.5281051397323608,-0.1924682855606079,0.0041212099604308605,-0.18745169043540955,-0.06754080951213837,-0.7290443181991577,-0.08271968364715576,0.20232273638248444,0.5707123279571533,-0.33465513586997986,0.08400256931781769,0.13096562027931213,0.08592347800731659,-0.09757229685783386,0.05548550933599472,-0.3749602735042572,-0.0773230493068695
1.2655423879623413,-1.7103641033172607,0.8147717714309692,0.00653866957873106,0.046811722218990326,-0.13818256556987762,0.989278256893158,0.2994963824748993,0.21363139152526855,-0.331849068403244,-0.39353883266448975,0.2458144873380661,0.09393540769815445,0.17492131888866425,-0.47567218542099,-0.3095221519470215,0.2507224977016449,-0.5936522483825684,-0.16948889195919037,0.0006236372282728553,-0.1913599967956543,-0.06288723647594452,-0.6495380401611328,-0.09376305341720581,0.2424861490726471,0.1947808712720871,-0.3420336842536926,0.08301485329866409,0.19045206904411316,0.07801321893930435,-0.10017271339893341,0.03507785126566887,-0.4089842438697815,-0.07017866522073746
1.3006274700164795,-1.7180604934692383,0.8108821511268616,0.005743233487010002,0.042883068323135376,-0.1326182782649994,0.9902224540710449,0.3219234347343445,0.2152329385280609,-0.3173617720603943,-0.3709622323513031,0.2601219415664673,0.10057134181261063,0.1754317730665207,-0.46562179923057556,-0.2886425256729126,0.24165695905685425,-0.6437695622444153,-0.15285149216651917,-0.002877735998481512,-0.1904461681842804,-0.06180084869265556,-0.6140722036361694,-0.10352812707424164,0.27524739503860474,0.09985236823558807,-0.3341332972049713,0.09562855958938599,0.227935791015625,0.06488393247127533,-0.10353147238492966,0.10162089765071869,-0.4627264738082886,-0.048779211938381195
1.339530348777771,-1.7264504432678223,0.8091103434562683,0.0072087133303284645,0.05211523547768593,-0.13682821393013,0.9891966581344604,0.3154774308204651,0.17348437011241913,-0.3002263009548187,-0.3515990078449249,0.28435051441192627,0.1083965077996254,0.17549404501914978,-0.4688451886177063,-0.2926270067691803,0.27420076727867126,-0.6837905049324036,-0.1402677446603775,-0.0043274774216115475,-0.18433114886283875,-0.06418678164482117,-0.6170802116394043,-0.10481669753789902,0.31799784302711487,0.15224282443523407,-0.2923772931098938,0.1301821917295456,0.23210634291172028,0.04999315366148949,-0.10381889343261719,0.18713796138763428,-0.529869019985199,-0.022164136171340942
1.3784905672073364,-1.7332922220230103,0.8098158836364746,0.006742280442267656,0.051739707589149475,-0.12904299795627594,0.9902653694152832,0.3033100962638855,0.16775982081890106,-0.32970428466796875,-0.3358973264694214,0.2985818386077881,0.11664000153541565,0.17081327736377716,-0.430836945772171,-0.28429117798805237,0.2901214063167572,-0.6866458058357239,-0.13770067691802979,-0.0038726686034351587,-0.17295265197753906,-0.0653255432844162,-0.6250626444816589,-0.1061568334698677,0.3243570327758789,0.2728023827075958,-0.22301322221755981,0.16674478352069855,0.2161741852760315,0.0386403352022171,-0.10019078105688095,0.33072078227996826,-0.6082398891448975,-0.016741087660193443
1.4179539680480957,-1.7398531436920166,0.8124974966049194,0.005164727568626404,0.04600207880139351,-0.11145104467868805,0.9926912188529968,0.26450204849243164,0.17775069177150726,-0.39921775460243225,-0.32026854157447815,0.28409796953201294,0.11903539299964905,0.15944704413414001,-0.36545610427856445,-0.27005311846733093,0.29465335607528687,-0.6408424973487854,-0.14995913207530975,-0.006642789114266634,-0.1567792296409607,-0.05971255153417587,-0.6039431691169739,-0.12297351658344269,0.2806324064731598,0.3613654673099518,-0.1840604543685913,0.1816256046295166,0.1699085682630539,0.02952290140092373,-0.0939173772931099,0.5256381034851074,-0.6209193468093872,-0.02865583449602127
1.4569753408432007,-1.7440706491470337,0.8163059949874878,0.0037447295617312193,0.037768974900245667,-0.09859344363212585,0.9944037199020386,0.22472091019153595,0.18103747069835663,-0.42417630553245544,-0.3346365690231323,0.2156664878129959,0.11605214327573776,0.15390314161777496,-0.30905166268348694,-0.25501078367233276,0.33825990557670593,-0.5461156368255615,-0.18911966681480408,-0.0017774353036656976,-0.13774123787879944,-0.04743575677275658,-0.5404626131057739,-0.1594237983226776,0.23530170321464539,0.3800865411758423,-0.18253646790981293,0.2082310914993286,0.06436450034379959,0.017326274886727333,-0.08273264020681381,0.8016960024833679,-0.408932089805603,-0.018543099984526634
1.4935013055801392,-1.745665192604065,0.8204852342605591,0.002790725091472268,0.029959427192807198,-0.09270662814378738,0.995238721370697,0.18960005044937134,0.17440466582775116,-0.4002605676651001,-0.3811284303665161,0.20083968341350555,0.09256947040557861,0.16123218834400177,-0.27493077516555786,-0.24978654086589813,0.4133606255054474,-0.43259361386299133,-0.20587511360645294,0.01695345528423786,-0.11974076181650162,-0.03222207352519035,-0.4499390125274658,-0.20434944331645966,0.1978743076324463,0.34536412358283997,-0.18801452219486237,0.2464619278907776,-0.07502876222133636,0.004848143085837364,-0.06578859686851501,1.0746002197265625,-0.10720067471265793,-0.019930921494960785
1.5284658670425415,-1.7503433227539062,0.8245382308959961,0.002101785270497203,0.024853995069861412,-0.08423831313848495,0.9961333870887756,0.13275763392448425,0.18605484068393707,-0.4029828608036041,-0.42771831154823303,0.22967009246349335,0.06887981295585632,0.16961833834648132,-0.23863765597343445,-0.23661451041698456,0.4599153697490692,-0.3366769850254059,-0.19276951253414154,0.02294537052512169,-0.10711793601512909,-0.017837591469287872,-0.3487190306186676,-0.24176760017871857,0.16135093569755554,0.27735966444015503,-0.19564567506313324,0.26100000739097595,-0.20390629768371582,-0.0017339837504550815,-0.04953351616859436,1.2741236686706543,-0.023119693621993065,-0.07485116273164749
1.5617338418960571,-1.7554112672805786,0.8281421661376953,0.0015053931856527925,0.021667856723070145,-0.06929244101047516,0.9973599314689636,0.05130217596888542,0.20432642102241516,-0.439719021320343,-0.4565994143486023,0.2229711413383484,0.052949417382478714,0.17024317383766174,-0.17961786687374115,-0.22484484314918518,0.4562869071960449,-0.28995367884635925,-0.19858309626579285,0.034128833562135696,-0.10163485258817673,-0.006495355628430843,-0.24935971200466156,-0.2662852108478546,0.1191987544298172,0.22159509360790253,-0.20560452342033386,0.26100000739097595,-0.3216303288936615,-0.004683482460677624,-0.04171556606888771,1.4147340059280396,-0.0965886190533638,-0.138128861784935
1.5942432880401611,-1.7602256536483765,0.8309968113899231,0.0010166526772081852,0.019927669316530228,-0.05094073340296745,0.9985023140907288,-0.03924078121781349,0.21850043535232544,-0.47558555006980896,-0.47632381319999695,0.17747469246387482,0.049233872443437576,0.17088186740875244,-0.10712790489196777,-0.2143109142780304,0.41801130771636963,-0.27134349942207336,-0.2255212515592575,0.03937043249607086,-0.10116903483867645,0.0016411186661571264,-0.15728776156902313,-0.2808745503425598,0.06900211423635483,0.15917085111141205,-0.21486541628837585,0.26100000739097595,-0.4355534613132477,-0.00929761491715908,-0.041701577603816986,1.4778807163238525,-0.17285342514514923,-0.19494746625423431
1.6260818243026733,-1.7650105953216553,0.8328253626823425,0.0006236709305085242,0.019554968923330307,-0.03187091276049614,0.999300479888916,-0.12435398995876312,0.22781918942928314,-0.49519026279449463,-0.5055617690086365,0.1385917216539383,0.04735974967479706,0.1779978722333908,-0.03223641216754913,-0.2051195502281189,0.34867656230926514,-0.27372559905052185,-0.2329438030719757,0.03991124778985977,-0.10194269567728043,0.0072737024165689945,-0.07843180000782013,-0.2864723205566406,0.020986422896385193,0.11714792251586914,-0.224169060587883,0.26100000739097595,-0.5385823845863342,-0.013918019831180573,-0.04015984758734703,1.4665440320968628,-0.2499406784772873,-0.24385477602481842
1.6573930978775024,-1.7696468830108643,0.8334386944770813,0.000262891233433038,0.021170632913708687,-0.012413990683853626,0.9996987581253052,-0.1975233554840088,0.23410572111606598,-0.5023826360702515,-0.5514994263648987,0.1273156851530075,0.040401507169008255,0.19330939650535583,0.035904839634895325,-0.19703683257102966,0.2911474406719208,-0.2831757068634033,-0.24912087619304657,0.03607300668954849,-0.1017739474773407,0.010704140178859234,-0.01413623709231615,-0.28250715136528015,-0.022750332951545715,0.100297711789608,-0.23737473785877228,0.26100000739097595,-0.6225293278694153,-0.012569709680974483,-0.026442067697644234,1.3818960189819336,-0.3186812996864319,-0.26095107197761536
1.689160943031311,-1.774746298789978,0.8326865434646606,-0.00016103440430015326,0.02363777719438076,0.0068105245009064674,0.9996973872184753,-0.26058894395828247,0.23947694897651672,-0.5017424821853638,-0.6023101210594177,0.11506244540214539,0.036011260002851486,0.20400036871433258,0.09428159147500992,-0.18509267270565033,0.25140655040740967,-0.28696054220199585,-0.2640126049518585,0.031775180250406265,-0.10082077980041504,0.011707472614943981,0.04330678656697273,-0.2697891891002655,-0.0635392963886261,0.08516092598438263,-0.2548193335533142,0.26100000739097595,-0.6764440536499023,-0.003489517839625478,0.005678882356733084,1.2224602699279785,-0.36490434408187866,-0.26100000739097595
1.7217926979064941,-1.7797136306762695,0.8303874731063843,-0.0006478224531747401,0.026327548548579216,0.024590279906988144,0.9993506669998169,-0.309773325920105,0.24348902702331543,-0.4987279772758484,-0.6565635800361633,0.10155179351568222,0.03339877724647522,0.21128009259700775,0.13957460224628448,-0.171611487865448,0.22736795246601105,-0.2800355553627014,-0.2670533061027527,0.030716050416231155,-0.10000312328338623,0.01038704626262188,0.09901664406061172,-0.25064897537231445,-0.0960962176322937,0.07459132373332977,-0.28071916103363037,0.26100000739097595,-0.6916783452033997,0.006578267551958561,0.055298835039138794,0.9885172843933105,-0.3878301680088043,-0.25519299507141113
1.7554631233215332,-1.7837530374526978,0.826453447341919,-0.0012016902910545468,0.028322117403149605,0.04237421602010727,0.9986995458602905,-0.3466220498085022,0.24556221067905426,-0.4969605505466461,-0.710512101650238,0.07989172637462616,0.028103318065404892,0.20949788391590118,0.17433448135852814,-0.1595979630947113,0.20968842506408691,-0.2669653296470642,-0.268015593290329,0.03717182204127312,-0.09985513985157013,0.007582496851682663,0.15582768619060516,-0.22851400077342987,-0.12097319960594177,0.07312875986099243,-0.31712156534194946,0.26100000739097595,-0.6676136255264282,0.006784175056964159,0.11234159767627716,0.6910238862037659,-0.3971571922302246,-0.23066076636314392
1.7909836769104004,-1.7856438159942627,0.8212060928344727,-0.0017763363430276513,0.02873094193637371,0.06168319284915924,0.9976806044578552,-0.36820507049560547,0.24266624450683594,-0.5036109089851379,-0.7629799842834473,0.06854221969842911,0.023067591711878777,0.2115241438150406,0.2037173956632614,-0.15395475924015045,0.19461947679519653,-0.2559368908405304,-0.28027063608169556,0.04225052520632744,-0.1007533073425293,0.0037265585269778967,0.21514484286308289,-0.20502564311027527,-0.1414281725883484,0.07223935425281525,-0.36146309971809387,0.26087039709091187,-0.6196065545082092,-0.006447091698646545,0.15860241651535034,0.3691410422325134,-0.40102726221084595,-0.1857185959815979
1.8289794921875,-1.7872936725616455,0.815563440322876,-0.002298366278409958,0.027822887524962425,0.0822945237159729,0.9962169528007507,-0.37229451537132263,0.23752248287200928,-0.5154987573623657,-0.80760657787323,0.052041467279195786,0.01884908601641655,0.2123463749885559,0.2273770570755005,-0.15087451040744781,0.18372802436351776,-0.24956372380256653,-0.2865878641605377,0.04580773785710335,-0.10315971821546555,-0.0018761759856715798,0.2670031785964966,-0.17845186591148376,-0.15471957623958588,0.09248761832714081,-0.41994577646255493,0.2539840340614319,-0.5786157846450806,-0.023907551541924477,0.17681491374969482,0.14342987537384033,-0.40628582239151,-0.1267792135477066
1.868573784828186,-1.7905596494674683,0.8107855319976807,-0.0028248897287994623,0.027088051661849022,0.10368449240922928,0.9942373037338257,-0.36416465044021606,0.23706693947315216,-0.5338417291641235,-0.8410651683807373,0.04445650428533554,0.01643107272684574,0.2040550410747528,0.24378235638141632,-0.14676755666732788,0.18443238735198975,-0.251602441072464,-0.2916489243507385,0.04677124321460724,-0.1071450263261795,-0.009865274652838707,0.2946944236755371,-0.15034952759742737,-0.16069050133228302,0.17095723748207092,-0.4988282024860382,0.23598171770572662,-0.5702434182167053,-0.032719410955905914,0.16582822799682617,0.11883242428302765,-0.40339115262031555,-0.0691521093249321
1.909225583076477,-1.794726848602295,0.8079122304916382,-0.0034099994227290154,0.028282595798373222,0.11965334415435791,0.992406964302063,-0.34249913692474365,0.24167387187480927,-0.5430638790130615,-0.8644394874572754,0.03221224620938301,0.022498775273561478,0.19631758332252502,0.24669426679611206,-0.14640985429286957,0.2031223177909851,-0.2596781551837921,-0.29677432775497437,0.049421247094869614,-0.11204881221055984,-0.019772153347730637,0.29771125316619873,-0.13186371326446533,-0.17046937346458435,0.30073148012161255,-0.5877457857131958,0.22756054997444153,-0.5908000469207764,-0.02881106361746788,0.1437716782093048,0.2544820010662079,-0.3540607690811157,-0.027521410956978798
1.9512277841567993,-1.7969434261322021,0.8072991967201233,-0.0029580399859696627,0.02230719104409218,0.1314207762479782,0.9910712242126465,-0.2955015301704407,0.24359636008739471,-0.5522233247756958,-0.849499523639679,0.04588699713349342,0.017542604357004166,0.19116456806659698,0.23142960667610168,-0.15434136986732483,0.2387840300798416,-0.2547592222690582,-0.29917293787002563,0.05563428997993469,-0.1169418916106224,-0.0307375006377697,0.277133971452713,-0.13207051157951355,-0.18232461810112,0.4611388146877289,-0.6582403182983398,0.24176020920276642,-0.6065503358840942,-0.01731935888528824,0.12885582447052002,0.41005340218544006,-0.28074780106544495,0.01042490266263485
1.9917930364608765,-1.7972575426101685,0.8084473609924316,-0.0021687031257897615,0.015588706359267235,0.13777603209018707,0.9903383255004883,-0.23459690809249878,0.2298639565706253,-0.5470439195632935,-0.7672162055969238,0.07328920811414719,0.012689647264778614,0.1876031905412674,0.18950754404067993,-0.1678999364376068,0.282991498708725,-0.24442869424819946,-0.29122862219810486,0.07172384858131409,-0.1213085800409317,-0.042857296764850616,0.20540139079093933,-0.13835979998111725,-0.1549401432275772,0.6905975341796875,-0.627896785736084,0.24743524193763733,-0.588188886642456,-0.0027739431243389845,0.1225581243634224,0.5101239681243896,-0.25756001472473145,0.03522191569209099
2.0299322605133057,-1.796585202217102,0.8103057146072388,-0.0014428462600335479,0.009401624090969563,0.1516849547624588,0.9883831143379211,-0.187301903963089,0.21321246027946472,-0.5733438730239868,-0.6451429724693298,0.10077459365129471,0.04164600372314453,0.18171323835849762,0.15486909449100494,-0.1830061972141266,0.2944754958152771,-0.2669813334941864,-0.2780868411064148,0.06969224661588669,-0.12511928379535675,-0.05716221034526825,0.06496273726224899,-0.1257636994123459,-0.07465280592441559,0.9759235382080078,-0.38642260432243347,0.20514167845249176,-0.5443792939186096,0.016094088554382324,0.11552652716636658,0.5604366660118103,-0.28899985551834106,0.01454274170100689
2.064605951309204,-1.7969119548797607,0.8122074604034424,-0.0012388015165925026,0.007059937808662653,0.17282426357269287,0.9849265813827515,-0.15819966793060303,0.20382718741893768,-0.6174081563949585,-0.5134757161140442,0.11211317032575607,0.07491543143987656,0.16704027354717255,0.11597078293561935,-0.1997145414352417,0.30811870098114014,-0.3040072023868561,-0.2954142391681671,0.04397235065698624,-0.1283847987651825,-0.07291847467422485,-0.1134229227900505,-0.09167025238275528,0.012991277500987053,1.2248412370681763,-0.10744412988424301,0.1618538200855255,-0.5091325044631958,0.039664093405008316,0.1000186875462532,0.6216064095497131,-0.3419375419616699,-0.036641675978899
2.09134578704834,-1.7929433584213257,0.8145483136177063,0.0008435376803390682,-0.004296611528843641,0.1926468014717102,0.9812583923339844,-0.09718631953001022,0.21746788918972015,-0.6397629380226135,-0.42113542556762695,0.1528610736131668,0.08931774646043777,0.1634359061717987,0.08199041336774826,-0.20176063477993011,0.3450221121311188,-0.3269050419330597,-0.31915736198425293,0.024245411157608032,-0.13096380233764648,-0.08567611128091812,-0.2818088233470917,-0.06160992383956909,0.06916205585002899,1.5611752271652222,-0.051588091999292374,0.18036852777004242,-0.47205132246017456,0.06091944873332977,0.07387815415859222,0.7595004439353943,-0.38304299116134644,-0.0769178494811058
2.121931791305542,-1.7880520820617676,0.8180162906646729,0.0006397143006324768,-0.0029712687246501446,0.2104761004447937,0.977594256401062,-0.0437370203435421,0.21403881907463074,-0.6073576807975769,-0.36580801010131836,0.2106837034225464,0.11928112059831619,0.16793669760227203,0.008736629970371723,-0.22783832252025604,0.3739839196205139,-0.3269807696342468,-0.3203686773777008,0.0267074815928936,-0.13294178247451782,-0.091362364590168,-0.4187380075454712,-0.056041959673166275,0.08716785907745361,1.6442075967788696,-0.10464540868997574,0.20832692086696625,-0.3896898031234741,0.07204289734363556,0.039684176445007324,0.6709733605384827,-0.38945499062538147,-0.09501318633556366
2.151641845703125,-1.7814825773239136,0.8223047852516174,0.00040716651710681617,-0.0017665158957242966,0.22460198402404785,0.9744489192962646,0.022290827706456184,0.2196756899356842,-0.5628172159194946,-0.34703466296195984,0.24831455945968628,0.14074352383613586,0.17906711995601654,-0.07016114145517349,-0.2551766335964203,0.4024505317211151,-0.3179273009300232,-0.3153340220451355,0.03801379352807999,-0.13499292731285095,-0.09102649986743927,-0.534935712814331,-0.07001254707574844,0.08988547325134277,1.648449182510376,-0.14866742491722107,0.20712025463581085,-0.2798234820365906,0.07385402917861938,0.00265282834880054,0.5381496548652649,-0.38150227069854736,-0.09921129047870636
2.180665969848633,-1.7738686800003052,0.8261787295341492,-0.000557895575184375,0.002305598696693778,0.23518626391887665,0.971947431564331,0.08887068927288055,0.23792965710163116,-0.524407148361206,-0.3594541549682617,0.2490878701210022,0.13605305552482605,0.17378737032413483,-0.14910568296909332,-0.28005605936050415,0.418397456407547,-0.31469666957855225,-0.31052035093307495,0.04408900439739227,-0.13806448876857758,-0.08813716471195221,-0.6380002498626709,-0.0869608223438263,0.09776211529970169,1.6173878908157349,-0.21599724888801575,0.19459223747253418,-0.17424699664115906,0.07316093891859055,-0.0309887882322073,0.4427056312561035,-0.37429049611091614,-0.09587376564741135
2.209432363510132,-1.7659759521484375,0.8284892439842224,-0.0018451778450980783,0.007381461560726166,0.24250541627407074,0.9701201915740967,0.15326520800590515,0.2553570568561554,-0.4898623824119568,-0.38109877705574036,0.26349854469299316,0.10919960588216782,0.17300905287265778,-0.2217278927564621,-0.3054179251194,0.42399993538856506,-0.32447579503059387,-0.30240756273269653,0.04277778044342995,-0.14261993765830994,-0.0836791917681694,-0.7149871587753296,-0.09719374775886536,0.1134093776345253,1.4989484548568726,-0.2740248143672943,0.1775846928358078,-0.06757645308971405,0.0746745616197586,-0.055713020265102386,0.29164958000183105,-0.35862401127815247,-0.0908823236823082
2.2379751205444336,-1.75796377658844,0.8286193609237671,-0.0035655589308589697,0.013967487029731274,0.24731795489788055,0.9688271284103394,0.2125525325536728,0.2596795856952667,-0.4399661123752594,-0.40077728033065796,0.2695888876914978,0.09511348605155945,0.17574197053909302,-0.28866493701934814,-0.3308643698692322,0.4199393391609192,-0.35108739137649536,-0.2968539893627167,0.036495696753263474,-0.14832136034965515,-0.07602454721927643,-0.7585246562957764,-0.1020028293132782,0.13417808711528778,1.2919877767562866,-0.2968031167984009,0.16574138402938843,0.029483016580343246,0.07894492894411087,-0.07075926661491394,0.14809083938598633,-0.34516996145248413,-0.09000547975301743
2.266627550125122,-1.7489306926727295,0.8263746500015259,-0.005613971035927534,0.021822985261678696,0.24907545745372772,0.96822190284729,0.26167032122612,0.25649964809417725,-0.3853306770324707,-0.41081932187080383,0.277252733707428,0.08876778185367584,0.1858220100402832,-0.34749117493629456,-0.3484463095664978,0.3969002366065979,-0.4004436731338501,-0.28053632378578186,0.036491572856903076,-0.15451323986053467,-0.06344153732061386,-0.7698094844818115,-0.10781416296958923,0.1493297666311264,1.0351307392120361,-0.29008349776268005,0.1515282243490219,0.10433213412761688,0.08459925651550293,-0.08169621974229813,0.08463159203529358,-0.3501279652118683,-0.09294921904802322
2.2957942485809326,-1.738427996635437,0.8220321536064148,-0.007506502792239189,0.02913208305835724,0.24940809607505798,0.9679310917854309,0.2952975630760193,0.2472117394208908,-0.3480021357536316,-0.4010481834411621,0.29365354776382446,0.08189284056425095,0.19669216871261597,-0.3950706720352173,-0.3574990928173065,0.3661634624004364,-0.45423057675361633,-0.26264822483062744,0.03163949400186539,-0.16084450483322144,-0.045871734619140625,-0.7471129894256592,-0.11892307549715042,0.1660313457250595,0.7041240334510803,-0.2669141888618469,0.12209218740463257,0.16682468354701996,0.09001927077770233,-0.09521885961294174,0.028667356818914413,-0.37176430225372314,-0.09161138534545898
2.3260083198547363,-1.7257277965545654,0.8165572881698608,-0.008821871131658554,0.0341765396296978,0.24977855384349823,0.9676594734191895,0.3114778995513916,0.2356010526418686,-0.3329187035560608,-0.37188929319381714,0.30672359466552734,0.08957503736019135,0.20501182973384857,-0.42499852180480957,-0.36000749468803406,0.3408640921115875,-0.5103405714035034,-0.2463572919368744,0.021187162026762962,-0.16722643375396729,-0.026923473924398422,-0.7027309536933899,-0.1353551596403122,0.19080765545368195,0.37996581196784973,-0.2554554045200348,0.09058649837970734,0.22193661332130432,0.09281261265277863,-0.11153492331504822,0.01877080462872982,-0.41020113229751587,-0.08225494623184204
2.357194662094116,-1.7110590934753418,0.8115557432174683,-0.009210718795657158,0.03612814471125603,0.24687182903289795,0.9683306217193604,0.3224305212497711,0.21950827538967133,-0.3177424967288971,-0.3401884436607361,0.3201248049736023,0.10281463712453842,0.2119215875864029,-0.43963655829429626,-0.3504812717437744,0.32886138558387756,-0.5582922101020813,-0.2214888334274292,0.01105566043406725,-0.17323574423789978,-0.01647345907986164,-0.6612395644187927,-0.14949114620685577,0.20646001398563385,0.1710134893655777,-0.2650560438632965,0.07967700064182281,0.26426541805267334,0.08823011070489883,-0.12102058529853821,0.04793407768011093,-0.4670250415802002,-0.06782779842615128
2.3897652626037598,-1.6940948963165283,0.8086149096488953,-0.008675395511090755,0.03420741856098175,0.24567586183547974,0.968709409236908,0.33541685342788696,0.19799670577049255,-0.30840638279914856,-0.324840784072876,0.3296053409576416,0.11412914097309113,0.21748167276382446,-0.43454480171203613,-0.33960050344467163,0.3243429660797119,-0.5854271650314331,-0.20277047157287598,0.005011123139411211,-0.17771050333976746,-0.024304548278450966,-0.6322945952415466,-0.14878368377685547,0.23654848337173462,0.14433713257312775,-0.28022560477256775,0.08981028944253922,0.282430499792099,0.07281756401062012,-0.11312508583068848,0.14998289942741394,-0.5269229412078857,-0.04821307584643364
2.4250543117523193,-1.6744952201843262,0.808384120464325,-0.01024625450372696,0.040949273854494095,0.24251851439476013,0.9692280292510986,0.32557412981987,0.16456055641174316,-0.3041781187057495,-0.3291662931442261,0.33115434646606445,0.1117420420050621,0.21231676638126373,-0.4267962574958801,-0.3337123692035675,0.32490748167037964,-0.6048389673233032,-0.1865605264902115,0.00501297228038311,-0.17888179421424866,-0.04516587406396866,-0.6138613820075989,-0.13692381978034973,0.28696635365486145,0.21377652883529663,-0.2568137049674988,0.11744072288274765,0.27423304319381714,0.05157417058944702,-0.09197495877742767,0.23397822678089142,-0.585212767124176,-0.02867189794778824
2.458752155303955,-1.6530662775039673,0.8103218078613281,-0.009548981674015522,0.037534199655056,0.24636872112751007,0.9684020280838013,0.31870537996292114,0.15665118396282196,-0.3125346004962921,-0.34230276942253113,0.32377421855926514,0.09858059883117676,0.20164568722248077,-0.3872319459915161,-0.31406596302986145,0.3272850215435028,-0.594267725944519,-0.19206169247627258,0.006565729156136513,-0.1748569905757904,-0.060842789709568024,-0.5971426367759705,-0.135932058095932,0.2911508083343506,0.28211554884910583,-0.19469159841537476,0.16191668808460236,0.24417629837989807,0.03355241194367409,-0.07356315106153488,0.4010990262031555,-0.6488609313964844,-0.030069449916481972
2.491387367248535,-1.630797266960144,0.8132303357124329,-0.008249526843428612,0.030994124710559845,0.25707700848579407,0.965858519077301,0.2810620963573456,0.1572732776403427,-0.35518568754196167,-0.3445228636264801,0.3383907079696655,0.09610115736722946,0.19655464589595795,-0.33022212982177734,-0.28897908329963684,0.3302234709262848,-0.538343071937561,-0.20358724892139435,0.0031691871117800474,-0.16448649764060974,-0.06008578836917877,-0.5610250234603882,-0.15804308652877808,0.23997503519058228,0.35373011231422424,-0.17151810228824615,0.20969055593013763,0.1712098866701126,0.01883496157824993,-0.06591439247131348,0.6314873099327087,-0.6073170304298401,-0.044051025062799454
2.521381378173828,-1.6079739332199097,0.815915584564209,-0.00701957568526268,0.025332074612379074,0.2669472098350525,0.9633525609970093,0.2251632958650589,0.15868781507015228,-0.4067021310329437,-0.35642415285110474,0.3231605589389801,0.08372329920530319,0.19950228929519653,-0.2754920721054077,-0.26197493076324463,0.34513387084007263,-0.450289249420166,-0.2215857207775116,0.011234703473746777,-0.14871098101139069,-0.044820621609687805,-0.5003318786621094,-0.19847580790519714,0.18608176708221436,0.3631574809551239,-0.18928220868110657,0.24672523140907288,0.039562661200761795,-0.0012002602452412248,-0.06421245634555817,0.9172576665878296,-0.3196539878845215,-0.043604232370853424
2.548286199569702,-1.587729573249817,0.8178539276123047,-0.006236160174012184,0.022244993597269058,0.2698614001274109,0.9626219868659973,0.16612304747104645,0.15787453949451447,-0.4312255084514618,-0.3924393057823181,0.30540695786476135,0.05342085286974907,0.21077099442481995,-0.24259112775325775,-0.24060769379138947,0.3712875247001648,-0.3520702123641968,-0.22381412982940674,0.02668105810880661,-0.1313380002975464,-0.022117653861641884,-0.4361398220062256,-0.24869224429130554,0.16403505206108093,0.34894174337387085,-0.21194206178188324,0.26099973917007446,-0.12877637147903442,-0.030454285442829132,-0.06261026114225388,1.1493277549743652,-0.013714613392949104,-0.05643249303102493
2.572988510131836,-1.5743472576141357,0.8196756839752197,-0.003030198160558939,0.010598057880997658,0.27488741278648376,0.9614132046699524,0.11165087670087814,0.13079996407032013,-0.46954163908958435,-0.4286918044090271,0.30990660190582275,0.030731262639164925,0.20783643424510956,-0.18553629517555237,-0.2584648132324219,0.3859513998031616,-0.2903099060058594,-0.2122052162885666,0.047504860907793045,-0.11746933311223984,-0.0009393185609951615,-0.3703846037387848,-0.296762079000473,0.16461427509784698,0.3892208933830261,-0.23080697655677795,0.26100000739097595,-0.29672256112098694,-0.060452546924352646,-0.05916496366262436,1.5112063884735107,0.019576409831643105,-0.10684353113174438
2.599273920059204,-1.5565837621688843,0.822563648223877,-0.0031635991763323545,0.010756304487586021,0.28214699029922485,0.9593056440353394,0.01488758996129036,0.141036257147789,-0.487283855676651,-0.44461745023727417,0.2929544150829315,0.022309349849820137,0.19868208467960358,-0.13684247434139252,-0.24056623876094818,0.3674719035625458,-0.25214987993240356,-0.21510758996009827,0.06872821599245071,-0.110011525452137,0.011072754859924316,-0.28410446643829346,-0.3270907998085022,0.14602597057819366,0.3103903532028198,-0.2322290539741516,0.26100000739097595,-0.43963104486465454,-0.0765872448682785,-0.052997611463069916,1.6243072748184204,-0.07927554845809937,-0.17340365052223206
2.6254231929779053,-1.5384405851364136,0.8267848491668701,-0.0033221454359591007,0.010697508230805397,0.2965621054172516,0.9549478888511658,-0.0903550311923027,0.15140964090824127,-0.5103649497032166,-0.4518730342388153,0.25596800446510315,0.02303815446794033,0.20372650027275085,-0.0634399950504303,-0.22455905377864838,0.3082752823829651,-0.2503153681755066,-0.2175356149673462,0.07286568731069565,-0.10777023434638977,0.013882585801184177,-0.18553213775157928,-0.3318505883216858,0.10130907595157623,0.2241772711277008,-0.224003866314888,0.26100000739097595,-0.5434448719024658,-0.07224896550178528,-0.044013746082782745,1.6618096828460693,-0.1403937190771103,-0.2303275167942047
2.6527998447418213,-1.5164341926574707,0.8311408758163452,-0.007466815412044525,0.022784296423196793,0.3113313913345337,0.9499989151954651,-0.21434549987316132,0.1988602876663208,-0.5254349708557129,-0.4667893052101135,0.2224797159433365,0.02215762995183468,0.21893025934696198,-0.01367020234465599,-0.1740254908800125,0.24212850630283356,-0.2598685920238495,-0.23224443197250366,0.05511128902435303,-0.10742288827896118,0.013495470397174358,-0.10123946517705917,-0.3193788528442383,0.05395274981856346,0.12198175489902496,-0.22402313351631165,0.26100000739097595,-0.6125138998031616,-0.05545774847269058,-0.032978273928165436,1.4624950885772705,-0.18077747523784637,-0.2570685148239136
2.677586793899536,-1.4993375539779663,0.8340559005737305,-0.008698723278939724,0.02502286806702614,0.3282409608364105,0.9442224502563477,-0.3004746437072754,0.20494000613689423,-0.5300664901733398,-0.5030296444892883,0.19772794842720032,0.015174521133303642,0.22990813851356506,0.05006810277700424,-0.16338710486888885,0.19516132771968842,-0.268887460231781,-0.25303328037261963,0.04678020253777504,-0.10690923035144806,0.01397562213242054,-0.04186074435710907,-0.3041398227214813,0.013970417901873589,0.11578021198511124,-0.2382270097732544,0.26100000739097595,-0.6716220378875732,-0.03841841220855713,-0.01944635435938835,1.3656286001205444,-0.22563612461090088,-0.2609708309173584
2.7029542922973633,-1.4826313257217407,0.8348034620285034,-0.010504438541829586,0.028496379032731056,0.34571313858032227,0.9378486275672913,-0.3652416169643402,0.2119864970445633,-0.5142925977706909,-0.5770574808120728,0.17473256587982178,0.009008531458675861,0.2330033928155899,0.1017967239022255,-0.14907106757164001,0.165633887052536,-0.26887619495391846,-0.270158976316452,0.046174872666597366,-0.1063484251499176,0.014502794481813908,0.003610695945098996,-0.28947094082832336,-0.0168882068246603,0.11783911287784576,-0.26227566599845886,0.26100000739097595,-0.7148107290267944,-0.025052538141608238,-0.002177070826292038,1.196643352508545,-0.26733413338661194,-0.26100000739097595
2.729030132293701,-1.4651587009429932,0.833491325378418,-0.012440900318324566,0.03214332088828087,0.3607373833656311,0.9320303201675415,-0.4077249765396118,0.21699485182762146,-0.4879630506038666,-0.6657712459564209,0.1417749971151352,0.0028868040535598993,0.23540262877941132,0.14101742208003998,-0.13423943519592285,0.15631252527236938,-0.25976160168647766,-0.2664537727832794,0.05117184668779373,-0.10642746090888977,0.013154195621609688,0.04918404668569565,-0.27087777853012085,-0.0361771397292614,0.12068406492471695,-0.29250794649124146,0.2593636214733124,-0.7218571901321411,-0.014256703667342663,0.016177576035261154,0.9587469696998596,-0.291928231716156,-0.25404730439186096
2.7556827068328857,-1.4463268518447876,0.8304131031036377,-0.014304416254162788,0.03533516451716423,0.374967098236084,0.9262540340423584,-0.4316949248313904,0.2222355157136917,-0.47081542015075684,-0.7601011395454407,0.11753565818071365,-0.002081408631056547,0.23801054060459137,0.17158880829811096,-0.12156599014997482,0.14810682833194733,-0.2503606081008911,-0.2608797550201416,0.060253895819187164,-0.107172891497612,0.010178875178098679,0.10146951675415039,-0.24752461910247803,-0.052657950669527054,0.11516719311475754,-0.3273068070411682,0.2505996525287628,-0.691637396812439,-0.007504087872803211,0.026071596890687943,0.65577232837677,-0.3087165951728821,-0.22467172145843506
2.7832813262939453,-1.4251916408538818,0.8259315490722656,-0.015661608427762985,0.03695448487997055,0.3898964822292328,0.9199835658073425,-0.4364314079284668,0.2261391282081604,-0.469630628824234,-0.8507362604141235,0.08580193668603897,-0.0036778366193175316,0.24116240441799164,0.19765961170196533,-0.11303924769163132,0.1386200189590454,-0.2476467490196228,-0.25978532433509827,0.06859343498945236,-0.10832634568214417,0.006779971066862345,0.1604451984167099,-0.2201271951198578,-0.07331866025924683,0.10322950035333633,-0.36701592803001404,0.23100462555885315,-0.639366865158081,-0.005330910440534353,0.01633497327566147,0.3254414498806,-0.3293898403644562,-0.1595379263162613
2.8126792907714844,-1.4026994705200195,0.8207865953445435,-0.01684638485312462,0.03792204707860947,0.4056306779384613,0.913094699382782,-0.4273483455181122,0.2289634495973587,-0.47998136281967163,-0.9272528886795044,0.0665140375494957,-0.008572088554501534,0.2420901507139206,0.21900351345539093,-0.1080111637711525,0.12398852407932281,-0.2514623999595642,-0.2574204206466675,0.0691666528582573,-0.10995692759752274,0.0030733318999409676,0.21412798762321472,-0.18854199349880219,-0.08553720265626907,0.10943366587162018,-0.41863536834716797,0.20274078845977783,-0.5973523855209351,-0.0031316052190959454,-0.014472449198365211,0.08280455321073532,-0.3559327721595764,-0.06312581896781921
2.8441319465637207,-1.3802709579467773,0.8161097764968872,-0.018195148557424545,0.03919992968440056,0.4206261932849884,0.906204104423523,-0.40744659304618835,0.23430079221725464,-0.4970141351222992,-0.9823294878005981,0.04494735598564148,-0.010724836960434914,0.23913179337978363,0.2320171296596527,-0.10303710401058197,0.11145549267530441,-0.2585890591144562,-0.2589132487773895,0.06787918508052826,-0.11224095523357391,-0.0012946082279086113,0.2505977749824524,-0.15591397881507874,-0.08668994158506393,0.1635536551475525,-0.48660263419151306,0.17483168840408325,-0.5877020359039307,0.003671853570267558,-0.05077008157968521,0.027923697605729103,-0.3764060139656067,-0.004035268910229206
2.875880241394043,-1.35659658908844,0.8130277395248413,-0.01923847757279873,0.0401858426630497,0.43137669563293457,0.9010710716247559,-0.37497827410697937,0.23943893611431122,-0.510353147983551,-1.0057817697525024,0.03317301347851753,-0.014833069406449795,0.23466475307941437,0.22696921229362488,-0.10560775548219681,0.11993411928415298,-0.2570018172264099,-0.26569685339927673,0.06879138946533203,-0.11497253179550171,-0.006612144410610199,0.266851007938385,-0.13094544410705566,-0.09353499859571457,0.2477247714996338,-0.5649526119232178,0.1580176055431366,-0.6093316078186035,0.014611116610467434,-0.06846696138381958,0.14435814321041107,-0.34440797567367554,-0.030981428921222687
2.9078328609466553,-1.332000494003296,0.8121809363365173,-0.019774144515395164,0.04028161242604256,0.4402209520339966,0.8967674374580383,-0.33282235264778137,0.23969101905822754,-0.5204219818115234,-0.9900444746017456,0.029777636751532555,-0.007263855542987585,0.2251994013786316,0.2145463526248932,-0.11454130709171295,0.1416904330253601,-0.2583315968513489,-0.2653830349445343,0.07437524199485779,-0.11762465536594391,-0.0141314547508955,0.2612624168395996,-0.12419239431619644,-0.11347919702529907,0.37547698616981506,-0.6393086314201355,0.1586771309375763,-0.6386623382568359,0.02655687741935253,-0.05684325098991394,0.2891596853733063,-0.2658326029777527,-0.06598483771085739
2.9392004013061523,-1.305484652519226,0.8133909106254578,-0.017612548545002937,0.035495199263095856,0.444135844707489,0.8950828313827515,-0.27298837900161743,0.22909072041511536,-0.5225562453269958,-0.9021294116973877,0.03800196573138237,-0.010059062391519547,0.2206820249557495,0.18085867166519165,-0.13386839628219604,0.18663278222084045,-0.24478891491889954,-0.26982012391090393,0.08125118166208267,-0.1198592334985733,-0.026134535670280457,0.21838000416755676,-0.13442817330360413,-0.12043671309947968,0.5510803461074829,-0.6533971428871155,0.16899539530277252,-0.6390959024429321,0.03877970576286316,-0.02912883274257183,0.42111948132514954,-0.21672002971172333,-0.057980649173259735
2.9679386615753174,-1.2785115242004395,0.8157870173454285,-0.014953835867345333,0.029767673462629318,0.4486446976661682,0.8930891156196594,-0.21714076399803162,0.20566101372241974,-0.5267226696014404,-0.7609333395957947,0.06240842118859291,0.01456218957901001,0.22287780046463013,0.14154453575611115,-0.1579618602991104,0.22641314566135406,-0.24971137940883636,-0.25092247128486633,0.09145624935626984,-0.1218312606215477,-0.04475896805524826,0.11200519651174545,-0.13918015360832214,-0.07702774554491043,0.8060986995697021,-0.4844718873500824,0.15134164690971375,-0.5999112725257874,0.05440164729952812,-0.008495154790580273,0.4660518169403076,-0.21052610874176025,-0.06241551414132118
2.9947104454040527,-1.2542181015014648,0.8187143802642822,-0.01336595881730318,0.025640301406383514,0.4620576500892639,0.8863784074783325,-0.18660318851470947,0.1933227777481079,-0.5814658999443054,-0.609798014163971,0.11745992302894592,0.046348027884960175,0.22768354415893555,0.1043642982840538,-0.18176592886447906,0.2576504647731781,-0.2789195775985718,-0.2532255947589874,0.0778597742319107,-0.1239798292517662,-0.06872119754552841,-0.05670125037431717,-0.11787668615579605,0.0114250797778368,1.0742697715759277,-0.18042266368865967,0.11443277448415756,-0.5553226470947266,0.07456903159618378,-0.00806073285639286,0.48877382278442383,-0.2375231385231018,-0.10551745444536209
3.013521194458008,-1.233388900756836,0.8225464224815369,-0.008576243184506893,0.015872446820139885,0.47529134154319763,0.8796434998512268,-0.1390044093132019,0.21256466209888458,-0.6491873860359192,-0.4723706841468811,0.16536469757556915,0.05037080496549606,0.20950335264205933,0.06447935104370117,-0.1855889856815338,0.3113747835159302,-0.29703572392463684,-0.2778952121734619,0.05224340781569481,-0.12666091322898865,-0.09001385420560837,-0.23833385109901428,-0.08343047648668289,0.09704641997814178,1.4344769716262817,-0.021336441859602928,0.12824010848999023,-0.515498697757721,0.0921313464641571,-0.024034731090068817,0.6068366765975952,-0.27977806329727173,-0.1449897140264511
3.03395938873291,-1.2093778848648071,0.8277715444564819,-0.010209130123257637,0.018337370827794075,0.486325740814209,0.8735255002975464,-0.09098119288682938,0.2167425900697708,-0.6540054082870483,-0.40416306257247925,0.18252955377101898,0.06894554197788239,0.1957741528749466,-0.015577997080981731,-0.2133508324623108,0.3473378121852875,-0.2991602122783661,-0.2872669994831085,0.045650966465473175,-0.1301148533821106,-0.1000518724322319,-0.3780042231082916,-0.0666138231754303,0.13779737055301666,1.5761058330535889,-0.05743027478456497,0.1836349368095398,-0.43785202503204346,0.09887254238128662,-0.04428473114967346,0.5415672063827515,-0.30052924156188965,-0.15724359452724457
3.058570623397827,-1.1828489303588867,0.8332861661911011,-0.01640373468399048,0.0287608839571476,0.4951600432395935,0.8681706190109253,-0.040857478976249695,0.20049823820590973,-0.6093661189079285,-0.38228073716163635,0.20176826417446136,0.07499952614307404,0.2127959132194519,-0.1138620674610138,-0.26995986700057983,0.37109819054603577,-0.3045034408569336,-0.2777042090892792,0.05121561884880066,-0.13470640778541565,-0.09989407658576965,-0.4799264967441559,-0.07179897278547287,0.14358589053153992,1.4930883646011353,-0.1155853122472763,0.21985721588134766,-0.3225550055503845,0.09823476523160934,-0.06319139152765274,0.36566421389579773,-0.3001949191093445,-0.1573626548051834
3.0772690773010254,-1.1581982374191284,0.8368842601776123,-0.01749163120985031,0.029943885281682014,0.504091739654541,0.8629536032676697,0.035338401794433594,0.21876251697540283,-0.554193913936615,-0.39604079723358154,0.2320355623960495,0.0695115253329277,0.2245578020811081,-0.18431314826011658,-0.30008789896965027,0.38826969265937805,-0.3195512890815735,-0.27591943740844727,0.04460308700799942,-0.14091531932353973,-0.09688814729452133,-0.5903091430664062,-0.0763806402683258,0.15056666731834412,1.4772394895553589,-0.17097721993923187,0.2368391752243042,-0.21207313239574432,0.10082165896892548,-0.08418485522270203,0.24649657309055328,-0.29509714245796204,-0.15371845662593842
3.0910966396331787,-1.1358219385147095,0.8375723958015442,-0.01440189965069294,0.02401111274957657,0.5141688585281372,0.857231855392456,0.12075929343700409,0.26970651745796204,-0.5113298892974854,-0.41966748237609863,0.26254352927207947,0.059922754764556885,0.21888461709022522,-0.2281910628080368,-0.3019663691520691,0.39280611276626587,-0.3452910780906677,-0.2711488604545593,0.03751272335648537,-0.14888215065002441,-0.09388944506645203,-0.7109225988388062,-0.0703948587179184,0.16427740454673767,1.5493804216384888,-0.24907970428466797,0.24738475680351257,-0.12142911553382874,0.10959753394126892,-0.10771425813436508,0.1873304843902588,-0.29520079493522644,-0.1467132419347763
3.10921573638916,-1.1114362478256226,0.8362109065055847,-0.01738686114549637,0.02850220911204815,0.5204800963401794,0.8532208204269409,0.1768093854188919,0.28799229860305786,-0.4595038592815399,-0.4353264272212982,0.26478883624076843,0.04709773138165474,0.21554769575595856,-0.2895205020904541,-0.3272251784801483,0.3920189142227173,-0.38669440150260925,-0.2682235836982727,0.03072481043636799,-0.15798428654670715,-0.08938875049352646,-0.7934882044792175,-0.06496820598840714,0.17811942100524902,1.432521939277649,-0.3068743348121643,0.24886076152324677,-0.03938388079404831,0.1185363158583641,-0.12634152173995972,0.12276922166347504,-0.3024178743362427,-0.1394299417734146
3.127049446105957,-1.086135983467102,0.83393394947052,-0.019657107070088387,0.03176087886095047,0.5259023904800415,0.8497243523597717,0.2272157520055771,0.2868672311306,-0.4107518196105957,-0.4368149936199188,0.2578733563423157,0.04473099485039711,0.22096337378025055,-0.34511688351631165,-0.35236045718193054,0.38642755150794983,-0.42334800958633423,-0.25599974393844604,0.026343123987317085,-0.16698786616325378,-0.0852222591638565,-0.8188167810440063,-0.06718406081199646,0.195207417011261,1.196671724319458,-0.322928249835968,0.2402801513671875,0.03783528134226799,0.12168692797422409,-0.1314876675605774,0.029399966821074486,-0.32026204466819763,-0.13495396077632904
3.144707441329956,-1.0600576400756836,0.8309942483901978,-0.02226627990603447,0.03558854013681412,0.5299328565597534,0.8469998836517334,0.2615886926651001,0.282589852809906,-0.3739079535007477,-0.4238258898258209,0.27572789788246155,0.05038278177380562,0.2260770946741104,-0.3924497663974762,-0.3635193109512329,0.36805498600006104,-0.4590710699558258,-0.2392902821302414,0.029110614210367203,-0.1746930330991745,-0.08649418503046036,-0.7845531702041626,-0.07279322296380997,0.22739055752754211,0.8993735313415527,-0.31407254934310913,0.2035948634147644,0.09638485312461853,0.11744487285614014,-0.1203494593501091,0.019058845937252045,-0.35118257999420166,-0.13409557938575745
3.1639533042907715,-1.0311709642410278,0.8271726369857788,-0.026231905445456505,0.04232489690184593,0.5261479020118713,0.84893399477005,0.28269174695014954,0.2518654763698578,-0.34041231870651245,-0.4043237268924713,0.2888334393501282,0.06013155356049538,0.231672003865242,-0.4409278631210327,-0.37498584389686584,0.36223727464675903,-0.496526300907135,-0.22326631844043732,0.02655520848929882,-0.18045799434185028,-0.09280523657798767,-0.7052536010742188,-0.07893882691860199,0.27839240431785583,0.44578903913497925,-0.30806753039360046,0.14500853419303894,0.14364230632781982,0.10778515785932541,-0.10187835246324539,0.00973664689809084,-0.38541701436042786,-0.13183557987213135
3.181363105773926,-1.0009422302246094,0.8227046728134155,-0.02644573524594307,0.042894069105386734,0.5241413712501526,0.8501391410827637,0.3092218041419983,0.23982645571231842,-0.31420063972473145,-0.3854086697101593,0.3004184067249298,0.06399784982204437,0.2328830510377884,-0.45656275749206543,-0.35659998655319214,0.3455126881599426,-0.5368902683258057,-0.20901931822299957,0.0240448247641325,-0.1841357946395874,-0.09665574133396149,-0.6364740133285522,-0.08853794634342194,0.31485068798065186,0.18045182526111603,-0.3177080750465393,0.11035335808992386,0.1929054707288742,0.09539732336997986,-0.093417227268219,0.00987457949668169,-0.42372775077819824,-0.1179705485701561
3.197894334793091,-0.967440664768219,0.8186084032058716,-0.026355471462011337,0.04275170713663101,0.5241098999977112,0.8501685261726379,0.3229033052921295,0.22467653453350067,-0.3063754141330719,-0.3647497892379761,0.3173156678676605,0.06863199174404144,0.2323799431324005,-0.45122793316841125,-0.3357437252998352,0.3336949944496155,-0.5760491490364075,-0.19148658215999603,0.01810973510146141,-0.18552730977535248,-0.09330345690250397,-0.6035701632499695,-0.10262592881917953,0.3211863040924072,0.05382757633924484,-0.32354339957237244,0.10649123787879944,0.22960425913333893,0.08117526769638062,-0.10324624925851822,0.06495308130979538,-0.47717511653900146,-0.08463680744171143
3.212878704071045,-0.9323150515556335,0.8161314129829407,-0.02726723998785019,0.043904222548007965,0.526885986328125,0.8483631610870361,0.32510724663734436,0.20626428723335266,-0.3069970905780792,-0.3541102409362793,0.32262876629829407,0.07660257071256638,0.230737566947937,-0.42703500390052795,-0.31519177556037903,0.3246700167655945,-0.61322021484375,-0.17371642589569092,0.0156263317912817,-0.1837952733039856,-0.08578260242938995,-0.6021811962127686,-0.11800418794155121,0.318496972322464,0.12669800221920013,-0.28512299060821533,0.13356177508831024,0.2394752949476242,0.06657588481903076,-0.12162656337022781,0.17280986905097961,-0.5504571795463562,-0.04255029559135437
3.226470708847046,-0.8963759541511536,0.8159300088882446,-0.027892179787158966,0.04406207799911499,0.5341354012489319,0.8437890410423279,0.3149106800556183,0.1937287300825119,-0.3193846046924591,-0.3546912968158722,0.3217122256755829,0.07934056222438812,0.23009958863258362,-0.3835218548774719,-0.293411523103714,0.31828951835632324,-0.6272401809692383,-0.14986157417297363,0.01455081719905138,-0.1772872805595398,-0.07912129908800125,-0.6139416694641113,-0.13312499225139618,0.2951321005821228,0.22413502633571625,-0.21860229969024658,0.18584533035755157,0.223868727684021,0.05402649939060211,-0.133080393075943,0.3319239020347595,-0.6372557282447815,-0.026821650564670563
3.2397046089172363,-0.8604884743690491,0.8177661895751953,-0.026003217324614525,0.0394868403673172,0.5493709444999695,0.8342399001121521,0.2720939517021179,0.19365669786930084,-0.36242008209228516,-0.3415367305278778,0.3228383958339691,0.07966277748346329,0.20836244523525238,-0.32295697927474976,-0.26178431510925293,0.3111783564090729,-0.5713156461715698,-0.15560884773731232,-0.004382627550512552,-0.1643044352531433,-0.0742064118385315,-0.6042417287826538,-0.15147873759269714,0.2511449456214905,0.33396896719932556,-0.18996725976467133,0.21859055757522583,0.17384636402130127,0.04077566787600517,-0.13179197907447815,0.5253304839134216,-0.6649214625358582,-0.04963798075914383
3.251324415206909,-0.8256697058677673,0.8208402395248413,-0.022734366357326508,0.03356572613120079,0.5603244304656982,0.8272804617881775,0.22303110361099243,0.18647944927215576,-0.3881136178970337,-0.34572598338127136,0.2827216684818268,0.07700110226869583,0.20077478885650635,-0.26896703243255615,-0.22700516879558563,0.33609485626220703,-0.46897488832473755,-0.1870189607143402,-0.000823148584458977,-0.1450868546962738,-0.06776469945907593,-0.5609843730926514,-0.17848451435565948,0.2262195199728012,0.3824991285800934,-0.19630350172519684,0.23786965012550354,0.0670541524887085,0.020554229617118835,-0.12248310446739197,0.7938457727432251,-0.48605844378471375,-0.0754583328962326
3.260004758834839,-0.7925199270248413,0.8243763446807861,-0.018878191709518433,0.02768593281507492,0.5630493760108948,0.8257436156272888,0.18394531309604645,0.1695261299610138,-0.3852434754371643,-0.3833708167076111,0.2658872604370117,0.05525452643632889,0.20877116918563843,-0.23579171299934387,-0.20651498436927795,0.3882438540458679,-0.3583952784538269,-0.20630812644958496,0.0180722177028656,-0.12363050878047943,-0.05699588730931282,-0.4938475489616394,-0.21289660036563873,0.21895985305309296,0.38542866706848145,-0.20897342264652252,0.25597405433654785,-0.0784880667924881,-0.0052287098951637745,-0.11154094338417053,1.0756274461746216,-0.1793762892484665,-0.09999895095825195
3.269622802734375,-0.7613545060157776,0.8279725313186646,-0.01670968160033226,0.024452321231365204,0.5639566779136658,0.8252730965614319,0.13077312707901,0.16874389350414276,-0.40044334530830383,-0.4285617768764496,0.275717169046402,0.03323746472597122,0.20547616481781006,-0.20664353668689728,-0.19204480946063995,0.43332627415657043,-0.29168474674224854,-0.18924671411514282,0.040805209428071976,-0.10653706640005112,-0.04294651001691818,-0.41453102231025696,-0.24627527594566345,0.20293284952640533,0.35173049569129944,-0.22321075201034546,0.26100000739097595,-0.2168712019920349,-0.027577770873904228,-0.1020706444978714,1.2740683555603027,-0.04126296564936638,-0.14706489443778992
3.279649019241333,-0.7318960428237915,0.8314740657806396,-0.015416028909385204,0.02225959487259388,0.5691395401954651,0.8217949867248535,0.05072532221674919,0.18265514075756073,-0.45857420563697815,-0.4533805251121521,0.2759518027305603,0.016823524609208107,0.19362927973270416,-0.16239097714424133,-0.18071676790714264,0.45981839299201965,-0.2559415400028229,-0.17395912110805511,0.06469520926475525,-0.0985206812620163,-0.028675341978669167,-0.3301539421081543,-0.27391064167022705,0.17155136168003082,0.30740705132484436,-0.23445820808410645,0.26100000739097595,-0.3388725817203522,-0.0413702130317688,-0.09350850433111191,1.4257755279541016,-0.0914795994758606,-0.20389455556869507
3.289358139038086,-0.7030298113822937,0.8346814513206482,-0.014089192263782024,0.01985088549554348,0.5786156058311462,0.8152370452880859,-0.04481396824121475,0.1958049237728119,-0.5311383605003357,-0.4600614309310913,0.23418176174163818,0.013262399472296238,0.18630175292491913,-0.09609071910381317,-0.17553773522377014,0.4338895380496979,-0.2515920400619507,-0.17746219038963318,0.06855025887489319,-0.09885676950216293,-0.015855103731155396,-0.24343305826187134,-0.29640695452690125,0.12964829802513123,0.2562617063522339,-0.24119162559509277,0.26100000739097595,-0.45233088731765747,-0.04795460402965546,-0.08218128979206085,1.5047684907913208,-0.16502922773361206,-0.24593880772590637
3.298365831375122,-0.6743409633636475,0.8372979760169983,-0.013116038404405117,0.017969071865081787,0.5894250273704529,0.8075166940689087,-0.14022445678710938,0.20112785696983337,-0.5747087001800537,-0.46437588334083557,0.1904541254043579,0.01774856261909008,0.19120663404464722,-0.021314792335033417,-0.17604415118694305,0.3679966330528259,-0.26950424909591675,-0.1912897527217865,0.06447221338748932,-0.10289610922336578,-0.004163541831076145,-0.15899215638637543,-0.3120467960834503,0.08586897701025009,0.20052850246429443,-0.2438996136188507,0.26100000739097595,-0.5537788271903992,-0.04903675988316536,-0.06540337204933167,1.5181211233139038,-0.22091376781463623,-0.2609795331954956
3.3073902130126953,-0.6465421915054321,0.8390441536903381,-0.013106170110404491,0.017443276941776276,0.6005523204803467,0.799287736415863,-0.22310759127140045,0.20086538791656494,-0.5764473080635071,-0.4798075556755066,0.16566015779972076,0.020132174715399742,0.20860174298286438,0.04252403974533081,-0.1778411716222763,0.3179628849029541,-0.28781354427337646,-0.2246132493019104,0.06356795132160187,-0.1067056879401207,0.006869705859571695,-0.08535237610340118,-0.3169456720352173,0.04518068954348564,0.16013114154338837,-0.2486734390258789,0.26100000739097595,-0.6365950107574463,-0.04452734813094139,-0.044621195644140244,1.4575022459030151,-0.2686443328857422,-0.26100000739097595
3.3171894550323486,-0.619327187538147,0.8396997451782227,-0.014205710962414742,0.01831095665693283,0.6128037571907043,0.789895236492157,-0.29284030199050903,0.2012515664100647,-0.5582828521728516,-0.5120673775672913,0.16743451356887817,0.016742771491408348,0.2298303097486496,0.09635945409536362,-0.17418532073497772,0.2808130085468292,-0.29642972350120544,-0.2361297756433487,0.061497583985328674,-0.10939861834049225,0.016054123640060425,-0.026713542640209198,-0.31041672825813293,0.008550101891160011,0.14630833268165588,-0.26159054040908813,0.26100000739097595,-0.6944447755813599,-0.034443289041519165,-0.022074075415730476,1.3310259580612183,-0.307672917842865,-0.26100000739097595
3.326838254928589,-0.5918949246406555,0.8390617370605469,-0.016464639455080032,0.020507656037807465,0.6258342862129211,0.7795125842094421,-0.3490777611732483,0.20303411781787872,-0.534124493598938,-0.5703155994415283,0.1616869866847992,0.012394091114401817,0.2390463948249817,0.1403207927942276,-0.1663210242986679,0.24749521911144257,-0.29374030232429504,-0.23288509249687195,0.060799624770879745,-0.11159254610538483,0.021117333322763443,0.02169036492705345,-0.29523372650146484,-0.02390971966087818,0.14388199150562286,-0.2845025360584259,0.26100000739097595,-0.7216922640800476,-0.02064051479101181,0.0017429522704333067,1.1370724439620972,-0.32994145154953003,-0.26100000739097595
3.3365566730499268,-0.5637345314025879,0.836949348449707,-0.01892312802374363,0.02275768108665943,0.6390742659568787,0.7685753703117371,-0.39065155386924744,0.2059132158756256,-0.5165528059005737,-0.6386430263519287,0.13901455700397491,0.01051971036940813,0.23840384185314178,0.17445100843906403,-0.15552781522274017,0.22794270515441895,-0.2812593877315521,-0.24456565082073212,0.056671928614377975,-0.11334902048110962,0.021230198442935944,0.06954222917556763,-0.2746262848377228,-0.053484659641981125,0.14362920820713043,-0.31511446833610535,0.26100000739097595,-0.7123479843139648,-0.007543609477579594,0.024935461580753326,0.8756487369537354,-0.3355863690376282,-0.251512348651886
3.3458917140960693,-0.5337582230567932,0.8333510160446167,-0.0210861973464489,0.024468911811709404,0.652462363243103,0.7571324110031128,-0.4163864850997925,0.21070192754268646,-0.5128626823425293,-0.7118937373161316,0.10527756065130234,0.011034836992621422,0.23633137345314026,0.20321276783943176,-0.1444191187620163,0.21514464914798737,-0.26846885681152344,-0.25042593479156494,0.061067577451467514,-0.11425118893384933,0.017947208136320114,0.12375490367412567,-0.2512149214744568,-0.08088381588459015,0.1333455741405487,-0.3498520851135254,0.2609216868877411,-0.6673784255981445,0.0004946156404912472,0.041846826672554016,0.5532482862472534,-0.3398655652999878,-0.20964768528938293
3.3540022373199463,-0.5013267397880554,0.8286622166633606,-0.02229350619018078,0.025021303445100784,0.664862334728241,0.7462137937545776,-0.42393192648887634,0.21575699746608734,-0.5212748050689697,-0.7851073145866394,0.08245790749788284,0.005146114621311426,0.23463034629821777,0.22572891414165497,-0.1392475962638855,0.21080775558948517,-0.2580297291278839,-0.2515592575073242,0.06737523525953293,-0.11454387754201889,0.013338621705770493,0.18121027946472168,-0.2260548174381256,-0.10029882192611694,0.12496551871299744,-0.3905952572822571,0.25542545318603516,-0.6091303825378418,0.004077774938195944,0.04529466852545738,0.22864481806755066,-0.3527831435203552,-0.133406862616539
3.363363265991211,-0.4669232666492462,0.8237797617912292,-0.023282958194613457,0.025324547663331032,0.676409900188446,0.7357215881347656,-0.4131454527378082,0.2223788946866989,-0.5339562296867371,-0.8534998893737793,0.059807028621435165,-0.0007196918595582247,0.2345578372478485,0.24151086807250977,-0.13531559705734253,0.20389457046985626,-0.25526031851768494,-0.24693948030471802,0.07293445616960526,-0.11523568630218506,0.008564429357647896,0.23177768290042877,-0.19920440018177032,-0.10827434062957764,0.14263105392456055,-0.44387710094451904,0.23906302452087402,-0.5730135440826416,0.00845424272119999,0.03312530741095543,0.044363174587488174,-0.3686077296733856,-0.049817781895399094
3.3733818531036377,-0.4313030242919922,0.8198559284210205,-0.02350069023668766,0.024869626387953758,0.6864176392555237,0.7264021039009094,-0.38735708594322205,0.2299753576517105,-0.5432363152503967,-0.9010516405105591,0.04500415548682213,-0.0024983047042042017,0.22987160086631775,0.2501819133758545,-0.13148120045661926,0.19565866887569427,-0.25798895955085754,-0.24670778214931488,0.07034242153167725,-0.11707552522420883,0.004379568621516228,0.26665735244750977,-0.1735033094882965,-0.11132205277681351,0.1954721361398697,-0.5087226629257202,0.21914070844650269,-0.573491632938385,0.017262069508433342,0.015489851124584675,0.08277598023414612,-0.3752991259098053,-0.006308659911155701
3.3831124305725098,-0.39444178342819214,0.8178333044052124,-0.024331092834472656,0.0253126360476017,0.6925632953643799,0.7205021381378174,-0.34904927015304565,0.2353253960609436,-0.5426962375640869,-0.9212890267372131,0.040947429835796356,-0.001689815311692655,0.22572334110736847,0.24420231580734253,-0.13436146080493927,0.20014804601669312,-0.2641673982143402,-0.25043782591819763,0.07068412750959396,-0.1198335662484169,0.0009690911392681301,0.2813899517059326,-0.15571290254592896,-0.119036003947258,0.2829834818840027,-0.579613208770752,0.2074817419052124,-0.5943894982337952,0.028736334294080734,0.008843737654387951,0.22341138124465942,-0.3431292772293091,-0.01705104298889637
3.3923723697662354,-0.3563622832298279,0.8180704116821289,-0.021951895207166672,0.022427186369895935,0.6991491913795471,0.714286744594574,-0.3024599552154541,0.2340671569108963,-0.5522009134292603,-0.8915755152702332,0.0517159178853035,0.0022197638172656298,0.2233811616897583,0.2314005196094513,-0.1405511200428009,0.20512206852436066,-0.26759883761405945,-0.2559885084629059,0.07137062400579453,-0.1227201521396637,-0.0032496796920895576,0.2688472270965576,-0.150620698928833,-0.132107675075531,0.42140740156173706,-0.6442161798477173,0.20487283170223236,-0.6055096983909607,0.0386781208217144,0.017327431589365005,0.35260388255119324,-0.27917736768722534,-0.014451504684984684
3.3995347023010254,-0.3183313310146332,0.8202446699142456,-0.017381437122821808,0.01751411147415638,0.7041987776756287,0.7095739841461182,-0.24798941612243652,0.2157968431711197,-0.5530604124069214,-0.7895032167434692,0.06145772710442543,0.006074461620301008,0.2145630121231079,0.19704315066337585,-0.15215715765953064,0.22537991404533386,-0.2555968165397644,-0.2628486752510071,0.07184837013483047,-0.12534232437610626,-0.011281297542154789,0.20686796307563782,-0.15027381479740143,-0.11877138167619705,0.6300150156021118,-0.6329094767570496,0.18902723491191864,-0.5832221508026123,0.04624281823635101,0.028961312025785446,0.4429793655872345,-0.24955187737941742,0.01612665504217148
3.4055967330932617,-0.2819211781024933,0.8235979080200195,-0.013820908032357693,0.013524392619729042,0.714598536491394,0.6992675065994263,-0.2106265276670456,0.19810107350349426,-0.5900661945343018,-0.6524024605751038,0.09513314813375473,0.033914610743522644,0.2140389233827591,0.166209414601326,-0.1650804877281189,0.23217973113059998,-0.2672725021839142,-0.2456367313861847,0.07232388108968735,-0.12801684439182281,-0.025316797196865082,0.07925846427679062,-0.1376146376132965,-0.05711644887924194,0.9007911682128906,-0.41768187284469604,0.13604092597961426,-0.5317403674125671,0.05501265078783035,0.03211671859025955,0.47399094700813293,-0.2646215558052063,0.009100407361984253
3.411271572113037,-0.2488938719034195,0.8274556398391724,-0.012229056097567081,0.01142628863453865,0.7305801510810852,0.6826217770576477,-0.18949943780899048,0.19186560809612274,-0.6630018353462219,-0.5219855904579163,0.13394524157047272,0.05699044093489647,0.20483775436878204,0.13628609478473663,-0.18113143742084503,0.24593499302864075,-0.297335684299469,-0.25922146439552307,0.05490545555949211,-0.1311033070087433,-0.0442509800195694,-0.08964996784925461,-0.1094011589884758,0.01574246771633625,1.14266836643219,-0.07275893539190292,0.08559190481901169,-0.4780963957309723,0.06712724268436432,0.02569427900016308,0.4874044954776764,-0.3015221059322357,-0.04155689477920532
3.414977550506592,-0.2186957150697708,0.8315274715423584,-0.014169544912874699,0.012658262625336647,0.7456230521202087,0.6660970449447632,-0.15608832240104675,0.19533054530620575,-0.6925738453865051,-0.4409659504890442,0.14058928191661835,0.06579793989658356,0.18215040862560272,0.07785585522651672,-0.2029409557580948,0.28194648027420044,-0.3066346347332001,-0.2787843346595764,0.03409326821565628,-0.1343507021665573,-0.06341636925935745,-0.2515255808830261,-0.08091198652982712,0.0670757070183754,1.3403217792510986,0.10449310392141342,0.09404353052377701,-0.42801588773727417,0.07937883585691452,0.014289258979260921,0.5255548357963562,-0.3448694944381714,-0.09096051752567291
3.4162747859954834,-0.1882186084985733,0.8355228304862976,-0.01653093844652176,0.014264308847486973,0.7569236159324646,0.6531385183334351,-0.10002477467060089,0.20314742624759674,-0.6645373702049255,-0.40915173292160034,0.16021306812763214,0.08458934724330902,0.17392320930957794,0.003808577312156558,-0.23407693207263947,0.32552987337112427,-0.3002696633338928,-0.2760455906391144,0.03385825455188751,-0.13727229833602905,-0.0782279521226883,-0.3837146759033203,-0.06595423817634583,0.10054564476013184,1.4557338953018188,0.05413299426436424,0.13800658285617828,-0.3618152141571045,0.0877307653427124,0.0012716293567791581,0.47381821274757385,-0.3699716031551361,-0.12133379280567169
3.415959358215332,-0.15846318006515503,0.8386722803115845,-0.018536221235990524,0.015527636744081974,0.7663515210151672,0.6419662237167358,-0.028543056920170784,0.21720992028713226,-0.6070149540901184,-0.40911242365837097,0.18401388823986053,0.09134482592344284,0.18112055957317352,-0.06944909691810608,-0.2669275403022766,0.3607252836227417,-0.2976321578025818,-0.26911813020706177,0.040667880326509476,-0.14002858102321625,-0.08758800476789474,-0.49503058195114136,-0.06554315984249115,0.12074049562215805,1.4972914457321167,-0.04687038064002991,0.16915209591388702,-0.2795451581478119,0.0927439033985138,-0.014533133246004581,0.403972327709198,-0.37524735927581787,-0.13911667466163635
3.414186716079712,-0.12930962443351746,0.8401602506637573,-0.02012142911553383,0.016432087868452072,0.774278461933136,0.6323115825653076,0.042927395552396774,0.23568220436573029,-0.5470132827758789,-0.42219966650009155,0.21106204390525818,0.08663739264011383,0.17999643087387085,-0.14133112132549286,-0.2995659410953522,0.3847751319408417,-0.2985124886035919,-0.27411046624183655,0.04164081811904907,-0.14341944456100464,-0.09244204312562943,-0.6072073578834534,-0.07205845415592194,0.12880182266235352,1.4705979824066162,-0.13820898532867432,0.18014398217201233,-0.20043590664863586,0.09755133092403412,-0.03662974387407303,0.3188837766647339,-0.3775581419467926,-0.1456211656332016
3.4100112915039062,-0.1046607568860054,0.8399537205696106,-0.01421290636062622,0.01132621243596077,0.7819222807884216,0.6231109499931335,0.12740345299243927,0.285867840051651,-0.5052728652954102,-0.4384051561355591,0.23776574432849884,0.08413868397474289,0.17644955217838287,-0.18548259139060974,-0.29879313707351685,0.39511457085609436,-0.30895406007766724,-0.2684657871723175,0.03863890841603279,-0.1478414237499237,-0.09302326291799545,-0.7138062715530396,-0.08024703711271286,0.1269410103559494,1.5488696098327637,-0.22909829020500183,0.1674901396036148,-0.12472280114889145,0.10274595022201538,-0.06362982094287872,0.3295907974243164,-0.37802737951278687,-0.13930490612983704
3.4076759815216064,-0.07535266131162643,0.8386027812957764,-0.017395325005054474,0.013623335398733616,0.7871018052101135,0.6164272427558899,0.1848345398902893,0.2969331443309784,-0.45919549465179443,-0.44598302245140076,0.2385479211807251,0.07971607893705368,0.17470890283584595,-0.2476721853017807,-0.3301140069961548,0.3984251022338867,-0.32908979058265686,-0.27216747403144836,0.034068841487169266,-0.1526089608669281,-0.08880623430013657,-0.7771481275558472,-0.09097856283187866,0.11804480850696564,1.3768279552459717,-0.28607773780822754,0.13514088094234467,-0.03961331397294998,0.10677476227283478,-0.08871994912624359,0.20782570540905,-0.3660297691822052,-0.1285393089056015
3.40486478805542,-0.045367732644081116,0.8363057374954224,-0.02158346399664879,0.016664743423461914,0.791228175163269,0.6109127998352051,0.2293882817029953,0.3048003911972046,-0.4167795181274414,-0.43968239426612854,0.2445201426744461,0.08329185098409653,0.17618724703788757,-0.3027418553829193,-0.3527434170246124,0.3893856406211853,-0.3629436492919922,-0.2902168929576874,0.0274204071611166,-0.15651695430278778,-0.07937660813331604,-0.7947577834129333,-0.10319501161575317,0.10969333350658417,1.1586992740631104,-0.3015595078468323,0.11642173677682877,0.04396612569689751,0.10968179255723953,-0.10798360407352448,0.12203332781791687,-0.35699179768562317,-0.12358517199754715
3.401118516921997,-0.014890349470078945,0.8327815532684326,-0.026120658963918686,0.0199526809155941,0.7942504286766052,0.6067008376121521,0.26185905933380127,0.3046259880065918,-0.3819350600242615,-0.41961339116096497,0.25781363248825073,0.09058298915624619,0.18641048669815063,-0.34596171975135803,-0.36930033564567566,0.3682405352592468,-0.4197251498699188,-0.29797303676605225,0.026142559945583344,-0.15883442759513855,-0.06453385204076767,-0.7751451134681702,-0.11400159448385239,0.11454164981842041,0.86343914270401,-0.2945776879787445,0.11370803415775299,0.11515295505523682,0.11274152994155884,-0.12384828180074692,0.06516199558973312,-0.36169570684432983,-0.12326498329639435
3.3963494300842285,0.016843410208821297,0.8280444741249084,-0.02992824837565422,0.022779343649744987,0.7951650619506836,0.6052255034446716,0.2885356545448303,0.2993820309638977,-0.3469129800796509,-0.39670300483703613,0.27451109886169434,0.10084410011768341,0.1946205496788025,-0.3836376368999481,-0.3738590478897095,0.3500490188598633,-0.47419601678848267,-0.2804277539253235,0.023421965539455414,-0.15959995985031128,-0.045192331075668335,-0.7257590293884277,-0.12489792704582214,0.13714642822742462,0.5110949873924255,-0.2855098843574524,0.11003270745277405,0.1761866807937622,0.11506780982017517,-0.14047491550445557,0.02530023455619812,-0.37474802136421204,-0.12102140486240387
3.389906644821167,0.05009094625711441,0.8229363560676575,-0.03194957226514816,0.024476980790495872,0.7931753396987915,0.6076619029045105,0.31338194012641907,0.2887239456176758,-0.3003946840763092,-0.37276938557624817,0.2878478765487671,0.10910556465387344,0.2016444057226181,-0.41438403725624084,-0.36283764243125916,0.3434409201145172,-0.5217705368995667,-0.2535027265548706,0.01904592663049698,-0.15923045575618744,-0.02695644646883011,-0.6730636358261108,-0.1370084583759308,0.16451868414878845,0.253124475479126,-0.28684020042419434,0.10483822226524353,0.22208258509635925,0.11233040690422058,-0.1569148302078247,0.042978741228580475,-0.40473276376724243,-0.10871102660894394
3.38142466545105,0.08473877608776093,0.8188743591308594,-0.03180084750056267,0.024620942771434784,0.7900727987289429,0.6116923689842224,0.3378187417984009,0.2662380337715149,-0.25876137614250183,-0.3555607497692108,0.3115015923976898,0.11617134511470795,0.21447411179542542,-0.432422935962677,-0.3461627662181854,0.3473970890045166,-0.5550985336303711,-0.231628879904747,0.011687830090522766,-0.15812262892723083,-0.021262025460600853,-0.6340793967247009,-0.14339792728424072,0.19221079349517822,0.12441376596689224,-0.29737263917922974,0.10573841631412506,0.2511386275291443,0.09950707852840424,-0.1631200611591339,0.11985434591770172,-0.45803070068359375,-0.08329272270202637
3.3716249465942383,0.12128809839487076,0.8170099854469299,-0.02915176749229431,0.022516967728734016,0.7908713817596436,0.6108728647232056,0.35176247358322144,0.24360474944114685,-0.2524532079696655,-0.3448200523853302,0.3283179998397827,0.12326425313949585,0.22043289244174957,-0.4209286868572235,-0.33021900057792664,0.338002473115921,-0.5803579092025757,-0.2118048220872879,0.013521865010261536,-0.15650366246700287,-0.035008788108825684,-0.6090213656425476,-0.1365218311548233,0.23392674326896667,0.20038248598575592,-0.2981141209602356,0.12363605946302414,0.26228412985801697,0.07726997882127762,-0.14920227229595184,0.233431875705719,-0.5182547569274902,-0.05361160635948181
3.359727621078491,0.16112037003040314,0.8174307942390442,-0.034440331161022186,0.02677347883582115,0.7887499928474426,0.6131643056869507,0.3403921127319336,0.2127065360546112,-0.25248661637306213,-0.3477191627025604,0.3218308985233307,0.12596848607063293,0.21488721668720245,-0.41031476855278015,-0.3171176314353943,0.3334447741508484,-0.608124852180481,-0.19618114829063416,0.016942864283919334,-0.15431281924247742,-0.05833056569099426,-0.5870733261108398,-0.12364982068538666,0.27100473642349243,0.24572138488292694,-0.2565954923629761,0.1466006636619568,0.2536236643791199,0.05421235412359238,-0.12216243147850037,0.31294888257980347,-0.5784593224525452,-0.0383821465075016
3.34657883644104,0.19940340518951416,0.8192019462585449,-0.029706405475735664,0.022813167423009872,0.7925563454627991,0.6086472272872925,0.32786858081817627,0.2070588618516922,-0.27175673842430115,-0.35250523686408997,0.3038875162601471,0.12145282328128815,0.19956958293914795,-0.35985735058784485,-0.29214176535606384,0.32280486822128296,-0.6010600328445435,-0.17759612202644348,0.010347521863877773,-0.15104065835475922,-0.07247622311115265,-0.5601091980934143,-0.12276510149240494,0.26483428478240967,0.3170870840549469,-0.2043587565422058,0.16540655493736267,0.21967332065105438,0.036907993257045746,-0.10206285119056702,0.4841650724411011,-0.6180882453918457,-0.057769667357206345
3.3331151008605957,0.23588748276233673,0.8211398720741272,-0.024438494816422462,0.018316468223929405,0.7998216152191162,0.5994603037834167,0.2852935791015625,0.2044415920972824,-0.3049197196960449,-0.3515249490737915,0.28767555952072144,0.11689121276140213,0.1868639588356018,-0.30501532554626465,-0.2676835060119629,0.3198093771934509,-0.5436702966690063,-0.1789766103029251,0.004425248131155968,-0.14590716361999512,-0.06920735538005829,-0.5233181118965149,-0.1428828090429306,0.22930586338043213,0.38930827379226685,-0.19507427513599396,0.19982193410396576,0.13590949773788452,0.02024369314312935,-0.09886698424816132,0.7171039581298828,-0.5018091201782227,-0.09048289060592651
3.3187551498413086,0.2692936062812805,0.822509229183197,-0.020118653774261475,0.014877835288643837,0.8037806153297424,0.5943993926048279,0.2363528311252594,0.1939026564359665,-0.3359709084033966,-0.3676288425922394,0.27360832691192627,0.10510732978582382,0.1917150765657425,-0.26310551166534424,-0.25363782048225403,0.346691757440567,-0.4674518406391144,-0.1905243694782257,0.009964274242520332,-0.13869249820709229,-0.053677719086408615,-0.4724684953689575,-0.1795751303434372,0.19835717976093292,0.4268564283847809,-0.21689771115779877,0.2428148090839386,0.0017685015918686986,-0.00601784884929657,-0.10580666363239288,0.9931795001029968,-0.2027975171804428,-0.12181919068098068
3.3059322834014893,0.30057692527770996,0.8234896659851074,-0.01732979342341423,0.012794646434485912,0.8043073415756226,0.5938228964805603,0.17634162306785583,0.1877487748861313,-0.3835987150669098,-0.3931681513786316,0.28393372893333435,0.08286070078611374,0.20341439545154572,-0.23731620609760284,-0.24605317413806915,0.3929649889469147,-0.3870519697666168,-0.19623248279094696,0.009020411409437656,-0.1305389404296875,-0.03399259224534035,-0.4176174998283386,-0.22445690631866455,0.18359807133674622,0.42256802320480347,-0.24963849782943726,0.2609995901584625,-0.1536182463169098,-0.042160023003816605,-0.11317592859268188,1.1947638988494873,-0.015060441568493843,-0.180213063955307
3.2989985942840576,0.32718440890312195,0.8252279758453369,-0.006398291792720556,0.004679451230913401,0.8071387410163879,0.5903085470199585,0.12356673181056976,0.15888431668281555,-0.4568135440349579,-0.41714686155319214,0.27129289507865906,0.07144933938980103,0.19623690843582153,-0.18027271330356598,-0.27166426181793213,0.4297800064086914,-0.3327677845954895,-0.20512929558753967,0.01703730784356594,-0.12346019595861435,-0.016598790884017944,-0.3574770987033844,-0.2643648684024811,0.17478705942630768,0.4897170662879944,-0.28086382150650024,0.26100000739097595,-0.3085407018661499,-0.07177586853504181,-0.11450827121734619,1.5359922647476196,-0.07411378622055054,-0.23897917568683624
3.2883827686309814,0.3573577404022217,0.8286834359169006,-0.005853956565260887,0.004219587426632643,0.8112016916275024,0.5847219228744507,0.0375819094479084,0.1640983521938324,-0.5151681900024414,-0.43611642718315125,0.24260835349559784,0.0605565682053566,0.18472476303577423,-0.13521808385849,-0.26312997937202454,0.41857072710990906,-0.28925877809524536,-0.21594177186489105,0.02729922905564308,-0.1186932846903801,-0.005403767805546522,-0.2645140588283539,-0.28293919563293457,0.14539916813373566,0.4088824391365051,-0.28803879022598267,0.26100000739097595,-0.4282308518886566,-0.07546582818031311,-0.10537157952785492,1.6087197065353394,-0.15872125327587128,-0.25965815782546997
3.274289846420288,0.3908423185348511,0.8331543803215027,-0.015770817175507545,0.011131268925964832,0.8168417811393738,0.5765386819839478,-0.07728875428438187,0.21065999567508698,-0.5590061545372009,-0.45609837770462036,0.2152107208967209,0.050598833709955215,0.17636758089065552,-0.10139856487512589,-0.21679401397705078,0.3682481348514557,-0.2635170817375183,-0.21988828480243683,0.03693801537156105,-0.11582450568675995,0.0006252176244743168,-0.15298892557621002,-0.2800360918045044,0.0977310761809349,0.23251250386238098,-0.27731019258499146,0.26100000739097595,-0.5091927647590637,-0.05411824584007263,-0.08730601519346237,1.4317278861999512,-0.18993040919303894,-0.26100000739097595
3.265249490737915,0.4198545217514038,0.8367048501968384,-0.017096225172281265,0.01170476246625185,0.8249648809432983,0.5648040771484375,-0.1639968901872635,0.21939149498939514,-0.5952197909355164,-0.4873116910457611,0.1830923706293106,0.038713861256837845,0.18146605789661407,-0.035817764699459076,-0.21137042343616486,0.31727418303489685,-0.26338276267051697,-0.22812975943088531,0.039739273488521576,-0.11378603428602219,0.005129646975547075,-0.06499879062175751,-0.2701634466648102,0.05476129800081253,0.17357783019542694,-0.27478742599487305,0.26100000739097595,-0.5850093364715576,-0.026199743151664734,-0.06553994864225388,1.3697301149368286,-0.24446751177310944,-0.26100000739097595
3.256589889526367,0.44885072112083435,0.8379878997802734,-0.020142262801527977,0.013294457457959652,0.8343555927276611,0.5506980419158936,-0.23981334269046783,0.22765055298805237,-0.6061426401138306,-0.545415461063385,0.16090185940265656,0.03494597226381302,0.1937096118927002,0.02905719168484211,-0.20627975463867188,0.27931272983551025,-0.27292442321777344,-0.24072764813899994,0.034850940108299255,-0.11226499825716019,0.009128134697675705,-0.0027204928919672966,-0.2588304281234741,0.01969148963689804,0.13943438231945038,-0.285595566034317,0.26100000739097595,-0.6504526138305664,-0.0035490375012159348,-0.03991192579269409,1.2383524179458618,-0.3013501465320587,-0.26100000739097595
3.247617483139038,0.47834378480911255,0.8369013071060181,-0.0241989903151989,0.015362809412181377,0.8438916206359863,0.5357474088668823,-0.3016398251056671,0.2296050786972046,-0.5992308259010315,-0.6130568385124207,0.14139682054519653,0.030973661690950394,0.20711340010166168,0.08328867703676224,-0.19937752187252045,0.25850629806518555,-0.2763166129589081,-0.244498148560524,0.03064698353409767,-0.11169048398733139,0.011213420890271664,0.04854961484670639,-0.24282622337341309,-0.011707017198204994,0.12744355201721191,-0.3047565221786499,0.26100000739097595,-0.6840035319328308,0.013192214071750641,-0.007422151509672403,1.0419341325759888,-0.33307722210884094,-0.25917041301727295
3.238028049468994,0.5089548826217651,0.8338438868522644,-0.027744729071855545,0.01700463704764843,0.852152407169342,0.5222809314727783,-0.3481317162513733,0.23388327658176422,-0.5846880674362183,-0.6830562353134155,0.12936021387577057,0.023557400330901146,0.2105208784341812,0.12841472029685974,-0.18799369037151337,0.23888225853443146,-0.27099505066871643,-0.2412954568862915,0.03237598389387131,-0.11220007389783859,0.010855511762201786,0.09986860305070877,-0.22227370738983154,-0.03768470138311386,0.12351693958044052,-0.33253297209739685,0.2578999400138855,-0.6801143288612366,0.02251623570919037,0.027066679671406746,0.7780215740203857,-0.3503585159778595,-0.24407288432121277
3.2264950275421143,0.540522038936615,0.8292370438575745,-0.030075181275606155,0.017798511311411858,0.8600646257400513,0.50898677110672,-0.3789183795452118,0.23387858271598816,-0.5759546756744385,-0.7493645548820496,0.11271432787179947,0.016358906403183937,0.20692303776741028,0.16471073031425476,-0.17700167000293732,0.2177475243806839,-0.2598899304866791,-0.24557752907276154,0.03777553141117096,-0.11323786526918411,0.008940057829022408,0.1596977859735489,-0.199369877576828,-0.05870835855603218,0.10728902369737625,-0.36690786480903625,0.24696561694145203,-0.6438952684402466,0.02177022024989128,0.05075019598007202,0.4667261838912964,-0.36382460594177246,-0.2003568410873413
3.2130446434020996,0.5740928053855896,0.8237294554710388,-0.030455242842435837,0.01741841435432434,0.8675193190574646,0.49616456031799316,-0.3887661397457123,0.2311391979455948,-0.5732232332229614,-0.8127996325492859,0.09464145451784134,0.013762818649411201,0.20982922613620758,0.19665075838565826,-0.16821467876434326,0.19985300302505493,-0.2492276132106781,-0.2504400610923767,0.04299651458859444,-0.11413747817277908,0.00631407555192709,0.2222638726234436,-0.17455986142158508,-0.07586124539375305,0.09543604403734207,-0.40984219312667847,0.22905990481376648,-0.5990750789642334,0.01438976638019085,0.05457283556461334,0.1853875070810318,-0.3815437853336334,-0.1253112405538559
3.19934344291687,0.6096542477607727,0.8183518052101135,-0.030717508867383003,0.016910376027226448,0.8754875063896179,0.48196691274642944,-0.3850098252296448,0.2277979999780655,-0.5767499804496765,-0.862337052822113,0.07887682318687439,0.008164377883076668,0.21088777482509613,0.2248353809118271,-0.15980243682861328,0.1832672506570816,-0.24787260591983795,-0.24315431714057922,0.052501872181892395,-0.11464766412973404,0.0029894360341131687,0.27212005853652954,-0.1477617621421814,-0.08742271363735199,0.12353171408176422,-0.46827277541160583,0.20984342694282532,-0.5740339756011963,0.008822509087622166,0.04310435429215431,0.06766805797815323,-0.3983343541622162,-0.056927815079689026
3.1856637001037598,0.6469084620475769,0.8142242431640625,-0.030246369540691376,0.01603703200817108,0.8829769492149353,0.4681662917137146,-0.36864984035491943,0.22584502398967743,-0.5855536460876465,-0.8894778490066528,0.06605400145053864,0.0037210765294730663,0.20999911427497864,0.24318820238113403,-0.15307025611400604,0.18445855379104614,-0.24921824038028717,-0.24305713176727295,0.05405757203698158,-0.11481209844350815,-0.0014140922576189041,0.2993070185184479,-0.1224842518568039,-0.09462599456310272,0.2010800540447235,-0.5421603918075562,0.19471487402915955,-0.5774941444396973,0.010996153578162193,0.03187098354101181,0.1358385682106018,-0.38148370385169983,-0.03395572677254677
3.1720187664031982,0.6854283213615417,0.8119698762893677,-0.030753128230571747,0.015899736434221268,0.8877682685852051,0.45898687839508057,-0.3391070067882538,0.226296529173851,-0.5840247273445129,-0.8992538452148438,0.05473672226071358,0.008472535759210587,0.20612594485282898,0.24980556964874268,-0.1510181427001953,0.2027222216129303,-0.2563778758049011,-0.24009376764297485,0.05742853134870529,-0.11473854631185532,-0.007898601703345776,0.3031488060951233,-0.10795607417821884,-0.10671930760145187,0.31850287318229675,-0.6206930875778198,0.19285352528095245,-0.5932598114013672,0.020358096808195114,0.033006131649017334,0.26583221554756165,-0.3108850121498108,-0.027047174051404
3.1565442085266113,0.7239604592323303,0.8113999366760254,-0.025257159024477005,0.012780658900737762,0.8919103145599365,0.45132556557655334,-0.2911442518234253,0.2205095887184143,-0.586728036403656,-0.8603529334068298,0.06164966896176338,0.008710484951734543,0.20306478440761566,0.23895379900932312,-0.15750838816165924,0.23824889957904816,-0.2518776059150696,-0.2405431866645813,0.06702494621276855,-0.11480408906936646,-0.019713357090950012,0.2748139500617981,-0.10912692546844482,-0.12088405340909958,0.48427334427833557,-0.6618459224700928,0.20966890454292297,-0.5913925766944885,0.03415607288479805,0.043846022337675095,0.3849906027317047,-0.24192216992378235,0.0016624529380351305
3.140012741088867,0.7602232694625854,0.8121126294136047,-0.01955191232264042,0.009757873602211475,0.8945443034172058,0.4464448392391205,-0.23317189514636993,0.19695578515529633,-0.5685470700263977,-0.7505267262458801,0.07186128199100494,0.009635208174586296,0.19489556550979614,0.20344454050064087,-0.16914060711860657,0.2783232629299164,-0.2452983558177948,-0.22580572962760925,0.07975587993860245,-0.11590991914272308,-0.03919513523578644,0.17512919008731842,-0.11087985336780548,-0.08197800815105438,0.722881555557251,-0.5815901160240173,0.21125347912311554,-0.575595498085022,0.05192210152745247,0.05144404247403145,0.45324721932411194,-0.2348059117794037,0.02478150837123394
3.1259143352508545,0.7882533669471741,0.8144424557685852,-0.004873089492321014,0.0023477741051465273,0.9008821249008179,0.434030145406723,-0.1706922948360443,0.19102263450622559,-0.6040180325508118,-0.6098700761795044,0.11245859414339066,0.04359514266252518,0.2003507763147354,0.1957612782716751,-0.16872538626194,0.30257484316825867,-0.27037274837493896,-0.21629875898361206,0.07405205816030502,-0.11901166290044785,-0.06043773889541626,0.0005324888043105602,-0.09481853246688843,0.010557243600487709,1.189164400100708,-0.35165655612945557,0.17853575944900513,-0.5557119846343994,0.07062096148729324,0.046072766184806824,0.6314055323600769,-0.27406448125839233,-0.004935229197144508
3.112056255340576,0.8179956078529358,0.8190671801567078,-0.007039327640086412,0.0031924608629196882,0.910691499710083,0.41301488876342773,-0.1550024300813675,0.19296897947788239,-0.6689270734786987,-0.4704698324203491,0.16418369114398956,0.06616007536649704,0.2018386423587799,0.1457798033952713,-0.1721896529197693,0.31385087966918945,-0.29411599040031433,-0.2424401491880417,0.05146833881735802,-0.1240667998790741,-0.07346649467945099,-0.17214657366275787,-0.07221914082765579,0.06273817270994186,1.4096242189407349,-0.13381029665470123,0.1631932258605957,-0.4966632127761841,0.0820942372083664,0.028002994135022163,0.6213273406028748,-0.306751012802124,-0.0637379065155983
3.0951087474823,0.8504666686058044,0.8254919648170471,-0.021227438002824783,0.00906708836555481,0.9193759560585022,0.39270225167274475,-0.1449633091688156,0.17667534947395325,-0.6870480179786682,-0.39505714178085327,0.18042346835136414,0.09029500931501389,0.17917777597904205,0.05468657240271568,-0.21445544064044952,0.3333878815174103,-0.3013157546520233,-0.2676892876625061,0.03779502213001251,-0.12966369092464447,-0.07756543159484863,-0.3043558895587921,-0.06509686261415482,0.06926210224628448,1.4227246046066284,-0.08221137523651123,0.1858552098274231,-0.400257408618927,0.08292797207832336,0.003346593352034688,0.4732867181301117,-0.3130481243133545,-0.09858141094446182
3.0781776905059814,0.8758701086044312,0.8318420648574829,-0.02392890676856041,0.00973489135503769,0.9259713888168335,0.37670886516571045,-0.08963584154844284,0.19126684963703156,-0.6690064072608948,-0.36392518877983093,0.17787383496761322,0.1115524098277092,0.17165137827396393,-0.021382182836532593,-0.24093197286128998,0.36565521359443665,-0.30060306191444397,-0.25757458806037903,0.04265574365854263,-0.13412362337112427,-0.08074010908603668,-0.4221222698688507,-0.07266891747713089,0.08395260572433472,1.4994256496429443,-0.12461641430854797,0.2093345820903778,-0.3033539056777954,0.07885455340147018,-0.022797688841819763,0.3952869772911072,-0.30792760848999023,-0.106241874396801
3.0604774951934814,0.9006384015083313,0.8363289833068848,-0.02570301853120327,0.010029862634837627,0.9312301278114319,0.36338573694229126,-0.019999289885163307,0.2169100046157837,-0.620241641998291,-0.3731434643268585,0.1852702796459198,0.11675532907247543,0.17673544585704803,-0.09534326940774918,-0.27057501673698425,0.3939133882522583,-0.30416935682296753,-0.25902125239372253,0.04390236735343933,-0.13699328899383545,-0.08733639121055603,-0.5287637710571289,-0.0844796895980835,0.10644730925559998,1.5040318965911865,-0.17551323771476746,0.21180756390094757,-0.2113034576177597,0.07627034187316895,-0.048165373504161835,0.2980901300907135,-0.29964977502822876,-0.1030360758304596
3.0426270961761475,0.9240784049034119,0.8382759094238281,-0.027559274807572365,0.010378662496805191,0.9354318976402283,0.3522782027721405,0.049009498208761215,0.24371445178985596,-0.5559210777282715,-0.39740052819252014,0.21142379939556122,0.10691415518522263,0.1757814735174179,-0.16957002878189087,-0.30236029624938965,0.42508745193481445,-0.3117882013320923,-0.2574315369129181,0.04402095079421997,-0.13917118310928345,-0.0942666307091713,-0.6141606569290161,-0.09495188295841217,0.12633946537971497,1.449613094329834,-0.23676367104053497,0.20035192370414734,-0.1239248514175415,0.07775793224573135,-0.07146206498146057,0.2121688276529312,-0.291587233543396,-0.09541492164134979
3.0245463848114014,0.947071373462677,0.838005006313324,-0.03030758909881115,0.011128900572657585,0.9382254481315613,0.34451496601104736,0.11849512159824371,0.265514612197876,-0.4856584966182709,-0.42498114705085754,0.23649083077907562,0.08989576995372772,0.17835389077663422,-0.2495906502008438,-0.33082059025764465,0.45481589436531067,-0.31761276721954346,-0.25647827982902527,0.04091241583228111,-0.14167574048042297,-0.0980096384882927,-0.6896400451660156,-0.09987738728523254,0.14690111577510834,1.3314039707183838,-0.30110597610473633,0.20080530643463135,-0.041125040501356125,0.08297707885503769,-0.08992887288331985,0.13573087751865387,-0.29137277603149414,-0.09092013537883759
3.0065369606018066,0.9668046832084656,0.8362785577774048,-0.023600460961461067,0.008437920361757278,0.9413300156593323,0.3365556001663208,0.1984059363603592,0.30492284893989563,-0.43364208936691284,-0.4387609660625458,0.25840452313423157,0.07622821629047394,0.18203097581863403,-0.3031115233898163,-0.3283653259277344,0.4596098065376282,-0.32900020480155945,-0.2507407069206238,0.03893682733178139,-0.14475707709789276,-0.10028144717216492,-0.7304842472076416,-0.10207468271255493,0.175510436296463,1.2894303798675537,-0.33809903264045715,0.2111491560935974,0.035865385085344315,0.08779232203960419,-0.0991990864276886,0.09920111298561096,-0.29725441336631775,-0.09229579567909241
2.985985517501831,0.9924686551094055,0.8335548639297485,-0.03493913635611534,0.012461541220545769,0.9412363767623901,0.33570536971092224,0.23061548173427582,0.2797733545303345,-0.3789137899875641,-0.42600953578948975,0.2603527307510376,0.07840226590633392,0.18713407218456268,-0.3881590664386749,-0.3691008687019348,0.45919036865234375,-0.35894742608070374,-0.24128854274749756,0.04052538797259331,-0.14820736646652222,-0.10444239526987076,-0.7022360563278198,-0.10929788649082184,0.21387037634849548,0.8689753413200378,-0.34216922521591187,0.20418331027030945,0.09964508563280106,0.0878039300441742,-0.09881968796253204,0.024838775396347046,-0.3072297275066376,-0.09198784828186035
2.964508056640625,1.0151572227478027,0.8297305703163147,-0.036442991346120834,0.012885198928415775,0.9420990943908691,0.3330993056297302,0.26146215200424194,0.27544263005256653,-0.3528233468532562,-0.39355072379112244,0.27558907866477966,0.0953705906867981,0.19788901507854462,-0.4388144016265869,-0.38166242837905884,0.44866350293159485,-0.3965171277523041,-0.2239556759595871,0.04064643010497093,-0.15194107592105865,-0.10953673720359802,-0.6463927030563354,-0.12289749830961227,0.2666076421737671,0.5654054880142212,-0.34664595127105713,0.1747928112745285,0.15596523880958557,0.08333805948495865,-0.09527282416820526,0.011119252070784569,-0.33157429099082947,-0.08819317817687988
2.941255569458008,1.0384650230407715,0.8248562812805176,-0.03679401054978371,0.012978910468518734,0.9423302412033081,0.3324024975299835,0.28363949060440063,0.26565226912498474,-0.3356431722640991,-0.35698387026786804,0.2917152941226959,0.11571162194013596,0.20258398354053497,-0.47346821427345276,-0.3886244595050812,0.4385231137275696,-0.4427620768547058,-0.20678013563156128,0.0347418412566185,-0.15600204467773438,-0.11196811497211456,-0.5962193012237549,-0.1405969262123108,0.3241448998451233,0.28000056743621826,-0.35623085498809814,0.1452486217021942,0.20746082067489624,0.0767860859632492,-0.09507796913385391,0.011971174739301205,-0.3712177276611328,-0.07900960743427277
2.9150173664093018,1.061599850654602,0.819746732711792,-0.037395574152469635,0.013203294947743416,0.9422100782394409,0.33266711235046387,0.3054395914077759,0.24861575663089752,-0.30982279777526855,-0.3375856280326843,0.29805421829223633,0.13517050445079803,0.20987354218959808,-0.4916703402996063,-0.3909449577331543,0.42212602496147156,-0.4950079917907715,-0.18433278799057007,0.03105180151760578,-0.16041290760040283,-0.10982547700405121,-0.554030179977417,-0.15903110802173615,0.35887646675109863,0.09394426643848419,-0.3658117949962616,0.13874182105064392,0.24722738564014435,0.06939588487148285,-0.09885881096124649,0.05533227697014809,-0.4239920675754547,-0.06260064989328384
2.886857748031616,1.0853981971740723,0.8156347870826721,-0.03647314012050629,0.012847517617046833,0.9424904584884644,0.33198851346969604,0.3293636739253998,0.23153531551361084,-0.28422361612319946,-0.3422355353832245,0.30265989899635315,0.1323150396347046,0.2191970944404602,-0.49116528034210205,-0.3882419764995575,0.40570980310440063,-0.5430378913879395,-0.16583029925823212,0.027320614084601402,-0.1652071624994278,-0.10327418148517609,-0.5357702374458313,-0.17200717329978943,0.37359559535980225,0.08982276171445847,-0.3667556047439575,0.15789474546909332,0.2678111493587494,0.0626225695014,-0.10349109023809433,0.13474911451339722,-0.4950900077819824,-0.044278088957071304
2.858097553253174,1.1088119745254517,0.8134865164756775,-0.036921147257089615,0.012895465828478336,0.9433506727218628,0.3294845223426819,0.3435625731945038,0.21782608330249786,-0.2686615288257599,-0.35902321338653564,0.3116750419139862,0.11654888838529587,0.2097824364900589,-0.47241416573524475,-0.3806484341621399,0.37798312306404114,-0.590675950050354,-0.13678336143493652,0.031010141596198082,-0.17000383138656616,-0.09340189397335052,-0.5362017750740051,-0.17884890735149384,0.3722365200519562,0.19408072531223297,-0.3320396840572357,0.20350046455860138,0.26067933440208435,0.05753026902675629,-0.1051296517252922,0.28093770146369934,-0.5821818113327026,-0.029943618923425674
2.827759265899658,1.1308008432388306,0.8135908842086792,-0.034427300095558167,0.011721455492079258,0.9460108876228333,0.3220881223678589,0.3298323452472687,0.21040953695774078,-0.2916901707649231,-0.3594001531600952,0.31946706771850586,0.10607042908668518,0.18760932981967926,-0.43028849363327026,-0.36871030926704407,0.3482051491737366,-0.6104322671890259,-0.11691338568925858,0.026531051844358444,-0.17308932542800903,-0.08128922432661057,-0.5235447287559509,-0.18702739477157593,0.34605106711387634,0.2618851661682129,-0.28845474123954773,0.2450966089963913,0.21885134279727936,0.052205074578523636,-0.09997086226940155,0.4697727560997009,-0.6375996470451355,-0.023346109315752983
2.797834634780884,1.1511212587356567,0.8155040740966797,-0.029558498412370682,0.009627724066376686,0.9503737688064575,0.30955347418785095,0.2740606367588043,0.20446252822875977,-0.3408299386501312,-0.3338029384613037,0.29986584186553955,0.11331217736005783,0.17122440040111542,-0.3663714528083801,-0.34120890498161316,0.31243324279785156,-0.5784672498703003,-0.11937368661165237,0.012072469107806683,-0.17163461446762085,-0.0675714984536171,-0.48047417402267456,-0.20372968912124634,0.31520459055900574,0.3147554397583008,-0.27961239218711853,0.25660422444343567,0.12535041570663452,0.04326067119836807,-0.08590146154165268,0.7176387906074524,-0.5233985185623169,-0.010664694011211395
2.7697019577026367,1.1687248945236206,0.8184014558792114,-0.023751473054289818,0.007553375791758299,0.9526751041412354,0.30296701192855835,0.2209017425775528,0.1879437118768692,-0.3577921390533447,-0.33857306838035583,0.24846690893173218,0.1171463280916214,0.18942734599113464,-0.31871023774147034,-0.3202596604824066,0.3230108320713043,-0.5132519602775574,-0.1496228128671646,0.013598293997347355,-0.1639232337474823,-0.05299828201532364,-0.4121384918689728,-0.23027779161930084,0.29610350728034973,0.31574636697769165,-0.2844531238079071,0.2588135302066803,-0.01571778394281864,0.030267735943198204,-0.06567873805761337,1.0060842037200928,-0.2282373309135437,-0.001795262098312378
2.743302345275879,1.1853376626968384,0.8215768337249756,-0.019774792715907097,0.006223446223884821,0.9536712169647217,0.3001357316970825,0.16363579034805298,0.17741626501083374,-0.3703624904155731,-0.3680655062198639,0.25852447748184204,0.08910197764635086,0.20631791651248932,-0.28808990120887756,-0.31121107935905457,0.3677091598510742,-0.4429909288883209,-0.1628132164478302,0.018444454297423363,-0.15127445757389069,-0.03859091177582741,-0.3264099061489105,-0.26126599311828613,0.27566608786582947,0.2601523995399475,-0.28040802478790283,0.26100000739097595,-0.16232305765151978,0.015276127494871616,-0.04795840010046959,1.2195135354995728,-0.021279368549585342,-0.03316258639097214
2.717526435852051,1.2017914056777954,0.824600338935852,-0.01787715218961239,0.005490913521498442,0.9557582139968872,0.293558269739151,0.0912313312292099,0.18164660036563873,-0.39935603737831116,-0.4024007022380829,0.2668343782424927,0.06378789246082306,0.19199228286743164,-0.25756022334098816,-0.3030973970890045,0.41718313097953796,-0.3688562512397766,-0.17580056190490723,0.015604648739099503,-0.13681846857070923,-0.024615727365016937,-0.23581728339195251,-0.2889750599861145,0.23780474066734314,0.18826867640018463,-0.27409952878952026,0.26100000739097595,-0.291967511177063,-0.001713946578092873,-0.041436225175857544,1.3862133026123047,-0.033489588648080826,-0.09760187566280365
2.6928882598876953,1.2178596258163452,0.8271642923355103,-0.016897717490792274,0.004926776513457298,0.959877610206604,0.2798663377761841,0.004793812055140734,0.1897212415933609,-0.43848997354507446,-0.42959466576576233,0.24718014895915985,0.04790312796831131,0.17758335173130035,-0.21204324066638947,-0.29180026054382324,0.43540436029434204,-0.3103439211845398,-0.18451347947120667,0.01914701797068119,-0.12242405116558075,-0.010045747272670269,-0.15440025925636292,-0.3093882203102112,0.18214750289916992,0.13507197797298431,-0.2691476047039032,0.26100000739097595,-0.4091145992279053,-0.02193419449031353,-0.04573523998260498,1.4760617017745972,-0.11936581134796143,-0.1761671006679535
2.6685919761657715,1.2331280708312988,0.8290157318115234,-0.016561100259423256,0.004533867351710796,0.9643668532371521,0.2640109062194824,-0.0846443921327591,0.19467410445213318,-0.4767261743545532,-0.4550414979457855,0.21384598314762115,0.038975946605205536,0.18462106585502625,-0.16355665028095245,-0.27608582377433777,0.43765154480934143,-0.254753977060318,-0.20149682462215424,0.030277984216809273,-0.107900470495224,0.006087596528232098,-0.08697344362735748,-0.3220764398574829,0.12554378807544708,0.1140279695391655,-0.26947522163391113,0.26100000739097595,-0.513236403465271,-0.04272466152906418,-0.05122152343392372,1.4918553829193115,-0.19227933883666992,-0.23997388780117035
2.64398455619812,1.2475330829620361,0.830014705657959,-0.01721789315342903,0.004442521370947361,0.9681351780891418,0.2497960329055786,-0.16594798862934113,0.1919754147529602,-0.495760053396225,-0.4845661222934723,0.18565206229686737,0.030965954065322876,0.21020643413066864,-0.12271439284086227,-0.26298967003822327,0.43356287479400635,-0.2098415344953537,-0.21414168179035187,0.059807226061820984,-0.09324938803911209,0.022225702181458473,-0.029926246032118797,-0.3262939453125,0.07873298227787018,0.10382930934429169,-0.27492040395736694,0.26100000739097595,-0.5996188521385193,-0.05679594352841377,-0.04897521063685417,1.436814546585083,-0.2556411027908325,-0.260999858379364
2.619793176651001,1.262473225593567,0.8300753235816956,-0.019788483157753944,0.004759323783218861,0.9720733165740967,0.23379313945770264,-0.2430722713470459,0.1889253556728363,-0.5052237510681152,-0.5177848935127258,0.16864393651485443,0.022512082010507584,0.22817641496658325,-0.07711897790431976,-0.2549629807472229,0.405759334564209,-0.20516325533390045,-0.1823456734418869,0.09357146173715591,-0.0803135335445404,0.03377581760287285,0.019804682582616806,-0.32016104459762573,0.039928387850522995,0.0989195704460144,-0.2841106653213501,0.26100000739097595,-0.6626814603805542,-0.05697549507021904,-0.03685607761144638,1.3144688606262207,-0.3069832921028137,-0.26100000739097595
2.595294237136841,1.2785943746566772,0.8290095925331116,-0.02351277507841587,0.005175634752959013,0.9763367772102356,0.2149113565683365,-0.3130713403224945,0.18693529069423676,-0.5111827850341797,-0.5613900423049927,0.14503580331802368,0.025451477617025375,0.23044705390930176,-0.025638271123170853,-0.24842025339603424,0.39132532477378845,-0.2246248424053192,-0.1839841902256012,0.07323402166366577,-0.07155457139015198,0.0369412824511528,0.06453008204698563,-0.3036331236362457,0.010351834818720818,0.09621567279100418,-0.30141013860702515,0.26100000739097595,-0.6957479119300842,-0.04214995726943016,-0.016747670248150826,1.123794674873352,-0.3392769396305084,-0.26100000739097595
2.5699105262756348,1.2951688766479492,0.8265231251716614,-0.027148472145199776,0.005493519827723503,0.9797589778900146,0.19825519621372223,-0.36275461316108704,0.18808867037296295,-0.5049493312835693,-0.619207501411438,0.11787138134241104,0.024995626881718636,0.22123783826828003,0.016494540497660637,-0.2397615909576416,0.37519657611846924,-0.24395012855529785,-0.19459129869937897,0.057012174278497696,-0.06807869672775269,0.03274348005652428,0.10835971683263779,-0.27991074323654175,-0.01218185480684042,0.09809738397598267,-0.32887333631515503,0.26100000739097595,-0.692656397819519,-0.01970222033560276,0.0075296382419764996,0.865540087223053,-0.35413479804992676,-0.26100000739097595
2.5427749156951904,1.311614990234375,0.822471022605896,-0.03051031194627285,0.005671309307217598,0.9826856255531311,0.18266330659389496,-0.390034556388855,0.19189822673797607,-0.5047847032546997,-0.6920802593231201,0.09119968116283417,0.020527929067611694,0.22174814343452454,0.04942149668931961,-0.22895552217960358,0.33977654576301575,-0.2584156394004822,-0.1999693065881729,0.0534047894179821,-0.0694042295217514,0.025306424126029015,0.15621647238731384,-0.25345706939697266,-0.03465917706489563,0.10070498287677765,-0.3628537058830261,0.26100000739097595,-0.6550687551498413,-0.00039549171924591064,0.028610149398446083,0.546847939491272,-0.36459243297576904,-0.23906393349170685
2.512620210647583,1.3274991512298584,0.817199170589447,-0.033178042620420456,0.005583830643445253,0.9855733513832092,0.16587097942829132,-0.39892539381980896,0.19703102111816406,-0.5165547728538513,-0.769400417804718,0.04981675371527672,0.018494848161935806,0.22153784334659576,0.07533536106348038,-0.2219541221857071,0.3016679286956787,-0.263689786195755,-0.20995210111141205,0.05152469128370285,-0.07439059019088745,0.017485249787569046,0.20753026008605957,-0.2270403802394867,-0.053222961723804474,0.09922315180301666,-0.40215039253234863,0.26023736596107483,-0.6051058769226074,0.010736122727394104,0.036403585225343704,0.2323877513408661,-0.37271204590797424,-0.1726730316877365
2.4804837703704834,1.3442609310150146,0.8116670250892639,-0.035403575748205185,0.005365635268390179,0.9880754351615906,0.1497490555047989,-0.39127427339553833,0.20449568331241608,-0.5333066582679749,-0.838607907295227,0.023285791277885437,0.01198716089129448,0.21835944056510925,0.08872020989656448,-0.21934881806373596,0.28601130843162537,-0.25753551721572876,-0.22038482129573822,0.05188466235995293,-0.08167427778244019,0.010151089169085026,0.25252270698547363,-0.20095516741275787,-0.06164908409118652,0.12250358611345291,-0.45312848687171936,0.2537601590156555,-0.5766233801841736,0.016829034313559532,0.025999173521995544,0.049668580293655396,-0.3776189684867859,-0.09800384938716888
2.447273015975952,1.361757516860962,0.8071647882461548,-0.03670608997344971,0.004981916397809982,0.9902346730232239,0.13439913094043732,-0.36896488070487976,0.21370862424373627,-0.5497258901596069,-0.8871164917945862,0.013933924026787281,0.004851208534091711,0.21274420619010925,0.09106709808111191,-0.21749432384967804,0.29599401354789734,-0.2442137897014618,-0.22240370512008667,0.058257438242435455,-0.089594267308712,0.003535363357514143,0.2803097367286682,-0.17708483338356018,-0.06748335808515549,0.18574127554893494,-0.51913982629776,0.24097493290901184,-0.5860256552696228,0.02291768603026867,0.007749387063086033,0.10457968711853027,-0.37580856680870056,-0.07436802983283997
2.412875175476074,1.3794586658477783,0.8047197461128235,-0.03937220945954323,0.004851001314818859,0.9917138814926147,0.12218783795833588,-0.3399812877178192,0.2230825126171112,-0.5635020136833191,-0.908954918384552,0.013625294901430607,0.010682876221835613,0.21033304929733276,0.08872600644826889,-0.21856874227523804,0.3084040582180023,-0.24019141495227814,-0.21177250146865845,0.0679086223244667,-0.0965675637125969,-0.0031985805835574865,0.2888234257698059,-0.16267013549804688,-0.0816991850733757,0.2860667109489441,-0.5925286412239075,0.23768991231918335,-0.6151829957962036,0.030608996748924255,0.001873767701908946,0.260725200176239,-0.33478134870529175,-0.09330862015485764
2.3760008811950684,1.396675944328308,0.8044958114624023,-0.03561116382479668,0.003937625791877508,0.9933041930198669,0.10983242094516754,-0.2962687611579895,0.2265898883342743,-0.5801088809967041,-0.8800248503684998,0.03338008373975754,0.008745311759412289,0.19746769964694977,0.08985467255115509,-0.2215869426727295,0.31388238072395325,-0.24050672352313995,-0.20728717744350433,0.07079027593135834,-0.10203565657138824,-0.013078920543193817,0.27127912640571594,-0.16281509399414062,-0.09857945889234543,0.42717838287353516,-0.6522887945175171,0.24930886924266815,-0.6271404027938843,0.03973095118999481,0.016375739127397537,0.3936590254306793,-0.2680273950099945,-0.09081973135471344
2.339280366897583,1.4120514392852783,0.8056633472442627,-0.03047902137041092,0.0031479455064982176,0.9942415952682495,0.10268762707710266,-0.23890379071235657,0.2139846831560135,-0.5698634386062622,-0.7874540090560913,0.03549032285809517,0.01887468434870243,0.18294401466846466,0.0737612396478653,-0.22694918513298035,0.32665908336639404,-0.23835745453834534,-0.20832417905330658,0.07764232158660889,-0.1069999486207962,-0.030655428767204285,0.19902758300304413,-0.16325488686561584,-0.07674702256917953,0.6481112837791443,-0.6247411966323853,0.24821743369102478,-0.6017232537269592,0.05282583087682724,0.03818236663937569,0.4702111780643463,-0.24282726645469666,-0.06493695080280304
2.3038904666900635,1.4258296489715576,0.8072026968002319,-0.02668236754834652,0.0024202445056289434,0.9955539703369141,0.0903024896979332,-0.1885463148355484,0.20111308991909027,-0.578985869884491,-0.6781094670295715,0.05498497188091278,0.05596226826310158,0.19071952998638153,0.056204572319984436,-0.2347499281167984,0.3212893605232239,-0.2559814453125,-0.1971532553434372,0.07640528678894043,-0.11319391429424286,-0.05725686624646187,0.04649732634425163,-0.13830004632472992,0.01778712309896946,0.9313523769378662,-0.41639015078544617,0.20540529489517212,-0.5680748820304871,0.0731225237250328,0.04928051307797432,0.498656690120697,-0.27341318130493164,-0.06937390565872192
2.2759451866149902,1.4359380006790161,0.8090410828590393,-0.015918269753456116,0.0011867770226672292,0.9971053004264832,0.07433858513832092,-0.12956511974334717,0.22491973638534546,-0.6162309646606445,-0.5787103772163391,0.081865593791008,0.07809507846832275,0.19377401471138,0.051054421812295914,-0.22053271532058716,0.33489134907722473,-0.28498873114585876,-0.21353420615196228,0.059993576258420944,-0.12127422541379929,-0.08552495390176773,-0.14940457046031952,-0.09065704792737961,0.12482304126024246,1.3432148694992065,-0.13450101017951965,0.16579031944274902,-0.5447038412094116,0.0962720438838005,0.04294831305742264,0.6573336124420166,-0.3326093256473541,-0.10790522396564484
2.2448883056640625,1.4455490112304688,0.8119292259216309,-0.019861862063407898,0.0011572325602173805,0.9981093406677246,0.058153897523880005,-0.09821178019046783,0.23841145634651184,-0.6388565897941589,-0.4855128824710846,0.11461441218852997,0.07207175344228745,0.18067587912082672,0.0012876102700829506,-0.2239849716424942,0.3625977635383606,-0.2953234910964966,-0.2515762150287628,0.04124050959944725,-0.12981539964675903,-0.10405054688453674,-0.3196311593055725,-0.051423363387584686,0.16961994767189026,1.5073014497756958,-0.019580895081162453,0.17940454185009003,-0.4937664270401001,0.11186075210571289,0.02346857823431492,0.6461799144744873,-0.38103994727134705,-0.1435885727405548
2.2133357524871826,1.4530181884765625,0.8160503506660461,-0.023404769599437714,0.0010094010503962636,0.9987971186637878,0.043076127767562866,-0.05184744670987129,0.24953603744506836,-0.6336409449577332,-0.4372675120830536,0.15273793041706085,0.09308797866106033,0.16671377420425415,-0.05538075044751167,-0.23365864157676697,0.39710065722465515,-0.2968369424343109,-0.25386324524879456,0.03936489671468735,-0.13644884526729584,-0.10895119607448578,-0.45541244745254517,-0.036408379673957825,0.17335885763168335,1.6097283363342285,-0.07386542111635208,0.20758017897605896,-0.40231257677078247,0.11593915522098541,-0.0024984139017760754,0.5673421025276184,-0.39525166153907776,-0.16100803017616272
2.181169271469116,1.4597622156143188,0.8203915357589722,-0.025684693828225136,0.0007175701903179288,0.9992799162864685,0.027917541563510895,0.002913404954597354,0.26479730010032654,-0.6081967353820801,-0.41179364919662476,0.17136019468307495,0.11106877028942108,0.16543227434158325,-0.10907047986984253,-0.2440962791442871,0.42620280385017395,-0.30275261402130127,-0.24811922013759613,0.040355827659368515,-0.14015375077724457,-0.10531927645206451,-0.5729694366455078,-0.038545332849025726,0.1702079325914383,1.6303976774215698,-0.1455109715461731,0.21793724596500397,-0.28419601917266846,0.11416119337081909,-0.030772918835282326,0.44696304202079773,-0.3835737407207489,-0.16487464308738708
2.1481776237487793,1.4656624794006348,0.8236802220344543,-0.026242880150675774,0.0003518280864227563,0.9995657205581665,0.013400787487626076,0.06271622329950333,0.2829571068286896,-0.5712929964065552,-0.4075162410736084,0.189064159989357,0.1131080687046051,0.1733424812555313,-0.15716949105262756,-0.25705891847610474,0.4469129741191864,-0.3154303729534149,-0.24653159081935883,0.038826897740364075,-0.14222900569438934,-0.09938490390777588,-0.6744386553764343,-0.04879205673933029,0.16117683053016663,1.5806331634521484,-0.20248782634735107,0.20428508520126343,-0.15854160487651825,0.11271165311336517,-0.057148803025484085,0.2761039435863495,-0.363348126411438,-0.15856114029884338
2.115933656692505,1.4708642959594727,0.8253767490386963,-0.030634399503469467,0.00004838418317376636,0.9995294213294983,0.0015786635922268033,0.11036098748445511,0.3024272322654724,-0.5400059223175049,-0.40814512968063354,0.23362840712070465,0.1041475310921669,0.1879986822605133,-0.20791929960250854,-0.2668374478816986,0.4577920734882355,-0.33547359704971313,-0.23842598497867584,0.03469068184494972,-0.14495137333869934,-0.09481988102197647,-0.7571997046470642,-0.06206564977765083,0.1482338309288025,1.5020817518234253,-0.2581692636013031,0.16660469770431519,-0.04810862988233566,0.11240088194608688,-0.0742415115237236,0.18099422752857208,-0.35043826699256897,-0.1495261788368225
2.0834219455718994,1.4762599468231201,0.8254537582397461,0.03452802076935768,0.0002411649766145274,-0.9993793368339539,0.006980281323194504,0.15512818098068237,0.30350515246391296,-0.5077878832817078,-0.4020636975765228,0.2687731981277466,0.1006910502910614,0.20265339314937592,-0.2570853531360626,-0.2796819508075714,0.4603269100189209,-0.3549620807170868,-0.22828327119350433,0.028535759076476097,-0.14953233301639557,-0.09295498579740524,-0.7896508574485779,-0.07496488839387894,0.13916614651679993,1.3153579235076904,-0.28500980138778687,0.12218691408634186,0.041157618165016174,0.11116073280572891,-0.0767957866191864,0.0638044998049736,-0.3474638760089874,-0.14438162744045258
2.0485727787017822,1.481507420539856,0.8236764073371887,0.04816140979528427,0.0004962647217325866,-0.998786449432373,0.010291692800819874,0.17326819896697998,0.27581992745399475,-0.48446643352508545,-0.38714081048965454,0.29590630531311035,0.11035486310720444,0.2125329077243805,-0.3217557370662689,-0.3051969110965729,0.4604180157184601,-0.3775239884853363,-0.22401322424411774,0.01958564482629299,-0.1554236114025116,-0.09230508655309677,-0.7674366235733032,-0.08398175984621048,0.14228811860084534,0.9228361248970032,-0.286253422498703,0.08065775036811829,0.10522457957267761,0.10887578874826431,-0.06982524693012238,0.009045991115272045,-0.3590431809425354,-0.14151501655578613
2.014782667160034,1.4846519231796265,0.8198021650314331,0.052424803376197815,0.0008461725083179772,-0.9984944462776184,0.016116388142108917,0.1946210414171219,0.2697445750236511,-0.487045556306839,-0.3653453588485718,0.29642343521118164,0.11440665274858475,0.2022901475429535,-0.3554491698741913,-0.30623188614845276,0.4551035165786743,-0.4124758541584015,-0.21074546873569489,0.013538572937250137,-0.1611940711736679,-0.09045141935348511,-0.7279226779937744,-0.08820241689682007,0.16590085625648499,0.6308909058570862,-0.2984219789505005,0.044087234884500504,0.1571999341249466,0.10668852925300598,-0.0650942251086235,0.008708668872714043,-0.3850107491016388,-0.13589870929718018
1.9787635803222656,1.4869120121002197,0.8144569396972656,0.05464717373251915,0.0009824502049013972,-0.9983439445495605,0.01794828660786152,0.21092115342617035,0.25774723291397095,-0.48058751225471497,-0.34655916690826416,0.2906648516654968,0.11537471413612366,0.19083437323570251,-0.38073447346687317,-0.3025624752044678,0.4600651264190674,-0.4439186751842499,-0.20476321876049042,0.0003647339763119817,-0.16576793789863586,-0.08695477247238159,-0.6797053217887878,-0.09253494441509247,0.20968951284885406,0.32413679361343384,-0.3260253071784973,0.02718505635857582,0.21418821811676025,0.10261014103889465,-0.0704331025481224,0.009948975406587124,-0.4131145477294922,-0.12019671499729156
1.940047264099121,1.4871078729629517,0.8091936111450195,0.054989345371723175,0.0009652454173192382,-0.998332679271698,0.017524050548672676,0.22645291686058044,0.23836535215377808,-0.45829859375953674,-0.34000784158706665,0.2772499620914459,0.11913784593343735,0.1837083399295807,-0.3959113657474518,-0.292614609003067,0.47151243686676025,-0.46241557598114014,-0.2106710970401764,-0.020496916025877,-0.16897962987422943,-0.0821373239159584,-0.631752073764801,-0.10100140422582626,0.25206831097602844,0.11481623351573944,-0.3470058739185333,0.0261516273021698,0.26421695947647095,0.09369246661663055,-0.08604476600885391,0.013959098607301712,-0.4506918489933014,-0.08899745345115662
1.8991005420684814,1.4847116470336914,0.8055462837219238,0.054582659155130386,0.0008695173892192543,-0.9983822107315063,0.015904514119029045,0.24278341233730316,0.21594499051570892,-0.4301086664199829,-0.35221248865127563,0.27209407091140747,0.11814253032207489,0.1762433797121048,-0.3993168771266937,-0.2804436981678009,0.47991943359375,-0.4749995470046997,-0.20241966843605042,-0.024135567247867584,-0.17106813192367554,-0.07536368072032928,-0.612595796585083,-0.11136831343173981,0.2818405032157898,0.10219345986843109,-0.32011398673057556,0.047701332718133926,0.2848436236381531,0.08265237510204315,-0.10558387637138367,0.11997896432876587,-0.518086314201355,-0.05174883455038071
1.8577632904052734,1.4815067052841187,0.8042063117027283,0.054810889065265656,0.001011878252029419,-0.9983261227607727,0.01843036152422428,0.24692519009113312,0.20488795638084412,-0.4325900077819824,-0.3726838529109955,0.2639467418193817,0.10866158455610275,0.15422552824020386,-0.3866175413131714,-0.26804253458976746,0.4639397859573364,-0.48850658535957336,-0.17560957372188568,-0.01985468715429306,-0.1713370531797409,-0.06646780669689178,-0.6220000982284546,-0.1216675266623497,0.2793467044830322,0.21092142164707184,-0.24257154762744904,0.1109909638762474,0.27404940128326416,0.075473353266716,-0.11907859891653061,0.2790878415107727,-0.6071567535400391,-0.03760884329676628
1.817043423652649,1.4778705835342407,0.8048175573348999,0.05045710504055023,0.0016689806943759322,-0.9981788992881775,0.033016983419656754,0.21065498888492584,0.20963351428508759,-0.49394989013671875,-0.36345821619033813,0.2584325075149536,0.10559031367301941,0.1137547716498375,-0.34322795271873474,-0.24890947341918945,0.4257870614528656,-0.47055986523628235,-0.17422014474868774,-0.02814817987382412,-0.1673206388950348,-0.05549381673336029,-0.6267184615135193,-0.13621436059474945,0.2301919311285019,0.3405631184577942,-0.18561165034770966,0.1687946915626526,0.22742848098278046,0.06944364309310913,-0.1217045933008194,0.46602490544319153,-0.6449688673019409,-0.062064219266176224
1.778225064277649,1.4734714031219482,0.8063032031059265,0.04366127401590347,0.0020809948910027742,-0.9979113936424255,0.04756271094083786,0.15067292749881744,0.20905640721321106,-0.5563092231750488,-0.3433445990085602,0.19775786995887756,0.12089397013187408,0.07962815463542938,-0.2911074161529541,-0.21968425810337067,0.40379416942596436,-0.40765053033828735,-0.21399828791618347,-0.03578859940171242,-0.15637117624282837,-0.040009886026382446,-0.6020421981811523,-0.16499881446361542,0.18027012050151825,0.43625715374946594,-0.18030878901481628,0.2081642746925354,0.11695209890604019,0.05051880329847336,-0.11903081834316254,0.7400404214859009,-0.48529669642448425,-0.08395252376794815
1.7431689500808716,1.466217041015625,0.8077864646911621,0.038141876459121704,0.001893455977551639,-0.9980415105819702,0.04954522103071213,0.10450723022222519,0.19581139087677002,-0.560552716255188,-0.36112409830093384,0.1420506089925766,0.10944345593452454,0.09914983063936234,-0.2593088448047638,-0.21009871363639832,0.4286915957927704,-0.34609654545783997,-0.22571507096290588,-0.01794961653649807,-0.13920067250728607,-0.01779363490641117,-0.560404360294342,-0.21359127759933472,0.1615411937236786,0.4597378075122833,-0.20645301043987274,0.24569225311279297,-0.05809933692216873,0.010241637006402016,-0.11871565878391266,1.0535433292388916,-0.1284562349319458,-0.09242397546768188
1.7144756317138672,1.4643839597702026,0.8094557523727417,0.024729888886213303,0.001244009705260396,-0.9984309673309326,0.05022496357560158,0.07595254480838776,0.15282876789569855,-0.5619970560073853,-0.40053755044937134,0.16430625319480896,0.08108948916196823,0.13291007280349731,-0.21962827444076538,-0.25358808040618896,0.48198801279067993,-0.31907930970191956,-0.19434058666229248,0.004948985297232866,-0.1212872713804245,0.0061843013390898705,-0.5108097195625305,-0.2676704227924347,0.15561145544052124,0.5399396419525146,-0.24586758017539978,0.2609999179840088,-0.24421550333499908,-0.04013223201036453,-0.12048950791358948,1.395276427268982,0.12061935663223267,-0.13064546883106232
1.6819148063659668,1.4602305889129639,0.8122149109840393,0.022847047075629234,0.0011430950835347176,-0.9984893798828125,0.04995692893862724,0.00880664587020874,0.15852241218090057,-0.5654168128967285,-0.4314163327217102,0.2238353192806244,0.05695463716983795,0.15544894337654114,-0.19336119294166565,-0.2600387632846832,0.501987636089325,-0.3085446059703827,-0.1707715541124344,0.019173860549926758,-0.10923883318901062,0.022376224398612976,-0.43317851424217224,-0.3055790364742279,0.1407686471939087,0.49985745549201965,-0.27890488505363464,0.26100000739097595,-0.3973753750324249,-0.07923933863639832,-0.11799019575119019,1.5624597072601318,0.0898890346288681,-0.18702539801597595
1.6494418382644653,1.456583857536316,0.8164632320404053,0.02005053125321865,0.0011558040278032422,-0.9981412887573242,0.05753741413354874,-0.07281368970870972,0.169416144490242,-0.5870267748832703,-0.4458087980747223,0.2178460657596588,0.05349306762218475,0.15499688684940338,-0.14360976219177246,-0.26176512241363525,0.47056132555007935,-0.3098125755786896,-0.1820220947265625,0.018371718004345894,-0.10548947751522064,0.02771744690835476,-0.3258645832538605,-0.3217811584472656,0.11178175359964371,0.42284053564071655,-0.29319247603416443,0.26100000739097595,-0.5241758823394775,-0.09268862754106522,-0.10686615109443665,1.6407673358917236,-0.04454883933067322,-0.23193451762199402
1.6169272661209106,1.4518743753433228,0.8214415311813354,0.017505601048469543,0.0011717173038050532,-0.9976138472557068,0.06677412986755371,-0.15327724814414978,0.1777157038450241,-0.6028062105178833,-0.4607410728931427,0.17785297334194183,0.05438799411058426,0.16484452784061432,-0.08860119432210922,-0.2635231018066406,0.41207829117774963,-0.31480884552001953,-0.20035964250564575,0.011831597425043583,-0.10729144513607025,0.02759183570742607,-0.20630265772342682,-0.31864720582962036,0.07085337489843369,0.3099798560142517,-0.2872704565525055,0.26100000739097595,-0.6197193264961243,-0.07951252907514572,-0.08847175538539886,1.6364524364471436,-0.13704350590705872,-0.25600865483283997
1.5810916423797607,1.4440144300460815,0.8255651593208313,0.029407329857349396,0.002181666437536478,-0.9968256950378418,0.07395234704017639,-0.24886064231395721,0.23098567128181458,-0.6052384376525879,-0.48706740140914917,0.14969855546951294,0.04675684869289398,0.18480609357357025,-0.06701801717281342,-0.2242043912410736,0.359065979719162,-0.31630605459213257,-0.21604740619659424,0.011897758580744267,-0.11044842004776001,0.02810160256922245,-0.09703555703163147,-0.30152764916419983,0.023861214518547058,0.1545983850955963,-0.27546757459640503,0.26100000739097595,-0.6779757142066956,-0.051049962639808655,-0.06672436743974686,1.3858578205108643,-0.19681322574615479,-0.26100000739097595
1.549247145652771,1.4400148391723633,0.8272610902786255,0.031211063265800476,0.0026653793174773455,-0.9958844184875488,0.08504708111286163,-0.3086450397968292,0.23647333681583405,-0.5965515971183777,-0.5309852957725525,0.14028722047805786,0.03446038439869881,0.2091701477766037,-0.024804264307022095,-0.228543221950531,0.3337729871273041,-0.3169492483139038,-0.23029299080371857,0.010834477841854095,-0.11271297931671143,0.03021983429789543,-0.017278943210840225,-0.28178638219833374,-0.0182478167116642,0.1156415194272995,-0.28038203716278076,0.26100000739097595,-0.7230679392814636,-0.02155240625143051,-0.04225170239806175,1.2422109842300415,-0.2555081844329834,-0.26100000739097595
1.5166062116622925,1.437002420425415,0.8257219791412354,0.03405647352337837,0.0033666586969047785,-0.9945664405822754,0.09831803292036057,-0.35661080479621887,0.24405845999717712,-0.5749735236167908,-0.590392529964447,0.12699072062969208,0.0283176489174366,0.2132302224636078,0.01641468144953251,-0.22843579947948456,0.3178133964538574,-0.31282007694244385,-0.2252139151096344,0.010892314836382866,-0.11377352476119995,0.028161734342575073,0.041356656700372696,-0.2659946382045746,-0.05330144241452217,0.10691577941179276,-0.30732786655426025,0.26100000739097595,-0.7480440139770508,0.0032585621811449528,-0.011343655176460743,1.0308070182800293,-0.30205100774765015,-0.26100000739097595
1.4827512502670288,1.433671474456787,0.821148693561554,0.037061698734760284,0.004276575520634651,-0.9927166700363159,0.11455027759075165,-0.3961668610572815,0.24674075841903687,-0.562371015548706,-0.6479126214981079,0.10685867071151733,0.025007285177707672,0.21193240582942963,0.05734555795788765,-0.22271665930747986,0.2987343966960907,-0.3038672208786011,-0.22729724645614624,0.011970183812081814,-0.11376208066940308,0.01406993716955185,0.09820522367954254,-0.2577431797981262,-0.07090581953525543,0.10989894717931747,-0.35060229897499084,0.26100000739097595,-0.7479567527770996,0.02381865866482258,0.02718323841691017,0.7510842680931091,-0.322966992855072,-0.2496172934770584
1.44928777217865,1.4295945167541504,0.8146633505821228,0.030230984091758728,0.0039534191600978374,-0.9910963177680969,0.1296093761920929,-0.4028339087963104,0.22062546014785767,-0.5493136644363403,-0.7053276300430298,0.08588206022977829,0.0222187377512455,0.21319878101348877,0.11272355914115906,-0.24365651607513428,0.2834528088569641,-0.29065459966659546,-0.23484501242637634,0.016594236716628075,-0.11282040178775787,-0.011039717122912407,0.16182167828083038,-0.2561120390892029,-0.06841754913330078,0.13565051555633545,-0.40597474575042725,0.26100000739097595,-0.7284095287322998,0.039228953421115875,0.06324118375778198,0.5241091847419739,-0.33226871490478516,-0.1955873668193817
1.411742925643921,1.421991229057312,0.8080506324768066,0.03146782144904137,0.004700862802565098,-0.9885244965553284,0.14767205715179443,-0.41207626461982727,0.21647317707538605,-0.5583400726318359,-0.7601863145828247,0.07104091346263885,0.014386647380888462,0.2136031538248062,0.14817500114440918,-0.23656003177165985,0.26097843050956726,-0.2706032991409302,-0.2441917061805725,0.023887477815151215,-0.11149021238088608,-0.03380035609006882,0.22408878803253174,-0.24583011865615845,-0.06472914665937424,0.14279907941818237,-0.46711307764053345,0.2609684467315674,-0.6849976778030396,0.04885506257414818,0.07732240110635757,0.21264849603176117,-0.33899104595184326,-0.09872650355100632
1.3726353645324707,1.4151326417922974,0.8030623197555542,0.032448869198560715,0.005461536347866058,-0.9855955243110657,0.16588762402534485,-0.4069536328315735,0.2160172164440155,-0.5774962902069092,-0.8063859939575195,0.05863794684410095,0.009148265235126019,0.212961345911026,0.1786816418170929,-0.2250005453824997,0.24848848581314087,-0.2506503760814667,-0.24734313786029816,0.035242028534412384,-0.11056317389011383,-0.04053865745663643,0.2683379054069519,-0.21301579475402832,-0.06915652006864548,0.18590208888053894,-0.5303041338920593,0.2573533356189728,-0.6465710997581482,0.054846785962581635,0.06079121679067612,0.09302108734846115,-0.3506883978843689,-0.02814178541302681
1.3300929069519043,1.4060710668563843,0.8006330728530884,0.041025158017873764,0.0076836454682052135,-0.9820528030395508,0.1839297115802765,-0.39996594190597534,0.23517964780330658,-0.6014061570167542,-0.8358271718025208,0.041572824120521545,0.007516116369515657,0.21124793589115143,0.18373407423496246,-0.19041641056537628,0.2493656575679779,-0.2323940545320511,-0.24774593114852905,0.04693160578608513,-0.11031034588813782,-0.03097250871360302,0.2880432903766632,-0.16792522370815277,-0.08498422801494598,0.24350859224796295,-0.5951540470123291,0.24536390602588654,-0.6405411958694458,0.05978981405496597,0.032741546630859375,0.1729309856891632,-0.3313271105289459,-0.028037888929247856
1.2883719205856323,1.3985621929168701,0.8007736206054688,0.04215370491147041,0.008380810730159283,-0.9798972010612488,0.19481876492500305,-0.3635915517807007,0.23641078174114227,-0.6100538969039917,-0.8430603742599487,0.03608427941799164,0.01339224074035883,0.2078307718038559,0.19830454885959625,-0.18250766396522522,0.2544209063053131,-0.23397357761859894,-0.22988425195217133,0.06088995188474655,-0.11015550047159195,-0.017098315060138702,0.28816550970077515,-0.13785256445407867,-0.11154519766569138,0.3569682240486145,-0.658816933631897,0.23255228996276855,-0.6538582444190979,0.06500939279794693,0.021100280806422234,0.31153634190559387,-0.2612026035785675,-0.04624740779399872
1.2469578981399536,1.3888611793518066,0.8030416369438171,0.037100810557603836,0.007609960623085499,-0.978902280330658,0.20078827440738678,-0.3042340874671936,0.22679926455020905,-0.6122966408729553,-0.7913162112236023,0.05520329996943474,0.010827410966157913,0.20411674678325653,0.19454309344291687,-0.1811569482088089,0.26696228981018066,-0.23248763382434845,-0.22656449675559998,0.06656096130609512,-0.10939383506774902,-0.010815614834427834,0.25236883759498596,-0.133023202419281,-0.12830403447151184,0.5163313746452332,-0.6780437231063843,0.22549870610237122,-0.6483889222145081,0.07145871222019196,0.030053261667490005,0.43318086862564087,-0.20909976959228516,-0.038500044494867325
1.2077823877334595,1.3773815631866455,0.8069245219230652,0.031973157078027725,0.006760445889085531,-0.9778463840484619,0.20675711333751678,-0.244822159409523,0.20855337381362915,-0.6182770729064941,-0.681382954120636,0.07661861181259155,0.02059234492480755,0.19269618391990662,0.17878755927085876,-0.18406300246715546,0.2700299322605133,-0.24367810785770416,-0.22021065652370453,0.06611563265323639,-0.10817257314920425,-0.016001679003238678,0.1454308032989502,-0.13360095024108887,-0.09893989562988281,0.7808260917663574,-0.5325445532798767,0.1958993375301361,-0.6087827086448669,0.08041931688785553,0.04183072969317436,0.48848873376846313,-0.20742489397525787,-0.04147565737366676
1.171425700187683,1.3674399852752686,0.811941921710968,0.029639832675457,0.006858966778963804,-0.9738031625747681,0.22534821927547455,-0.21390946209430695,0.19771374762058258,-0.6818540096282959,-0.5550897717475891,0.11377360671758652,0.05843997374176979,0.18100421130657196,0.16564440727233887,-0.18607361614704132,0.25797683000564575,-0.2783888578414917,-0.2205250859260559,0.05225623771548271,-0.10743601620197296,-0.029497772455215454,-0.020645031705498695,-0.1218031495809555,-0.03663618117570877,1.0716588497161865,-0.21568001806735992,0.13777907192707062,-0.548625111579895,0.09133927524089813,0.04216236621141434,0.5148236751556396,-0.23658224940299988,-0.07888054847717285
1.1379927396774292,1.3572897911071777,0.8175961375236511,0.03031698800623417,0.007702827453613281,-0.9687315225601196,0.24613170325756073,-0.19122403860092163,0.19616329669952393,-0.7456525564193726,-0.44267112016677856,0.14487473666667938,0.07397154718637466,0.15762239694595337,0.1292632669210434,-0.19437357783317566,0.28922897577285767,-0.3013525605201721,-0.24931275844573975,0.03243785351514816,-0.1078556627035141,-0.04530917853116989,-0.1873445361852646,-0.10562793910503387,0.008759494870901108,1.2707207202911377,0.016253409907221794,0.11172279715538025,-0.4738025963306427,0.10027170926332474,0.030407875776290894,0.4958491325378418,-0.270420640707016,-0.11688191443681717
1.1066192388534546,1.344260573387146,0.8232313394546509,0.03240913152694702,0.008895550854504108,-0.9637895226478577,0.2645377516746521,-0.1465124785900116,0.19695545732975006,-0.7487526535987854,-0.3816309869289398,0.14303919672966003,0.09754724055528641,0.14489969611167908,0.06449427455663681,-0.2152826339006424,0.34241193532943726,-0.2986535131931305,-0.24671776592731476,0.029679730534553528,-0.10927286744117737,-0.05910855159163475,-0.3280177116394043,-0.0992424413561821,0.03571947291493416,1.4075469970703125,0.024393299594521523,0.13635572791099548,-0.3871208131313324,0.10368357598781586,0.012515891343355179,0.42817598581314087,-0.2910248637199402,-0.13430321216583252
1.0768169164657593,1.3298863172531128,0.8280019760131836,0.03380323201417923,0.009864971973001957,-0.9593611359596252,0.2799753248691559,-0.08174514025449753,0.20840972661972046,-0.706390380859375,-0.36660388112068176,0.16144463419914246,0.11840123683214188,0.15995490550994873,-0.007683414500206709,-0.2415999323129654,0.3929087221622467,-0.2919195890426636,-0.2283197045326233,0.041698578745126724,-0.11149761080741882,-0.0702100396156311,-0.45462921261787415,-0.10376187413930893,0.06033797934651375,1.477126955986023,-0.04909522086381912,0.167380228638649,-0.2972242832183838,0.10202322900295258,-0.007007142994552851,0.3622458279132843,-0.30573078989982605,-0.13950181007385254
1.0480186939239502,1.3148884773254395,0.8310523629188538,0.03533292934298515,0.010878071188926697,-0.9550769925117493,0.2940428555011749,-0.007014461327344179,0.23103469610214233,-0.6373791098594666,-0.38580331206321716,0.18353259563446045,0.1118626818060875,0.1679113209247589,-0.07880830764770508,-0.26969605684280396,0.4316822588443756,-0.29412519931793213,-0.23097427189350128,0.04410574585199356,-0.1152399480342865,-0.07911558449268341,-0.5680727958679199,-0.1139143854379654,0.07936224341392517,1.493597388267517,-0.11466819047927856,0.18069571256637573,-0.20637667179107666,0.09812679141759872,-0.027631716802716255,0.29146647453308105,-0.3144928216934204,-0.13589388132095337
1.0197393894195557,1.2993465662002563,0.8317240476608276,0.03723318502306938,0.01194925606250763,-0.9514384269714355,0.3053453862667084,0.06631121039390564,0.2538400888442993,-0.5637178421020508,-0.41448140144348145,0.21513648331165314,0.09558826684951782,0.15919405221939087,-0.1468467116355896,-0.30138280987739563,0.4566812515258789,-0.30571597814559937,-0.23290897905826569,0.039429739117622375,-0.1216525137424469,-0.08432891964912415,-0.6588429808616638,-0.12398691475391388,0.09054820239543915,1.4216519594192505,-0.1824048012495041,0.17422176897525787,-0.11565198749303818,0.09565319120883942,-0.05075737088918686,0.1966189295053482,-0.3139100670814514,-0.12305029481649399
0.9923384189605713,1.2842670679092407,0.8298166394233704,0.04094933345913887,0.013548599556088448,-0.9485011696815491,0.3138234615325928,0.12962159514427185,0.2715711295604706,-0.4984505772590637,-0.43516719341278076,0.24258825182914734,0.08321227878332138,0.15721726417541504,-0.21872203052043915,-0.329639732837677,0.47127828001976013,-0.3203258216381073,-0.22941334545612335,0.03333381935954094,-0.13093982636928558,-0.08288279175758362,-0.7394852042198181,-0.12872233986854553,0.09756270796060562,1.2892519235610962,-0.2497541606426239,0.16495412588119507,-0.028794925659894943,0.09785821288824081,-0.07664917409420013,0.11928587406873703,-0.31423577666282654,-0.1090291440486908
0.9676041007041931,1.26828134059906,0.8258193731307983,0.035928819328546524,0.012282534502446651,-0.9455534219741821,0.32324448227882385,0.20257945358753204,0.30713534355163574,-0.4490812122821808,-0.4445228576660156,0.2503058612346649,0.07876227796077728,0.16742534935474396,-0.2653849422931671,-0.3279722332954407,0.4658620059490204,-0.3388819396495819,-0.22924430668354034,0.027867993339896202,-0.14180265367031097,-0.0741080641746521,-0.801999568939209,-0.12864767014980316,0.10522861033678055,1.2244336605072021,-0.29725754261016846,0.1635187268257141,0.054774343967437744,0.1038379967212677,-0.10221017152070999,0.07471601665019989,-0.3263140618801117,-0.09985431283712387
0.9391435980796814,1.2508909702301025,0.8206288814544678,0.040326401591300964,0.01396944373846054,-0.9440504908561707,0.32702794671058655,0.24599406123161316,0.3058323562145233,-0.4149475395679474,-0.4331359267234802,0.2540002763271332,0.08221631497144699,0.185602068901062,-0.3269902467727661,-0.34691494703292847,0.45526283979415894,-0.36890140175819397,-0.22488771378993988,0.024508468806743622,-0.15234920382499695,-0.06046731397509575,-0.8013462424278259,-0.1294650435447693,0.1239025667309761,0.9263113141059875,-0.3112810254096985,0.15308324992656708,0.12847240269184113,0.10887984931468964,-0.12313780188560486,0.020952118560671806,-0.35089021921157837,-0.09297679364681244
0.9097000360488892,1.2317924499511719,0.8150471448898315,0.04352092742919922,0.015164593234658241,-0.9433122873306274,0.3286912143230438,0.27737870812416077,0.298239141702652,-0.3884941637516022,-0.40577971935272217,0.2572799623012543,0.091568224132061,0.18943683803081512,-0.37264248728752136,-0.35699304938316345,0.43726029992103577,-0.4142038822174072,-0.2114681899547577,0.023918090388178825,-0.16130560636520386,-0.04496481642127037,-0.7438437938690186,-0.13682731986045837,0.16178713738918304,0.5493012070655823,-0.31408578157424927,0.13503707945346832,0.19188421964645386,0.10887373983860016,-0.1392068862915039,0.019437124952673912,-0.38534557819366455,-0.08252619951963425
0.8791109919548035,1.2102088928222656,0.8098593354225159,0.04379627853631973,0.015198918990790844,-0.9437122344970703,0.3275028169155121,0.302881121635437,0.2869158089160919,-0.3595582842826843,-0.36956390738487244,0.2659667134284973,0.10444027930498123,0.18975268304347992,-0.4021393060684204,-0.352483332157135,0.42370083928108215,-0.46012401580810547,-0.1964389979839325,0.016802558675408363,-0.16828249394893646,-0.033499009907245636,-0.6760228872299194,-0.15054214000701904,0.20316721498966217,0.24657109379768372,-0.32260069251060486,0.12740713357925415,0.24967026710510254,0.09954357147216797,-0.15099984407424927,0.021882103756070137,-0.4344979226589203,-0.06226640194654465
0.8483431339263916,1.1858018636703491,0.806008517742157,0.04121050238609314,0.014176650904119015,-0.9447137713432312,0.3249870240688324,0.33143576979637146,0.2628525197505951,-0.3224082291126251,-0.3440656363964081,0.2809319496154785,0.12044128030538559,0.19444884359836578,-0.41112446784973145,-0.3417816758155823,0.4129641056060791,-0.5042580366134644,-0.17584984004497528,0.00978488102555275,-0.17319798469543457,-0.03559361398220062,-0.623483419418335,-0.15850050747394562,0.2476816326379776,0.10258394479751587,-0.3336887061595917,0.1298339068889618,0.281665563583374,0.07745427638292313,-0.1530979871749878,0.10279975086450577,-0.4997624456882477,-0.028250176459550858
0.8150361180305481,1.1595282554626465,0.8041011691093445,0.04581601545214653,0.015500201843678951,-0.9461497664451599,0.3200957477092743,0.34421849250793457,0.21561889350414276,-0.2878830134868622,-0.3391759693622589,0.28700101375579834,0.13090743124485016,0.20186543464660645,-0.4194069504737854,-0.3413431942462921,0.40778324007987976,-0.5482737421989441,-0.15283361077308655,0.009708491154015064,-0.17568472027778625,-0.05223923549056053,-0.6025482416152954,-0.15170007944107056,0.30562475323677063,0.15737295150756836,-0.310263454914093,0.15305384993553162,0.2777674198150635,0.0486966036260128,-0.14071807265281677,0.22244662046432495,-0.5711730718612671,0.008447553962469101
0.7841676473617554,1.1321005821228027,0.8039828538894653,0.04344364255666733,0.014990837313234806,-0.9443053007125854,0.32584577798843384,0.3547123670578003,0.20299971103668213,-0.28746259212493896,-0.3486233949661255,0.28698185086250305,0.12491628527641296,0.1943104863166809,-0.38574454188346863,-0.3226805627346039,0.37655144929885864,-0.5877149105072021,-0.13099728524684906,0.011139415204524994,-0.17486685514450073,-0.07003160566091537,-0.6062731742858887,-0.14268526434898376,0.32558494806289673,0.278351366519928,-0.24141046404838562,0.19823306798934937,0.2555598020553589,0.026304131373763084,-0.11815091967582703,0.37801623344421387,-0.6394091844558716,0.017573483288288116
0.7536537051200867,1.103955864906311,0.8050822615623474,0.03546798601746559,0.012866449542343616,-0.9393876791000366,0.3407744765281677,0.32998135685920715,0.20357251167297363,-0.3356242775917053,-0.33888867497444153,0.2849009037017822,0.11916154623031616,0.1685950607061386,-0.3185911476612091,-0.2946069538593292,0.33399659395217896,-0.5867322683334351,-0.1219780221581459,-0.0047660646960139275,-0.16958612203598022,-0.07573558390140533,-0.5963183641433716,-0.1493888795375824,0.28481751680374146,0.40308234095573425,-0.19890782237052917,0.2324107438325882,0.20180517435073853,0.014489268884062767,-0.09229924529790878,0.5821817517280579,-0.6146062612533569,0.00020084832794964314
0.7252631783485413,1.07608962059021,0.8068874478340149,0.027268998324871063,0.010281768627464771,-0.9352996945381165,0.35265448689460754,0.2891317903995514,0.19895702600479126,-0.3741838037967682,-0.34041327238082886,0.24278892576694489,0.11968264728784561,0.15458279848098755,-0.2526823878288269,-0.2609456777572632,0.31501132249832153,-0.5484558343887329,-0.13869822025299072,-0.00894539337605238,-0.15928855538368225,-0.06740746647119522,-0.553918719291687,-0.17405635118484497,0.23950998485088348,0.47016751766204834,-0.20913121104240417,0.25181815028190613,0.08853477984666824,0.006163164973258972,-0.0660952478647232,0.8604294657707214,-0.34997987747192383,-0.008159409277141094
0.7004975080490112,1.0497204065322876,0.8091425895690918,0.020410636439919472,0.007744274102151394,-0.9347396492958069,0.35466212034225464,0.25107139348983765,0.1804506629705429,-0.38229691982269287,-0.36609509587287903,0.2235923856496811,0.09896295517683029,0.16169099509716034,-0.22505329549312592,-0.2458820641040802,0.3608337342739105,-0.4783472418785095,-0.16541875898838043,-0.00004315091064199805,-0.14510054886341095,-0.04954297095537186,-0.48423588275909424,-0.209051251411438,0.21764422953128815,0.4921121299266815,-0.24230626225471497,0.26100000739097595,-0.05781149864196777,-0.0054317559115588665,-0.04345012456178665,1.1021504402160645,0.007750790566205978,-0.01949489302933216
0.6757344603538513,1.025134563446045,0.8120414018630981,0.016529230400919914,0.006266878917813301,-0.9349044561386108,0.35445892810821533,0.19328457117080688,0.17221586406230927,-0.3992668092250824,-0.39064663648605347,0.25151655077934265,0.08012308925390244,0.16652242839336395,-0.217579647898674,-0.23165422677993774,0.4351847767829895,-0.38928142189979553,-0.17224346101284027,0.0026482820976525545,-0.1296427994966507,-0.02809072658419609,-0.40457627177238464,-0.24635574221611023,0.2098451852798462,0.4456842243671417,-0.27935582399368286,0.26100000739097595,-0.20571212470531464,-0.01983850635588169,-0.031413912773132324,1.268711805343628,0.11514820158481598,-0.06258945912122726
0.6526540517807007,1.0081090927124023,0.8160055875778198,0.0022055949084460735,0.0008604829199612141,-0.9316089153289795,0.36345455050468445,0.13087187707424164,0.13761939108371735,-0.47953173518180847,-0.3970631957054138,0.2654542028903961,0.07373050600290298,0.15838590264320374,-0.15969906747341156,-0.25588199496269226,0.4838867485523224,-0.3359978497028351,-0.16899970173835754,0.016266850754618645,-0.11525554955005646,-0.009848651476204395,-0.31305474042892456,-0.27393126487731934,0.1910640001296997,0.4938644468784332,-0.2997705936431885,0.26100000739097595,-0.33749401569366455,-0.03081224113702774,-0.032927874475717545,1.5742920637130737,0.015110128559172153,-0.12228911370038986
0.6274136304855347,0.9798796772956848,0.8207250237464905,0.011762441135942936,0.004782178904861212,-0.9262906312942505,0.3765959143638611,0.00039334999746643007,0.18563011288642883,-0.5555321574211121,-0.3982381522655487,0.2273465096950531,0.07790080457925797,0.14900216460227966,-0.13223396241664886,-0.20327670872211456,0.47281742095947266,-0.2971314787864685,-0.17242594063282013,0.03109249472618103,-0.10269923508167267,0.0013236735248938203,-0.19273412227630615,-0.2840225100517273,0.1387680619955063,0.2901552617549896,-0.2926785349845886,0.26100000739097595,-0.43263691663742065,-0.03477633744478226,-0.043500687927007675,1.434922218322754,-0.06731477379798889,-0.18443042039871216
0.6040104627609253,0.9574806690216064,0.8248125314712524,0.010807044804096222,0.004653427749872208,-0.9184081554412842,0.39545926451683044,-0.10774285346269608,0.19396795332431793,-0.6343008875846863,-0.4123214781284332,0.17751196026802063,0.07693417370319366,0.15124787390232086,-0.06924901902675629,-0.19416165351867676,0.4476206302642822,-0.2782667875289917,-0.18254829943180084,0.034003157168626785,-0.09196141362190247,0.007321046199649572,-0.0759686678647995,-0.2837049961090088,0.06952457875013351,0.18871021270751953,-0.2773837149143219,0.26100000739097595,-0.5133910775184631,-0.035191651433706284,-0.05560888350009918,1.407322883605957,-0.13904859125614166,-0.2359866499900818
0.5817375183105469,0.9355578422546387,0.8269147872924805,0.01253565028309822,0.0057262941263616085,-0.9095057249069214,0.4154628813266754,-0.20527072250843048,0.19853736460208893,-0.6683632731437683,-0.44956737756729126,0.14339646697044373,0.0640057623386383,0.16619454324245453,-0.010097728110849857,-0.18761855363845825,0.41801998019218445,-0.27290576696395874,-0.1972840577363968,0.04188373684883118,-0.08365093171596527,0.011478451080620289,0.009153486229479313,-0.2781096398830414,0.009709506295621395,0.12078800797462463,-0.2758823335170746,0.26100000739097595,-0.5920630097389221,-0.03330498933792114,-0.06140404939651489,1.318467378616333,-0.22684018313884735,-0.2582312226295471
0.5590639710426331,0.9142419695854187,0.8266828060150146,0.016270486637949944,0.007857618853449821,-0.9003417491912842,0.43480831384658813,-0.28403744101524353,0.20322881639003754,-0.6574726700782776,-0.512768566608429,0.1271055042743683,0.04383685067296028,0.1793263554573059,0.03956961631774902,-0.18021053075790405,0.4019508361816406,-0.271068811416626,-0.20301738381385803,0.04606100916862488,-0.078715018928051,0.01435836311429739,0.07011006772518158,-0.2635115683078766,-0.03440850228071213,0.09802468866109848,-0.29357555508613586,0.26100000739097595,-0.6506394147872925,-0.024600740522146225,-0.0539865642786026,1.1695095300674438,-0.2934923768043518,-0.26100000739097595
0.5358337163925171,0.892899751663208,0.8244327902793884,0.021131280809640884,0.010704216547310352,-0.8918246030807495,0.45176076889038086,-0.3352924585342407,0.2103436440229416,-0.6179149150848389,-0.6185925006866455,0.11335206031799316,0.030671581625938416,0.19435571134090424,0.0798209011554718,-0.169796422123909,0.39831069111824036,-0.2685101628303528,-0.2005787342786789,0.042695023119449615,-0.07709721475839615,0.015035510063171387,0.11747518181800842,-0.2409023493528366,-0.0661679357290268,0.09264655411243439,-0.32529187202453613,0.26100000739097595,-0.6808742880821228,-0.009171477518975735,-0.03160742670297623,0.9583731293678284,-0.32760757207870483,-0.25687023997306824
0.5122954249382019,0.8703075647354126,0.8205515742301941,0.02527935616672039,0.013340954668819904,-0.8840367794036865,0.4665425419807434,-0.3679071366786957,0.21900734305381775,-0.5860421061515808,-0.73110431432724,0.10538994520902634,0.016712911427021027,0.20073431730270386,0.10964157432317734,-0.15790440142154694,0.38658878207206726,-0.26028385758399963,-0.19961145520210266,0.04386596009135246,-0.07756076753139496,0.012797567062079906,0.16461114585399628,-0.21656844019889832,-0.08932167291641235,0.0960325300693512,-0.3617347478866577,0.26100000739097595,-0.6757538318634033,0.005252763628959656,-0.0009876447729766369,0.6925901770591736,-0.34202226996421814,-0.23230740427970886
0.4896823763847351,0.8443474173545837,0.8155359625816345,0.026944288983941078,0.014791791327297688,-0.8761801719665527,0.4810026288032532,-0.38726070523262024,0.22757136821746826,-0.583391010761261,-0.8308308720588684,0.089238241314888,0.006591977551579475,0.2079441249370575,0.13676433265209198,-0.1508091539144516,0.3721136450767517,-0.2525178790092468,-0.20527543127536774,0.042969364672899246,-0.07888554036617279,0.007246058434247971,0.22027167677879333,-0.19447574019432068,-0.10798895359039307,0.09260725229978561,-0.40008318424224854,0.26083266735076904,-0.6360636353492737,0.013151352293789387,0.02404605783522129,0.3779148459434509,-0.3564528822898865,-0.1738758087158203
0.4657401144504547,0.8158700466156006,0.810224175453186,0.02681300789117813,0.01523322518914938,-0.8690630793571472,0.49373921751976013,-0.3890612721443176,0.23466895520687103,-0.5847406983375549,-0.9139150381088257,0.0684502050280571,-0.0006079635350033641,0.20953680574893951,0.15988454222679138,-0.14885182678699493,0.36568182706832886,-0.2487095594406128,-0.20677414536476135,0.04618966206908226,-0.08071110397577286,-0.0007316451519727707,0.2775481939315796,-0.17382527887821198,-0.11799386888742447,0.09169349819421768,-0.44548070430755615,0.2562904357910156,-0.5897254943847656,0.017261549830436707,0.030618637800216675,0.11638912558555603,-0.3717292845249176,-0.08902989327907562
0.43992000818252563,0.7867018580436707,0.8056990504264832,0.02605830319225788,0.015273191966116428,-0.8623384833335876,0.5054305195808411,-0.37891069054603577,0.24201975762844086,-0.589907705783844,-0.9713807702064514,0.052418023347854614,-0.0040000430308282375,0.20880678296089172,0.1759541630744934,-0.14727404713630676,0.365809828042984,-0.24900589883327484,-0.20401820540428162,0.04685157164931297,-0.08321753889322281,-0.008218000642955303,0.3197621703147888,-0.1526917815208435,-0.11605148017406464,0.14209230244159698,-0.5067829489707947,0.24399307370185852,-0.5683119297027588,0.023102035745978355,0.020088374614715576,0.06360331177711487,-0.38603121042251587,-0.029446648433804512
0.41314783692359924,0.7556781768798828,0.8028978109359741,0.023837735876441002,0.014301935210824013,-0.8571727275848389,0.5142782330513,-0.3494025766849518,0.24674460291862488,-0.5895576477050781,-1.003269076347351,0.0392560139298439,-0.0011865220731124282,0.20127658545970917,0.18281154334545135,-0.1493941843509674,0.37674352526664734,-0.2507503926753998,-0.20613695681095123,0.04826614633202553,-0.0864807739853859,-0.01261185109615326,0.33788836002349854,-0.1344008594751358,-0.11631889641284943,0.2434156835079193,-0.5829509496688843,0.2302713692188263,-0.5747392177581787,0.03168322518467903,0.009973137639462948,0.1887281984090805,-0.35524070262908936,-0.027391409501433372
0.38603153824806213,0.7237669825553894,0.8021970391273499,0.020724037662148476,0.012702522799372673,-0.8523366451263428,0.5224283933639526,-0.31227949261665344,0.24887733161449432,-0.5948946475982666,-1.002083420753479,0.03724566102027893,0.006869511678814888,0.19737765192985535,0.1856204718351364,-0.15426886081695557,0.3796515464782715,-0.25911644101142883,-0.20322996377944946,0.05007262900471687,-0.09031279385089874,-0.015085143968462944,0.3262439966201782,-0.1272595226764679,-0.13080120086669922,0.39339521527290344,-0.6521417498588562,0.22591574490070343,-0.5869534015655518,0.040416862815618515,0.014608531259000301,0.32150396704673767,-0.26895350217819214,-0.01946202851831913
0.36113014817237854,0.6910378336906433,0.8032258152961731,0.014254719018936157,0.008908589370548725,-0.8478947877883911,0.529897928237915,-0.26407843828201294,0.23655681312084198,-0.6013989448547363,-0.9289547204971313,0.04542841762304306,0.004100818652659655,0.1914510726928711,0.1711418777704239,-0.16329745948314667,0.3857004642486572,-0.25381606817245483,-0.21041055023670197,0.054177794605493546,-0.09447865188121796,-0.020456107333302498,0.26504766941070557,-0.13034531474113464,-0.13091984391212463,0.6053754091262817,-0.6368520259857178,0.221357062458992,-0.5756269693374634,0.0494605228304863,0.02954135090112686,0.4398099482059479,-0.21922799944877625,0.004446730017662048
0.3386683762073517,0.6597986817359924,0.8051816821098328,0.009475150145590305,0.006085887551307678,-0.8413383364677429,0.5403915047645569,-0.22431376576423645,0.21459022164344788,-0.6156063079833984,-0.7995541095733643,0.05157209560275078,0.022175543010234833,0.1844337433576584,0.1502588540315628,-0.1737847626209259,0.37805140018463135,-0.2602798640727997,-0.20005372166633606,0.059679094702005386,-0.09884849935770035,-0.03316885977983475,0.13406264781951904,-0.1259656399488449,-0.08174902945756912,0.8855833411216736,-0.4136631190776825,0.1803685426712036,-0.5369269847869873,0.06281118839979172,0.04026369750499725,0.49965590238571167,-0.23447182774543762,-0.018591344356536865
0.3180452287197113,0.6318188905715942,0.8076175451278687,0.008103200234472752,0.005443417467176914,-0.8300536870956421,0.5575980544090271,-0.2070811241865158,0.2023916244506836,-0.6670258045196533,-0.657046377658844,0.0755499005317688,0.05326704680919647,0.18824125826358795,0.12414789199829102,-0.1862928867340088,0.3853054940700531,-0.2812073528766632,-0.2189658135175705,0.04576188698410988,-0.10331206023693085,-0.052316341549158096,-0.04760313034057617,-0.10480570793151855,-0.004923825617879629,1.14669668674469,-0.10177880525588989,0.12423944473266602,-0.4988222122192383,0.08075601607561111,0.038065552711486816,0.537721574306488,-0.28034326434135437,-0.0752580538392067
0.3041795790195465,0.6083517074584961,0.8108292818069458,0.0005022758850827813,0.0003526868822518736,-0.8183936476707458,0.5746577382087708,-0.17171111702919006,0.21592402458190918,-0.736587643623352,-0.5206639170646667,0.10897088050842285,0.05699988454580307,0.18168428540229797,0.09841808676719666,-0.18560120463371277,0.42906883358955383,-0.29265686869621277,-0.2388869673013687,0.0327615924179554,-0.10767461359500885,-0.07094542682170868,-0.22307054698467255,-0.08204089105129242,0.05069404095411301,1.4856723546981812,0.02398686483502388,0.11976856738328934,-0.45800167322158813,0.09628690779209137,0.024257084354758263,0.6483439803123474,-0.32792365550994873,-0.11732179671525955
0.2867627441883087,0.5777537822723389,0.8151816129684448,0.013226412236690521,0.009642493911087513,-0.8079506158828735,0.5890228152275085,-0.16197848320007324,0.19587408006191254,-0.7387374043464661,-0.43517377972602844,0.12114477157592773,0.08065991848707199,0.16371369361877441,0.009943846613168716,-0.2312067747116089,0.4590907096862793,-0.28933775424957275,-0.2343801110982895,0.03387763351202011,-0.11188458651304245,-0.08296828716993332,-0.3704262375831604,-0.07228336483240128,0.07825878262519836,1.4904961585998535,-0.01571046933531761,0.15593186020851135,-0.38804903626441956,0.10292799770832062,0.00532703660428524,0.5272300839424133,-0.35512295365333557,-0.13792552053928375
0.2773255407810211,0.5532913208007812,0.8201841115951538,0.005583029706031084,0.004208256024867296,-0.79853755235672,0.6019044518470764,-0.08150559663772583,0.22751547396183014,-0.7222766280174255,-0.4001963138580322,0.15391716361045837,0.10460297018289566,0.16568870842456818,-0.029992936179041862,-0.2349063605070114,0.4903163015842438,-0.29053762555122375,-0.22944383323192596,0.038349032402038574,-0.11647037416696548,-0.08867327123880386,-0.49654027819633484,-0.07744035124778748,0.09579133987426758,1.659671664237976,-0.07244762033224106,0.17542818188667297,-0.2958888113498688,0.10103611648082733,-0.013489603996276855,0.5124964118003845,-0.3639340400695801,-0.14726480841636658
0.2628847360610962,0.5222390294075012,0.8244385719299316,0.016337232664227486,0.012639569118618965,-0.7907567024230957,0.6117819547653198,-0.0365598239004612,0.22180147469043732,-0.661718487739563,-0.3939943313598633,0.17442120611667633,0.11003325134515762,0.16616235673427582,-0.11457139253616333,-0.28781914710998535,0.49893918633461,-0.2963498830795288,-0.2355838567018509,0.03618893772363663,-0.12250195443630219,-0.09081423282623291,-0.5903269648551941,-0.09205390512943268,0.1000574380159378,1.501896619796753,-0.11840751767158508,0.16075174510478973,-0.1947164237499237,0.09595614671707153,-0.03246182203292847,0.33605068922042847,-0.35910531878471375,-0.14379100501537323
0.2525934875011444,0.4950252175331116,0.8266381025314331,0.019101040437817574,0.015094855800271034,-0.784348726272583,0.6198422312736511,0.031596921384334564,0.2421341985464096,-0.5997720956802368,-0.4051089286804199,0.1998264342546463,0.1011941134929657,0.1625073254108429,-0.1754416972398758,-0.3159368634223938,0.5024053454399109,-0.3099040687084198,-0.22789427638053894,0.032759927213191986,-0.13077200949192047,-0.09021048992872238,-0.6765503883361816,-0.10081928968429565,0.1012820452451706,1.4077537059783936,-0.18404138088226318,0.13557346165180206,-0.09905700385570526,0.09355185925960541,-0.05432162433862686,0.24065068364143372,-0.35154658555984497,-0.13335372507572174
0.24465647339820862,0.470455139875412,0.8266751170158386,0.01438047830015421,0.011609465815126896,-0.7779546976089478,0.6280485391616821,0.11475666612386703,0.28425681591033936,-0.5451441407203674,-0.41913291811943054,0.2237044870853424,0.09508365392684937,0.16461463272571564,-0.2138398289680481,-0.3175315856933594,0.502863883972168,-0.3297690153121948,-0.22466418147087097,0.02499077469110489,-0.14091357588768005,-0.08827129751443863,-0.7614293098449707,-0.09629163146018982,0.11169254034757614,1.3951025009155273,-0.2553630471229553,0.12700586020946503,-0.015214938670396805,0.09407860785722733,-0.07514775544404984,0.18698446452617645,-0.34997349977493286,-0.12655490636825562
0.23455658555030823,0.4423644244670868,0.8253059387207031,0.019580179825425148,0.016011731699109077,-0.7738726139068604,0.6328359842300415,0.1679859757423401,0.29397428035736084,-0.4897719919681549,-0.4236801266670227,0.23104915022850037,0.08884916454553604,0.17139483988285065,-0.27117612957954407,-0.3393265902996063,0.4950689673423767,-0.3544795513153076,-0.2220609188079834,0.013054654002189636,-0.1513971984386444,-0.08762569725513458,-0.7787516117095947,-0.0886993408203125,0.12943045794963837,1.1683740615844727,-0.28116804361343384,0.12950190901756287,0.05849701911211014,0.09239576756954193,-0.08667716383934021,0.1059865653514862,-0.3494175672531128,-0.11775089800357819
0.22396114468574524,0.41182345151901245,0.8228248357772827,0.030036672949790955,0.024626079946756363,-0.7727346420288086,0.6335397362709045,0.19827081263065338,0.2740517854690552,-0.4419224262237549,-0.4153747856616974,0.2370893508195877,0.08929682523012161,0.1789921373128891,-0.33447515964508057,-0.37365999817848206,0.4850488007068634,-0.3941466212272644,-0.21133634448051453,0.008016581647098064,-0.16044721007347107,-0.08620160073041916,-0.7216132879257202,-0.08635695278644562,0.164695143699646,0.7072368264198303,-0.27657797932624817,0.11964739114046097,0.1205551028251648,0.08764982968568802,-0.09111288189888,0.02393117919564247,-0.3524404466152191,-0.10294546186923981
0.2151293307542801,0.3810545802116394,0.8191527128219604,0.031060893088579178,0.025540132075548172,-0.7717863321304321,0.6346091032028198,0.23689903318881989,0.2731672525405884,-0.4144258201122284,-0.3970228433609009,0.2440708428621292,0.09963320195674896,0.183280810713768,-0.36502981185913086,-0.37620341777801514,0.46601226925849915,-0.4362561106681824,-0.19821548461914062,0.0054829115979373455,-0.16703909635543823,-0.07925188541412354,-0.6649755239486694,-0.09015168249607086,0.21010366082191467,0.39599186182022095,-0.2818804383277893,0.09637265652418137,0.18222886323928833,0.08292068541049957,-0.09884002804756165,0.009619045071303844,-0.37610501050949097,-0.0892602726817131
0.20842114090919495,0.34973397850990295,0.8150568008422852,0.028061432763934135,0.023264985531568527,-0.7693200707435608,0.6378228068351746,0.2757735550403595,0.28370821475982666,-0.38918063044548035,-0.37561488151550293,0.2509964108467102,0.10794227570295334,0.18403322994709015,-0.37610241770744324,-0.35710880160331726,0.4471694231033325,-0.4723864495754242,-0.1860162764787674,0.0042715962044894695,-0.17116567492485046,-0.07029272615909576,-0.6269630193710327,-0.09693048149347305,0.24500331282615662,0.20546285808086395,-0.30023089051246643,0.0841505378484726,0.23450055718421936,0.07514099776744843,-0.11017365753650665,0.02254464663565159,-0.4221377968788147,-0.07324689626693726
0.20089693367481232,0.31330257654190063,0.8119646906852722,0.031239280477166176,0.02538340911269188,-0.7754668593406677,0.6301038861274719,0.29929736256599426,0.24296016991138458,-0.3503519296646118,-0.35550346970558167,0.26750263571739197,0.12064512819051743,0.1853446662425995,-0.40200379490852356,-0.3566695749759674,0.4651791453361511,-0.5018536448478699,-0.17085540294647217,0.0022870139218866825,-0.1732073873281479,-0.06738866120576859,-0.5938165783882141,-0.1001947745680809,0.2789425253868103,0.09109364449977875,-0.3108616769313812,0.09874619543552399,0.2542003095149994,0.06015726551413536,-0.11700604110956192,0.09783494472503662,-0.4800567626953125,-0.04621023312211037
0.1965254545211792,0.27716198563575745,0.8106653094291687,0.03178601711988449,0.02592679113149643,-0.7742594480514526,0.6315376162528992,0.3155529797077179,0.2245715707540512,-0.34226495027542114,-0.3471476435661316,0.28042522072792053,0.12543417513370514,0.18554140627384186,-0.39845189452171326,-0.34043875336647034,0.45555952191352844,-0.519075334072113,-0.15223072469234467,0.003153545316308737,-0.17285634577274323,-0.07008776068687439,-0.5885252952575684,-0.0999138355255127,0.30532002449035645,0.18647520244121552,-0.27480393648147583,0.13314542174339294,0.2536132335662842,0.04359520226716995,-0.11782248318195343,0.2170306146144867,-0.5502949357032776,-0.021969107910990715
0.19262738525867462,0.2394101917743683,0.8109506368637085,0.028555242344737053,0.02373591624200344,-0.7684866189956665,0.638787567615509,0.3146495521068573,0.21920448541641235,-0.37054726481437683,-0.34120863676071167,0.2733660042285919,0.12885494530200958,0.17411117255687714,-0.36031511425971985,-0.31940963864326477,0.4277827739715576,-0.5250720977783203,-0.14455348253250122,0.0011193439131602645,-0.1684601604938507,-0.07252822816371918,-0.5984158515930176,-0.10444508492946625,0.2895021140575409,0.305420845746994,-0.20775847136974335,0.16937267780303955,0.24427258968353271,0.031972747296094894,-0.11634831130504608,0.3515358865261078,-0.6261541843414307,-0.028086693957448006
0.1893049031496048,0.20174016058444977,0.8120664358139038,0.02262384258210659,0.01948685571551323,-0.7573446035385132,0.6523323655128479,0.2834552824497223,0.22284428775310516,-0.423247754573822,-0.33303067088127136,0.24816890060901642,0.13126158714294434,0.15746097266674042,-0.2951587736606598,-0.2905835807323456,0.39062389731407166,-0.502109944820404,-0.15288206934928894,-0.006899580825120211,-0.15781061351299286,-0.07122259587049484,-0.5850570797920227,-0.12124435603618622,0.24615193903446198,0.4134080410003662,-0.17691662907600403,0.2050999104976654,0.19813281297683716,0.019090499728918076,-0.11496757715940475,0.542122483253479,-0.6345296502113342,-0.06652378290891647
0.1885211020708084,0.16524609923362732,0.8130658864974976,0.01664033904671669,0.014646144583821297,-0.7504698634147644,0.6605327725410461,0.2519044578075409,0.21611493825912476,-0.43625107407569885,-0.35061702132225037,0.2070545256137848,0.12149469554424286,0.15560641884803772,-0.23809753358364105,-0.26577407121658325,0.392109215259552,-0.4582817256450653,-0.175991028547287,-0.006379495840519667,-0.1404988020658493,-0.06203686445951462,-0.5415665507316589,-0.15334700047969818,0.21595926582813263,0.457258403301239,-0.1876739263534546,0.2430162876844406,0.09112328290939331,-0.0074957264587283134,-0.11623401194810867,0.8112100958824158,-0.44464418292045593,-0.09804259240627289
0.188837930560112,0.13157853484153748,0.813480019569397,0.012323975563049316,0.010861275717616081,-0.7501236796379089,0.661093533039093,0.225392684340477,0.20065726339817047,-0.4125335216522217,-0.392269104719162,0.2143619805574417,0.0942736566066742,0.15853889286518097,-0.2115352749824524,-0.25289928913116455,0.4403253197669983,-0.39615949988365173,-0.17558936774730682,0.005101494025439024,-0.11982516944408417,-0.04173498973250389,-0.49379268288612366,-0.1983623206615448,0.208655446767807,0.4702615737915039,-0.22310280799865723,0.2609989643096924,-0.06314720958471298,-0.04848872497677803,-0.1205502599477768,1.067086935043335,-0.13779819011688232,-0.114149309694767
0.18540969491004944,0.10550291836261749,0.8141227960586548,0.0018133812118321657,0.0016079125925898552,-0.7482223510742188,0.6634435653686523,0.1994195580482483,0.16149547696113586,-0.4474036991596222,-0.42755627632141113,0.26483651995658875,0.07029832154512405,0.16115404665470123,-0.16962191462516785,-0.27924442291259766,0.5024625658988953,-0.3454323410987854,-0.16072362661361694,0.013244276866316795,-0.10153432190418243,-0.01624077931046486,-0.4517447054386139,-0.24509480595588684,0.2093975841999054,0.5737780332565308,-0.2710443437099457,0.26100000739097595,-0.22531312704086304,-0.08644260466098785,-0.12181678414344788,1.419150471687317,0.008958619087934494,-0.1486780196428299
0.18306122720241547,0.07617664337158203,0.8165594935417175,0.0010372315300628543,0.0009285680134780705,-0.7450553774833679,0.6670011281967163,0.11396472901105881,0.16517311334609985,-0.5275223255157471,-0.43096140027046204,0.2810010313987732,0.06313909590244293,0.16093707084655762,-0.13986973464488983,-0.2692636549472809,0.5208085179328918,-0.3059408962726593,-0.16386781632900238,0.020709333941340446,-0.0897907167673111,0.003135545179247856,-0.3851090669631958,-0.2784457802772522,0.19224780797958374,0.5457255840301514,-0.302248477935791,0.26100000739097595,-0.36534857749938965,-0.09952710568904877,-0.11267583817243576,1.5632559061050415,-0.03426080197095871,-0.19843167066574097
0.18090076744556427,0.047304701060056686,0.821273922920227,0.000055766293371561915,0.00005112411963636987,-0.7371211051940918,0.6757606863975525,0.004770537372678518,0.17087483406066895,-0.6382781267166138,-0.4153749942779541,0.24218836426734924,0.07619985938072205,0.1492740511894226,-0.08923322707414627,-0.25896313786506653,0.4925965964794159,-0.2868705987930298,-0.1690942645072937,0.027695605531334877,-0.08453823626041412,0.012307427823543549,-0.27944302558898926,-0.29095035791397095,0.14456921815872192,0.45372021198272705,-0.3015817701816559,0.26100000739097595,-0.4685705304145813,-0.08167237788438797,-0.09256884455680847,1.6204391717910767,-0.09491825848817825,-0.2379026859998703
0.1814010888338089,0.013756458647549152,0.8267880082130432,0.008388646878302097,0.007902112789452076,-0.7278520464897156,0.685637354850769,-0.12735682725906372,0.20862625539302826,-0.7186059951782227,-0.4042930006980896,0.19736213982105255,0.09448784589767456,0.14153584837913513,-0.06051056087017059,-0.2135099172592163,0.4426131546497345,-0.27645042538642883,-0.1799692064523697,0.031832996755838394,-0.0829758569598198,0.01633308455348015,-0.1597730666399002,-0.2879366874694824,0.08310912549495697,0.25447216629981995,-0.2838961184024811,0.26100000739097595,-0.5389491319656372,-0.047433458268642426,-0.06678686290979385,1.4309195280075073,-0.12827110290527344,-0.25696322321891785
0.17925873398780823,-0.014650365337729454,0.830918550491333,0.008201542310416698,0.007958684116601944,-0.7176053524017334,0.6963561773300171,-0.2147522121667862,0.20375274121761322,-0.748847246170044,-0.4210923910140991,0.18420572578907013,0.09231555461883545,0.15011562407016754,-0.010896006599068642,-0.2112518697977066,0.4225732684135437,-0.2768848240375519,-0.1925329864025116,0.03357388451695442,-0.08276727795600891,0.020728228613734245,-0.06097736582159996,-0.2803707718849182,0.031514883041381836,0.1742957979440689,-0.27241891622543335,0.26100000739097595,-0.6024391055107117,-0.016308045014739037,-0.03998587280511856,1.3558675050735474,-0.1775733232498169,-0.2609231472015381
0.17709563672542572,-0.04300421103835106,0.8324742913246155,0.009440950118005276,0.009411661885678768,-0.7081415057182312,0.7059447169303894,-0.2783125042915344,0.20185504853725433,-0.7278189659118652,-0.47053882479667664,0.19725410640239716,0.06684567779302597,0.16593702137470245,0.03147147595882416,-0.20772388577461243,0.40911123156547546,-0.2800471782684326,-0.18985262513160706,0.030324704945087433,-0.08312804251909256,0.025961877778172493,0.008775953203439713,-0.2717152237892151,-0.006924610119313002,0.12313808500766754,-0.2715604901313782,0.26100000739097595,-0.6575226783752441,0.004394388757646084,-0.013385800644755363,1.220885157585144,-0.23215807974338531,-0.26100000739097595
0.1748167723417282,-0.07188738882541656,0.8314748406410217,0.011609476990997791,0.011939323507249355,-0.6970372796058655,0.716841459274292,-0.32175391912460327,0.20405276119709015,-0.6877266764640808,-0.5603042840957642,0.19488537311553955,0.04315254092216492,0.17062489688396454,0.07261955738067627,-0.19990423321723938,0.3770887553691864,-0.28403759002685547,-0.1905445158481598,0.02817554585635662,-0.0836772546172142,0.029117528349161148,0.05943434685468674,-0.25844913721084595,-0.03922528401017189,0.11375884711742401,-0.28641849756240845,0.26100000739097595,-0.6848310232162476,0.01818915456533432,0.013178158551454544,1.0259950160980225,-0.2673453390598297,-0.26100000739097595
0.1723790317773819,-0.10153475403785706,0.8283402919769287,0.013876230455935001,0.014740608632564545,-0.6852954030036926,0.7279837727546692,-0.3499356210231781,0.20720426738262177,-0.6503803730010986,-0.6688681840896606,0.1821393370628357,0.025303466245532036,0.17035450041294098,0.11013153940439224,-0.18719688057899475,0.3398366868495941,-0.28395864367485046,-0.1996517926454544,0.025881588459014893,-0.08368522673845291,0.027632154524326324,0.1035587266087532,-0.2401469349861145,-0.06845942884683609,0.12531153857707977,-0.318583607673645,0.26100000739097595,-0.679273247718811,0.02776849828660488,0.03851838782429695,0.7710307240486145,-0.2839469015598297,-0.25514984130859375
0.1710086315870285,-0.13315722346305847,0.823509693145752,0.014908937737345695,0.016381612047553062,-0.6729169487953186,0.7393863201141357,-0.36853089928627014,0.2118092179298401,-0.6384057998657227,-0.7670744061470032,0.1686324179172516,0.012423330917954445,0.17298592627048492,0.14309971034526825,-0.17471551895141602,0.31616008281707764,-0.2762967646121979,-0.2027425915002823,0.02599373273551464,-0.0827091634273529,0.02109823375940323,0.15625214576721191,-0.22038793563842773,-0.0938180685043335,0.12454729527235031,-0.3537404537200928,0.26100000739097595,-0.6439590454101562,0.03259596228599548,0.058458201587200165,0.47260379791259766,-0.29553452134132385,-0.21948987245559692
0.17156189680099487,-0.16679604351520538,0.8176766633987427,0.014813786372542381,0.016791237518191338,-0.6614052653312683,0.7496944069862366,-0.3736865520477295,0.21666403114795685,-0.6386014223098755,-0.8556299209594727,0.1424332857131958,0.009191912598907948,0.17436812818050385,0.16848133504390717,-0.16988089680671692,0.318613201379776,-0.26250162720680237,-0.20376041531562805,0.03031349368393421,-0.0812750905752182,0.011250825598835945,0.21580106019973755,-0.20161552727222443,-0.1084599643945694,0.10949155688285828,-0.39052820205688477,0.26100000739097595,-0.5997393131256104,0.034343890845775604,0.06503400206565857,0.19199238717556,-0.3176720142364502,-0.14106528460979462
0.1713329702615738,-0.20224972069263458,0.8119153380393982,0.01494470052421093,0.017414405941963196,-0.6510736346244812,0.7586675882339478,-0.3654646873474121,0.2225559800863266,-0.6398990750312805,-0.9282364249229431,0.11790440231561661,0.0013150478480383754,0.17476880550384521,0.18249425292015076,-0.1670720875263214,0.3323625326156616,-0.24559378623962402,-0.20751383900642395,0.035962507128715515,-0.08053793013095856,0.001374951796606183,0.26691460609436035,-0.18299655616283417,-0.11197010427713394,0.12999014556407928,-0.4410972595214844,0.25943198800086975,-0.5763337016105652,0.03769771009683609,0.05270445719361305,0.05922854319214821,-0.3401879668235779,-0.05860321968793869
0.17059524357318878,-0.23938840627670288,0.8073985576629639,0.014256985858082771,0.01699739880859852,-0.6424832344055176,0.7659785151481628,-0.34223970770835876,0.23041866719722748,-0.6443576812744141,-0.973021924495697,0.0999055802822113,-0.004435683600604534,0.17721574008464813,0.18743495643138885,-0.16441506147384644,0.34453651309013367,-0.23177580535411835,-0.20167917013168335,0.046012476086616516,-0.08133093267679214,-0.005556200165301561,0.30090591311454773,-0.16384263336658478,-0.11539625376462936,0.19198548793792725,-0.508427619934082,0.25493812561035156,-0.5806949734687805,0.0456046462059021,0.031003134325146675,0.1373988837003708,-0.35427579283714294,-0.0367300920188427
0.170198455452919,-0.27823346853256226,0.8049763441085815,0.0134571623057127,0.016356326639652252,-0.635205864906311,0.7720524072647095,-0.3086860775947571,0.23625676333904266,-0.6495435833930969,-0.9871970415115356,0.08409857004880905,-0.0025332553777843714,0.1741134524345398,0.18871188163757324,-0.16507913172245026,0.34844887256622314,-0.23156319558620453,-0.1939554214477539,0.052488457411527634,-0.08361918479204178,-0.009459730237722397,0.316334068775177,-0.14836138486862183,-0.1256888061761856,0.2913791835308075,-0.5858500003814697,0.25038397312164307,-0.5954879522323608,0.056533683091402054,0.020630350336432457,0.2894916832447052,-0.32811903953552246,-0.05920540168881416
0.17035871744155884,-0.31799256801605225,0.804902970790863,0.010620594955980778,0.01324502844363451,-0.6254870295524597,0.7800498604774475,-0.2747628092765808,0.2409483641386032,-0.671798825263977,-0.95403653383255,0.08563964068889618,0.010304254479706287,0.17204704880714417,0.1953662782907486,-0.16631579399108887,0.32301750779151917,-0.24760395288467407,-0.19414599239826202,0.05330662056803703,-0.0869341492652893,-0.013045884668827057,0.3052961826324463,-0.1428283452987671,-0.13750435411930084,0.43292054533958435,-0.65875244140625,0.2510550320148468,-0.5983456373214722,0.06668635457754135,0.02883441187441349,0.40437042713165283,-0.2637699842453003,-0.044948093593120575
0.17212505638599396,-0.3573887050151825,0.8067735433578491,0.007124165538698435,0.009021252393722534,-0.6197171807289124,0.7847410440444946,-0.226382777094841,0.23373624682426453,-0.6769159436225891,-0.8612833619117737,0.07959040999412537,0.02002713456749916,0.16014578938484192,0.18042777478694916,-0.1735856533050537,0.32205191254615784,-0.25048819184303284,-0.20506247878074646,0.05192999914288521,-0.09124794602394104,-0.01925414428114891,0.23997953534126282,-0.14200544357299805,-0.12264324724674225,0.6426549553871155,-0.6550635695457458,0.2415200024843216,-0.5723453760147095,0.07430976629257202,0.04066340997815132,0.4866718649864197,-0.23836080729961395,-0.007948102429509163
0.1745935082435608,-0.394288569688797,0.809698224067688,0.005375769920647144,0.007020294666290283,-0.607947826385498,0.7939277291297913,-0.18879234790802002,0.21824602782726288,-0.6952961683273315,-0.7363809943199158,0.08211449533700943,0.04693301394581795,0.1636047512292862,0.1569771021604538,-0.18414698541164398,0.32730916142463684,-0.26194342970848083,-0.19095055758953094,0.0525871179997921,-0.0969422310590744,-0.03015759401023388,0.09839953482151031,-0.12899678945541382,-0.0630200132727623,0.9302318096160889,-0.44176551699638367,0.1891978681087494,-0.5226741433143616,0.08197597414255142,0.03963715210556984,0.5104857087135315,-0.2618325650691986,-0.010918204672634602
0.17659959197044373,-0.4275607466697693,0.8128691911697388,0.005838202778249979,0.00800599716603756,-0.5891759395599365,0.8079439997673035,-0.17025244235992432,0.21376539766788483,-0.746182918548584,-0.6080024838447571,0.10221696645021439,0.06663623452186584,0.16845127940177917,0.12618723511695862,-0.19470661878585815,0.3486148715019226,-0.2793234586715698,-0.19843043386936188,0.04424886032938957,-0.10361340641975403,-0.04658186435699463,-0.08965305984020233,-0.0978003740310669,0.007117874454706907,1.1898232698440552,-0.1137496680021286,0.13373059034347534,-0.473407119512558,0.09350880980491638,0.024916375055909157,0.523955762386322,-0.30453190207481384,-0.05193229019641876
0.18009574711322784,-0.4574103355407715,0.8162555694580078,0.008990399539470673,0.012910796329379082,-0.5713781714439392,0.8205360770225525,-0.1560736894607544,0.21600577235221863,-0.7818841338157654,-0.4938981533050537,0.1316731572151184,0.07323191314935684,0.16097207367420197,0.06929574906826019,-0.20822322368621826,0.40013787150382996,-0.2801036834716797,-0.224567711353302,0.028087547048926353,-0.10950081050395966,-0.0659068375825882,-0.27660754323005676,-0.06196296587586403,0.06382513791322708,1.4018231630325317,0.0259727593511343,0.14128994941711426,-0.433210551738739,0.10777144879102707,0.00606116559356451,0.5476225018501282,-0.34838199615478516,-0.09814121574163437
0.18661227822303772,-0.4823918342590332,0.8203784227371216,0.005382482428103685,0.008025338873267174,-0.5569830536842346,0.8304676413536072,-0.09495432674884796,0.24715100228786469,-0.7729236483573914,-0.4384920299053192,0.1551569104194641,0.09541338682174683,0.1546204835176468,0.02215181104838848,-0.20354965329170227,0.4654107391834259,-0.2710011303424835,-0.22956857085227966,0.02991451695561409,-0.11297575384378433,-0.08242005109786987,-0.43195679783821106,-0.04218145087361336,0.10257966816425323,1.6413911581039429,-0.019830798730254173,0.17646044492721558,-0.37302887439727783,0.11801669001579285,-0.009725581854581833,0.564027726650238,-0.36761724948883057,-0.12902213633060455
0.19361287355422974,-0.5162147283554077,0.8249838352203369,0.013549228198826313,0.020854776725172997,-0.5446395874023438,0.8383013606071472,-0.060304634273052216,0.2391625940799713,-0.7138849496841431,-0.41494473814964294,0.17818500101566315,0.1086902990937233,0.15941673517227173,-0.0738941878080368,-0.2481188029050827,0.5025896430015564,-0.2633647918701172,-0.2237687110900879,0.03832213208079338,-0.11459701508283615,-0.0926433652639389,-0.5455453991889954,-0.04752105847001076,0.11248965561389923,1.537615180015564,-0.06483408063650131,0.18473774194717407,-0.27721816301345825,0.11997481435537338,-0.02372949942946434,0.3926295340061188,-0.36229848861694336,-0.14173592627048492
0.2022884339094162,-0.5450267791748047,0.8285192847251892,0.014730730094015598,0.023374198004603386,-0.5329632759094238,0.8456871509552002,0.004980415105819702,0.26092004776000977,-0.6517665982246399,-0.42053335905075073,0.20037643611431122,0.10761333256959915,0.15917298197746277,-0.14049220085144043,-0.2709905505180359,0.52236407995224,-0.27148741483688354,-0.22161708772182465,0.03854667767882347,-0.11701393127441406,-0.09749793261289597,-0.6341236233711243,-0.0644688680768013,0.10967923700809479,1.4919556379318237,-0.10434019565582275,0.16707730293273926,-0.17474208772182465,0.11791685968637466,-0.04178906977176666,0.2818508446216583,-0.3467349708080292,-0.13791170716285706
0.21151277422904968,-0.5732953548431396,0.8296005725860596,0.01612107828259468,0.026104051619768143,-0.5251980423927307,0.8504267930984497,0.06976368278265,0.2835429012775421,-0.5858743190765381,-0.43404218554496765,0.21290087699890137,0.0942155197262764,0.1556883305311203,-0.20213836431503296,-0.2929752767086029,0.5235512852668762,-0.2942972481250763,-0.2152802050113678,0.03159575164318085,-0.1225976049900055,-0.09893251210451126,-0.7198938131332397,-0.07487268000841141,0.10793521255254745,1.3786163330078125,-0.1766638159751892,0.14015954732894897,-0.08258873224258423,0.11869247257709503,-0.06402696669101715,0.1819123923778534,-0.3324264585971832,-0.12615428864955902
0.2212112993001938,-0.5984737277030945,0.828438401222229,0.012890062294900417,0.021335935220122337,-0.5169432759284973,0.855656623840332,0.1488618403673172,0.32728615403175354,-0.524381697177887,-0.45061516761779785,0.2292083501815796,0.08915187418460846,0.16039499640464783,-0.24083440005779266,-0.28786683082580566,0.5125705599784851,-0.32697349786758423,-0.20496058464050293,0.0210826825350523,-0.1314326375722885,-0.09946165978908539,-0.7956764698028564,-0.07623917609453201,0.10610540956258774,1.3582615852355957,-0.24868930876255035,0.12029092758893967,0.000962340971454978,0.12168241292238235,-0.08113515377044678,0.12899988889694214,-0.3288199305534363,-0.1194077581167221
0.23130546510219574,-0.6276997327804565,0.8261017799377441,0.015820389613509178,0.026457084342837334,-0.5129665732383728,0.8578549027442932,0.20397034287452698,0.3331852853298187,-0.4534716010093689,-0.4564630091190338,0.24046240746974945,0.08148320764303207,0.17144763469696045,-0.2999442517757416,-0.303670197725296,0.49922001361846924,-0.36136594414711,-0.20201575756072998,0.009361056610941887,-0.14152295887470245,-0.10285702347755432,-0.8032297492027283,-0.07471902668476105,0.11429602652788162,1.1170004606246948,-0.27287980914115906,0.10738453269004822,0.07021356374025345,0.1202680915594101,-0.08397160470485687,0.06662581861019135,-0.335245817899704,-0.11250104755163193
0.242759570479393,-0.659208357334137,0.8229828476905823,0.021934686228632927,0.03656076639890671,-0.5139973163604736,0.8567315340042114,0.23862339556217194,0.3080437481403351,-0.39370882511138916,-0.4453437030315399,0.2538546919822693,0.08296599984169006,0.18186365067958832,-0.3630589246749878,-0.33034077286720276,0.4851589798927307,-0.4119679927825928,-0.18842753767967224,0.0027215785812586546,-0.15041036903858185,-0.1095685064792633,-0.7372785806655884,-0.07300478219985962,0.15014947950839996,0.6575174331665039,-0.26355302333831787,0.08763423562049866,0.12625961005687714,0.1121978834271431,-0.07475487142801285,0.011335836723446846,-0.3507252335548401,-0.1018415093421936
0.255700945854187,-0.6898885369300842,0.8188847303390503,0.022752439603209496,0.037951741367578506,-0.5136829018592834,0.8568382859230042,0.2758753299713135,0.3029560446739197,-0.3593173921108246,-0.4190724790096283,0.2665867209434509,0.09229451417922974,0.18432895839214325,-0.396330863237381,-0.32639631628990173,0.4656364619731903,-0.4573299288749695,-0.17345751821994781,0.00047750392695888877,-0.15649183094501495,-0.11492384225130081,-0.6671380996704102,-0.07280350476503372,0.21492637693881989,0.3353414535522461,-0.2704622447490692,0.06114800646901131,0.1795702874660492,0.1010592132806778,-0.06510855257511139,0.01018208172172308,-0.3782188296318054,-0.09306608140468597
0.27078211307525635,-0.7216541171073914,0.8142076730728149,0.023553213104605675,0.03899863362312317,-0.5164427757263184,0.855108916759491,0.3040600121021271,0.2899967133998871,-0.33672526478767395,-0.38555794954299927,0.2780570387840271,0.10546477138996124,0.185501366853714,-0.42079445719718933,-0.3157340884208679,0.4588583707809448,-0.5006992816925049,-0.15909385681152344,-0.002616715617477894,-0.15938061475753784,-0.11496812105178833,-0.6216108202934265,-0.07683958113193512,0.2787213921546936,0.10718968510627747,-0.2964010238647461,0.04649493843317032,0.22855401039123535,0.08904781192541122,-0.06449509412050247,0.013458962552249432,-0.4175381660461426,-0.0774417519569397
0.2890135645866394,-0.7543907761573792,0.8101540803909302,0.0235794335603714,0.03878813609480858,-0.5189173817634583,0.853618323802948,0.3238976299762726,0.26994431018829346,-0.32688191533088684,-0.35311007499694824,0.2930460572242737,0.12043154239654541,0.18673714995384216,-0.43001386523246765,-0.30155640840530396,0.4583943784236908,-0.5315792560577393,-0.14544124901294708,-0.005629308987408876,-0.1595253348350525,-0.11021594703197479,-0.6021504998207092,-0.0829564779996872,0.3193819522857666,0.06481336802244186,-0.31884899735450745,0.05606456473469734,0.2613457143306732,0.07637128233909607,-0.07345535606145859,0.07850176841020584,-0.47422632575035095,-0.04938267916440964
0.3086519241333008,-0.7877050042152405,0.8078436851501465,0.023377791047096252,0.03872840851545334,-0.5162525773048401,0.8552408218383789,0.3331065773963928,0.2534622848033905,-0.3319090008735657,-0.33610132336616516,0.2944047152996063,0.1378634124994278,0.18428294360637665,-0.41832658648490906,-0.2876708209514618,0.44845497608184814,-0.5547353625297546,-0.130660280585289,-0.0061146896332502365,-0.157318577170372,-0.10331825911998749,-0.6087949872016907,-0.0873929113149643,0.3386002779006958,0.19749660789966583,-0.2910151779651642,0.0922960713505745,0.27508223056793213,0.0654837042093277,-0.08520625531673431,0.1842368096113205,-0.547777533531189,-0.02113388665020466
0.3297160863876343,-0.821520984172821,0.8075968623161316,0.02250579558312893,0.03763241320848465,-0.5127664804458618,0.8574076294898987,0.337216317653656,0.24183876812458038,-0.33753839135169983,-0.3411625623703003,0.28511932492256165,0.13873963057994843,0.17917180061340332,-0.3873773217201233,-0.27027010917663574,0.4390663802623749,-0.5681677460670471,-0.11891619861125946,-0.003545907558873296,-0.1521349549293518,-0.09578995406627655,-0.6178354024887085,-0.09336704015731812,0.32210180163383484,0.29305848479270935,-0.21465279161930084,0.1388111561536789,0.2710127830505371,0.058743081986904144,-0.09147103130817413,0.31474748253822327,-0.6255935430526733,-0.013960004784166813
0.35207924246788025,-0.8551985025405884,0.8087957501411438,0.018672829493880272,0.03212970122694969,-0.502128005027771,0.8639944791793823,0.3145735561847687,0.2404162436723709,-0.3647419512271881,-0.34338101744651794,0.27981725335121155,0.13364185392856598,0.16336962580680847,-0.3339341878890991,-0.24931639432907104,0.42665255069732666,-0.5373764038085938,-0.1189136728644371,-0.010461520403623581,-0.1423533707857132,-0.0861794501543045,-0.6030109524726868,-0.10883837938308716,0.2726791501045227,0.3958773910999298,-0.17533789575099945,0.1759566217660904,0.23207981884479523,0.05165427178144455,-0.0893963947892189,0.49011021852493286,-0.6454426646232605,-0.03338158503174782
0.37452927231788635,-0.8865355849266052,0.8102470636367798,0.014540710486471653,0.02564994990825653,-0.49294549226760864,0.8695604801177979,0.27420517802238464,0.23424243927001953,-0.3889402747154236,-0.3514518737792969,0.25889238715171814,0.1272420585155487,0.15257813036441803,-0.28115421533584595,-0.22483818233013153,0.4304046034812927,-0.46712639927864075,-0.13993699848651886,-0.007874680683016777,-0.1270880103111267,-0.0706118792295456,-0.5603495240211487,-0.1406611055135727,0.2321358472108841,0.457865834236145,-0.18671463429927826,0.21659883856773376,0.13034825026988983,0.03346775472164154,-0.08335237950086594,0.7551620006561279,-0.46968042850494385,-0.046740975230932236
0.39681264758110046,-0.9138851165771484,0.8111501336097717,0.011310518719255924,0.02002900280058384,-0.49159032106399536,0.8705227375030518,0.23209863901138306,0.21529658138751984,-0.3975176215171814,-0.3780544102191925,0.24890783429145813,0.10909789800643921,0.15796998143196106,-0.24850447475910187,-0.21612673997879028,0.47640499472618103,-0.3843318819999695,-0.16232413053512573,0.0009473090176470578,-0.10836063325405121,-0.04774213582277298,-0.5109256505966187,-0.1891108602285385,0.21962781250476837,0.4710995554924011,-0.22015906870365143,0.2511082589626312,-0.030043551698327065,-0.0004897778853774071,-0.07840216904878616,1.0387450456619263,-0.13840404152870178,-0.04103545472025871
0.41160449385643005,-0.9377845525741577,0.8119532465934753,0.003907160367816687,0.006963707040995359,-0.4893011748790741,0.8720782995223999,0.1934601217508316,0.17041850090026855,-0.45112860202789307,-0.4062137305736542,0.25814178586006165,0.09244509041309357,0.1641618013381958,-0.19897903501987457,-0.25589504837989807,0.548038125038147,-0.33480125665664673,-0.16516710817813873,0.01162643264979124,-0.09094144403934479,-0.023607920855283737,-0.4614580273628235,-0.2413555383682251,0.22106997668743134,0.5655495524406433,-0.2645488381385803,0.26100000739097595,-0.20183542370796204,-0.040138810873031616,-0.07419119775295258,1.3911266326904297,0.053491003811359406,-0.05263027548789978
0.42997604608535767,-0.9635019302368164,0.8138970732688904,0.002798378234729171,0.005034489557147026,-0.4858258366584778,0.8740366697311401,0.10670050233602524,0.16760258376598358,-0.525288462638855,-0.42026665806770325,0.26480942964553833,0.07929063588380814,0.1556164175271988,-0.16634128987789154,-0.2652379870414734,0.5940099358558655,-0.3015406131744385,-0.16343151032924652,0.022748220711946487,-0.07909469306468964,-0.007098796311765909,-0.38439127802848816,-0.28220295906066895,0.21011902391910553,0.5262306332588196,-0.2926683723926544,0.26100000739097595,-0.34535300731658936,-0.07020892202854156,-0.06844004988670349,1.5522998571395874,0.018936872482299805,-0.09429700672626495
0.44840207695961,-0.9889208674430847,0.8176432251930237,0.001443295506760478,0.002672735834494233,-0.4751513600349426,0.8798988461494446,0.006133280694484711,0.1697847694158554,-0.6100311279296875,-0.4302721917629242,0.23026061058044434,0.0764300525188446,0.1403297781944275,-0.11224860697984695,-0.27241554856300354,0.5883220434188843,-0.28251951932907104,-0.166621595621109,0.026209406554698944,-0.07345413416624069,-0.0005391801823861897,-0.27314281463623047,-0.30652299523353577,0.1731703281402588,0.4289841949939728,-0.2932051420211792,0.26100000739097595,-0.4618578851222992,-0.08280764520168304,-0.06315004825592041,1.6167123317718506,-0.07091925293207169,-0.1502162516117096
0.46712741255760193,-1.014148235321045,0.8225243091583252,0.00018784198618959635,0.0003609769919421524,-0.461611807346344,0.8870819211006165,-0.08717145025730133,0.17331117391586304,-0.6582691669464111,-0.4549935758113861,0.16696909070014954,0.06647272408008575,0.13717257976531982,-0.0458957739174366,-0.27797600626945496,0.5379472970962524,-0.2822948694229126,-0.1779295802116394,0.027825919911265373,-0.0715000256896019,0.0008245895151048899,-0.15100067853927612,-0.310308039188385,0.11794254183769226,0.2963726222515106,-0.27584922313690186,0.26100000739097595,-0.5440645813941956,-0.07786041498184204,-0.06206893548369408,1.6089870929718018,-0.13532902300357819,-0.20609623193740845
0.4897477924823761,-1.0407506227493286,0.8269184827804565,0.006330010946840048,0.012619107030332088,-0.44832777976989746,0.8937577605247498,-0.1940518319606781,0.22113865613937378,-0.6628005504608154,-0.5022867321968079,0.13936077058315277,0.05067635327577591,0.1585996150970459,-0.011276216246187687,-0.24096554517745972,0.4790755808353424,-0.2878744602203369,-0.19187965989112854,0.026890583336353302,-0.07057753205299377,0.0018715736223384738,-0.04731353372335434,-0.2949436604976654,0.06150801107287407,0.1464119702577591,-0.26156148314476013,0.26100000739097595,-0.5912300944328308,-0.061102524399757385,-0.0638948604464531,1.3511933088302612,-0.18972569704055786,-0.24378257989883423
0.5066138505935669,-1.0653437376022339,0.8292683959007263,0.007291344925761223,0.015192074701189995,-0.4326286017894745,0.9014147520065308,-0.25453388690948486,0.22857831418514252,-0.6401557922363281,-0.5947906970977783,0.1334511935710907,0.037790440022945404,0.18144859373569489,0.04110342636704445,-0.24396201968193054,0.45635733008384705,-0.29531601071357727,-0.20633380115032196,0.024213960394263268,-0.06961006671190262,0.003745189169421792,0.022619621828198433,-0.2738381326198578,0.01959405466914177,0.11969725787639618,-0.26697203516960144,0.26092031598091125,-0.6338398456573486,-0.04091872647404671,-0.06241568177938461,1.2194048166275024,-0.24357394874095917,-0.2583748698234558
0.5238239765167236,-1.0905009508132935,0.8289607167243958,0.008696617558598518,0.019011516124010086,-0.4158919155597687,0.9091737270355225,-0.30444222688674927,0.23331940174102783,-0.6148406267166138,-0.6922287344932556,0.1285957396030426,0.024097900837659836,0.19069364666938782,0.0840640664100647,-0.2434544414281845,0.4471147060394287,-0.2939007878303528,-0.1970619261264801,0.024737125262618065,-0.06840408593416214,0.004801289178431034,0.07287890464067459,-0.253420889377594,-0.009286224842071533,0.11341206729412079,-0.29006287455558777,0.2593945264816284,-0.6670105457305908,-0.021228231489658356,-0.05378860607743263,1.028733730316162,-0.2819160223007202,-0.26099979877471924
0.5414226055145264,-1.116605281829834,0.8263064622879028,0.010041466914117336,0.023068036884069443,-0.398997038602829,0.9166070222854614,-0.34458521008491516,0.24124473333358765,-0.6055266857147217,-0.7865303158760071,0.11252279579639435,0.014555726200342178,0.19114188849925995,0.12028469890356064,-0.2353043407201767,0.43171098828315735,-0.2855197489261627,-0.19614636898040771,0.026464348658919334,-0.06674282997846603,0.0030730348080396652,0.12106733024120331,-0.22975142300128937,-0.030437175184488297,0.11194869875907898,-0.32292914390563965,0.25091880559921265,-0.6699374318122864,-0.002152502303943038,-0.04167218878865242,0.7837479710578918,-0.2977367341518402,-0.2509016692638397
0.5607596635818481,-1.1432777643203735,0.8219366073608398,0.010729691945016384,0.025922058150172234,-0.3823023736476898,0.9236112833023071,-0.3737080693244934,0.24957779049873352,-0.6088858842849731,-0.8685322403907776,0.09553872048854828,0.007995345629751682,0.1932724267244339,0.14984853565692902,-0.22454634308815002,0.41416803002357483,-0.2724587023258209,-0.20150528848171234,0.03311696648597717,-0.06459682434797287,-0.0019563217647373676,0.1743735522031784,-0.20213200151920319,-0.04585506021976471,0.10922256857156754,-0.36011841893196106,0.23214662075042725,-0.6432008743286133,0.014851178973913193,-0.0343509241938591,0.4968922734260559,-0.30822834372520447,-0.20264163613319397
0.5824723839759827,-1.1707910299301147,0.8165596127510071,0.010854865424335003,0.027580346912145615,-0.366068035364151,0.9301159381866455,-0.3867872357368469,0.25472187995910645,-0.612783670425415,-0.9350802898406982,0.07257876545190811,0.0032776291482150555,0.19452784955501556,0.17221063375473022,-0.2163190096616745,0.40314993262290955,-0.2595736086368561,-0.20351317524909973,0.04002482816576958,-0.06246773898601532,-0.009579844772815704,0.2321312576532364,-0.17257490754127502,-0.055631525814533234,0.10387137532234192,-0.4015015661716461,0.20622055232524872,-0.6008143424987793,0.02930021658539772,-0.03814961761236191,0.21449014544487,-0.3278486728668213,-0.11340341717004776
0.6050910353660583,-1.2006158828735352,0.8111041188240051,0.010933288373053074,0.029241345822811127,-0.3500478267669678,0.9362114667892456,-0.3875608742237091,0.2585279047489166,-0.6191595792770386,-0.9814015030860901,0.05722755938768387,0.0001879072660813108,0.19555063545703888,0.18786512315273285,-0.20915119349956512,0.39711570739746094,-0.25310370326042175,-0.1983291506767273,0.0440528467297554,-0.06104648858308792,-0.018747663125395775,0.2863744795322418,-0.14274758100509644,-0.056993938982486725,0.11306322365999222,-0.45338886976242065,0.178313210606575,-0.5695217251777649,0.04392474889755249,-0.05110425129532814,0.046124473214149475,-0.3476356267929077,-0.03275468572974205
0.6285420656204224,-1.231886386871338,0.806675910949707,0.010484342463314533,0.029282934963703156,-0.3369188904762268,0.9410197734832764,-0.36913958191871643,0.26241469383239746,-0.6207790374755859,-1.0027515888214111,0.053743306547403336,-0.0020697512663900852,0.1958596259355545,0.19265122711658478,-0.20488880574703217,0.4042642414569855,-0.2515251040458679,-0.1982174813747406,0.04621676728129387,-0.06076311692595482,-0.02744324505329132,0.323691189289093,-0.11562521755695343,-0.05293538421392441,0.1607561558485031,-0.5209536552429199,0.15562589466571808,-0.570298969745636,0.060216911137104034,-0.060319479554891586,0.08074922859668732,-0.3464696705341339,-0.020816590636968613
0.6531409025192261,-1.263210415840149,0.8042027354240417,0.010607502423226833,0.030608946457505226,-0.3272721767425537,0.944374680519104,-0.33839666843414307,0.2620081603527069,-0.6127189993858337,-0.9975308179855347,0.05199265107512474,0.006574445404112339,0.1950145959854126,0.1851443499326706,-0.20618948340415955,0.4138505160808563,-0.257060706615448,-0.19342032074928284,0.04743431136012077,-0.06180816516280174,-0.03295740485191345,0.3396510183811188,-0.09630431979894638,-0.06041581183671951,0.2684291899204254,-0.596899151802063,0.14122608304023743,-0.5959323048591614,0.07519859820604324,-0.053016602993011475,0.23581475019454956,-0.30510637164115906,-0.06733744591474533
0.6794528961181641,-1.29607355594635,0.8040478229522705,0.008544429205358028,0.02547495812177658,-0.31788015365600586,0.9477500915527344,-0.2941356301307678,0.26066264510154724,-0.6136246919631958,-0.9459770321846008,0.05711571127176285,0.015904376283288002,0.19099374115467072,0.17510181665420532,-0.2073110193014145,0.4227198362350464,-0.2614502012729645,-0.1936143934726715,0.0491291843354702,-0.06436436623334885,-0.035452887415885925,0.33105599880218506,-0.09112941473722458,-0.09098212420940399,0.38935282826423645,-0.6563726663589478,0.1341225802898407,-0.6110327243804932,0.08516138046979904,-0.032674163579940796,0.3907235860824585,-0.24440047144889832,-0.08572737872600555
0.7067764401435852,-1.3261499404907227,0.8059225082397461,0.0060911113396286964,0.01839553937315941,-0.31427618861198425,0.9491338133811951,-0.23100882768630981,0.23964974284172058,-0.5892859697341919,-0.8256844282150269,0.051800504326820374,0.024365337565541267,0.1898966282606125,0.13775990903377533,-0.21261492371559143,0.45393285155296326,-0.24982349574565887,-0.1967799961566925,0.05228922888636589,-0.0686521977186203,-0.039477672427892685,0.2640976905822754,-0.09773175418376923,-0.10920237749814987,0.6076005101203918,-0.6210634112358093,0.11780522763729095,-0.5898755788803101,0.09108544141054153,-0.015090995468199253,0.48903173208236694,-0.22552157938480377,-0.07455013692378998
0.7328534722328186,-1.3535621166229248,0.809227705001831,0.004451504908502102,0.014050581492483616,-0.30199170112609863,0.9531965851783752,-0.1863086074590683,0.21819274127483368,-0.5941554307937622,-0.6753414869308472,0.074578195810318,0.05876339599490166,0.20130860805511475,0.1039186492562294,-0.22014829516410828,0.45375126600265503,-0.2650344669818878,-0.17960171401500702,0.051492445170879364,-0.0747094377875328,-0.04934068024158478,0.1168762594461441,-0.10229576379060745,-0.08291319012641907,0.9175298810005188,-0.3694928288459778,0.07000061869621277,-0.5421282052993774,0.09696473926305771,-0.010453038848936558,0.5294287204742432,-0.2560001015663147,-0.10198041796684265
0.7563775777816772,-1.3781952857971191,0.813493549823761,0.004073443356901407,0.013875179924070835,-0.2816600203514099,0.9594053030014038,-0.15994948148727417,0.21429933607578278,-0.6416448950767517,-0.535822331905365,0.12210007011890411,0.08123574405908585,0.2064645141363144,0.06756691634654999,-0.2282324880361557,0.4514824450016022,-0.2949623465538025,-0.19590796530246735,0.03408081829547882,-0.08199915289878845,-0.06456566601991653,-0.06374888867139816,-0.09896773844957352,-0.03938942402601242,1.1791869401931763,-0.052883535623550415,0.035612478852272034,-0.48391401767730713,0.10353560000658035,-0.01708725094795227,0.5532901883125305,-0.29724791646003723,-0.1467132270336151
0.7804701328277588,-1.4000533819198608,0.8184411525726318,0.004645176697522402,0.01703382283449173,-0.2630546987056732,0.9646193385124207,-0.12588313221931458,0.21885742247104645,-0.6656628847122192,-0.4428938627243042,0.1487133651971817,0.08913364261388779,0.18713779747486115,0.008781040087342262,-0.2469770312309265,0.48453113436698914,-0.31143662333488464,-0.21689727902412415,0.017266275361180305,-0.08927995711565018,-0.08130353689193726,-0.22324375808238983,-0.09486633539199829,-0.0035122036933898926,1.3539644479751587,0.04275849834084511,0.05926567316055298,-0.4149991273880005,0.10829930752515793,-0.027562569826841354,0.514863908290863,-0.3243612051010132,-0.16635997593402863
0.8052133917808533,-1.4198709726333618,0.8237870931625366,0.005097557790577412,0.01986153982579708,-0.24854525923728943,0.9684032201766968,-0.07050992548465729,0.2308075875043869,-0.6546366810798645,-0.40162113308906555,0.16436858475208282,0.10968726873397827,0.17399130761623383,-0.06162693724036217,-0.26933562755584717,0.5354089140892029,-0.3156723082065582,-0.2069321572780609,0.01607825979590416,-0.09532111883163452,-0.09656570106744766,-0.36006924510002136,-0.09397351741790771,0.029949158430099487,1.460501790046692,-0.01124456338584423,0.09927817434072495,-0.3362065255641937,0.11060938984155655,-0.03536102920770645,0.4561917781829834,-0.33771973848342896,-0.17108093202114105
0.8302605748176575,-1.438679814338684,0.8292641043663025,0.005241613835096359,0.02147788181900978,-0.23703081905841827,0.9712505340576172,0.0032230187207460403,0.24743357300758362,-0.6093675494194031,-0.39499586820602417,0.18498684465885162,0.11538373678922653,0.17430944740772247,-0.1410761922597885,-0.2916998565196991,0.5953848361968994,-0.31110095977783203,-0.20762868225574493,0.01843295805156231,-0.10007010400295258,-0.11015059053897858,-0.4870608448982239,-0.09447040408849716,0.06210050359368324,1.495670199394226,-0.062262460589408875,0.1285729855298996,-0.2531181871891022,0.11200394481420517,-0.03917016461491585,0.3901917040348053,-0.3488176763057709,-0.17615512013435364