/bin/bash: /home/nubot/anaconda3/envs/isaaclab/lib/libtinfo.so.6: no version information available (required by /bin/bash)
[INFO][AppLauncher]: Using device: cuda:0
[INFO][AppLauncher]: Loading experience file: /home/nubot/IsaacLab/apps/isaaclab.python.headless.kit
[INFO][AppLauncher]: Using device: cuda:0
[INFO][AppLauncher]: Loading experience file: /home/nubot/IsaacLab/apps/isaaclab.python.headless.kit
Loading user config located at: '/home/nubot/isaac-sim-standalone-5.1.0-linux-x86_64/kit/data/Kit/Isaac-Sim/4.5/user.config.json'
[Info] [carb] Logging to file: /home/nubot/isaac-sim-standalone-5.1.0-linux-x86_64/kit/logs/Kit/Isaac-Sim/4.5/kit_20260908_144529.log
Loading user config located at: '/home/nubot/isaac-sim-standalone-5.1.0-linux-x86_64/kit/data/Kit/Isaac-Sim/4.5/user.config.json'
[Info] [carb] Logging to file: /home/nubot/isaac-sim-standalone-5.1.0-linux-x86_64/kit/logs/Kit/Isaac-Sim/4.5/kit_20260908_144529.log
2026-09-08T06:45:29Z [5ms] [Warning] [omni.ext.plugin] [ext: rendering_modes] Extensions config 'extension.toml' doesn't exist '/home/nubot/IsaacLab/apps/rendering_modes' or '/home/nubot/IsaacLab/apps/rendering_modes/config'
2026-09-08T06:45:29Z [6ms] [Warning] [omni.ext.plugin] [ext: rendering_modes] Extensions config 'extension.toml' doesn't exist '/home/nubot/IsaacLab/apps/rendering_modes' or '/home/nubot/IsaacLab/apps/rendering_modes/config'
2026-09-08T06:45:29Z [241ms] [Warning] [omni.usd_config.extension] Enable omni.materialx.libs extension to use MaterialX
2026-09-08T06:45:29Z [244ms] [Warning] [omni.usd_config.extension] Enable omni.materialx.libs extension to use MaterialX
2026-09-08T06:45:29Z [437ms] [Warning] [omni.platforminfo.plugin] failed to open the default display.  Can't verify X Server version.
2026-09-08T06:45:29Z [458ms] [Warning] [omni.platforminfo.plugin] failed to open the default display.  Can't verify X Server version.
2026-09-08T06:45:30Z [717ms] [Warning] [carb] Acquiring non optional plugin interface which is not listed as dependency: [omni::physx::IPhysxBenchmarks v1.0] (plugin: <default plugin>), by client: omni.physics.physx.plugin. Add it to CARB_PLUGIN_IMPL_DEPS() macro of a client.
2026-09-08T06:45:30Z [723ms] [Warning] [omni.isaac.dynamic_control] omni.isaac.dynamic_control is deprecated as of Isaac Sim 4.5. No action is needed from end-users.
2026-09-08T06:45:30Z [726ms] [Warning] [carb] Acquiring non optional plugin interface which is not listed as dependency: [omni::physx::IPhysxBenchmarks v1.0] (plugin: <default plugin>), by client: omni.physics.physx.plugin. Add it to CARB_PLUGIN_IMPL_DEPS() macro of a client.
2026-09-08T06:45:30Z [732ms] [Warning] [omni.isaac.dynamic_control] omni.isaac.dynamic_control is deprecated as of Isaac Sim 4.5. No action is needed from end-users.
2026-09-08T06:45:33Z [3,878ms] [Warning] [carb.cudainterop.plugin] CUDA_VISIBLE_DEVICES environment variable is set.
2026-09-08T06:45:33Z [3,878ms] [Warning] [carb.cudainterop.plugin] Note CUDA device enumeration and Omniverse device enumeration are different.
2026-09-08T06:45:33Z [3,878ms] [Warning] [carb.cudainterop.plugin] Setting CUDA_VISIBLE_DEVICES can lead to undesired behavior or crashes.
2026-09-08T06:45:33Z [3,932ms] [Warning] [carb.cudainterop.plugin] CUDA_VISIBLE_DEVICES environment variable is set.
2026-09-08T06:45:33Z [3,932ms] [Warning] [carb.cudainterop.plugin] Note CUDA device enumeration and Omniverse device enumeration are different.
2026-09-08T06:45:33Z [3,932ms] [Warning] [carb.cudainterop.plugin] Setting CUDA_VISIBLE_DEVICES can lead to undesired behavior or crashes.
2026-09-08T06:45:34Z [4,923ms] [Warning] [gpu.foundation.plugin] Skipping NVIDIA GPU due CUDA being in bad state: NVIDIA GeForce RTX 4090
2026-09-08T06:45:34Z [4,923ms] [Warning] [gpu.foundation.plugin] Please restart your system if CUDA is known to work in your system.
2026-09-08T06:45:34Z [4,930ms] [Warning] [gpu.foundation.plugin] Skipping NVIDIA GPU due CUDA being in bad state: NVIDIA GeForce RTX 4090
2026-09-08T06:45:34Z [4,930ms] [Warning] [gpu.foundation.plugin] Please restart your system if CUDA is known to work in your system.
2026-09-08T06:45:34Z [4,931ms] [Warning] [gpu.foundation.plugin] Skipping NVIDIA GPU due CUDA being in bad state: NVIDIA GeForce RTX 4090
2026-09-08T06:45:34Z [4,931ms] [Warning] [gpu.foundation.plugin] Please restart your system if CUDA is known to work in your system.
2026-09-08T06:45:34Z [4,931ms] [Warning] [gpu.foundation.plugin] Skipping NVIDIA GPU due CUDA being in bad state: NVIDIA GeForce RTX 4090
2026-09-08T06:45:34Z [4,931ms] [Warning] [gpu.foundation.plugin] Please restart your system if CUDA is known to work in your system.
2026-09-08T06:45:34Z [4,932ms] [Warning] [gpu.foundation.plugin] Skipping NVIDIA GPU due CUDA being in bad state: NVIDIA GeForce RTX 4090
2026-09-08T06:45:34Z [4,932ms] [Warning] [gpu.foundation.plugin] Please restart your system if CUDA is known to work in your system.
2026-09-08T06:45:34Z [4,936ms] [Warning] [gpu.foundation.plugin] Skipping NVIDIA GPU due CUDA being in bad state: NVIDIA GeForce RTX 4090
2026-09-08T06:45:34Z [4,936ms] [Warning] [gpu.foundation.plugin] Please restart your system if CUDA is known to work in your system.
2026-09-08T06:45:34Z [4,936ms] [Warning] [gpu.foundation.plugin] Skipping NVIDIA GPU due CUDA being in bad state: NVIDIA GeForce RTX 4090
2026-09-08T06:45:34Z [4,936ms] [Warning] [gpu.foundation.plugin] Please restart your system if CUDA is known to work in your system.
2026-09-08T06:45:34Z [4,936ms] [Warning] [gpu.foundation.plugin] Skipping NVIDIA GPU due CUDA being in bad state: NVIDIA GeForce RTX 4090
2026-09-08T06:45:34Z [4,936ms] [Warning] [gpu.foundation.plugin] Please restart your system if CUDA is known to work in your system.
2026-09-08T06:45:34Z [4,938ms] [Warning] [gpu.foundation.plugin] activeGpu 1 is not compatible with current foundation settings.

|---------------------------------------------------------------------------------------------|
| Driver Version: 570.133.20    | Graphics API: Vulkan
|=============================================================================================|
| GPU | Name                             | Active | LDA | GPU Memory | Vendor-ID | LUID       |
|     |                                  |        |     |            | Device-ID | UUID       |
|     |                                  |        |     |            | Bus-ID    |            |
|---------------------------------------------------------------------------------------------|
| 0   | NVIDIA GeForce RTX 4090          |        |     | 24810   MB | 10de      | 0          |
|     |                                  |        |     |            | 2684      | a29f1f68.. |
|     |                                  |        |     |            | 28        |            |
|---------------------------------------------------------------------------------------------|
| 1   | NVIDIA GeForce RTX 4090          |        |     | 24810   MB | 10de      | 0          |
|     |                                  |        |     |            | 2684      | 75ba5f3b.. |
|     |                                  |        |     |            | 29        |            |
|---------------------------------------------------------------------------------------------|
| 2   | NVIDIA GeForce RTX 4090          |        |     | 24810   MB | 10de      | 0          |
|     |                                  |        |     |            | 2684      | b2434cbe.. |
|     |                                  |        |     |            | 2c        |            |
|---------------------------------------------------------------------------------------------|
| 3   | NVIDIA GeForce RTX 4090          |        |     | 24810   MB | 10de      | 0          |
|     |                                  |        |     |            | 2684      | d577411e.. |
|     |                                  |        |     |            | b1        |            |
|=============================================================================================|
| OS: 20.04.6 LTS (Focal Fossa) ubuntu, Version: 20.04.6, Kernel: 5.15.0-139-generic
| Processor: Intel(R) Xeon(R) Platinum 8458P
| Cores: 88 | Logical Cores: 176
|---------------------------------------------------------------------------------------------|
| Total Memory (MB): 515591 | Free Memory: 172472
| Total Page/Swap (MB): 62499 | Free Page/Swap: 17592186044415
|---------------------------------------------------------------------------------------------|
2026-09-08T06:45:34Z [4,938ms] [Error] [gpu.foundation.plugin] No device could be created. Some known system issues:
- The driver is not installed properly and requires a clean re-install.
- Your GPUs do not support RayTracing: DXR or Vulkan ray_tracing, or hardware is excluded due to performance.
- The driver cannot enumerate any GPU: driver, display, TCC mode or a docker issue. For Vulkan, test it with Vulkaninfo tool from Vulkan SDK, instead of nvidia-smi.
- For Ubuntu, it requires server-xorg-core 1.20.7+ and a display to work without --no-window.
- For Linux dockers, the setup is not complete. Install the latest driver, xServer and NVIDIA container runtime.

2026-09-08T06:45:34Z [4,972ms] [Error] [gpu.foundation.plugin] Invalid getDeviceInfo parameters.
2026-09-08T06:45:34Z [4,972ms] [Warning] [omni.physx.foundation.plugin] PhysXFoundation: Couldn't get driver version, failed to getDeviceInfo
2026-09-08T06:45:34Z [4,972ms] [Warning] [omni.physx.foundation.plugin] PhysXFoundation: Unable to get IGpuFoundation, GpuDevices or Graphics!
2026-09-08T06:45:34Z [4,994ms] [Warning] [omni.kvdb.plugin] Disabling key-value database because another kit process is locking it

|---------------------------------------------------------------------------------------------|
| Driver Version: 570.133.20    | Graphics API: Vulkan
|=============================================================================================|
| GPU | Name                             | Active | LDA | GPU Memory | Vendor-ID | LUID       |
|     |                                  |        |     |            | Device-ID | UUID       |
|     |                                  |        |     |            | Bus-ID    |            |
|---------------------------------------------------------------------------------------------|
| 0   | NVIDIA GeForce RTX 4090          | Yes: 0 |     | 24810   MB | 10de      | 0          |
|     |                                  |        |     |            | 2684      | a29f1f68.. |
|     |                                  |        |     |            | 28        |            |
|---------------------------------------------------------------------------------------------|
| 1   | NVIDIA GeForce RTX 4090          |        |     | 24810   MB | 10de      | 0          |
|     |                                  |        |     |            | 2684      | 75ba5f3b.. |
|     |                                  |        |     |            | 29        |            |
|---------------------------------------------------------------------------------------------|
| 2   | NVIDIA GeForce RTX 4090          |        |     | 24810   MB | 10de      | 0          |
|     |                                  |        |     |            | 2684      | b2434cbe.. |
|     |                                  |        |     |            | 2c        |            |
|---------------------------------------------------------------------------------------------|
| 3   | NVIDIA GeForce RTX 4090          |        |     | 24810   MB | 10de      | 0          |
|     |                                  |        |     |            | 2684      | d577411e.. |
|     |                                  |        |     |            | b1        |            |
|=============================================================================================|
| OS: 20.04.6 LTS (Focal Fossa) ubuntu, Version: 20.04.6, Kernel: 5.15.0-139-generic
| Processor: Intel(R) Xeon(R) Platinum 8458P
| Cores: 88 | Logical Cores: 176
|---------------------------------------------------------------------------------------------|
| Total Memory (MB): 515591 | Free Memory: 172472
| Total Page/Swap (MB): 62499 | Free Page/Swap: 17592186044415
|---------------------------------------------------------------------------------------------|
2026-09-08T06:45:34Z [5,443ms] [Warning] [omni.kvdb.plugin] Disabling key-value database because another kit process is locking it
Setting seed: 43
Setting seed: 42
[INFO] Generating terrains based on curriculum took : 7.205369 seconds
2026-09-08T06:45:43Z [13,733ms] [Warning] [carb.windowing-glfw.plugin] GLFW initialization failed.
2026-09-08T06:45:43Z [13,733ms] [Warning] [carb] Failed to startup plugin carb.windowing-glfw.plugin (interfaces: [carb::windowing::IGLContext v1.0],[carb::windowing::IWindowing v1.5]) (impl: carb.windowing-glfw.plugin)
[INFO] Generating terrains based on curriculum took : 7.472666 seconds
2026-09-08T06:45:43Z [14,399ms] [Warning] [gpu.foundation.plugin] Skipping NVIDIA GPU due CUDA being in bad state: NVIDIA GeForce RTX 4090
2026-09-08T06:45:43Z [14,399ms] [Warning] [gpu.foundation.plugin] Please restart your system if CUDA is known to work in your system.
2026-09-08T06:45:43Z [14,404ms] [Warning] [gpu.foundation.plugin] Skipping NVIDIA GPU due CUDA being in bad state: NVIDIA GeForce RTX 4090
2026-09-08T06:45:43Z [14,404ms] [Warning] [gpu.foundation.plugin] Please restart your system if CUDA is known to work in your system.
2026-09-08T06:45:43Z [14,404ms] [Warning] [gpu.foundation.plugin] Skipping NVIDIA GPU due CUDA being in bad state: NVIDIA GeForce RTX 4090
2026-09-08T06:45:43Z [14,404ms] [Warning] [gpu.foundation.plugin] Please restart your system if CUDA is known to work in your system.
2026-09-08T06:45:43Z [14,404ms] [Warning] [gpu.foundation.plugin] Skipping NVIDIA GPU due CUDA being in bad state: NVIDIA GeForce RTX 4090
2026-09-08T06:45:43Z [14,404ms] [Warning] [gpu.foundation.plugin] Please restart your system if CUDA is known to work in your system.
2026-09-08T06:45:43Z [14,407ms] [Warning] [gpu.foundation.plugin] activeGpu 1 is not compatible with current foundation settings.

|---------------------------------------------------------------------------------------------|
| Driver Version: 570.133.20    | Graphics API: Vulkan
|=============================================================================================|
| GPU | Name                             | Active | LDA | GPU Memory | Vendor-ID | LUID       |
|     |                                  |        |     |            | Device-ID | UUID       |
|     |                                  |        |     |            | Bus-ID    |            |
|---------------------------------------------------------------------------------------------|
| 0   | NVIDIA GeForce RTX 4090          |        |     | 24810   MB | 10de      | 0          |
|     |                                  |        |     |            | 2684      | a29f1f68.. |
|     |                                  |        |     |            | 28        |            |
|---------------------------------------------------------------------------------------------|
| 1   | NVIDIA GeForce RTX 4090          |        |     | 24810   MB | 10de      | 0          |
|     |                                  |        |     |            | 2684      | 75ba5f3b.. |
|     |                                  |        |     |            | 29        |            |
|---------------------------------------------------------------------------------------------|
| 2   | NVIDIA GeForce RTX 4090          |        |     | 24810   MB | 10de      | 0          |
|     |                                  |        |     |            | 2684      | b2434cbe.. |
|     |                                  |        |     |            | 2c        |            |
|---------------------------------------------------------------------------------------------|
| 3   | NVIDIA GeForce RTX 4090          |        |     | 24810   MB | 10de      | 0          |
|     |                                  |        |     |            | 2684      | d577411e.. |
|     |                                  |        |     |            | b1        |            |
|=============================================================================================|
| OS: 20.04.6 LTS (Focal Fossa) ubuntu, Version: 20.04.6, Kernel: 5.15.0-139-generic
| Processor: Intel(R) Xeon(R) Platinum 8458P
| Cores: 88 | Logical Cores: 176
|---------------------------------------------------------------------------------------------|
| Total Memory (MB): 515591 | Free Memory: 171154
| Total Page/Swap (MB): 62499 | Free Page/Swap: 17592186044415
|---------------------------------------------------------------------------------------------|
2026-09-08T06:45:43Z [14,407ms] [Error] [gpu.foundation.plugin] No device could be created. Some known system issues:
- The driver is not installed properly and requires a clean re-install.
- Your GPUs do not support RayTracing: DXR or Vulkan ray_tracing, or hardware is excluded due to performance.
- The driver cannot enumerate any GPU: driver, display, TCC mode or a docker issue. For Vulkan, test it with Vulkaninfo tool from Vulkan SDK, instead of nvidia-smi.
- For Ubuntu, it requires server-xorg-core 1.20.7+ and a display to work without --no-window.
- For Linux dockers, the setup is not complete. Install the latest driver, xServer and NVIDIA container runtime.

2026-09-08T06:45:43Z [14,432ms] [Warning] [carb.windowing-glfw.plugin] GLFW initialization failed.
2026-09-08T06:45:43Z [14,432ms] [Warning] [carb] Failed to startup plugin carb.windowing-glfw.plugin (interfaces: [carb::windowing::IGLContext v1.0],[carb::windowing::IWindowing v1.5]) (impl: carb.windowing-glfw.plugin)
2026-09-08T06:45:44Z [14,784ms] [Warning] [gpu.foundation.plugin] Skipping NVIDIA GPU due CUDA being in bad state: NVIDIA GeForce RTX 4090
2026-09-08T06:45:44Z [14,784ms] [Warning] [gpu.foundation.plugin] Please restart your system if CUDA is known to work in your system.
2026-09-08T06:45:44Z [14,790ms] [Warning] [gpu.foundation.plugin] Skipping NVIDIA GPU due CUDA being in bad state: NVIDIA GeForce RTX 4090
2026-09-08T06:45:44Z [14,790ms] [Warning] [gpu.foundation.plugin] Please restart your system if CUDA is known to work in your system.
2026-09-08T06:45:44Z [14,790ms] [Warning] [gpu.foundation.plugin] Skipping NVIDIA GPU due CUDA being in bad state: NVIDIA GeForce RTX 4090
2026-09-08T06:45:44Z [14,790ms] [Warning] [gpu.foundation.plugin] Please restart your system if CUDA is known to work in your system.
2026-09-08T06:45:44Z [14,790ms] [Warning] [gpu.foundation.plugin] Skipping NVIDIA GPU due CUDA being in bad state: NVIDIA GeForce RTX 4090
2026-09-08T06:45:44Z [14,790ms] [Warning] [gpu.foundation.plugin] Please restart your system if CUDA is known to work in your system.
2026-09-08T06:45:44Z [15,282ms] [Warning] [gpu.foundation.plugin] Skipping NVIDIA GPU due CUDA being in bad state: NVIDIA GeForce RTX 4090
2026-09-08T06:45:44Z [15,282ms] [Warning] [gpu.foundation.plugin] Please restart your system if CUDA is known to work in your system.
2026-09-08T06:45:44Z [15,290ms] [Warning] [gpu.foundation.plugin] Skipping NVIDIA GPU due CUDA being in bad state: NVIDIA GeForce RTX 4090
2026-09-08T06:45:44Z [15,290ms] [Warning] [gpu.foundation.plugin] Please restart your system if CUDA is known to work in your system.
2026-09-08T06:45:44Z [15,292ms] [Warning] [gpu.foundation.plugin] activeGpu 1 is not compatible with current foundation settings.

|---------------------------------------------------------------------------------------------|
| Driver Version: 570.133.20    | Graphics API: Vulkan
|=============================================================================================|
| GPU | Name                             | Active | LDA | GPU Memory | Vendor-ID | LUID       |
|     |                                  |        |     |            | Device-ID | UUID       |
|     |                                  |        |     |            | Bus-ID    |            |
|---------------------------------------------------------------------------------------------|
| 0   | NVIDIA GeForce RTX 4090          |        |     | 24810   MB | 10de      | 0          |
|     |                                  |        |     |            | 2684      | a29f1f68.. |
|     |                                  |        |     |            | 28        |            |
|---------------------------------------------------------------------------------------------|
| 1   | NVIDIA GeForce RTX 4090          |        |     | 24810   MB | 10de      | 0          |
|     |                                  |        |     |            | 2684      | 75ba5f3b.. |
|     |                                  |        |     |            | 29        |            |
|---------------------------------------------------------------------------------------------|
| 2   | NVIDIA GeForce RTX 4090          |        |     | 24810   MB | 10de      | 0          |
|     |                                  |        |     |            | 2684      | b2434cbe.. |
|     |                                  |        |     |            | 2c        |            |
|---------------------------------------------------------------------------------------------|
| 3   | NVIDIA GeForce RTX 4090          |        |     | 24810   MB | 10de      | 0          |
|     |                                  |        |     |            | 2684      | d577411e.. |
|     |                                  |        |     |            | b1        |            |
|=============================================================================================|
| OS: 20.04.6 LTS (Focal Fossa) ubuntu, Version: 20.04.6, Kernel: 5.15.0-139-generic
| Processor: Intel(R) Xeon(R) Platinum 8458P
| Cores: 88 | Logical Cores: 176
|---------------------------------------------------------------------------------------------|
| Total Memory (MB): 515591 | Free Memory: 171120
| Total Page/Swap (MB): 62499 | Free Page/Swap: 17592186044415
|---------------------------------------------------------------------------------------------|
2026-09-08T06:45:44Z [15,292ms] [Error] [gpu.foundation.plugin] No device could be created. Some known system issues:
- The driver is not installed properly and requires a clean re-install.
- Your GPUs do not support RayTracing: DXR or Vulkan ray_tracing, or hardware is excluded due to performance.
- The driver cannot enumerate any GPU: driver, display, TCC mode or a docker issue. For Vulkan, test it with Vulkaninfo tool from Vulkan SDK, instead of nvidia-smi.
- For Ubuntu, it requires server-xorg-core 1.20.7+ and a display to work without --no-window.
- For Linux dockers, the setup is not complete. Install the latest driver, xServer and NVIDIA container runtime.

2026-09-08T06:45:44Z [15,350ms] [Error] [omni.gpu_foundation_factory.plugin] Failed to create any GPU devices, including an attempt with compatibility mode.
zenity: symbol lookup error: /lib/x86_64-linux-gnu/libgobject-2.0.so.0: undefined symbol: ffi_type_uint32, version LIBFFI_BASE_7.0

|---------------------------------------------------------------------------------------------|
| Driver Version: 570.133.20    | Graphics API: Vulkan
|=============================================================================================|
| GPU | Name                             | Active | LDA | GPU Memory | Vendor-ID | LUID       |
|     |                                  |        |     |            | Device-ID | UUID       |
|     |                                  |        |     |            | Bus-ID    |            |
|---------------------------------------------------------------------------------------------|
| 0   | NVIDIA GeForce RTX 4090          | Yes: 0 |     | 24810   MB | 10de      | 0          |
|     |                                  |        |     |            | 2684      | a29f1f68.. |
|     |                                  |        |     |            | 28        |            |
|---------------------------------------------------------------------------------------------|
| 1   | NVIDIA GeForce RTX 4090          |        |     | 24810   MB | 10de      | 0          |
|     |                                  |        |     |            | 2684      | 75ba5f3b.. |
|     |                                  |        |     |            | 29        |            |
|---------------------------------------------------------------------------------------------|
| 2   | NVIDIA GeForce RTX 4090          |        |     | 24810   MB | 10de      | 0          |
|     |                                  |        |     |            | 2684      | b2434cbe.. |
|     |                                  |        |     |            | 2c        |            |
|---------------------------------------------------------------------------------------------|
| 3   | NVIDIA GeForce RTX 4090          |        |     | 24810   MB | 10de      | 0          |
|     |                                  |        |     |            | 2684      | d577411e.. |
|     |                                  |        |     |            | b1        |            |
|=============================================================================================|
| OS: 20.04.6 LTS (Focal Fossa) ubuntu, Version: 20.04.6, Kernel: 5.15.0-139-generic
| Processor: Intel(R) Xeon(R) Platinum 8458P
| Cores: 88 | Logical Cores: 176
|---------------------------------------------------------------------------------------------|
| Total Memory (MB): 515591 | Free Memory: 170996
| Total Page/Swap (MB): 62499 | Free Page/Swap: 17592186044415
|---------------------------------------------------------------------------------------------|
2026-09-08T06:45:44Z [15,453ms] [Warning] [carb.windowing-glfw.plugin] GLFW initialization failed.
2026-09-08T06:45:44Z [15,453ms] [Warning] [carb] Failed to startup plugin carb.windowing-glfw.plugin (interfaces: [carb::windowing::IGLContext v1.0],[carb::windowing::IWindowing v1.5]) (impl: carb.windowing-glfw.plugin)
2026-09-08T06:45:44Z [15,457ms] [Error] [omni.kit.renderer.plugin] GPU Foundation is not initialized!
2026-09-08T06:45:44Z [15,463ms] [Warning] [carb.windowing-glfw.plugin] GLFW initialization failed.
2026-09-08T06:45:44Z [15,463ms] [Warning] [carb] Failed to startup plugin carb.windowing-glfw.plugin (interfaces: [carb::windowing::IGLContext v1.0],[carb::windowing::IWindowing v1.5]) (impl: carb.windowing-glfw.plugin)
2026-09-08T06:45:44Z [15,471ms] [Warning] [carb.windowing-glfw.plugin] GLFW initialization failed.
2026-09-08T06:45:44Z [15,471ms] [Warning] [carb] Failed to startup plugin carb.windowing-glfw.plugin (interfaces: [carb::windowing::IGLContext v1.0],[carb::windowing::IWindowing v1.5]) (impl: carb.windowing-glfw.plugin)
2026-09-08T06:45:44Z [15,472ms] [Error] [omni.kit.imgui_renderer.plugin] _prepareDefaultWindow: invalid device attached to the default window!
2026-09-08T06:45:45Z [15,996ms] [Warning] [carb.windowing-glfw.plugin] GLFW initialization failed.
2026-09-08T06:45:45Z [15,996ms] [Warning] [carb] Failed to startup plugin carb.windowing-glfw.plugin (interfaces: [carb::windowing::IGLContext v1.0],[carb::windowing::IWindowing v1.5]) (impl: carb.windowing-glfw.plugin)
2026-09-08T06:45:45Z [16,018ms] [Warning] [carb.windowing-glfw.plugin] GLFW initialization failed.
2026-09-08T06:45:45Z [16,019ms] [Warning] [carb] Failed to startup plugin carb.windowing-glfw.plugin (interfaces: [carb::windowing::IGLContext v1.0],[carb::windowing::IWindowing v1.5]) (impl: carb.windowing-glfw.plugin)
2026-09-08T06:45:45Z [16,028ms] [Warning] [carb.windowing-glfw.plugin] GLFW initialization failed.
2026-09-08T06:45:45Z [16,028ms] [Warning] [carb] Failed to startup plugin carb.windowing-glfw.plugin (interfaces: [carb::windowing::IGLContext v1.0],[carb::windowing::IWindowing v1.5]) (impl: carb.windowing-glfw.plugin)
2026-09-08T06:45:45Z [16,036ms] [Warning] [carb.windowing-glfw.plugin] GLFW initialization failed.
2026-09-08T06:45:45Z [16,036ms] [Warning] [carb] Failed to startup plugin carb.windowing-glfw.plugin (interfaces: [carb::windowing::IGLContext v1.0],[carb::windowing::IWindowing v1.5]) (impl: carb.windowing-glfw.plugin)
2026-09-08T06:45:45Z [16,038ms] [Warning] [carb.windowing-glfw.plugin] GLFW initialization failed.
2026-09-08T06:45:45Z [16,038ms] [Warning] [carb] Failed to startup plugin carb.windowing-glfw.plugin (interfaces: [carb::windowing::IGLContext v1.0],[carb::windowing::IWindowing v1.5]) (impl: carb.windowing-glfw.plugin)
2026-09-08T06:45:45Z [16,039ms] [Warning] [carb.windowing-glfw.plugin] GLFW initialization failed.
2026-09-08T06:45:45Z [16,039ms] [Warning] [carb] Failed to startup plugin carb.windowing-glfw.plugin (interfaces: [carb::windowing::IGLContext v1.0],[carb::windowing::IWindowing v1.5]) (impl: carb.windowing-glfw.plugin)
2026-09-08T06:45:45Z [16,163ms] [Warning] [omni.graph.visualization.nodes._impl.extension] No Viewport Window to add omni.graph.visualization.nodes-2.1.3 scene to
2026-09-08T06:45:45Z [16,381ms] [Error] [omni.kit.renderer.plugin] Graphics plugins not available
2026-09-08T06:45:45Z [16,381ms] [Error] [omni.ui] Failed to create texture GPU data! [512 x 64, 1 mips]
2026-09-08T06:45:45Z [16,386ms] [Error] [omni.kit.renderer.plugin] Graphics plugins not available
2026-09-08T06:45:45Z [16,386ms] [Error] [omni.ui] Failed to create texture GPU data! [512 x 64, 1 mips]
2026-09-08T06:45:45Z [16,399ms] [Warning] [isaacsim.asset.importer.urdf] link imu_in_pelvis has no body properties (mass, inertia, or collisions) and is being merged into pelvis
2026-09-08T06:45:45Z [16,399ms] [Warning] [isaacsim.asset.importer.urdf] link d435_link has no body properties (mass, inertia, or collisions) and is being merged into torso_link
2026-09-08T06:45:45Z [16,399ms] [Warning] [isaacsim.asset.importer.urdf] link imu_in_torso has no body properties (mass, inertia, or collisions) and is being merged into torso_link
2026-09-08T06:45:45Z [16,399ms] [Warning] [isaacsim.asset.importer.urdf] link mid360_link has no body properties (mass, inertia, or collisions) and is being merged into torso_link
2026-09-08T06:45:46Z [16,758ms] [Warning] [omni.graph.visualization.nodes._impl.extension] No Viewport Window to add omni.graph.visualization.nodes-2.1.3 scene to
2026-09-08T06:45:46Z [16,982ms] [Warning] [isaacsim.asset.importer.urdf] link imu_in_pelvis has no body properties (mass, inertia, or collisions) and is being merged into pelvis
2026-09-08T06:45:46Z [16,982ms] [Warning] [isaacsim.asset.importer.urdf] link d435_link has no body properties (mass, inertia, or collisions) and is being merged into torso_link
2026-09-08T06:45:46Z [16,982ms] [Warning] [isaacsim.asset.importer.urdf] link imu_in_torso has no body properties (mass, inertia, or collisions) and is being merged into torso_link
2026-09-08T06:45:46Z [16,982ms] [Warning] [isaacsim.asset.importer.urdf] link mid360_link has no body properties (mass, inertia, or collisions) and is being merged into torso_link
2026-09-08T06:45:48Z [19,095ms] [Warning] [omni.physx.tensors.plugin] DEPRECATED: Please use getDofFrictionProperties instead.
2026-09-08T06:45:48Z [19,119ms] [Warning] [omni.physx.tensors.plugin] DEPRECATED: Please use setDofFrictionProperties instead.
2026-09-08T06:45:48Z [19,127ms] [Warning] [omni.physx.tensors.plugin] DEPRECATED: Please use setDofFrictionProperties instead.
2026-09-08T06:45:48Z [19,139ms] [Warning] [omni.physx.tensors.plugin] DEPRECATED: Please use setDofFrictionProperties instead.
2026-09-08T06:45:48Z [19,144ms] [Warning] [omni.physx.tensors.plugin] DEPRECATED: Please use setDofFrictionProperties instead.
2026-09-08T06:45:48Z [19,164ms] [Warning] [omni.physx.tensors.plugin] DEPRECATED: Please use getDofFrictionProperties instead.
2026-09-08T06:45:48Z [19,484ms] [Warning] [omni.graph.core.plugin] OmniGraphSettings::getCudaDeviceOrdinal: unable to get a valid CUDA device id from the renderer. Defaulting to GPU0.
2026-09-08T06:45:49Z [19,523ms] [Warning] [omni.physx.tensors.plugin] DEPRECATED: Please use getDofFrictionProperties instead.
2026-09-08T06:45:49Z [19,540ms] [Warning] [omni.physx.tensors.plugin] DEPRECATED: Please use setDofFrictionProperties instead.
2026-09-08T06:45:49Z [19,543ms] [Warning] [omni.physx.tensors.plugin] DEPRECATED: Please use setDofFrictionProperties instead.
2026-09-08T06:45:49Z [19,556ms] [Warning] [omni.physx.tensors.plugin] DEPRECATED: Please use setDofFrictionProperties instead.
2026-09-08T06:45:49Z [19,558ms] [Warning] [omni.physx.tensors.plugin] DEPRECATED: Please use setDofFrictionProperties instead.
2026-09-08T06:45:49Z [19,572ms] [Warning] [omni.physx.tensors.plugin] DEPRECATED: Please use getDofFrictionProperties instead.
2026-09-08T06:45:49Z [19,699ms] [Warning] [isaaclab.utils.math] The function 'quat_rotate_inverse' will be deprecated in favor of the faster method 'quat_apply_inverse'. Please use 'quat_apply_inverse' instead....
[INFO] Logging experiment in directory: /home/nubot/phn_ws/t4_train/TienKung-Lab-g1-core-fixes-20260908/logs/g1_core_fixes_smoke
2026-09-08T06:45:49Z [19,789ms] [Warning] [isaaclab.sensors.ray_caster.ray_caster] The `attach_yaw_only` property will be deprecated in a future release. Please use `ray_alignment='yaw'` instead.
2026-09-08T06:45:49Z [19,937ms] [Warning] [isaaclab.sensors.ray_caster.ray_caster] The `attach_yaw_only` property will be deprecated in a future release. Please use `ray_alignment='yaw'` instead.
2026-09-08T06:45:49Z [20,064ms] [Warning] [isaaclab.sensors.ray_caster.ray_caster] The `attach_yaw_only` property will be deprecated in a future release. Please use `ray_alignment='yaw'` instead.
2026-09-08T06:45:49Z [20,092ms] [Warning] [isaaclab.utils.math] The function 'quat_rotate_inverse' will be deprecated in favor of the faster method 'quat_apply_inverse'. Please use 'quat_apply_inverse' instead....
[INFO] Logging experiment in directory: /home/nubot/phn_ws/t4_train/TienKung-Lab-g1-core-fixes-20260908/logs/g1_core_fixes_smoke
2026-09-08T06:45:49Z [20,195ms] [Warning] [isaaclab.sensors.ray_caster.ray_caster] The `attach_yaw_only` property will be deprecated in a future release. Please use `ray_alignment='yaw'` instead.
2026-09-08T06:45:49Z [20,339ms] [Warning] [isaaclab.sensors.ray_caster.ray_caster] The `attach_yaw_only` property will be deprecated in a future release. Please use `ray_alignment='yaw'` instead.
Actor MLP: Sequential(
  (0): Linear(in_features=1997, out_features=512, bias=True)
  (1): ELU(alpha=1.0)
  (2): Linear(in_features=512, out_features=256, bias=True)
  (3): ELU(alpha=1.0)
  (4): Linear(in_features=256, out_features=128, bias=True)
  (5): ELU(alpha=1.0)
  (6): Linear(in_features=128, out_features=29, bias=True)
)
Critic MLP: Sequential(
  (0): Linear(in_features=2076, out_features=512, bias=True)
  (1): ELU(alpha=1.0)
  (2): Linear(in_features=512, out_features=256, bias=True)
  (3): ELU(alpha=1.0)
  (4): Linear(in_features=256, out_features=128, bias=True)
  (5): ELU(alpha=1.0)
  (6): Linear(in_features=128, out_features=1, bias=True)
)
Loaded 5.900s AMP motion from /home/nubot/phn_ws/t4_train/TienKung-Lab-g1-core-fixes-20260908/legged_lab/envs/g1/datasets/motion_amp_expert_t4_rob2rob_full17_v1/g1_from_B10_-__Walk_turn_left_45_stageii_0000_0178.txt (weight 0.1143).
Loaded 5.533s AMP motion from /home/nubot/phn_ws/t4_train/TienKung-Lab-g1-core-fixes-20260908/legged_lab/envs/g1/datasets/motion_amp_expert_t4_rob2rob_full17_v1/g1_from_B13_-__Walk_turn_right_90_stageii_0000_0167.txt (weight 0.1143).
Loaded 5.733s AMP motion from /home/nubot/phn_ws/t4_train/TienKung-Lab-g1-core-fixes-20260908/legged_lab/envs/g1/datasets/motion_amp_expert_t4_rob2rob_full17_v1/g1_from_B14_-__Walk_turn_right_45_t2_stageii_0000_0173.txt (weight 0.1143).
Loaded 7.433s AMP motion from /home/nubot/phn_ws/t4_train/TienKung-Lab-g1-core-fixes-20260908/legged_lab/envs/g1/datasets/motion_amp_expert_t4_rob2rob_full17_v1/g1_from_B15_-__Walk_turn_around_stageii_0000_0224.txt (weight 0.1143).
Loaded 4.533s AMP motion from /home/nubot/phn_ws/t4_train/TienKung-Lab-g1-core-fixes-20260908/legged_lab/envs/g1/datasets/motion_amp_expert_t4_rob2rob_full17_v1/g1_from_B4_-_Stand_to_Walk_backwards_stageii_0000_0137.txt (weight 0.6000).
Loaded 4.967s AMP motion from /home/nubot/phn_ws/t4_train/TienKung-Lab-g1-core-fixes-20260908/legged_lab/envs/g1/datasets/motion_amp_expert_t4_rob2rob_full17_v1/g1_from_B9_-__Walk_turn_left_90_stageii_0000_0150.txt (weight 0.1143).
Loaded 5.633s AMP motion from /home/nubot/phn_ws/t4_train/TienKung-Lab-g1-core-fixes-20260908/legged_lab/envs/g1/datasets/motion_amp_expert_t4_rob2rob_full17_v1/g1_from_t4_jog_backward_0000_0170.txt (weight 0.1500).
Loaded 5.000s AMP motion from /home/nubot/phn_ws/t4_train/TienKung-Lab-g1-core-fixes-20260908/legged_lab/envs/g1/datasets/motion_amp_expert_t4_rob2rob_full17_v1/g1_from_t4_jog_forward_0000_0151.txt (weight 0.1500).
Loaded 6.833s AMP motion from /home/nubot/phn_ws/t4_train/TienKung-Lab-g1-core-fixes-20260908/legged_lab/envs/g1/datasets/motion_amp_expert_t4_rob2rob_full17_v1/g1_from_t4_jog_left_0000_0206.txt (weight 0.1500).
Loaded 7.500s AMP motion from /home/nubot/phn_ws/t4_train/TienKung-Lab-g1-core-fixes-20260908/legged_lab/envs/g1/datasets/motion_amp_expert_t4_rob2rob_full17_v1/g1_from_t4_jog_right_0000_0226.txt (weight 0.1500).
Loaded 7.667s AMP motion from /home/nubot/phn_ws/t4_train/TienKung-Lab-g1-core-fixes-20260908/legged_lab/envs/g1/datasets/motion_amp_expert_t4_rob2rob_full17_v1/g1_from_t4_left_rotate_0000_0231.txt (weight 0.1143).
Loaded 6.400s AMP motion from /home/nubot/phn_ws/t4_train/TienKung-Lab-g1-core-fixes-20260908/legged_lab/envs/g1/datasets/motion_amp_expert_t4_rob2rob_full17_v1/g1_from_t4_right_rotate_0000_0193.txt (weight 0.1143).
Loaded 4.533s AMP motion from /home/nubot/phn_ws/t4_train/TienKung-Lab-g1-core-fixes-20260908/legged_lab/envs/g1/datasets/motion_amp_expert_t4_rob2rob_full17_v1/g1_from_t4_side_left_0000_0137.txt (weight 0.2667).
Loaded 4.967s AMP motion from /home/nubot/phn_ws/t4_train/TienKung-Lab-g1-core-fixes-20260908/legged_lab/envs/g1/datasets/motion_amp_expert_t4_rob2rob_full17_v1/g1_from_t4_side_right_0000_0150.txt (weight 0.2667).
Loaded 4.933s AMP motion from /home/nubot/phn_ws/t4_train/TienKung-Lab-g1-core-fixes-20260908/legged_lab/envs/g1/datasets/motion_amp_expert_t4_rob2rob_full17_v1/g1_from_t4_stand_0000_0149.txt (weight 1.0000).
Loaded 9.600s AMP motion from /home/nubot/phn_ws/t4_train/TienKung-Lab-g1-core-fixes-20260908/legged_lab/envs/g1/datasets/motion_amp_expert_t4_rob2rob_full17_v1/g1_from_t4_walk_forward_0000_0289.txt (weight 1.0000).
Loaded 12.367s AMP motion from /home/nubot/phn_ws/t4_train/TienKung-Lab-g1-core-fixes-20260908/legged_lab/envs/g1/datasets/motion_amp_expert_t4_rob2rob_full17_v1/g1_from_t4_walk_left_0000_0372.txt (weight 0.2667).
Preloading 200000 transitions
2026-09-08T06:45:49Z [20,466ms] [Warning] [isaaclab.sensors.ray_caster.ray_caster] The `attach_yaw_only` property will be deprecated in a future release. Please use `ray_alignment='yaw'` instead.
Finished preloading
Synchronizing parameters for rank 1...
Actor MLP: Sequential(
  (0): Linear(in_features=1997, out_features=512, bias=True)
  (1): ELU(alpha=1.0)
  (2): Linear(in_features=512, out_features=256, bias=True)
  (3): ELU(alpha=1.0)
  (4): Linear(in_features=256, out_features=128, bias=True)
  (5): ELU(alpha=1.0)
  (6): Linear(in_features=128, out_features=29, bias=True)
)
Critic MLP: Sequential(
  (0): Linear(in_features=2076, out_features=512, bias=True)
  (1): ELU(alpha=1.0)
  (2): Linear(in_features=512, out_features=256, bias=True)
  (3): ELU(alpha=1.0)
  (4): Linear(in_features=256, out_features=128, bias=True)
  (5): ELU(alpha=1.0)
  (6): Linear(in_features=128, out_features=1, bias=True)
)
Loaded 5.900s AMP motion from /home/nubot/phn_ws/t4_train/TienKung-Lab-g1-core-fixes-20260908/legged_lab/envs/g1/datasets/motion_amp_expert_t4_rob2rob_full17_v1/g1_from_B10_-__Walk_turn_left_45_stageii_0000_0178.txt (weight 0.1143).
Loaded 5.533s AMP motion from /home/nubot/phn_ws/t4_train/TienKung-Lab-g1-core-fixes-20260908/legged_lab/envs/g1/datasets/motion_amp_expert_t4_rob2rob_full17_v1/g1_from_B13_-__Walk_turn_right_90_stageii_0000_0167.txt (weight 0.1143).
Loaded 5.733s AMP motion from /home/nubot/phn_ws/t4_train/TienKung-Lab-g1-core-fixes-20260908/legged_lab/envs/g1/datasets/motion_amp_expert_t4_rob2rob_full17_v1/g1_from_B14_-__Walk_turn_right_45_t2_stageii_0000_0173.txt (weight 0.1143).
Loaded 7.433s AMP motion from /home/nubot/phn_ws/t4_train/TienKung-Lab-g1-core-fixes-20260908/legged_lab/envs/g1/datasets/motion_amp_expert_t4_rob2rob_full17_v1/g1_from_B15_-__Walk_turn_around_stageii_0000_0224.txt (weight 0.1143).
Loaded 4.533s AMP motion from /home/nubot/phn_ws/t4_train/TienKung-Lab-g1-core-fixes-20260908/legged_lab/envs/g1/datasets/motion_amp_expert_t4_rob2rob_full17_v1/g1_from_B4_-_Stand_to_Walk_backwards_stageii_0000_0137.txt (weight 0.6000).
Loaded 4.967s AMP motion from /home/nubot/phn_ws/t4_train/TienKung-Lab-g1-core-fixes-20260908/legged_lab/envs/g1/datasets/motion_amp_expert_t4_rob2rob_full17_v1/g1_from_B9_-__Walk_turn_left_90_stageii_0000_0150.txt (weight 0.1143).
Loaded 5.633s AMP motion from /home/nubot/phn_ws/t4_train/TienKung-Lab-g1-core-fixes-20260908/legged_lab/envs/g1/datasets/motion_amp_expert_t4_rob2rob_full17_v1/g1_from_t4_jog_backward_0000_0170.txt (weight 0.1500).
Loaded 5.000s AMP motion from /home/nubot/phn_ws/t4_train/TienKung-Lab-g1-core-fixes-20260908/legged_lab/envs/g1/datasets/motion_amp_expert_t4_rob2rob_full17_v1/g1_from_t4_jog_forward_0000_0151.txt (weight 0.1500).
Loaded 6.833s AMP motion from /home/nubot/phn_ws/t4_train/TienKung-Lab-g1-core-fixes-20260908/legged_lab/envs/g1/datasets/motion_amp_expert_t4_rob2rob_full17_v1/g1_from_t4_jog_left_0000_0206.txt (weight 0.1500).
Loaded 7.500s AMP motion from /home/nubot/phn_ws/t4_train/TienKung-Lab-g1-core-fixes-20260908/legged_lab/envs/g1/datasets/motion_amp_expert_t4_rob2rob_full17_v1/g1_from_t4_jog_right_0000_0226.txt (weight 0.1500).
Loaded 7.667s AMP motion from /home/nubot/phn_ws/t4_train/TienKung-Lab-g1-core-fixes-20260908/legged_lab/envs/g1/datasets/motion_amp_expert_t4_rob2rob_full17_v1/g1_from_t4_left_rotate_0000_0231.txt (weight 0.1143).
Loaded 6.400s AMP motion from /home/nubot/phn_ws/t4_train/TienKung-Lab-g1-core-fixes-20260908/legged_lab/envs/g1/datasets/motion_amp_expert_t4_rob2rob_full17_v1/g1_from_t4_right_rotate_0000_0193.txt (weight 0.1143).
Loaded 4.533s AMP motion from /home/nubot/phn_ws/t4_train/TienKung-Lab-g1-core-fixes-20260908/legged_lab/envs/g1/datasets/motion_amp_expert_t4_rob2rob_full17_v1/g1_from_t4_side_left_0000_0137.txt (weight 0.2667).
Loaded 4.967s AMP motion from /home/nubot/phn_ws/t4_train/TienKung-Lab-g1-core-fixes-20260908/legged_lab/envs/g1/datasets/motion_amp_expert_t4_rob2rob_full17_v1/g1_from_t4_side_right_0000_0150.txt (weight 0.2667).
Loaded 4.933s AMP motion from /home/nubot/phn_ws/t4_train/TienKung-Lab-g1-core-fixes-20260908/legged_lab/envs/g1/datasets/motion_amp_expert_t4_rob2rob_full17_v1/g1_from_t4_stand_0000_0149.txt (weight 1.0000).
Loaded 9.600s AMP motion from /home/nubot/phn_ws/t4_train/TienKung-Lab-g1-core-fixes-20260908/legged_lab/envs/g1/datasets/motion_amp_expert_t4_rob2rob_full17_v1/g1_from_t4_walk_forward_0000_0289.txt (weight 1.0000).
Loaded 12.367s AMP motion from /home/nubot/phn_ws/t4_train/TienKung-Lab-g1-core-fixes-20260908/legged_lab/envs/g1/datasets/motion_amp_expert_t4_rob2rob_full17_v1/g1_from_t4_walk_left_0000_0372.txt (weight 0.2667).
Preloading 200000 transitions
Finished preloading
Synchronizing parameters for rank 0...
2026-09-08T06:45:51Z [21,789ms] [Warning] [isaaclab.utils.math] The function 'quat_rotate_inverse' will be deprecated in favor of the faster method 'quat_apply_inverse'. Please use 'quat_apply_inverse' instead....
2026-09-08T06:45:51Z [21,829ms] [Warning] [isaaclab.utils.math] The function 'quat_rotate_inverse' will be deprecated in favor of the faster method 'quat_apply_inverse'. Please use 'quat_apply_inverse' instead....
2026-09-08T06:45:51Z [21,829ms] [Warning] [isaaclab.utils.math] The function 'quat_rotate_inverse' will be deprecated in favor of the faster method 'quat_apply_inverse'. Please use 'quat_apply_inverse' instead....
2026-09-08T06:45:51Z [21,844ms] [Warning] [isaaclab.utils.math] The function 'quat_rotate_inverse' will be deprecated in favor of the faster method 'quat_apply_inverse'. Please use 'quat_apply_inverse' instead....
2026-09-08T06:45:51Z [21,871ms] [Warning] [isaaclab.utils.math] The function 'quat_rotate_inverse' will be deprecated in favor of the faster method 'quat_apply_inverse'. Please use 'quat_apply_inverse' instead....
2026-09-08T06:45:51Z [21,884ms] [Warning] [isaaclab.utils.math] The function 'quat_rotate_inverse' will be deprecated in favor of the faster method 'quat_apply_inverse'. Please use 'quat_apply_inverse' instead....
2026-09-08T06:45:51Z [21,891ms] [Warning] [isaaclab.utils.math] The function 'quat_rotate_inverse' will be deprecated in favor of the faster method 'quat_apply_inverse'. Please use 'quat_apply_inverse' instead....
2026-09-08T06:45:51Z [21,911ms] [Warning] [isaaclab.utils.math] The function 'quat_rotate_inverse' will be deprecated in favor of the faster method 'quat_apply_inverse'. Please use 'quat_apply_inverse' instead....
2026-09-08T06:45:51Z [21,912ms] [Warning] [isaaclab.sensors.ray_caster.ray_caster] The `attach_yaw_only` property will be deprecated in a future release. Please use `ray_alignment='yaw'` instead.
2026-09-08T06:45:51Z [21,915ms] [Warning] [isaaclab.sensors.ray_caster.ray_caster] The `attach_yaw_only` property will be deprecated in a future release. Please use `ray_alignment='yaw'` instead.
2026-09-08T06:45:51Z [21,916ms] [Warning] [isaaclab.utils.math] The function 'quat_rotate_inverse' will be deprecated in favor of the faster method 'quat_apply_inverse'. Please use 'quat_apply_inverse' instead....
2026-09-08T06:45:51Z [21,920ms] [Warning] [isaaclab.sensors.ray_caster.ray_caster] The `attach_yaw_only` property will be deprecated in a future release. Please use `ray_alignment='yaw'` instead.
2026-09-08T06:45:51Z [21,931ms] [Warning] [isaaclab.utils.math] The function 'quat_rotate_inverse' will be deprecated in favor of the faster method 'quat_apply_inverse'. Please use 'quat_apply_inverse' instead....
2026-09-08T06:45:51Z [21,957ms] [Warning] [isaaclab.utils.math] The function 'quat_rotate_inverse' will be deprecated in favor of the faster method 'quat_apply_inverse'. Please use 'quat_apply_inverse' instead....
2026-09-08T06:45:51Z [21,958ms] [Warning] [isaaclab.sensors.ray_caster.ray_caster] The `attach_yaw_only` property will be deprecated in a future release. Please use `ray_alignment='yaw'` instead.
2026-09-08T06:45:51Z [21,960ms] [Warning] [isaaclab.sensors.ray_caster.ray_caster] The `attach_yaw_only` property will be deprecated in a future release. Please use `ray_alignment='yaw'` instead.
2026-09-08T06:45:51Z [21,962ms] [Warning] [isaaclab.utils.math] The function 'quat_rotate_inverse' will be deprecated in favor of the faster method 'quat_apply_inverse'. Please use 'quat_apply_inverse' instead....
2026-09-08T06:45:51Z [21,965ms] [Warning] [isaaclab.sensors.ray_caster.ray_caster] The `attach_yaw_only` property will be deprecated in a future release. Please use `ray_alignment='yaw'` instead.
2026-09-08T06:45:51Z [22,016ms] [Warning] [isaaclab.utils.math] The function 'quat_rotate_inverse' will be deprecated in favor of the faster method 'quat_apply_inverse'. Please use 'quat_apply_inverse' instead....
2026-09-08T06:45:51Z [22,017ms] [Warning] [isaaclab.utils.math] The function 'quat_rotate_inverse' will be deprecated in favor of the faster method 'quat_apply_inverse'. Please use 'quat_apply_inverse' instead....
2026-09-08T06:45:51Z [22,025ms] [Warning] [isaaclab.utils.math] The function 'quat_rotate_inverse' will be deprecated in favor of the faster method 'quat_apply_inverse'. Please use 'quat_apply_inverse' instead....
2026-09-08T06:45:51Z [22,042ms] [Warning] [isaaclab.utils.math] The function 'quat_rotate_inverse' will be deprecated in favor of the faster method 'quat_apply_inverse'. Please use 'quat_apply_inverse' instead....
2026-09-08T06:45:51Z [22,102ms] [Warning] [isaaclab.utils.math] The function 'quat_rotate_inverse' will be deprecated in favor of the faster method 'quat_apply_inverse'. Please use 'quat_apply_inverse' instead....
2026-09-08T06:45:51Z [22,104ms] [Warning] [isaaclab.sensors.ray_caster.ray_caster] The `attach_yaw_only` property will be deprecated in a future release. Please use `ray_alignment='yaw'` instead.
2026-09-08T06:45:51Z [22,105ms] [Warning] [isaaclab.sensors.ray_caster.ray_caster] The `attach_yaw_only` property will be deprecated in a future release. Please use `ray_alignment='yaw'` instead.
2026-09-08T06:45:51Z [22,107ms] [Warning] [isaaclab.utils.math] The function 'quat_rotate_inverse' will be deprecated in favor of the faster method 'quat_apply_inverse'. Please use 'quat_apply_inverse' instead....
2026-09-08T06:45:51Z [22,110ms] [Warning] [isaaclab.sensors.ray_caster.ray_caster] The `attach_yaw_only` property will be deprecated in a future release. Please use `ray_alignment='yaw'` instead.
2026-09-08T06:45:51Z [22,165ms] [Warning] [isaaclab.utils.math] The function 'quat_rotate_inverse' will be deprecated in favor of the faster method 'quat_apply_inverse'. Please use 'quat_apply_inverse' instead....
2026-09-08T06:45:51Z [22,166ms] [Warning] [isaaclab.utils.math] The function 'quat_rotate_inverse' will be deprecated in favor of the faster method 'quat_apply_inverse'. Please use 'quat_apply_inverse' instead....
2026-09-08T06:45:51Z [22,171ms] [Warning] [isaaclab.utils.math] The function 'quat_rotate_inverse' will be deprecated in favor of the faster method 'quat_apply_inverse'. Please use 'quat_apply_inverse' instead....
2026-09-08T06:45:51Z [22,180ms] [Warning] [isaaclab.utils.math] The function 'quat_rotate_inverse' will be deprecated in favor of the faster method 'quat_apply_inverse'. Please use 'quat_apply_inverse' instead....
2026-09-08T06:45:51Z [22,180ms] [Warning] [isaaclab.utils.math] The function 'quat_rotate_inverse' will be deprecated in favor of the faster method 'quat_apply_inverse'. Please use 'quat_apply_inverse' instead....
2026-09-08T06:45:51Z [22,181ms] [Warning] [isaaclab.sensors.ray_caster.ray_caster] The `attach_yaw_only` property will be deprecated in a future release. Please use `ray_alignment='yaw'` instead.
2026-09-08T06:45:51Z [22,183ms] [Warning] [isaaclab.sensors.ray_caster.ray_caster] The `attach_yaw_only` property will be deprecated in a future release. Please use `ray_alignment='yaw'` instead.
2026-09-08T06:45:51Z [22,185ms] [Warning] [isaaclab.utils.math] The function 'quat_rotate_inverse' will be deprecated in favor of the faster method 'quat_apply_inverse'. Please use 'quat_apply_inverse' instead....
2026-09-08T06:45:51Z [22,188ms] [Warning] [isaaclab.sensors.ray_caster.ray_caster] The `attach_yaw_only` property will be deprecated in a future release. Please use `ray_alignment='yaw'` instead.
2026-09-08T06:45:51Z [22,267ms] [Warning] [isaaclab.utils.math] The function 'quat_rotate_inverse' will be deprecated in favor of the faster method 'quat_apply_inverse'. Please use 'quat_apply_inverse' instead....
2026-09-08T06:45:51Z [22,267ms] [Warning] [isaaclab.utils.math] The function 'quat_rotate_inverse' will be deprecated in favor of the faster method 'quat_apply_inverse'. Please use 'quat_apply_inverse' instead....
2026-09-08T06:45:51Z [22,276ms] [Warning] [isaaclab.utils.math] The function 'quat_rotate_inverse' will be deprecated in favor of the faster method 'quat_apply_inverse'. Please use 'quat_apply_inverse' instead....
2026-09-08T06:45:51Z [22,293ms] [Warning] [isaaclab.utils.math] The function 'quat_rotate_inverse' will be deprecated in favor of the faster method 'quat_apply_inverse'. Please use 'quat_apply_inverse' instead....
2026-09-08T06:45:51Z [22,294ms] [Warning] [isaaclab.utils.math] The function 'quat_rotate_inverse' will be deprecated in favor of the faster method 'quat_apply_inverse'. Please use 'quat_apply_inverse' instead....
2026-09-08T06:45:51Z [22,295ms] [Warning] [isaaclab.sensors.ray_caster.ray_caster] The `attach_yaw_only` property will be deprecated in a future release. Please use `ray_alignment='yaw'` instead.
2026-09-08T06:45:51Z [22,297ms] [Warning] [isaaclab.sensors.ray_caster.ray_caster] The `attach_yaw_only` property will be deprecated in a future release. Please use `ray_alignment='yaw'` instead.
2026-09-08T06:45:51Z [22,298ms] [Warning] [isaaclab.utils.math] The function 'quat_rotate_inverse' will be deprecated in favor of the faster method 'quat_apply_inverse'. Please use 'quat_apply_inverse' instead....
2026-09-08T06:45:51Z [22,301ms] [Warning] [isaaclab.sensors.ray_caster.ray_caster] The `attach_yaw_only` property will be deprecated in a future release. Please use `ray_alignment='yaw'` instead.
2026-09-08T06:45:51Z [22,307ms] [Warning] [isaaclab.utils.math] The function 'quat_rotate_inverse' will be deprecated in favor of the faster method 'quat_apply_inverse'. Please use 'quat_apply_inverse' instead....
2026-09-08T06:45:51Z [22,330ms] [Warning] [isaaclab.sensors.ray_caster.ray_caster] The `attach_yaw_only` property will be deprecated in a future release. Please use `ray_alignment='yaw'` instead.
2026-09-08T06:45:51Z [22,333ms] [Warning] [isaaclab.sensors.ray_caster.ray_caster] The `attach_yaw_only` property will be deprecated in a future release. Please use `ray_alignment='yaw'` instead.
2026-09-08T06:45:51Z [22,335ms] [Warning] [isaaclab.sensors.ray_caster.ray_caster] The `attach_yaw_only` property will be deprecated in a future release. Please use `ray_alignment='yaw'` instead.
2026-09-08T06:45:51Z [22,359ms] [Warning] [isaaclab.utils.math] The function 'quat_rotate_inverse' will be deprecated in favor of the faster method 'quat_apply_inverse'. Please use 'quat_apply_inverse' instead....
2026-09-08T06:45:51Z [22,360ms] [Warning] [isaaclab.utils.math] The function 'quat_rotate_inverse' will be deprecated in favor of the faster method 'quat_apply_inverse'. Please use 'quat_apply_inverse' instead....
2026-09-08T06:45:51Z [22,365ms] [Warning] [isaaclab.utils.math] The function 'quat_rotate_inverse' will be deprecated in favor of the faster method 'quat_apply_inverse'. Please use 'quat_apply_inverse' instead....
2026-09-08T06:45:51Z [22,374ms] [Warning] [isaaclab.utils.math] The function 'quat_rotate_inverse' will be deprecated in favor of the faster method 'quat_apply_inverse'. Please use 'quat_apply_inverse' instead....
2026-09-08T06:45:51Z [22,375ms] [Warning] [isaaclab.utils.math] The function 'quat_rotate_inverse' will be deprecated in favor of the faster method 'quat_apply_inverse'. Please use 'quat_apply_inverse' instead....
2026-09-08T06:45:51Z [22,376ms] [Warning] [isaaclab.sensors.ray_caster.ray_caster] The `attach_yaw_only` property will be deprecated in a future release. Please use `ray_alignment='yaw'` instead.
2026-09-08T06:45:51Z [22,377ms] [Warning] [isaaclab.sensors.ray_caster.ray_caster] The `attach_yaw_only` property will be deprecated in a future release. Please use `ray_alignment='yaw'` instead.
2026-09-08T06:45:51Z [22,379ms] [Warning] [isaaclab.utils.math] The function 'quat_rotate_inverse' will be deprecated in favor of the faster method 'quat_apply_inverse'. Please use 'quat_apply_inverse' instead....
2026-09-08T06:45:51Z [22,382ms] [Warning] [isaaclab.sensors.ray_caster.ray_caster] The `attach_yaw_only` property will be deprecated in a future release. Please use `ray_alignment='yaw'` instead.
2026-09-08T06:45:51Z [22,386ms] [Warning] [isaaclab.utils.math] The function 'quat_rotate_inverse' will be deprecated in favor of the faster method 'quat_apply_inverse'. Please use 'quat_apply_inverse' instead....
2026-09-08T06:45:51Z [22,387ms] [Warning] [isaaclab.utils.math] The function 'quat_rotate_inverse' will be deprecated in favor of the faster method 'quat_apply_inverse'. Please use 'quat_apply_inverse' instead....
2026-09-08T06:45:51Z [22,391ms] [Warning] [isaaclab.utils.math] The function 'quat_rotate_inverse' will be deprecated in favor of the faster method 'quat_apply_inverse'. Please use 'quat_apply_inverse' instead....
2026-09-08T06:45:51Z [22,400ms] [Warning] [isaaclab.utils.math] The function 'quat_rotate_inverse' will be deprecated in favor of the faster method 'quat_apply_inverse'. Please use 'quat_apply_inverse' instead....
2026-09-08T06:45:51Z [22,464ms] [Warning] [isaaclab.utils.math] The function 'quat_rotate_inverse' will be deprecated in favor of the faster method 'quat_apply_inverse'. Please use 'quat_apply_inverse' instead....
2026-09-08T06:45:51Z [22,465ms] [Warning] [isaaclab.utils.math] The function 'quat_rotate_inverse' will be deprecated in favor of the faster method 'quat_apply_inverse'. Please use 'quat_apply_inverse' instead....
2026-09-08T06:45:51Z [22,467ms] [Warning] [isaaclab.utils.math] The function 'quat_rotate_inverse' will be deprecated in favor of the faster method 'quat_apply_inverse'. Please use 'quat_apply_inverse' instead....
2026-09-08T06:45:51Z [22,471ms] [Warning] [isaaclab.sensors.ray_caster.ray_caster] The `attach_yaw_only` property will be deprecated in a future release. Please use `ray_alignment='yaw'` instead.
2026-09-08T06:45:51Z [22,473ms] [Warning] [isaaclab.sensors.ray_caster.ray_caster] The `attach_yaw_only` property will be deprecated in a future release. Please use `ray_alignment='yaw'` instead.
2026-09-08T06:45:51Z [22,475ms] [Warning] [isaaclab.utils.math] The function 'quat_rotate_inverse' will be deprecated in favor of the faster method 'quat_apply_inverse'. Please use 'quat_apply_inverse' instead....
2026-09-08T06:45:51Z [22,477ms] [Warning] [isaaclab.utils.math] The function 'quat_rotate_inverse' will be deprecated in favor of the faster method 'quat_apply_inverse'. Please use 'quat_apply_inverse' instead....
2026-09-08T06:45:51Z [22,479ms] [Warning] [isaaclab.sensors.ray_caster.ray_caster] The `attach_yaw_only` property will be deprecated in a future release. Please use `ray_alignment='yaw'` instead.
2026-09-08T06:45:51Z [22,485ms] [Warning] [isaaclab.utils.math] The function 'quat_rotate_inverse' will be deprecated in favor of the faster method 'quat_apply_inverse'. Please use 'quat_apply_inverse' instead....
2026-09-08T06:45:51Z [22,485ms] [Warning] [isaaclab.utils.math] The function 'quat_rotate_inverse' will be deprecated in favor of the faster method 'quat_apply_inverse'. Please use 'quat_apply_inverse' instead....
2026-09-08T06:45:52Z [22,495ms] [Warning] [isaaclab.sensors.ray_caster.ray_caster] The `attach_yaw_only` property will be deprecated in a future release. Please use `ray_alignment='yaw'` instead.
2026-09-08T06:45:52Z [22,497ms] [Warning] [isaaclab.sensors.ray_caster.ray_caster] The `attach_yaw_only` property will be deprecated in a future release. Please use `ray_alignment='yaw'` instead.
2026-09-08T06:45:52Z [22,498ms] [Warning] [isaaclab.utils.math] The function 'quat_rotate_inverse' will be deprecated in favor of the faster method 'quat_apply_inverse'. Please use 'quat_apply_inverse' instead....
2026-09-08T06:45:52Z [22,501ms] [Warning] [isaaclab.sensors.ray_caster.ray_caster] The `attach_yaw_only` property will be deprecated in a future release. Please use `ray_alignment='yaw'` instead.
2026-09-08T06:45:52Z [22,541ms] [Warning] [isaaclab.utils.math] The function 'quat_rotate_inverse' will be deprecated in favor of the faster method 'quat_apply_inverse'. Please use 'quat_apply_inverse' instead....
2026-09-08T06:45:52Z [22,542ms] [Warning] [isaaclab.utils.math] The function 'quat_rotate_inverse' will be deprecated in favor of the faster method 'quat_apply_inverse'. Please use 'quat_apply_inverse' instead....
2026-09-08T06:45:52Z [22,546ms] [Warning] [isaaclab.utils.math] The function 'quat_rotate_inverse' will be deprecated in favor of the faster method 'quat_apply_inverse'. Please use 'quat_apply_inverse' instead....
2026-09-08T06:45:52Z [22,555ms] [Warning] [isaaclab.utils.math] The function 'quat_rotate_inverse' will be deprecated in favor of the faster method 'quat_apply_inverse'. Please use 'quat_apply_inverse' instead....
2026-09-08T06:45:52Z [22,555ms] [Warning] [isaaclab.utils.math] The function 'quat_rotate_inverse' will be deprecated in favor of the faster method 'quat_apply_inverse'. Please use 'quat_apply_inverse' instead....
2026-09-08T06:45:52Z [22,556ms] [Warning] [isaaclab.sensors.ray_caster.ray_caster] The `attach_yaw_only` property will be deprecated in a future release. Please use `ray_alignment='yaw'` instead.
2026-09-08T06:45:52Z [22,558ms] [Warning] [isaaclab.sensors.ray_caster.ray_caster] The `attach_yaw_only` property will be deprecated in a future release. Please use `ray_alignment='yaw'` instead.
2026-09-08T06:45:52Z [22,560ms] [Warning] [isaaclab.utils.math] The function 'quat_rotate_inverse' will be deprecated in favor of the faster method 'quat_apply_inverse'. Please use 'quat_apply_inverse' instead....
2026-09-08T06:45:52Z [22,561ms] [Warning] [isaaclab.utils.math] The function 'quat_rotate_inverse' will be deprecated in favor of the faster method 'quat_apply_inverse'. Please use 'quat_apply_inverse' instead....
2026-09-08T06:45:52Z [22,562ms] [Warning] [isaaclab.utils.math] The function 'quat_rotate_inverse' will be deprecated in favor of the faster method 'quat_apply_inverse'. Please use 'quat_apply_inverse' instead....
2026-09-08T06:45:52Z [22,563ms] [Warning] [isaaclab.sensors.ray_caster.ray_caster] The `attach_yaw_only` property will be deprecated in a future release. Please use `ray_alignment='yaw'` instead.
2026-09-08T06:45:52Z [22,567ms] [Warning] [isaaclab.utils.math] The function 'quat_rotate_inverse' will be deprecated in favor of the faster method 'quat_apply_inverse'. Please use 'quat_apply_inverse' instead....
2026-09-08T06:45:52Z [22,574ms] [Warning] [isaaclab.utils.math] The function 'quat_rotate_inverse' will be deprecated in favor of the faster method 'quat_apply_inverse'. Please use 'quat_apply_inverse' instead....
2026-09-08T06:45:52Z [22,575ms] [Warning] [isaaclab.utils.math] The function 'quat_rotate_inverse' will be deprecated in favor of the faster method 'quat_apply_inverse'. Please use 'quat_apply_inverse' instead....
2026-09-08T06:45:52Z [22,576ms] [Warning] [isaaclab.sensors.ray_caster.ray_caster] The `attach_yaw_only` property will be deprecated in a future release. Please use `ray_alignment='yaw'` instead.
2026-09-08T06:45:52Z [22,578ms] [Warning] [isaaclab.sensors.ray_caster.ray_caster] The `attach_yaw_only` property will be deprecated in a future release. Please use `ray_alignment='yaw'` instead.
2026-09-08T06:45:52Z [22,579ms] [Warning] [isaaclab.utils.math] The function 'quat_rotate_inverse' will be deprecated in favor of the faster method 'quat_apply_inverse'. Please use 'quat_apply_inverse' instead....
2026-09-08T06:45:52Z [22,582ms] [Warning] [isaaclab.sensors.ray_caster.ray_caster] The `attach_yaw_only` property will be deprecated in a future release. Please use `ray_alignment='yaw'` instead.
2026-09-08T06:45:52Z [22,619ms] [Warning] [isaaclab.utils.math] The function 'quat_rotate_inverse' will be deprecated in favor of the faster method 'quat_apply_inverse'. Please use 'quat_apply_inverse' instead....
2026-09-08T06:45:52Z [22,620ms] [Warning] [isaaclab.utils.math] The function 'quat_rotate_inverse' will be deprecated in favor of the faster method 'quat_apply_inverse'. Please use 'quat_apply_inverse' instead....
2026-09-08T06:45:52Z [22,625ms] [Warning] [isaaclab.utils.math] The function 'quat_rotate_inverse' will be deprecated in favor of the faster method 'quat_apply_inverse'. Please use 'quat_apply_inverse' instead....
2026-09-08T06:45:52Z [22,672ms] [Warning] [isaaclab.utils.math] The function 'quat_rotate_inverse' will be deprecated in favor of the faster method 'quat_apply_inverse'. Please use 'quat_apply_inverse' instead....
2026-09-08T06:45:52Z [22,673ms] [Warning] [isaaclab.utils.math] The function 'quat_rotate_inverse' will be deprecated in favor of the faster method 'quat_apply_inverse'. Please use 'quat_apply_inverse' instead....
2026-09-08T06:45:52Z [22,678ms] [Warning] [isaaclab.utils.math] The function 'quat_rotate_inverse' will be deprecated in favor of the faster method 'quat_apply_inverse'. Please use 'quat_apply_inverse' instead....
2026-09-08T06:45:52Z [22,682ms] [Warning] [isaaclab.utils.math] The function 'quat_rotate_inverse' will be deprecated in favor of the faster method 'quat_apply_inverse'. Please use 'quat_apply_inverse' instead....
2026-09-08T06:45:52Z [22,683ms] [Warning] [isaaclab.utils.math] The function 'quat_rotate_inverse' will be deprecated in favor of the faster method 'quat_apply_inverse'. Please use 'quat_apply_inverse' instead....
2026-09-08T06:45:52Z [22,693ms] [Warning] [isaaclab.utils.math] The function 'quat_rotate_inverse' will be deprecated in favor of the faster method 'quat_apply_inverse'. Please use 'quat_apply_inverse' instead....
2026-09-08T06:45:52Z [22,694ms] [Warning] [isaaclab.utils.math] The function 'quat_rotate_inverse' will be deprecated in favor of the faster method 'quat_apply_inverse'. Please use 'quat_apply_inverse' instead....
2026-09-08T06:45:52Z [22,695ms] [Warning] [isaaclab.sensors.ray_caster.ray_caster] The `attach_yaw_only` property will be deprecated in a future release. Please use `ray_alignment='yaw'` instead.
2026-09-08T06:45:52Z [22,694ms] [Warning] [isaaclab.sensors.ray_caster.ray_caster] The `attach_yaw_only` property will be deprecated in a future release. Please use `ray_alignment='yaw'` instead.
2026-09-08T06:45:52Z [22,696ms] [Warning] [isaaclab.sensors.ray_caster.ray_caster] The `attach_yaw_only` property will be deprecated in a future release. Please use `ray_alignment='yaw'` instead.
2026-09-08T06:45:52Z [22,698ms] [Warning] [isaaclab.utils.math] The function 'quat_rotate_inverse' will be deprecated in favor of the faster method 'quat_apply_inverse'. Please use 'quat_apply_inverse' instead....
2026-09-08T06:45:52Z [22,701ms] [Warning] [isaaclab.sensors.ray_caster.ray_caster] The `attach_yaw_only` property will be deprecated in a future release. Please use `ray_alignment='yaw'` instead.
2026-09-08T06:45:52Z [22,708ms] [Warning] [isaaclab.sensors.ray_caster.ray_caster] The `attach_yaw_only` property will be deprecated in a future release. Please use `ray_alignment='yaw'` instead.
2026-09-08T06:45:52Z [22,715ms] [Warning] [isaaclab.utils.math] The function 'quat_rotate_inverse' will be deprecated in favor of the faster method 'quat_apply_inverse'. Please use 'quat_apply_inverse' instead....
2026-09-08T06:45:52Z [22,760ms] [Warning] [isaaclab.utils.math] The function 'quat_rotate_inverse' will be deprecated in favor of the faster method 'quat_apply_inverse'. Please use 'quat_apply_inverse' instead....
2026-09-08T06:45:52Z [22,758ms] [Warning] [isaaclab.sensors.ray_caster.ray_caster] The `attach_yaw_only` property will be deprecated in a future release. Please use `ray_alignment='yaw'` instead.
2026-09-08T06:45:52Z [22,760ms] [Warning] [isaaclab.utils.math] The function 'quat_rotate_inverse' will be deprecated in favor of the faster method 'quat_apply_inverse'. Please use 'quat_apply_inverse' instead....
2026-09-08T06:45:52Z [22,766ms] [Warning] [isaaclab.utils.math] The function 'quat_rotate_inverse' will be deprecated in favor of the faster method 'quat_apply_inverse'. Please use 'quat_apply_inverse' instead....
2026-09-08T06:45:52Z [22,775ms] [Warning] [isaaclab.utils.math] The function 'quat_rotate_inverse' will be deprecated in favor of the faster method 'quat_apply_inverse'. Please use 'quat_apply_inverse' instead....
2026-09-08T06:45:52Z [22,775ms] [Warning] [isaaclab.utils.math] The function 'quat_rotate_inverse' will be deprecated in favor of the faster method 'quat_apply_inverse'. Please use 'quat_apply_inverse' instead....
2026-09-08T06:45:52Z [22,776ms] [Warning] [isaaclab.sensors.ray_caster.ray_caster] The `attach_yaw_only` property will be deprecated in a future release. Please use `ray_alignment='yaw'` instead.
2026-09-08T06:45:52Z [22,778ms] [Warning] [isaaclab.sensors.ray_caster.ray_caster] The `attach_yaw_only` property will be deprecated in a future release. Please use `ray_alignment='yaw'` instead.
2026-09-08T06:45:52Z [22,780ms] [Warning] [isaaclab.utils.math] The function 'quat_rotate_inverse' will be deprecated in favor of the faster method 'quat_apply_inverse'. Please use 'quat_apply_inverse' instead....
2026-09-08T06:45:52Z [22,783ms] [Warning] [isaaclab.sensors.ray_caster.ray_caster] The `attach_yaw_only` property will be deprecated in a future release. Please use `ray_alignment='yaw'` instead.
2026-09-08T06:45:52Z [22,904ms] [Warning] [isaaclab.utils.math] The function 'quat_rotate_inverse' will be deprecated in favor of the faster method 'quat_apply_inverse'. Please use 'quat_apply_inverse' instead....
2026-09-08T06:45:52Z [22,904ms] [Warning] [isaaclab.utils.math] The function 'quat_rotate_inverse' will be deprecated in favor of the faster method 'quat_apply_inverse'. Please use 'quat_apply_inverse' instead....
2026-09-08T06:45:52Z [22,924ms] [Warning] [isaaclab.utils.math] The function 'quat_rotate_inverse' will be deprecated in favor of the faster method 'quat_apply_inverse'. Please use 'quat_apply_inverse' instead....
2026-09-08T06:45:52Z [22,950ms] [Warning] [isaaclab.utils.math] The function 'quat_rotate_inverse' will be deprecated in favor of the faster method 'quat_apply_inverse'. Please use 'quat_apply_inverse' instead....
2026-09-08T06:45:52Z [22,950ms] [Warning] [isaaclab.utils.math] The function 'quat_rotate_inverse' will be deprecated in favor of the faster method 'quat_apply_inverse'. Please use 'quat_apply_inverse' instead....
2026-09-08T06:45:52Z [22,952ms] [Warning] [isaaclab.utils.math] The function 'quat_rotate_inverse' will be deprecated in favor of the faster method 'quat_apply_inverse'. Please use 'quat_apply_inverse' instead....
2026-09-08T06:45:52Z [22,953ms] [Warning] [isaaclab.utils.math] The function 'quat_rotate_inverse' will be deprecated in favor of the faster method 'quat_apply_inverse'. Please use 'quat_apply_inverse' instead....
2026-09-08T06:45:52Z [22,957ms] [Warning] [isaaclab.sensors.ray_caster.ray_caster] The `attach_yaw_only` property will be deprecated in a future release. Please use `ray_alignment='yaw'` instead.
2026-09-08T06:45:52Z [22,960ms] [Warning] [isaaclab.sensors.ray_caster.ray_caster] The `attach_yaw_only` property will be deprecated in a future release. Please use `ray_alignment='yaw'` instead.
2026-09-08T06:45:52Z [22,962ms] [Warning] [isaaclab.utils.math] The function 'quat_rotate_inverse' will be deprecated in favor of the faster method 'quat_apply_inverse'. Please use 'quat_apply_inverse' instead....
2026-09-08T06:45:52Z [22,968ms] [Warning] [isaaclab.utils.math] The function 'quat_rotate_inverse' will be deprecated in favor of the faster method 'quat_apply_inverse'. Please use 'quat_apply_inverse' instead....
2026-09-08T06:45:52Z [22,981ms] [Warning] [isaaclab.sensors.ray_caster.ray_caster] The `attach_yaw_only` property will be deprecated in a future release. Please use `ray_alignment='yaw'` instead.
2026-09-08T06:45:52Z [22,982ms] [Warning] [isaaclab.utils.math] The function 'quat_rotate_inverse' will be deprecated in favor of the faster method 'quat_apply_inverse'. Please use 'quat_apply_inverse' instead....
2026-09-08T06:45:52Z [22,982ms] [Warning] [isaaclab.utils.math] The function 'quat_rotate_inverse' will be deprecated in favor of the faster method 'quat_apply_inverse'. Please use 'quat_apply_inverse' instead....
2026-09-08T06:45:52Z [22,994ms] [Warning] [isaaclab.sensors.ray_caster.ray_caster] The `attach_yaw_only` property will be deprecated in a future release. Please use `ray_alignment='yaw'` instead.
2026-09-08T06:45:52Z [22,996ms] [Warning] [isaaclab.sensors.ray_caster.ray_caster] The `attach_yaw_only` property will be deprecated in a future release. Please use `ray_alignment='yaw'` instead.
2026-09-08T06:45:52Z [22,997ms] [Warning] [isaaclab.utils.math] The function 'quat_rotate_inverse' will be deprecated in favor of the faster method 'quat_apply_inverse'. Please use 'quat_apply_inverse' instead....
2026-09-08T06:45:52Z [23,008ms] [Warning] [isaaclab.sensors.ray_caster.ray_caster] The `attach_yaw_only` property will be deprecated in a future release. Please use `ray_alignment='yaw'` instead.
2026-09-08T06:45:52Z [23,163ms] [Warning] [isaaclab.utils.math] The function 'quat_rotate_inverse' will be deprecated in favor of the faster method 'quat_apply_inverse'. Please use 'quat_apply_inverse' instead....
2026-09-08T06:45:52Z [23,163ms] [Warning] [isaaclab.utils.math] The function 'quat_rotate_inverse' will be deprecated in favor of the faster method 'quat_apply_inverse'. Please use 'quat_apply_inverse' instead....
2026-09-08T06:45:52Z [23,175ms] [Warning] [isaaclab.utils.math] The function 'quat_rotate_inverse' will be deprecated in favor of the faster method 'quat_apply_inverse'. Please use 'quat_apply_inverse' instead....
2026-09-08T06:45:52Z [23,175ms] [Warning] [isaaclab.utils.math] The function 'quat_rotate_inverse' will be deprecated in favor of the faster method 'quat_apply_inverse'. Please use 'quat_apply_inverse' instead....
2026-09-08T06:45:52Z [23,176ms] [Warning] [isaaclab.utils.math] The function 'quat_rotate_inverse' will be deprecated in favor of the faster method 'quat_apply_inverse'. Please use 'quat_apply_inverse' instead....
2026-09-08T06:45:52Z [23,192ms] [Warning] [isaaclab.utils.math] The function 'quat_rotate_inverse' will be deprecated in favor of the faster method 'quat_apply_inverse'. Please use 'quat_apply_inverse' instead....
2026-09-08T06:45:52Z [23,193ms] [Warning] [isaaclab.utils.math] The function 'quat_rotate_inverse' will be deprecated in favor of the faster method 'quat_apply_inverse'. Please use 'quat_apply_inverse' instead....
2026-09-08T06:45:52Z [23,194ms] [Warning] [isaaclab.utils.math] The function 'quat_rotate_inverse' will be deprecated in favor of the faster method 'quat_apply_inverse'. Please use 'quat_apply_inverse' instead....
2026-09-08T06:45:52Z [23,199ms] [Warning] [isaaclab.sensors.ray_caster.ray_caster] The `attach_yaw_only` property will be deprecated in a future release. Please use `ray_alignment='yaw'` instead.
2026-09-08T06:45:52Z [23,202ms] [Warning] [isaaclab.sensors.ray_caster.ray_caster] The `attach_yaw_only` property will be deprecated in a future release. Please use `ray_alignment='yaw'` instead.
2026-09-08T06:45:52Z [23,209ms] [Warning] [isaaclab.utils.math] The function 'quat_rotate_inverse' will be deprecated in favor of the faster method 'quat_apply_inverse'. Please use 'quat_apply_inverse' instead....
2026-09-08T06:45:52Z [23,209ms] [Warning] [isaaclab.utils.math] The function 'quat_rotate_inverse' will be deprecated in favor of the faster method 'quat_apply_inverse'. Please use 'quat_apply_inverse' instead....
2026-09-08T06:45:52Z [23,209ms] [Warning] [isaaclab.utils.math] The function 'quat_rotate_inverse' will be deprecated in favor of the faster method 'quat_apply_inverse'. Please use 'quat_apply_inverse' instead....
2026-09-08T06:45:52Z [23,214ms] [Warning] [isaaclab.sensors.ray_caster.ray_caster] The `attach_yaw_only` property will be deprecated in a future release. Please use `ray_alignment='yaw'` instead.
2026-09-08T06:45:52Z [23,218ms] [Warning] [isaaclab.sensors.ray_caster.ray_caster] The `attach_yaw_only` property will be deprecated in a future release. Please use `ray_alignment='yaw'` instead.
2026-09-08T06:45:52Z [23,220ms] [Warning] [isaaclab.utils.math] The function 'quat_rotate_inverse' will be deprecated in favor of the faster method 'quat_apply_inverse'. Please use 'quat_apply_inverse' instead....
2026-09-08T06:45:52Z [23,223ms] [Warning] [isaaclab.sensors.ray_caster.ray_caster] The `attach_yaw_only` property will be deprecated in a future release. Please use `ray_alignment='yaw'` instead.
2026-09-08T06:45:52Z [23,238ms] [Warning] [isaaclab.sensors.ray_caster.ray_caster] The `attach_yaw_only` property will be deprecated in a future release. Please use `ray_alignment='yaw'` instead.
2026-09-08T06:45:52Z [23,374ms] [Warning] [isaaclab.utils.math] The function 'quat_rotate_inverse' will be deprecated in favor of the faster method 'quat_apply_inverse'. Please use 'quat_apply_inverse' instead....
2026-09-08T06:45:52Z [23,372ms] [Warning] [isaaclab.utils.math] The function 'quat_rotate_inverse' will be deprecated in favor of the faster method 'quat_apply_inverse'. Please use 'quat_apply_inverse' instead....
2026-09-08T06:45:52Z [23,373ms] [Warning] [isaaclab.utils.math] The function 'quat_rotate_inverse' will be deprecated in favor of the faster method 'quat_apply_inverse'. Please use 'quat_apply_inverse' instead....
2026-09-08T06:45:52Z [23,375ms] [Warning] [isaaclab.utils.math] The function 'quat_rotate_inverse' will be deprecated in favor of the faster method 'quat_apply_inverse'. Please use 'quat_apply_inverse' instead....
2026-09-08T06:45:52Z [23,378ms] [Warning] [isaaclab.utils.math] The function 'quat_rotate_inverse' will be deprecated in favor of the faster method 'quat_apply_inverse'. Please use 'quat_apply_inverse' instead....
2026-09-08T06:45:52Z [23,381ms] [Warning] [isaaclab.utils.math] The function 'quat_rotate_inverse' will be deprecated in favor of the faster method 'quat_apply_inverse'. Please use 'quat_apply_inverse' instead....
2026-09-08T06:45:52Z [23,387ms] [Warning] [isaaclab.utils.math] The function 'quat_rotate_inverse' will be deprecated in favor of the faster method 'quat_apply_inverse'. Please use 'quat_apply_inverse' instead....
2026-09-08T06:45:52Z [23,385ms] [Warning] [isaaclab.utils.math] The function 'quat_rotate_inverse' will be deprecated in favor of the faster method 'quat_apply_inverse'. Please use 'quat_apply_inverse' instead....
2026-09-08T06:45:52Z [23,387ms] [Warning] [isaaclab.utils.math] The function 'quat_rotate_inverse' will be deprecated in favor of the faster method 'quat_apply_inverse'. Please use 'quat_apply_inverse' instead....
2026-09-08T06:45:52Z [23,386ms] [Warning] [isaaclab.utils.math] The function 'quat_rotate_inverse' will be deprecated in favor of the faster method 'quat_apply_inverse'. Please use 'quat_apply_inverse' instead....
2026-09-08T06:45:52Z [23,388ms] [Warning] [isaaclab.sensors.ray_caster.ray_caster] The `attach_yaw_only` property will be deprecated in a future release. Please use `ray_alignment='yaw'` instead.
2026-09-08T06:45:52Z [23,387ms] [Warning] [isaaclab.sensors.ray_caster.ray_caster] The `attach_yaw_only` property will be deprecated in a future release. Please use `ray_alignment='yaw'` instead.
2026-09-08T06:45:52Z [23,389ms] [Warning] [isaaclab.sensors.ray_caster.ray_caster] The `attach_yaw_only` property will be deprecated in a future release. Please use `ray_alignment='yaw'` instead.
2026-09-08T06:45:52Z [23,388ms] [Warning] [isaaclab.sensors.ray_caster.ray_caster] The `attach_yaw_only` property will be deprecated in a future release. Please use `ray_alignment='yaw'` instead.
2026-09-08T06:45:52Z [23,391ms] [Warning] [isaaclab.utils.math] The function 'quat_rotate_inverse' will be deprecated in favor of the faster method 'quat_apply_inverse'. Please use 'quat_apply_inverse' instead....
2026-09-08T06:45:52Z [23,389ms] [Warning] [isaaclab.utils.math] The function 'quat_rotate_inverse' will be deprecated in favor of the faster method 'quat_apply_inverse'. Please use 'quat_apply_inverse' instead....
2026-09-08T06:45:52Z [23,391ms] [Warning] [isaaclab.sensors.ray_caster.ray_caster] The `attach_yaw_only` property will be deprecated in a future release. Please use `ray_alignment='yaw'` instead.
2026-09-08T06:45:52Z [23,393ms] [Warning] [isaaclab.sensors.ray_caster.ray_caster] The `attach_yaw_only` property will be deprecated in a future release. Please use `ray_alignment='yaw'` instead.
2026-09-08T06:45:52Z [23,431ms] [Warning] [isaaclab.utils.math] The function 'quat_rotate_inverse' will be deprecated in favor of the faster method 'quat_apply_inverse'. Please use 'quat_apply_inverse' instead....
2026-09-08T06:45:52Z [23,431ms] [Warning] [isaaclab.utils.math] The function 'quat_rotate_inverse' will be deprecated in favor of the faster method 'quat_apply_inverse'. Please use 'quat_apply_inverse' instead....
2026-09-08T06:45:52Z [23,435ms] [Warning] [isaaclab.utils.math] The function 'quat_rotate_inverse' will be deprecated in favor of the faster method 'quat_apply_inverse'. Please use 'quat_apply_inverse' instead....
2026-09-08T06:45:52Z [23,436ms] [Warning] [isaaclab.utils.math] The function 'quat_rotate_inverse' will be deprecated in favor of the faster method 'quat_apply_inverse'. Please use 'quat_apply_inverse' instead....
2026-09-08T06:45:52Z [23,436ms] [Warning] [isaaclab.utils.math] The function 'quat_rotate_inverse' will be deprecated in favor of the faster method 'quat_apply_inverse'. Please use 'quat_apply_inverse' instead....
2026-09-08T06:45:52Z [23,440ms] [Warning] [isaaclab.utils.math] The function 'quat_rotate_inverse' will be deprecated in favor of the faster method 'quat_apply_inverse'. Please use 'quat_apply_inverse' instead....
2026-09-08T06:45:52Z [23,444ms] [Warning] [isaaclab.utils.math] The function 'quat_rotate_inverse' will be deprecated in favor of the faster method 'quat_apply_inverse'. Please use 'quat_apply_inverse' instead....
2026-09-08T06:45:52Z [23,446ms] [Warning] [isaaclab.utils.math] The function 'quat_rotate_inverse' will be deprecated in favor of the faster method 'quat_apply_inverse'. Please use 'quat_apply_inverse' instead....
2026-09-08T06:45:52Z [23,445ms] [Warning] [isaaclab.utils.math] The function 'quat_rotate_inverse' will be deprecated in favor of the faster method 'quat_apply_inverse'. Please use 'quat_apply_inverse' instead....
2026-09-08T06:45:52Z [23,447ms] [Warning] [isaaclab.utils.math] The function 'quat_rotate_inverse' will be deprecated in favor of the faster method 'quat_apply_inverse'. Please use 'quat_apply_inverse' instead....
2026-09-08T06:45:52Z [23,445ms] [Warning] [isaaclab.sensors.ray_caster.ray_caster] The `attach_yaw_only` property will be deprecated in a future release. Please use `ray_alignment='yaw'` instead.
2026-09-08T06:45:52Z [23,447ms] [Warning] [isaaclab.sensors.ray_caster.ray_caster] The `attach_yaw_only` property will be deprecated in a future release. Please use `ray_alignment='yaw'` instead.
2026-09-08T06:45:52Z [23,447ms] [Warning] [isaaclab.sensors.ray_caster.ray_caster] The `attach_yaw_only` property will be deprecated in a future release. Please use `ray_alignment='yaw'` instead.
2026-09-08T06:45:52Z [23,448ms] [Warning] [isaaclab.sensors.ray_caster.ray_caster] The `attach_yaw_only` property will be deprecated in a future release. Please use `ray_alignment='yaw'` instead.
2026-09-08T06:45:52Z [23,449ms] [Warning] [isaaclab.utils.math] The function 'quat_rotate_inverse' will be deprecated in favor of the faster method 'quat_apply_inverse'. Please use 'quat_apply_inverse' instead....
2026-09-08T06:45:52Z [23,448ms] [Warning] [isaaclab.utils.math] The function 'quat_rotate_inverse' will be deprecated in favor of the faster method 'quat_apply_inverse'. Please use 'quat_apply_inverse' instead....
2026-09-08T06:45:52Z [23,451ms] [Warning] [isaaclab.sensors.ray_caster.ray_caster] The `attach_yaw_only` property will be deprecated in a future release. Please use `ray_alignment='yaw'` instead.
2026-09-08T06:45:52Z [23,450ms] [Warning] [isaaclab.sensors.ray_caster.ray_caster] The `attach_yaw_only` property will be deprecated in a future release. Please use `ray_alignment='yaw'` instead.
2026-09-08T06:45:52Z [23,493ms] [Warning] [isaaclab.utils.math] The function 'quat_rotate_inverse' will be deprecated in favor of the faster method 'quat_apply_inverse'. Please use 'quat_apply_inverse' instead....
2026-09-08T06:45:53Z [23,493ms] [Warning] [isaaclab.utils.math] The function 'quat_rotate_inverse' will be deprecated in favor of the faster method 'quat_apply_inverse'. Please use 'quat_apply_inverse' instead....
2026-09-08T06:45:53Z [23,498ms] [Warning] [isaaclab.utils.math] The function 'quat_rotate_inverse' will be deprecated in favor of the faster method 'quat_apply_inverse'. Please use 'quat_apply_inverse' instead....
2026-09-08T06:45:53Z [23,499ms] [Warning] [isaaclab.utils.math] The function 'quat_rotate_inverse' will be deprecated in favor of the faster method 'quat_apply_inverse'. Please use 'quat_apply_inverse' instead....
2026-09-08T06:45:53Z [23,499ms] [Warning] [isaaclab.utils.math] The function 'quat_rotate_inverse' will be deprecated in favor of the faster method 'quat_apply_inverse'. Please use 'quat_apply_inverse' instead....
2026-09-08T06:45:53Z [23,504ms] [Warning] [isaaclab.utils.math] The function 'quat_rotate_inverse' will be deprecated in favor of the faster method 'quat_apply_inverse'. Please use 'quat_apply_inverse' instead....
2026-09-08T06:45:53Z [23,507ms] [Warning] [isaaclab.utils.math] The function 'quat_rotate_inverse' will be deprecated in favor of the faster method 'quat_apply_inverse'. Please use 'quat_apply_inverse' instead....
2026-09-08T06:45:53Z [23,508ms] [Warning] [isaaclab.utils.math] The function 'quat_rotate_inverse' will be deprecated in favor of the faster method 'quat_apply_inverse'. Please use 'quat_apply_inverse' instead....
2026-09-08T06:45:53Z [23,508ms] [Warning] [isaaclab.sensors.ray_caster.ray_caster] The `attach_yaw_only` property will be deprecated in a future release. Please use `ray_alignment='yaw'` instead.
2026-09-08T06:45:53Z [23,511ms] [Warning] [isaaclab.utils.math] The function 'quat_rotate_inverse' will be deprecated in favor of the faster method 'quat_apply_inverse'. Please use 'quat_apply_inverse' instead....
2026-09-08T06:45:53Z [23,510ms] [Warning] [isaaclab.sensors.ray_caster.ray_caster] The `attach_yaw_only` property will be deprecated in a future release. Please use `ray_alignment='yaw'` instead.
2026-09-08T06:45:53Z [23,512ms] [Warning] [isaaclab.utils.math] The function 'quat_rotate_inverse' will be deprecated in favor of the faster method 'quat_apply_inverse'. Please use 'quat_apply_inverse' instead....
2026-09-08T06:45:53Z [23,513ms] [Warning] [isaaclab.sensors.ray_caster.ray_caster] The `attach_yaw_only` property will be deprecated in a future release. Please use `ray_alignment='yaw'` instead.
2026-09-08T06:45:53Z [23,512ms] [Warning] [isaaclab.utils.math] The function 'quat_rotate_inverse' will be deprecated in favor of the faster method 'quat_apply_inverse'. Please use 'quat_apply_inverse' instead....
2026-09-08T06:45:53Z [23,514ms] [Warning] [isaaclab.sensors.ray_caster.ray_caster] The `attach_yaw_only` property will be deprecated in a future release. Please use `ray_alignment='yaw'` instead.
2026-09-08T06:45:53Z [23,516ms] [Warning] [isaaclab.utils.math] The function 'quat_rotate_inverse' will be deprecated in favor of the faster method 'quat_apply_inverse'. Please use 'quat_apply_inverse' instead....
2026-09-08T06:45:53Z [23,515ms] [Warning] [isaaclab.sensors.ray_caster.ray_caster] The `attach_yaw_only` property will be deprecated in a future release. Please use `ray_alignment='yaw'` instead.
2026-09-08T06:45:53Z [23,519ms] [Warning] [isaaclab.sensors.ray_caster.ray_caster] The `attach_yaw_only` property will be deprecated in a future release. Please use `ray_alignment='yaw'` instead.
2026-09-08T06:45:53Z [23,567ms] [Warning] [isaaclab.utils.math] The function 'quat_rotate_inverse' will be deprecated in favor of the faster method 'quat_apply_inverse'. Please use 'quat_apply_inverse' instead....
2026-09-08T06:45:53Z [23,568ms] [Warning] [isaaclab.utils.math] The function 'quat_rotate_inverse' will be deprecated in favor of the faster method 'quat_apply_inverse'. Please use 'quat_apply_inverse' instead....
2026-09-08T06:45:53Z [23,575ms] [Warning] [isaaclab.utils.math] The function 'quat_rotate_inverse' will be deprecated in favor of the faster method 'quat_apply_inverse'. Please use 'quat_apply_inverse' instead....
2026-09-08T06:45:53Z [23,576ms] [Warning] [isaaclab.utils.math] The function 'quat_rotate_inverse' will be deprecated in favor of the faster method 'quat_apply_inverse'. Please use 'quat_apply_inverse' instead....
2026-09-08T06:45:53Z [23,579ms] [Warning] [isaaclab.utils.math] The function 'quat_rotate_inverse' will be deprecated in favor of the faster method 'quat_apply_inverse'. Please use 'quat_apply_inverse' instead....
2026-09-08T06:45:53Z [23,581ms] [Warning] [isaaclab.utils.math] The function 'quat_rotate_inverse' will be deprecated in favor of the faster method 'quat_apply_inverse'. Please use 'quat_apply_inverse' instead....
2026-09-08T06:45:53Z [23,586ms] [Warning] [isaaclab.utils.math] The function 'quat_rotate_inverse' will be deprecated in favor of the faster method 'quat_apply_inverse'. Please use 'quat_apply_inverse' instead....
2026-09-08T06:45:53Z [23,587ms] [Warning] [isaaclab.utils.math] The function 'quat_rotate_inverse' will be deprecated in favor of the faster method 'quat_apply_inverse'. Please use 'quat_apply_inverse' instead....
2026-09-08T06:45:53Z [23,588ms] [Warning] [isaaclab.sensors.ray_caster.ray_caster] The `attach_yaw_only` property will be deprecated in a future release. Please use `ray_alignment='yaw'` instead.
2026-09-08T06:45:53Z [23,590ms] [Warning] [isaaclab.utils.math] The function 'quat_rotate_inverse' will be deprecated in favor of the faster method 'quat_apply_inverse'. Please use 'quat_apply_inverse' instead....
2026-09-08T06:45:53Z [23,591ms] [Warning] [isaaclab.utils.math] The function 'quat_rotate_inverse' will be deprecated in favor of the faster method 'quat_apply_inverse'. Please use 'quat_apply_inverse' instead....
2026-09-08T06:45:53Z [23,589ms] [Warning] [isaaclab.sensors.ray_caster.ray_caster] The `attach_yaw_only` property will be deprecated in a future release. Please use `ray_alignment='yaw'` instead.
2026-09-08T06:45:53Z [23,592ms] [Warning] [isaaclab.sensors.ray_caster.ray_caster] The `attach_yaw_only` property will be deprecated in a future release. Please use `ray_alignment='yaw'` instead.
2026-09-08T06:45:53Z [23,591ms] [Warning] [isaaclab.utils.math] The function 'quat_rotate_inverse' will be deprecated in favor of the faster method 'quat_apply_inverse'. Please use 'quat_apply_inverse' instead....
2026-09-08T06:45:53Z [23,594ms] [Warning] [isaaclab.sensors.ray_caster.ray_caster] The `attach_yaw_only` property will be deprecated in a future release. Please use `ray_alignment='yaw'` instead.
2026-09-08T06:45:53Z [23,595ms] [Warning] [isaaclab.utils.math] The function 'quat_rotate_inverse' will be deprecated in favor of the faster method 'quat_apply_inverse'. Please use 'quat_apply_inverse' instead....
2026-09-08T06:45:53Z [23,594ms] [Warning] [isaaclab.sensors.ray_caster.ray_caster] The `attach_yaw_only` property will be deprecated in a future release. Please use `ray_alignment='yaw'` instead.
2026-09-08T06:45:53Z [23,598ms] [Warning] [isaaclab.sensors.ray_caster.ray_caster] The `attach_yaw_only` property will be deprecated in a future release. Please use `ray_alignment='yaw'` instead.
2026-09-08T06:45:53Z [23,643ms] [Warning] [isaaclab.utils.math] The function 'quat_rotate_inverse' will be deprecated in favor of the faster method 'quat_apply_inverse'. Please use 'quat_apply_inverse' instead....
2026-09-08T06:45:53Z [23,644ms] [Warning] [isaaclab.utils.math] The function 'quat_rotate_inverse' will be deprecated in favor of the faster method 'quat_apply_inverse'. Please use 'quat_apply_inverse' instead....
2026-09-08T06:45:53Z [23,648ms] [Warning] [isaaclab.utils.math] The function 'quat_rotate_inverse' will be deprecated in favor of the faster method 'quat_apply_inverse'. Please use 'quat_apply_inverse' instead....
2026-09-08T06:45:53Z [23,656ms] [Warning] [isaaclab.utils.math] The function 'quat_rotate_inverse' will be deprecated in favor of the faster method 'quat_apply_inverse'. Please use 'quat_apply_inverse' instead....
2026-09-08T06:45:53Z [23,656ms] [Warning] [isaaclab.utils.math] The function 'quat_rotate_inverse' will be deprecated in favor of the faster method 'quat_apply_inverse'. Please use 'quat_apply_inverse' instead....
2026-09-08T06:45:53Z [23,657ms] [Warning] [isaaclab.sensors.ray_caster.ray_caster] The `attach_yaw_only` property will be deprecated in a future release. Please use `ray_alignment='yaw'` instead.
2026-09-08T06:45:53Z [23,658ms] [Warning] [isaaclab.sensors.ray_caster.ray_caster] The `attach_yaw_only` property will be deprecated in a future release. Please use `ray_alignment='yaw'` instead.
2026-09-08T06:45:53Z [23,659ms] [Warning] [isaaclab.utils.math] The function 'quat_rotate_inverse' will be deprecated in favor of the faster method 'quat_apply_inverse'. Please use 'quat_apply_inverse' instead....
2026-09-08T06:45:53Z [23,661ms] [Warning] [isaaclab.sensors.ray_caster.ray_caster] The `attach_yaw_only` property will be deprecated in a future release. Please use `ray_alignment='yaw'` instead.
2026-09-08T06:45:53Z [23,663ms] [Warning] [isaaclab.utils.math] The function 'quat_rotate_inverse' will be deprecated in favor of the faster method 'quat_apply_inverse'. Please use 'quat_apply_inverse' instead....
2026-09-08T06:45:53Z [23,664ms] [Warning] [isaaclab.utils.math] The function 'quat_rotate_inverse' will be deprecated in favor of the faster method 'quat_apply_inverse'. Please use 'quat_apply_inverse' instead....
2026-09-08T06:45:53Z [23,674ms] [Warning] [isaaclab.utils.math] The function 'quat_rotate_inverse' will be deprecated in favor of the faster method 'quat_apply_inverse'. Please use 'quat_apply_inverse' instead....
2026-09-08T06:45:53Z [23,683ms] [Warning] [isaaclab.utils.math] The function 'quat_rotate_inverse' will be deprecated in favor of the faster method 'quat_apply_inverse'. Please use 'quat_apply_inverse' instead....
2026-09-08T06:45:53Z [23,683ms] [Warning] [isaaclab.utils.math] The function 'quat_rotate_inverse' will be deprecated in favor of the faster method 'quat_apply_inverse'. Please use 'quat_apply_inverse' instead....
2026-09-08T06:45:53Z [23,684ms] [Warning] [isaaclab.sensors.ray_caster.ray_caster] The `attach_yaw_only` property will be deprecated in a future release. Please use `ray_alignment='yaw'` instead.
2026-09-08T06:45:53Z [23,686ms] [Warning] [isaaclab.sensors.ray_caster.ray_caster] The `attach_yaw_only` property will be deprecated in a future release. Please use `ray_alignment='yaw'` instead.
2026-09-08T06:45:53Z [23,687ms] [Warning] [isaaclab.utils.math] The function 'quat_rotate_inverse' will be deprecated in favor of the faster method 'quat_apply_inverse'. Please use 'quat_apply_inverse' instead....
2026-09-08T06:45:53Z [23,689ms] [Warning] [isaaclab.sensors.ray_caster.ray_caster] The `attach_yaw_only` property will be deprecated in a future release. Please use `ray_alignment='yaw'` instead.
2026-09-08T06:45:53Z [23,749ms] [Warning] [isaaclab.utils.math] The function 'quat_rotate_inverse' will be deprecated in favor of the faster method 'quat_apply_inverse'. Please use 'quat_apply_inverse' instead....
2026-09-08T06:45:53Z [23,749ms] [Warning] [isaaclab.utils.math] The function 'quat_rotate_inverse' will be deprecated in favor of the faster method 'quat_apply_inverse'. Please use 'quat_apply_inverse' instead....
2026-09-08T06:45:53Z [23,755ms] [Warning] [isaaclab.utils.math] The function 'quat_rotate_inverse' will be deprecated in favor of the faster method 'quat_apply_inverse'. Please use 'quat_apply_inverse' instead....
2026-09-08T06:45:53Z [23,763ms] [Warning] [isaaclab.utils.math] The function 'quat_rotate_inverse' will be deprecated in favor of the faster method 'quat_apply_inverse'. Please use 'quat_apply_inverse' instead....
2026-09-08T06:45:53Z [23,764ms] [Warning] [isaaclab.utils.math] The function 'quat_rotate_inverse' will be deprecated in favor of the faster method 'quat_apply_inverse'. Please use 'quat_apply_inverse' instead....
2026-09-08T06:45:53Z [23,769ms] [Warning] [isaaclab.utils.math] The function 'quat_rotate_inverse' will be deprecated in favor of the faster method 'quat_apply_inverse'. Please use 'quat_apply_inverse' instead....
2026-09-08T06:45:53Z [23,772ms] [Warning] [isaaclab.utils.math] The function 'quat_rotate_inverse' will be deprecated in favor of the faster method 'quat_apply_inverse'. Please use 'quat_apply_inverse' instead....
2026-09-08T06:45:53Z [23,772ms] [Warning] [isaaclab.utils.math] The function 'quat_rotate_inverse' will be deprecated in favor of the faster method 'quat_apply_inverse'. Please use 'quat_apply_inverse' instead....
2026-09-08T06:45:53Z [23,773ms] [Warning] [isaaclab.sensors.ray_caster.ray_caster] The `attach_yaw_only` property will be deprecated in a future release. Please use `ray_alignment='yaw'` instead.
2026-09-08T06:45:53Z [23,775ms] [Warning] [isaaclab.sensors.ray_caster.ray_caster] The `attach_yaw_only` property will be deprecated in a future release. Please use `ray_alignment='yaw'` instead.
2026-09-08T06:45:53Z [23,777ms] [Warning] [isaaclab.utils.math] The function 'quat_rotate_inverse' will be deprecated in favor of the faster method 'quat_apply_inverse'. Please use 'quat_apply_inverse' instead....
2026-09-08T06:45:53Z [23,777ms] [Warning] [isaaclab.utils.math] The function 'quat_rotate_inverse' will be deprecated in favor of the faster method 'quat_apply_inverse'. Please use 'quat_apply_inverse' instead....
2026-09-08T06:45:53Z [23,777ms] [Warning] [isaaclab.utils.math] The function 'quat_rotate_inverse' will be deprecated in favor of the faster method 'quat_apply_inverse'. Please use 'quat_apply_inverse' instead....
2026-09-08T06:45:53Z [23,778ms] [Warning] [isaaclab.sensors.ray_caster.ray_caster] The `attach_yaw_only` property will be deprecated in a future release. Please use `ray_alignment='yaw'` instead.
2026-09-08T06:45:53Z [23,780ms] [Warning] [isaaclab.sensors.ray_caster.ray_caster] The `attach_yaw_only` property will be deprecated in a future release. Please use `ray_alignment='yaw'` instead.
2026-09-08T06:45:53Z [23,781ms] [Warning] [isaaclab.utils.math] The function 'quat_rotate_inverse' will be deprecated in favor of the faster method 'quat_apply_inverse'. Please use 'quat_apply_inverse' instead....
2026-09-08T06:45:53Z [23,780ms] [Warning] [isaaclab.sensors.ray_caster.ray_caster] The `attach_yaw_only` property will be deprecated in a future release. Please use `ray_alignment='yaw'` instead.
2026-09-08T06:45:53Z [23,784ms] [Warning] [isaaclab.sensors.ray_caster.ray_caster] The `attach_yaw_only` property will be deprecated in a future release. Please use `ray_alignment='yaw'` instead.
2026-09-08T06:45:53Z [23,835ms] [Warning] [isaaclab.utils.math] The function 'quat_rotate_inverse' will be deprecated in favor of the faster method 'quat_apply_inverse'. Please use 'quat_apply_inverse' instead....
2026-09-08T06:45:53Z [23,836ms] [Warning] [isaaclab.utils.math] The function 'quat_rotate_inverse' will be deprecated in favor of the faster method 'quat_apply_inverse'. Please use 'quat_apply_inverse' instead....
2026-09-08T06:45:53Z [23,840ms] [Warning] [isaaclab.utils.math] The function 'quat_rotate_inverse' will be deprecated in favor of the faster method 'quat_apply_inverse'. Please use 'quat_apply_inverse' instead....
2026-09-08T06:45:53Z [23,841ms] [Warning] [isaaclab.utils.math] The function 'quat_rotate_inverse' will be deprecated in favor of the faster method 'quat_apply_inverse'. Please use 'quat_apply_inverse' instead....
2026-09-08T06:45:53Z [23,841ms] [Warning] [isaaclab.utils.math] The function 'quat_rotate_inverse' will be deprecated in favor of the faster method 'quat_apply_inverse'. Please use 'quat_apply_inverse' instead....
2026-09-08T06:45:53Z [23,847ms] [Warning] [isaaclab.utils.math] The function 'quat_rotate_inverse' will be deprecated in favor of the faster method 'quat_apply_inverse'. Please use 'quat_apply_inverse' instead....
2026-09-08T06:45:53Z [23,851ms] [Warning] [isaaclab.utils.math] The function 'quat_rotate_inverse' will be deprecated in favor of the faster method 'quat_apply_inverse'. Please use 'quat_apply_inverse' instead....
2026-09-08T06:45:53Z [23,852ms] [Warning] [isaaclab.utils.math] The function 'quat_rotate_inverse' will be deprecated in favor of the faster method 'quat_apply_inverse'. Please use 'quat_apply_inverse' instead....
2026-09-08T06:45:53Z [23,854ms] [Warning] [isaaclab.utils.math] The function 'quat_rotate_inverse' will be deprecated in favor of the faster method 'quat_apply_inverse'. Please use 'quat_apply_inverse' instead....
2026-09-08T06:45:53Z [23,853ms] [Warning] [isaaclab.sensors.ray_caster.ray_caster] The `attach_yaw_only` property will be deprecated in a future release. Please use `ray_alignment='yaw'` instead.
2026-09-08T06:45:53Z [23,855ms] [Warning] [isaaclab.utils.math] The function 'quat_rotate_inverse' will be deprecated in favor of the faster method 'quat_apply_inverse'. Please use 'quat_apply_inverse' instead....
2026-09-08T06:45:53Z [23,856ms] [Warning] [isaaclab.sensors.ray_caster.ray_caster] The `attach_yaw_only` property will be deprecated in a future release. Please use `ray_alignment='yaw'` instead.
2026-09-08T06:45:53Z [23,854ms] [Warning] [isaaclab.sensors.ray_caster.ray_caster] The `attach_yaw_only` property will be deprecated in a future release. Please use `ray_alignment='yaw'` instead.
2026-09-08T06:45:53Z [23,856ms] [Warning] [isaaclab.utils.math] The function 'quat_rotate_inverse' will be deprecated in favor of the faster method 'quat_apply_inverse'. Please use 'quat_apply_inverse' instead....
2026-09-08T06:45:53Z [23,857ms] [Warning] [isaaclab.sensors.ray_caster.ray_caster] The `attach_yaw_only` property will be deprecated in a future release. Please use `ray_alignment='yaw'` instead.
2026-09-08T06:45:53Z [23,859ms] [Warning] [isaaclab.utils.math] The function 'quat_rotate_inverse' will be deprecated in favor of the faster method 'quat_apply_inverse'. Please use 'quat_apply_inverse' instead....
2026-09-08T06:45:53Z [23,859ms] [Warning] [isaaclab.sensors.ray_caster.ray_caster] The `attach_yaw_only` property will be deprecated in a future release. Please use `ray_alignment='yaw'` instead.
2026-09-08T06:45:53Z [23,862ms] [Warning] [isaaclab.sensors.ray_caster.ray_caster] The `attach_yaw_only` property will be deprecated in a future release. Please use `ray_alignment='yaw'` instead.
2026-09-08T06:45:53Z [23,940ms] [Warning] [isaaclab.utils.math] The function 'quat_rotate_inverse' will be deprecated in favor of the faster method 'quat_apply_inverse'. Please use 'quat_apply_inverse' instead....
2026-09-08T06:45:53Z [23,940ms] [Warning] [isaaclab.utils.math] The function 'quat_rotate_inverse' will be deprecated in favor of the faster method 'quat_apply_inverse'. Please use 'quat_apply_inverse' instead....
2026-09-08T06:45:53Z [23,943ms] [Warning] [isaaclab.utils.math] The function 'quat_rotate_inverse' will be deprecated in favor of the faster method 'quat_apply_inverse'. Please use 'quat_apply_inverse' instead....
2026-09-08T06:45:53Z [23,944ms] [Warning] [isaaclab.utils.math] The function 'quat_rotate_inverse' will be deprecated in favor of the faster method 'quat_apply_inverse'. Please use 'quat_apply_inverse' instead....
2026-09-08T06:45:53Z [23,945ms] [Warning] [isaaclab.utils.math] The function 'quat_rotate_inverse' will be deprecated in favor of the faster method 'quat_apply_inverse'. Please use 'quat_apply_inverse' instead....
2026-09-08T06:45:53Z [23,950ms] [Warning] [isaaclab.utils.math] The function 'quat_rotate_inverse' will be deprecated in favor of the faster method 'quat_apply_inverse'. Please use 'quat_apply_inverse' instead....
2026-09-08T06:45:53Z [23,963ms] [Warning] [isaaclab.utils.math] The function 'quat_rotate_inverse' will be deprecated in favor of the faster method 'quat_apply_inverse'. Please use 'quat_apply_inverse' instead....
2026-09-08T06:45:53Z [23,964ms] [Warning] [isaaclab.utils.math] The function 'quat_rotate_inverse' will be deprecated in favor of the faster method 'quat_apply_inverse'. Please use 'quat_apply_inverse' instead....
2026-09-08T06:45:53Z [23,965ms] [Warning] [isaaclab.sensors.ray_caster.ray_caster] The `attach_yaw_only` property will be deprecated in a future release. Please use `ray_alignment='yaw'` instead.
2026-09-08T06:45:53Z [23,967ms] [Warning] [isaaclab.utils.math] The function 'quat_rotate_inverse' will be deprecated in favor of the faster method 'quat_apply_inverse'. Please use 'quat_apply_inverse' instead....
2026-09-08T06:45:53Z [23,968ms] [Warning] [isaaclab.utils.math] The function 'quat_rotate_inverse' will be deprecated in favor of the faster method 'quat_apply_inverse'. Please use 'quat_apply_inverse' instead....
2026-09-08T06:45:53Z [23,969ms] [Warning] [isaaclab.sensors.ray_caster.ray_caster] The `attach_yaw_only` property will be deprecated in a future release. Please use `ray_alignment='yaw'` instead.
2026-09-08T06:45:53Z [23,967ms] [Warning] [isaaclab.sensors.ray_caster.ray_caster] The `attach_yaw_only` property will be deprecated in a future release. Please use `ray_alignment='yaw'` instead.
2026-09-08T06:45:53Z [23,970ms] [Warning] [isaaclab.sensors.ray_caster.ray_caster] The `attach_yaw_only` property will be deprecated in a future release. Please use `ray_alignment='yaw'` instead.
2026-09-08T06:45:53Z [23,969ms] [Warning] [isaaclab.utils.math] The function 'quat_rotate_inverse' will be deprecated in favor of the faster method 'quat_apply_inverse'. Please use 'quat_apply_inverse' instead....
2026-09-08T06:45:53Z [23,972ms] [Warning] [isaaclab.utils.math] The function 'quat_rotate_inverse' will be deprecated in favor of the faster method 'quat_apply_inverse'. Please use 'quat_apply_inverse' instead....
2026-09-08T06:45:53Z [23,975ms] [Warning] [isaaclab.sensors.ray_caster.ray_caster] The `attach_yaw_only` property will be deprecated in a future release. Please use `ray_alignment='yaw'` instead.
2026-09-08T06:45:53Z [23,983ms] [Warning] [isaaclab.sensors.ray_caster.ray_caster] The `attach_yaw_only` property will be deprecated in a future release. Please use `ray_alignment='yaw'` instead.
2026-09-08T06:45:53Z [24,028ms] [Warning] [isaaclab.utils.math] The function 'quat_rotate_inverse' will be deprecated in favor of the faster method 'quat_apply_inverse'. Please use 'quat_apply_inverse' instead....
2026-09-08T06:45:53Z [24,029ms] [Warning] [isaaclab.utils.math] The function 'quat_rotate_inverse' will be deprecated in favor of the faster method 'quat_apply_inverse'. Please use 'quat_apply_inverse' instead....
2026-09-08T06:45:53Z [24,034ms] [Warning] [isaaclab.utils.math] The function 'quat_rotate_inverse' will be deprecated in favor of the faster method 'quat_apply_inverse'. Please use 'quat_apply_inverse' instead....
2026-09-08T06:45:53Z [24,040ms] [Warning] [isaaclab.utils.math] The function 'quat_rotate_inverse' will be deprecated in favor of the faster method 'quat_apply_inverse'. Please use 'quat_apply_inverse' instead....
2026-09-08T06:45:53Z [24,040ms] [Warning] [isaaclab.utils.math] The function 'quat_rotate_inverse' will be deprecated in favor of the faster method 'quat_apply_inverse'. Please use 'quat_apply_inverse' instead....
2026-09-08T06:45:53Z [24,044ms] [Warning] [isaaclab.utils.math] The function 'quat_rotate_inverse' will be deprecated in favor of the faster method 'quat_apply_inverse'. Please use 'quat_apply_inverse' instead....
2026-09-08T06:45:53Z [24,044ms] [Warning] [isaaclab.utils.math] The function 'quat_rotate_inverse' will be deprecated in favor of the faster method 'quat_apply_inverse'. Please use 'quat_apply_inverse' instead....
2026-09-08T06:45:53Z [24,046ms] [Warning] [isaaclab.sensors.ray_caster.ray_caster] The `attach_yaw_only` property will be deprecated in a future release. Please use `ray_alignment='yaw'` instead.
2026-09-08T06:45:53Z [24,048ms] [Warning] [isaaclab.sensors.ray_caster.ray_caster] The `attach_yaw_only` property will be deprecated in a future release. Please use `ray_alignment='yaw'` instead.
2026-09-08T06:45:53Z [24,046ms] [Warning] [isaaclab.utils.math] The function 'quat_rotate_inverse' will be deprecated in favor of the faster method 'quat_apply_inverse'. Please use 'quat_apply_inverse' instead....
2026-09-08T06:45:53Z [24,049ms] [Warning] [isaaclab.utils.math] The function 'quat_rotate_inverse' will be deprecated in favor of the faster method 'quat_apply_inverse'. Please use 'quat_apply_inverse' instead....
2026-09-08T06:45:53Z [24,054ms] [Warning] [isaaclab.sensors.ray_caster.ray_caster] The `attach_yaw_only` property will be deprecated in a future release. Please use `ray_alignment='yaw'` instead.
2026-09-08T06:45:53Z [24,053ms] [Warning] [isaaclab.utils.math] The function 'quat_rotate_inverse' will be deprecated in favor of the faster method 'quat_apply_inverse'. Please use 'quat_apply_inverse' instead....
2026-09-08T06:45:53Z [24,054ms] [Warning] [isaaclab.utils.math] The function 'quat_rotate_inverse' will be deprecated in favor of the faster method 'quat_apply_inverse'. Please use 'quat_apply_inverse' instead....
2026-09-08T06:45:53Z [24,055ms] [Warning] [isaaclab.sensors.ray_caster.ray_caster] The `attach_yaw_only` property will be deprecated in a future release. Please use `ray_alignment='yaw'` instead.
2026-09-08T06:45:53Z [24,056ms] [Warning] [isaaclab.sensors.ray_caster.ray_caster] The `attach_yaw_only` property will be deprecated in a future release. Please use `ray_alignment='yaw'` instead.
2026-09-08T06:45:53Z [24,058ms] [Warning] [isaaclab.utils.math] The function 'quat_rotate_inverse' will be deprecated in favor of the faster method 'quat_apply_inverse'. Please use 'quat_apply_inverse' instead....
2026-09-08T06:45:53Z [24,061ms] [Warning] [isaaclab.sensors.ray_caster.ray_caster] The `attach_yaw_only` property will be deprecated in a future release. Please use `ray_alignment='yaw'` instead.
2026-09-08T06:45:53Z [24,122ms] [Warning] [isaaclab.utils.math] The function 'quat_rotate_inverse' will be deprecated in favor of the faster method 'quat_apply_inverse'. Please use 'quat_apply_inverse' instead....
2026-09-08T06:45:53Z [24,123ms] [Warning] [isaaclab.utils.math] The function 'quat_rotate_inverse' will be deprecated in favor of the faster method 'quat_apply_inverse'. Please use 'quat_apply_inverse' instead....
2026-09-08T06:45:53Z [24,130ms] [Warning] [isaaclab.utils.math] The function 'quat_rotate_inverse' will be deprecated in favor of the faster method 'quat_apply_inverse'. Please use 'quat_apply_inverse' instead....
2026-09-08T06:45:53Z [24,130ms] [Warning] [isaaclab.utils.math] The function 'quat_rotate_inverse' will be deprecated in favor of the faster method 'quat_apply_inverse'. Please use 'quat_apply_inverse' instead....
2026-09-08T06:45:53Z [24,136ms] [Warning] [isaaclab.utils.math] The function 'quat_rotate_inverse' will be deprecated in favor of the faster method 'quat_apply_inverse'. Please use 'quat_apply_inverse' instead....
2026-09-08T06:45:53Z [24,135ms] [Warning] [isaaclab.utils.math] The function 'quat_rotate_inverse' will be deprecated in favor of the faster method 'quat_apply_inverse'. Please use 'quat_apply_inverse' instead....
2026-09-08T06:45:53Z [24,145ms] [Warning] [isaaclab.utils.math] The function 'quat_rotate_inverse' will be deprecated in favor of the faster method 'quat_apply_inverse'. Please use 'quat_apply_inverse' instead....
2026-09-08T06:45:53Z [24,145ms] [Warning] [isaaclab.utils.math] The function 'quat_rotate_inverse' will be deprecated in favor of the faster method 'quat_apply_inverse'. Please use 'quat_apply_inverse' instead....
2026-09-08T06:45:53Z [24,147ms] [Warning] [isaaclab.sensors.ray_caster.ray_caster] The `attach_yaw_only` property will be deprecated in a future release. Please use `ray_alignment='yaw'` instead.
2026-09-08T06:45:53Z [24,153ms] [Warning] [isaaclab.utils.math] The function 'quat_rotate_inverse' will be deprecated in favor of the faster method 'quat_apply_inverse'. Please use 'quat_apply_inverse' instead....
2026-09-08T06:45:53Z [24,154ms] [Warning] [isaaclab.utils.math] The function 'quat_rotate_inverse' will be deprecated in favor of the faster method 'quat_apply_inverse'. Please use 'quat_apply_inverse' instead....
2026-09-08T06:45:53Z [24,154ms] [Warning] [isaaclab.sensors.ray_caster.ray_caster] The `attach_yaw_only` property will be deprecated in a future release. Please use `ray_alignment='yaw'` instead.
2026-09-08T06:45:53Z [24,159ms] [Warning] [isaaclab.sensors.ray_caster.ray_caster] The `attach_yaw_only` property will be deprecated in a future release. Please use `ray_alignment='yaw'` instead.
2026-09-08T06:45:53Z [24,157ms] [Warning] [isaaclab.sensors.ray_caster.ray_caster] The `attach_yaw_only` property will be deprecated in a future release. Please use `ray_alignment='yaw'` instead.
2026-09-08T06:45:53Z [24,160ms] [Warning] [isaaclab.utils.math] The function 'quat_rotate_inverse' will be deprecated in favor of the faster method 'quat_apply_inverse'. Please use 'quat_apply_inverse' instead....
2026-09-08T06:45:53Z [24,163ms] [Warning] [isaaclab.sensors.ray_caster.ray_caster] The `attach_yaw_only` property will be deprecated in a future release. Please use `ray_alignment='yaw'` instead.
2026-09-08T06:45:53Z [24,164ms] [Warning] [isaaclab.utils.math] The function 'quat_rotate_inverse' will be deprecated in favor of the faster method 'quat_apply_inverse'. Please use 'quat_apply_inverse' instead....
2026-09-08T06:45:53Z [24,172ms] [Warning] [isaaclab.sensors.ray_caster.ray_caster] The `attach_yaw_only` property will be deprecated in a future release. Please use `ray_alignment='yaw'` instead.
2026-09-08T06:45:53Z [24,225ms] [Warning] [isaaclab.utils.math] The function 'quat_rotate_inverse' will be deprecated in favor of the faster method 'quat_apply_inverse'. Please use 'quat_apply_inverse' instead....
2026-09-08T06:45:53Z [24,226ms] [Warning] [isaaclab.utils.math] The function 'quat_rotate_inverse' will be deprecated in favor of the faster method 'quat_apply_inverse'. Please use 'quat_apply_inverse' instead....
2026-09-08T06:45:53Z [24,232ms] [Warning] [isaaclab.utils.math] The function 'quat_rotate_inverse' will be deprecated in favor of the faster method 'quat_apply_inverse'. Please use 'quat_apply_inverse' instead....
2026-09-08T06:45:53Z [24,242ms] [Warning] [isaaclab.utils.math] The function 'quat_rotate_inverse' will be deprecated in favor of the faster method 'quat_apply_inverse'. Please use 'quat_apply_inverse' instead....
2026-09-08T06:45:53Z [24,242ms] [Warning] [isaaclab.utils.math] The function 'quat_rotate_inverse' will be deprecated in favor of the faster method 'quat_apply_inverse'. Please use 'quat_apply_inverse' instead....
2026-09-08T06:45:53Z [24,242ms] [Warning] [isaaclab.utils.math] The function 'quat_rotate_inverse' will be deprecated in favor of the faster method 'quat_apply_inverse'. Please use 'quat_apply_inverse' instead....
2026-09-08T06:45:53Z [24,244ms] [Warning] [isaaclab.sensors.ray_caster.ray_caster] The `attach_yaw_only` property will be deprecated in a future release. Please use `ray_alignment='yaw'` instead.
2026-09-08T06:45:53Z [24,242ms] [Warning] [isaaclab.utils.math] The function 'quat_rotate_inverse' will be deprecated in favor of the faster method 'quat_apply_inverse'. Please use 'quat_apply_inverse' instead....
2026-09-08T06:45:53Z [24,246ms] [Warning] [isaaclab.sensors.ray_caster.ray_caster] The `attach_yaw_only` property will be deprecated in a future release. Please use `ray_alignment='yaw'` instead.
2026-09-08T06:45:53Z [24,247ms] [Warning] [isaaclab.utils.math] The function 'quat_rotate_inverse' will be deprecated in favor of the faster method 'quat_apply_inverse'. Please use 'quat_apply_inverse' instead....
2026-09-08T06:45:53Z [24,248ms] [Warning] [isaaclab.utils.math] The function 'quat_rotate_inverse' will be deprecated in favor of the faster method 'quat_apply_inverse'. Please use 'quat_apply_inverse' instead....
2026-09-08T06:45:53Z [24,251ms] [Warning] [isaaclab.sensors.ray_caster.ray_caster] The `attach_yaw_only` property will be deprecated in a future release. Please use `ray_alignment='yaw'` instead.
2026-09-08T06:45:53Z [24,255ms] [Warning] [isaaclab.utils.math] The function 'quat_rotate_inverse' will be deprecated in favor of the faster method 'quat_apply_inverse'. Please use 'quat_apply_inverse' instead....
2026-09-08T06:45:53Z [24,256ms] [Warning] [isaaclab.utils.math] The function 'quat_rotate_inverse' will be deprecated in favor of the faster method 'quat_apply_inverse'. Please use 'quat_apply_inverse' instead....
2026-09-08T06:45:53Z [24,257ms] [Warning] [isaaclab.sensors.ray_caster.ray_caster] The `attach_yaw_only` property will be deprecated in a future release. Please use `ray_alignment='yaw'` instead.
2026-09-08T06:45:53Z [24,259ms] [Warning] [isaaclab.sensors.ray_caster.ray_caster] The `attach_yaw_only` property will be deprecated in a future release. Please use `ray_alignment='yaw'` instead.
2026-09-08T06:45:53Z [24,260ms] [Warning] [isaaclab.utils.math] The function 'quat_rotate_inverse' will be deprecated in favor of the faster method 'quat_apply_inverse'. Please use 'quat_apply_inverse' instead....
2026-09-08T06:45:53Z [24,263ms] [Warning] [isaaclab.sensors.ray_caster.ray_caster] The `attach_yaw_only` property will be deprecated in a future release. Please use `ray_alignment='yaw'` instead.
2026-09-08T06:45:53Z [24,304ms] [Warning] [isaaclab.utils.math] The function 'quat_rotate_inverse' will be deprecated in favor of the faster method 'quat_apply_inverse'. Please use 'quat_apply_inverse' instead....
2026-09-08T06:45:53Z [24,304ms] [Warning] [isaaclab.utils.math] The function 'quat_rotate_inverse' will be deprecated in favor of the faster method 'quat_apply_inverse'. Please use 'quat_apply_inverse' instead....
2026-09-08T06:45:53Z [24,310ms] [Warning] [isaaclab.utils.math] The function 'quat_rotate_inverse' will be deprecated in favor of the faster method 'quat_apply_inverse'. Please use 'quat_apply_inverse' instead....
2026-09-08T06:45:53Z [24,319ms] [Warning] [isaaclab.utils.math] The function 'quat_rotate_inverse' will be deprecated in favor of the faster method 'quat_apply_inverse'. Please use 'quat_apply_inverse' instead....
2026-09-08T06:45:53Z [24,320ms] [Warning] [isaaclab.utils.math] The function 'quat_rotate_inverse' will be deprecated in favor of the faster method 'quat_apply_inverse'. Please use 'quat_apply_inverse' instead....
2026-09-08T06:45:53Z [24,326ms] [Warning] [isaaclab.utils.math] The function 'quat_rotate_inverse' will be deprecated in favor of the faster method 'quat_apply_inverse'. Please use 'quat_apply_inverse' instead....
2026-09-08T06:45:53Z [24,327ms] [Warning] [isaaclab.utils.math] The function 'quat_rotate_inverse' will be deprecated in favor of the faster method 'quat_apply_inverse'. Please use 'quat_apply_inverse' instead....
2026-09-08T06:45:53Z [24,328ms] [Warning] [isaaclab.sensors.ray_caster.ray_caster] The `attach_yaw_only` property will be deprecated in a future release. Please use `ray_alignment='yaw'` instead.
2026-09-08T06:45:53Z [24,331ms] [Warning] [isaaclab.sensors.ray_caster.ray_caster] The `attach_yaw_only` property will be deprecated in a future release. Please use `ray_alignment='yaw'` instead.
2026-09-08T06:45:53Z [24,332ms] [Warning] [isaaclab.utils.math] The function 'quat_rotate_inverse' will be deprecated in favor of the faster method 'quat_apply_inverse'. Please use 'quat_apply_inverse' instead....
2026-09-08T06:45:53Z [24,335ms] [Warning] [isaaclab.utils.math] The function 'quat_rotate_inverse' will be deprecated in favor of the faster method 'quat_apply_inverse'. Please use 'quat_apply_inverse' instead....
2026-09-08T06:45:53Z [24,342ms] [Warning] [isaaclab.utils.math] The function 'quat_rotate_inverse' will be deprecated in favor of the faster method 'quat_apply_inverse'. Please use 'quat_apply_inverse' instead....
2026-09-08T06:45:53Z [24,342ms] [Warning] [isaaclab.utils.math] The function 'quat_rotate_inverse' will be deprecated in favor of the faster method 'quat_apply_inverse'. Please use 'quat_apply_inverse' instead....
2026-09-08T06:45:53Z [24,346ms] [Warning] [isaaclab.sensors.ray_caster.ray_caster] The `attach_yaw_only` property will be deprecated in a future release. Please use `ray_alignment='yaw'` instead.
2026-09-08T06:45:53Z [24,348ms] [Warning] [isaaclab.sensors.ray_caster.ray_caster] The `attach_yaw_only` property will be deprecated in a future release. Please use `ray_alignment='yaw'` instead.
2026-09-08T06:45:53Z [24,355ms] [Warning] [isaaclab.sensors.ray_caster.ray_caster] The `attach_yaw_only` property will be deprecated in a future release. Please use `ray_alignment='yaw'` instead.
2026-09-08T06:45:53Z [24,356ms] [Warning] [isaaclab.utils.math] The function 'quat_rotate_inverse' will be deprecated in favor of the faster method 'quat_apply_inverse'. Please use 'quat_apply_inverse' instead....
2026-09-08T06:45:53Z [24,359ms] [Warning] [isaaclab.sensors.ray_caster.ray_caster] The `attach_yaw_only` property will be deprecated in a future release. Please use `ray_alignment='yaw'` instead.
2026-09-08T06:45:53Z [24,421ms] [Warning] [isaaclab.utils.math] The function 'quat_rotate_inverse' will be deprecated in favor of the faster method 'quat_apply_inverse'. Please use 'quat_apply_inverse' instead....
2026-09-08T06:45:53Z [24,422ms] [Warning] [isaaclab.utils.math] The function 'quat_rotate_inverse' will be deprecated in favor of the faster method 'quat_apply_inverse'. Please use 'quat_apply_inverse' instead....
2026-09-08T06:45:53Z [24,427ms] [Warning] [isaaclab.utils.math] The function 'quat_rotate_inverse' will be deprecated in favor of the faster method 'quat_apply_inverse'. Please use 'quat_apply_inverse' instead....
2026-09-08T06:45:53Z [24,435ms] [Warning] [isaaclab.utils.math] The function 'quat_rotate_inverse' will be deprecated in favor of the faster method 'quat_apply_inverse'. Please use 'quat_apply_inverse' instead....
2026-09-08T06:45:53Z [24,435ms] [Warning] [isaaclab.utils.math] The function 'quat_rotate_inverse' will be deprecated in favor of the faster method 'quat_apply_inverse'. Please use 'quat_apply_inverse' instead....
2026-09-08T06:45:53Z [24,436ms] [Warning] [isaaclab.sensors.ray_caster.ray_caster] The `attach_yaw_only` property will be deprecated in a future release. Please use `ray_alignment='yaw'` instead.
2026-09-08T06:45:53Z [24,436ms] [Warning] [isaaclab.utils.math] The function 'quat_rotate_inverse' will be deprecated in favor of the faster method 'quat_apply_inverse'. Please use 'quat_apply_inverse' instead....
2026-09-08T06:45:53Z [24,438ms] [Warning] [isaaclab.sensors.ray_caster.ray_caster] The `attach_yaw_only` property will be deprecated in a future release. Please use `ray_alignment='yaw'` instead.
2026-09-08T06:45:53Z [24,437ms] [Warning] [isaaclab.utils.math] The function 'quat_rotate_inverse' will be deprecated in favor of the faster method 'quat_apply_inverse'. Please use 'quat_apply_inverse' instead....
2026-09-08T06:45:53Z [24,440ms] [Warning] [isaaclab.utils.math] The function 'quat_rotate_inverse' will be deprecated in favor of the faster method 'quat_apply_inverse'. Please use 'quat_apply_inverse' instead....
2026-09-08T06:45:53Z [24,443ms] [Warning] [isaaclab.utils.math] The function 'quat_rotate_inverse' will be deprecated in favor of the faster method 'quat_apply_inverse'. Please use 'quat_apply_inverse' instead....
2026-09-08T06:45:53Z [24,445ms] [Warning] [isaaclab.sensors.ray_caster.ray_caster] The `attach_yaw_only` property will be deprecated in a future release. Please use `ray_alignment='yaw'` instead.
2026-09-08T06:45:53Z [24,450ms] [Warning] [isaaclab.utils.math] The function 'quat_rotate_inverse' will be deprecated in favor of the faster method 'quat_apply_inverse'. Please use 'quat_apply_inverse' instead....
2026-09-08T06:45:53Z [24,451ms] [Warning] [isaaclab.utils.math] The function 'quat_rotate_inverse' will be deprecated in favor of the faster method 'quat_apply_inverse'. Please use 'quat_apply_inverse' instead....
2026-09-08T06:45:53Z [24,452ms] [Warning] [isaaclab.sensors.ray_caster.ray_caster] The `attach_yaw_only` property will be deprecated in a future release. Please use `ray_alignment='yaw'` instead.
2026-09-08T06:45:53Z [24,453ms] [Warning] [isaaclab.sensors.ray_caster.ray_caster] The `attach_yaw_only` property will be deprecated in a future release. Please use `ray_alignment='yaw'` instead.
2026-09-08T06:45:53Z [24,455ms] [Warning] [isaaclab.utils.math] The function 'quat_rotate_inverse' will be deprecated in favor of the faster method 'quat_apply_inverse'. Please use 'quat_apply_inverse' instead....
2026-09-08T06:45:53Z [24,458ms] [Warning] [isaaclab.sensors.ray_caster.ray_caster] The `attach_yaw_only` property will be deprecated in a future release. Please use `ray_alignment='yaw'` instead.
2026-09-08T06:45:54Z [24,520ms] [Warning] [isaaclab.utils.math] The function 'quat_rotate_inverse' will be deprecated in favor of the faster method 'quat_apply_inverse'. Please use 'quat_apply_inverse' instead....
2026-09-08T06:45:54Z [24,521ms] [Warning] [isaaclab.utils.math] The function 'quat_rotate_inverse' will be deprecated in favor of the faster method 'quat_apply_inverse'. Please use 'quat_apply_inverse' instead....
2026-09-08T06:45:54Z [24,527ms] [Warning] [isaaclab.utils.math] The function 'quat_rotate_inverse' will be deprecated in favor of the faster method 'quat_apply_inverse'. Please use 'quat_apply_inverse' instead....
2026-09-08T06:45:54Z [24,544ms] [Warning] [isaaclab.utils.math] The function 'quat_rotate_inverse' will be deprecated in favor of the faster method 'quat_apply_inverse'. Please use 'quat_apply_inverse' instead....
2026-09-08T06:45:54Z [24,545ms] [Warning] [isaaclab.utils.math] The function 'quat_rotate_inverse' will be deprecated in favor of the faster method 'quat_apply_inverse'. Please use 'quat_apply_inverse' instead....
2026-09-08T06:45:54Z [24,546ms] [Warning] [isaaclab.sensors.ray_caster.ray_caster] The `attach_yaw_only` property will be deprecated in a future release. Please use `ray_alignment='yaw'` instead.
2026-09-08T06:45:54Z [24,548ms] [Warning] [isaaclab.sensors.ray_caster.ray_caster] The `attach_yaw_only` property will be deprecated in a future release. Please use `ray_alignment='yaw'` instead.
2026-09-08T06:45:54Z [24,550ms] [Warning] [isaaclab.utils.math] The function 'quat_rotate_inverse' will be deprecated in favor of the faster method 'quat_apply_inverse'. Please use 'quat_apply_inverse' instead....
2026-09-08T06:45:54Z [24,564ms] [Warning] [isaaclab.sensors.ray_caster.ray_caster] The `attach_yaw_only` property will be deprecated in a future release. Please use `ray_alignment='yaw'` instead.
2026-09-08T06:45:54Z [24,639ms] [Warning] [isaaclab.utils.math] The function 'quat_rotate_inverse' will be deprecated in favor of the faster method 'quat_apply_inverse'. Please use 'quat_apply_inverse' instead....
2026-09-08T06:45:54Z [24,640ms] [Warning] [isaaclab.utils.math] The function 'quat_rotate_inverse' will be deprecated in favor of the faster method 'quat_apply_inverse'. Please use 'quat_apply_inverse' instead....
2026-09-08T06:45:54Z [24,645ms] [Warning] [isaaclab.utils.math] The function 'quat_rotate_inverse' will be deprecated in favor of the faster method 'quat_apply_inverse'. Please use 'quat_apply_inverse' instead....
2026-09-08T06:45:54Z [24,655ms] [Warning] [isaaclab.utils.math] The function 'quat_rotate_inverse' will be deprecated in favor of the faster method 'quat_apply_inverse'. Please use 'quat_apply_inverse' instead....
2026-09-08T06:45:54Z [24,655ms] [Warning] [isaaclab.utils.math] The function 'quat_rotate_inverse' will be deprecated in favor of the faster method 'quat_apply_inverse'. Please use 'quat_apply_inverse' instead....
2026-09-08T06:45:54Z [24,656ms] [Warning] [isaaclab.sensors.ray_caster.ray_caster] The `attach_yaw_only` property will be deprecated in a future release. Please use `ray_alignment='yaw'` instead.
2026-09-08T06:45:54Z [24,658ms] [Warning] [isaaclab.sensors.ray_caster.ray_caster] The `attach_yaw_only` property will be deprecated in a future release. Please use `ray_alignment='yaw'` instead.
2026-09-08T06:45:54Z [24,659ms] [Warning] [isaaclab.utils.math] The function 'quat_rotate_inverse' will be deprecated in favor of the faster method 'quat_apply_inverse'. Please use 'quat_apply_inverse' instead....
2026-09-08T06:45:54Z [24,663ms] [Warning] [isaaclab.sensors.ray_caster.ray_caster] The `attach_yaw_only` property will be deprecated in a future release. Please use `ray_alignment='yaw'` instead.
2026-09-08T06:45:54Z [24,717ms] [Warning] [isaaclab.utils.math] The function 'quat_rotate_inverse' will be deprecated in favor of the faster method 'quat_apply_inverse'. Please use 'quat_apply_inverse' instead....
2026-09-08T06:45:54Z [24,718ms] [Warning] [isaaclab.utils.math] The function 'quat_rotate_inverse' will be deprecated in favor of the faster method 'quat_apply_inverse'. Please use 'quat_apply_inverse' instead....
2026-09-08T06:45:54Z [24,724ms] [Warning] [isaaclab.utils.math] The function 'quat_rotate_inverse' will be deprecated in favor of the faster method 'quat_apply_inverse'. Please use 'quat_apply_inverse' instead....
2026-09-08T06:45:54Z [24,732ms] [Warning] [isaaclab.utils.math] The function 'quat_rotate_inverse' will be deprecated in favor of the faster method 'quat_apply_inverse'. Please use 'quat_apply_inverse' instead....
2026-09-08T06:45:54Z [24,732ms] [Warning] [isaaclab.utils.math] The function 'quat_rotate_inverse' will be deprecated in favor of the faster method 'quat_apply_inverse'. Please use 'quat_apply_inverse' instead....
2026-09-08T06:45:54Z [24,733ms] [Warning] [isaaclab.sensors.ray_caster.ray_caster] The `attach_yaw_only` property will be deprecated in a future release. Please use `ray_alignment='yaw'` instead.
2026-09-08T06:45:54Z [24,735ms] [Warning] [isaaclab.sensors.ray_caster.ray_caster] The `attach_yaw_only` property will be deprecated in a future release. Please use `ray_alignment='yaw'` instead.
2026-09-08T06:45:54Z [24,738ms] [Warning] [isaaclab.utils.math] The function 'quat_rotate_inverse' will be deprecated in favor of the faster method 'quat_apply_inverse'. Please use 'quat_apply_inverse' instead....
2026-09-08T06:45:54Z [24,751ms] [Warning] [isaaclab.sensors.ray_caster.ray_caster] The `attach_yaw_only` property will be deprecated in a future release. Please use `ray_alignment='yaw'` instead.
2026-09-08T06:45:54Z [24,841ms] [Warning] [isaaclab.utils.math] The function 'quat_rotate_inverse' will be deprecated in favor of the faster method 'quat_apply_inverse'. Please use 'quat_apply_inverse' instead....
2026-09-08T06:45:54Z [24,842ms] [Warning] [isaaclab.utils.math] The function 'quat_rotate_inverse' will be deprecated in favor of the faster method 'quat_apply_inverse'. Please use 'quat_apply_inverse' instead....
2026-09-08T06:45:54Z [24,847ms] [Warning] [isaaclab.utils.math] The function 'quat_rotate_inverse' will be deprecated in favor of the faster method 'quat_apply_inverse'. Please use 'quat_apply_inverse' instead....
2026-09-08T06:45:54Z [24,855ms] [Warning] [isaaclab.utils.math] The function 'quat_rotate_inverse' will be deprecated in favor of the faster method 'quat_apply_inverse'. Please use 'quat_apply_inverse' instead....
2026-09-08T06:45:54Z [24,856ms] [Warning] [isaaclab.utils.math] The function 'quat_rotate_inverse' will be deprecated in favor of the faster method 'quat_apply_inverse'. Please use 'quat_apply_inverse' instead....
2026-09-08T06:45:54Z [24,857ms] [Warning] [isaaclab.sensors.ray_caster.ray_caster] The `attach_yaw_only` property will be deprecated in a future release. Please use `ray_alignment='yaw'` instead.
2026-09-08T06:45:54Z [24,858ms] [Warning] [isaaclab.sensors.ray_caster.ray_caster] The `attach_yaw_only` property will be deprecated in a future release. Please use `ray_alignment='yaw'` instead.
2026-09-08T06:45:54Z [24,860ms] [Warning] [isaaclab.utils.math] The function 'quat_rotate_inverse' will be deprecated in favor of the faster method 'quat_apply_inverse'. Please use 'quat_apply_inverse' instead....
2026-09-08T06:45:54Z [24,863ms] [Warning] [isaaclab.sensors.ray_caster.ray_caster] The `attach_yaw_only` property will be deprecated in a future release. Please use `ray_alignment='yaw'` instead.
2026-09-08T06:45:54Z [24,918ms] [Warning] [isaaclab.utils.math] The function 'quat_rotate_inverse' will be deprecated in favor of the faster method 'quat_apply_inverse'. Please use 'quat_apply_inverse' instead....
2026-09-08T06:45:54Z [24,919ms] [Warning] [isaaclab.utils.math] The function 'quat_rotate_inverse' will be deprecated in favor of the faster method 'quat_apply_inverse'. Please use 'quat_apply_inverse' instead....
2026-09-08T06:45:54Z [24,924ms] [Warning] [isaaclab.utils.math] The function 'quat_rotate_inverse' will be deprecated in favor of the faster method 'quat_apply_inverse'. Please use 'quat_apply_inverse' instead....
2026-09-08T06:45:54Z [24,934ms] [Warning] [isaaclab.utils.math] The function 'quat_rotate_inverse' will be deprecated in favor of the faster method 'quat_apply_inverse'. Please use 'quat_apply_inverse' instead....
2026-09-08T06:45:54Z [24,934ms] [Warning] [isaaclab.utils.math] The function 'quat_rotate_inverse' will be deprecated in favor of the faster method 'quat_apply_inverse'. Please use 'quat_apply_inverse' instead....
2026-09-08T06:45:54Z [24,936ms] [Warning] [isaaclab.sensors.ray_caster.ray_caster] The `attach_yaw_only` property will be deprecated in a future release. Please use `ray_alignment='yaw'` instead.
2026-09-08T06:45:54Z [24,937ms] [Warning] [isaaclab.sensors.ray_caster.ray_caster] The `attach_yaw_only` property will be deprecated in a future release. Please use `ray_alignment='yaw'` instead.
2026-09-08T06:45:54Z [24,939ms] [Warning] [isaaclab.utils.math] The function 'quat_rotate_inverse' will be deprecated in favor of the faster method 'quat_apply_inverse'. Please use 'quat_apply_inverse' instead....
2026-09-08T06:45:54Z [24,942ms] [Warning] [isaaclab.sensors.ray_caster.ray_caster] The `attach_yaw_only` property will be deprecated in a future release. Please use `ray_alignment='yaw'` instead.
/home/nubot/isaac-sim-standalone-5.1.0-linux-x86_64/kit/python/lib/python3.11/site-packages/torch/autograd/graph.py:825: UserWarning: Attempting to run cuBLAS, but there was no current CUDA context! Attempting to set the primary context... (Triggered internally at ../aten/src/ATen/cuda/CublasHandlePool.cpp:135.)
  return Variable._execution_engine.run_backward(  # Calls into the C++ engine to run the backward pass
################################################################################
                        [1m Learning iteration 0/2 [0m                        

                       Computation: 378 steps/s (collection: 3.461s, learning 0.594s)
             Mean action noise std: 0.05
          Mean value_function loss: 0.5139
               Mean surrogate loss: 0.3138
                 Mean entropy loss: -44.7343
                     Mean amp loss: 0.2196
            Mean amp_grad_pen loss: 0.1447
         Mean amp_policy_pred loss: -0.6405
         Mean amp_expert_pred loss: 0.6262
                Mean symmetry loss: 0.0439
                       Mean reward: 0.10
               Mean episode length: 1.00
            Command/sparse_mean_vx: 1.4501
    Curriculum/episode_path_length: 0.0002
         Curriculum/promotion_rate: 0.0000
         Curriculum/terrain_levels: 0.4062
                       Reset/accel: 0.0000
                     Reset/timeout: 1.0000
                       Reset/torso: 0.0000
Terrain/raised_pillars/easy_reach_2m_rate: 0.0000
 Terrain/raised_pillars/progress_m: 0.0000
Terrain/stepping_stones/easy_reach_2m_rate: 0.0000
Terrain/stepping_stones/progress_m: 0.0000
--------------------------------------------------------------------------------
                   Total timesteps: 1536
                    Iteration time: 4.06s
                      Time elapsed: 00:00:04
                               ETA: 00:00:08

Could not find git repository in /home/nubot/phn_ws/t4_train/TienKung-Lab-g1-core-fixes-20260908/rsl_rl/rsl_rl/__init__.py. Skipping.
2026-09-08T06:45:55Z [25,747ms] [Warning] [isaaclab.utils.math] The function 'quat_rotate_inverse' will be deprecated in favor of the faster method 'quat_apply_inverse'. Please use 'quat_apply_inverse' instead....
2026-09-08T06:45:55Z [25,747ms] [Warning] [isaaclab.utils.math] The function 'quat_rotate_inverse' will be deprecated in favor of the faster method 'quat_apply_inverse'. Please use 'quat_apply_inverse' instead....
2026-09-08T06:45:55Z [25,752ms] [Warning] [isaaclab.utils.math] The function 'quat_rotate_inverse' will be deprecated in favor of the faster method 'quat_apply_inverse'. Please use 'quat_apply_inverse' instead....
2026-09-08T06:45:55Z [25,761ms] [Warning] [isaaclab.utils.math] The function 'quat_rotate_inverse' will be deprecated in favor of the faster method 'quat_apply_inverse'. Please use 'quat_apply_inverse' instead....
2026-09-08T06:45:55Z [25,761ms] [Warning] [isaaclab.utils.math] The function 'quat_rotate_inverse' will be deprecated in favor of the faster method 'quat_apply_inverse'. Please use 'quat_apply_inverse' instead....
2026-09-08T06:45:55Z [25,763ms] [Warning] [isaaclab.sensors.ray_caster.ray_caster] The `attach_yaw_only` property will be deprecated in a future release. Please use `ray_alignment='yaw'` instead.
2026-09-08T06:45:55Z [25,765ms] [Warning] [isaaclab.sensors.ray_caster.ray_caster] The `attach_yaw_only` property will be deprecated in a future release. Please use `ray_alignment='yaw'` instead.
2026-09-08T06:45:55Z [25,767ms] [Warning] [isaaclab.utils.math] The function 'quat_rotate_inverse' will be deprecated in favor of the faster method 'quat_apply_inverse'. Please use 'quat_apply_inverse' instead....
2026-09-08T06:45:55Z [25,771ms] [Warning] [isaaclab.sensors.ray_caster.ray_caster] The `attach_yaw_only` property will be deprecated in a future release. Please use `ray_alignment='yaw'` instead.
2026-09-08T06:45:55Z [25,786ms] [Warning] [isaaclab.utils.math] The function 'quat_rotate_inverse' will be deprecated in favor of the faster method 'quat_apply_inverse'. Please use 'quat_apply_inverse' instead....
2026-09-08T06:45:55Z [25,786ms] [Warning] [isaaclab.utils.math] The function 'quat_rotate_inverse' will be deprecated in favor of the faster method 'quat_apply_inverse'. Please use 'quat_apply_inverse' instead....
2026-09-08T06:45:55Z [25,792ms] [Warning] [isaaclab.utils.math] The function 'quat_rotate_inverse' will be deprecated in favor of the faster method 'quat_apply_inverse'. Please use 'quat_apply_inverse' instead....
2026-09-08T06:45:55Z [25,800ms] [Warning] [isaaclab.utils.math] The function 'quat_rotate_inverse' will be deprecated in favor of the faster method 'quat_apply_inverse'. Please use 'quat_apply_inverse' instead....
2026-09-08T06:45:55Z [25,801ms] [Warning] [isaaclab.utils.math] The function 'quat_rotate_inverse' will be deprecated in favor of the faster method 'quat_apply_inverse'. Please use 'quat_apply_inverse' instead....
2026-09-08T06:45:55Z [25,802ms] [Warning] [isaaclab.sensors.ray_caster.ray_caster] The `attach_yaw_only` property will be deprecated in a future release. Please use `ray_alignment='yaw'` instead.
2026-09-08T06:45:55Z [25,804ms] [Warning] [isaaclab.sensors.ray_caster.ray_caster] The `attach_yaw_only` property will be deprecated in a future release. Please use `ray_alignment='yaw'` instead.
2026-09-08T06:45:55Z [25,806ms] [Warning] [isaaclab.utils.math] The function 'quat_rotate_inverse' will be deprecated in favor of the faster method 'quat_apply_inverse'. Please use 'quat_apply_inverse' instead....
2026-09-08T06:45:55Z [25,809ms] [Warning] [isaaclab.sensors.ray_caster.ray_caster] The `attach_yaw_only` property will be deprecated in a future release. Please use `ray_alignment='yaw'` instead.
2026-09-08T06:45:55Z [25,830ms] [Warning] [isaaclab.utils.math] The function 'quat_rotate_inverse' will be deprecated in favor of the faster method 'quat_apply_inverse'. Please use 'quat_apply_inverse' instead....
2026-09-08T06:45:55Z [25,831ms] [Warning] [isaaclab.utils.math] The function 'quat_rotate_inverse' will be deprecated in favor of the faster method 'quat_apply_inverse'. Please use 'quat_apply_inverse' instead....
2026-09-08T06:45:55Z [25,836ms] [Warning] [isaaclab.utils.math] The function 'quat_rotate_inverse' will be deprecated in favor of the faster method 'quat_apply_inverse'. Please use 'quat_apply_inverse' instead....
2026-09-08T06:45:55Z [25,845ms] [Warning] [isaaclab.utils.math] The function 'quat_rotate_inverse' will be deprecated in favor of the faster method 'quat_apply_inverse'. Please use 'quat_apply_inverse' instead....
2026-09-08T06:45:55Z [25,845ms] [Warning] [isaaclab.utils.math] The function 'quat_rotate_inverse' will be deprecated in favor of the faster method 'quat_apply_inverse'. Please use 'quat_apply_inverse' instead....
2026-09-08T06:45:55Z [25,847ms] [Warning] [isaaclab.sensors.ray_caster.ray_caster] The `attach_yaw_only` property will be deprecated in a future release. Please use `ray_alignment='yaw'` instead.
2026-09-08T06:45:55Z [25,849ms] [Warning] [isaaclab.sensors.ray_caster.ray_caster] The `attach_yaw_only` property will be deprecated in a future release. Please use `ray_alignment='yaw'` instead.
2026-09-08T06:45:55Z [25,851ms] [Warning] [isaaclab.utils.math] The function 'quat_rotate_inverse' will be deprecated in favor of the faster method 'quat_apply_inverse'. Please use 'quat_apply_inverse' instead....
2026-09-08T06:45:55Z [25,855ms] [Warning] [isaaclab.sensors.ray_caster.ray_caster] The `attach_yaw_only` property will be deprecated in a future release. Please use `ray_alignment='yaw'` instead.
2026-09-08T06:45:55Z [26,167ms] [Warning] [isaaclab.utils.math] The function 'quat_rotate_inverse' will be deprecated in favor of the faster method 'quat_apply_inverse'. Please use 'quat_apply_inverse' instead....
2026-09-08T06:45:55Z [26,179ms] [Warning] [isaaclab.sensors.ray_caster.ray_caster] The `attach_yaw_only` property will be deprecated in a future release. Please use `ray_alignment='yaw'` instead.
2026-09-08T06:45:55Z [26,181ms] [Warning] [isaaclab.sensors.ray_caster.ray_caster] The `attach_yaw_only` property will be deprecated in a future release. Please use `ray_alignment='yaw'` instead.
2026-09-08T06:45:55Z [26,183ms] [Warning] [isaaclab.sensors.ray_caster.ray_caster] The `attach_yaw_only` property will be deprecated in a future release. Please use `ray_alignment='yaw'` instead.
2026-09-08T06:45:55Z [26,224ms] [Warning] [isaaclab.utils.math] The function 'quat_rotate_inverse' will be deprecated in favor of the faster method 'quat_apply_inverse'. Please use 'quat_apply_inverse' instead....
2026-09-08T06:45:55Z [26,236ms] [Warning] [isaaclab.sensors.ray_caster.ray_caster] The `attach_yaw_only` property will be deprecated in a future release. Please use `ray_alignment='yaw'` instead.
2026-09-08T06:45:55Z [26,240ms] [Warning] [isaaclab.sensors.ray_caster.ray_caster] The `attach_yaw_only` property will be deprecated in a future release. Please use `ray_alignment='yaw'` instead.
2026-09-08T06:45:55Z [26,242ms] [Warning] [isaaclab.sensors.ray_caster.ray_caster] The `attach_yaw_only` property will be deprecated in a future release. Please use `ray_alignment='yaw'` instead.
2026-09-08T06:45:55Z [26,242ms] [Warning] [isaaclab.utils.math] The function 'quat_rotate_inverse' will be deprecated in favor of the faster method 'quat_apply_inverse'. Please use 'quat_apply_inverse' instead....
2026-09-08T06:45:55Z [26,244ms] [Warning] [isaaclab.utils.math] The function 'quat_rotate_inverse' will be deprecated in favor of the faster method 'quat_apply_inverse'. Please use 'quat_apply_inverse' instead....
2026-09-08T06:45:55Z [26,250ms] [Warning] [isaaclab.utils.math] The function 'quat_rotate_inverse' will be deprecated in favor of the faster method 'quat_apply_inverse'. Please use 'quat_apply_inverse' instead....
2026-09-08T06:45:55Z [26,258ms] [Warning] [isaaclab.utils.math] The function 'quat_rotate_inverse' will be deprecated in favor of the faster method 'quat_apply_inverse'. Please use 'quat_apply_inverse' instead....
2026-09-08T06:45:55Z [26,259ms] [Warning] [isaaclab.utils.math] The function 'quat_rotate_inverse' will be deprecated in favor of the faster method 'quat_apply_inverse'. Please use 'quat_apply_inverse' instead....
2026-09-08T06:45:55Z [26,266ms] [Warning] [isaaclab.sensors.ray_caster.ray_caster] The `attach_yaw_only` property will be deprecated in a future release. Please use `ray_alignment='yaw'` instead.
2026-09-08T06:45:55Z [26,271ms] [Warning] [isaaclab.sensors.ray_caster.ray_caster] The `attach_yaw_only` property will be deprecated in a future release. Please use `ray_alignment='yaw'` instead.
2026-09-08T06:45:55Z [26,273ms] [Warning] [isaaclab.utils.math] The function 'quat_rotate_inverse' will be deprecated in favor of the faster method 'quat_apply_inverse'. Please use 'quat_apply_inverse' instead....
2026-09-08T06:45:55Z [26,275ms] [Warning] [isaaclab.sensors.ray_caster.ray_caster] The `attach_yaw_only` property will be deprecated in a future release. Please use `ray_alignment='yaw'` instead.
2026-09-08T06:45:55Z [26,331ms] [Warning] [isaaclab.utils.math] The function 'quat_rotate_inverse' will be deprecated in favor of the faster method 'quat_apply_inverse'. Please use 'quat_apply_inverse' instead....
2026-09-08T06:45:55Z [26,332ms] [Warning] [isaaclab.utils.math] The function 'quat_rotate_inverse' will be deprecated in favor of the faster method 'quat_apply_inverse'. Please use 'quat_apply_inverse' instead....
2026-09-08T06:45:55Z [26,346ms] [Warning] [isaaclab.utils.math] The function 'quat_rotate_inverse' will be deprecated in favor of the faster method 'quat_apply_inverse'. Please use 'quat_apply_inverse' instead....
2026-09-08T06:45:55Z [26,354ms] [Warning] [isaaclab.utils.math] The function 'quat_rotate_inverse' will be deprecated in favor of the faster method 'quat_apply_inverse'. Please use 'quat_apply_inverse' instead....
2026-09-08T06:45:55Z [26,354ms] [Warning] [isaaclab.utils.math] The function 'quat_rotate_inverse' will be deprecated in favor of the faster method 'quat_apply_inverse'. Please use 'quat_apply_inverse' instead....
2026-09-08T06:45:55Z [26,356ms] [Warning] [isaaclab.sensors.ray_caster.ray_caster] The `attach_yaw_only` property will be deprecated in a future release. Please use `ray_alignment='yaw'` instead.
2026-09-08T06:45:55Z [26,358ms] [Warning] [isaaclab.sensors.ray_caster.ray_caster] The `attach_yaw_only` property will be deprecated in a future release. Please use `ray_alignment='yaw'` instead.
2026-09-08T06:45:55Z [26,359ms] [Warning] [isaaclab.utils.math] The function 'quat_rotate_inverse' will be deprecated in favor of the faster method 'quat_apply_inverse'. Please use 'quat_apply_inverse' instead....
2026-09-08T06:45:55Z [26,364ms] [Warning] [isaaclab.sensors.ray_caster.ray_caster] The `attach_yaw_only` property will be deprecated in a future release. Please use `ray_alignment='yaw'` instead.
2026-09-08T06:45:55Z [26,366ms] [Warning] [isaaclab.utils.math] The function 'quat_rotate_inverse' will be deprecated in favor of the faster method 'quat_apply_inverse'. Please use 'quat_apply_inverse' instead....
2026-09-08T06:45:55Z [26,367ms] [Warning] [isaaclab.utils.math] The function 'quat_rotate_inverse' will be deprecated in favor of the faster method 'quat_apply_inverse'. Please use 'quat_apply_inverse' instead....
2026-09-08T06:45:55Z [26,373ms] [Warning] [isaaclab.utils.math] The function 'quat_rotate_inverse' will be deprecated in favor of the faster method 'quat_apply_inverse'. Please use 'quat_apply_inverse' instead....
2026-09-08T06:45:55Z [26,381ms] [Warning] [isaaclab.utils.math] The function 'quat_rotate_inverse' will be deprecated in favor of the faster method 'quat_apply_inverse'. Please use 'quat_apply_inverse' instead....
2026-09-08T06:45:55Z [26,382ms] [Warning] [isaaclab.utils.math] The function 'quat_rotate_inverse' will be deprecated in favor of the faster method 'quat_apply_inverse'. Please use 'quat_apply_inverse' instead....
2026-09-08T06:45:55Z [26,383ms] [Warning] [isaaclab.sensors.ray_caster.ray_caster] The `attach_yaw_only` property will be deprecated in a future release. Please use `ray_alignment='yaw'` instead.
2026-09-08T06:45:55Z [26,385ms] [Warning] [isaaclab.sensors.ray_caster.ray_caster] The `attach_yaw_only` property will be deprecated in a future release. Please use `ray_alignment='yaw'` instead.
2026-09-08T06:45:55Z [26,386ms] [Warning] [isaaclab.utils.math] The function 'quat_rotate_inverse' will be deprecated in favor of the faster method 'quat_apply_inverse'. Please use 'quat_apply_inverse' instead....
2026-09-08T06:45:55Z [26,389ms] [Warning] [isaaclab.sensors.ray_caster.ray_caster] The `attach_yaw_only` property will be deprecated in a future release. Please use `ray_alignment='yaw'` instead.
2026-09-08T06:45:55Z [26,418ms] [Warning] [isaaclab.utils.math] The function 'quat_rotate_inverse' will be deprecated in favor of the faster method 'quat_apply_inverse'. Please use 'quat_apply_inverse' instead....
2026-09-08T06:45:55Z [26,419ms] [Warning] [isaaclab.utils.math] The function 'quat_rotate_inverse' will be deprecated in favor of the faster method 'quat_apply_inverse'. Please use 'quat_apply_inverse' instead....
2026-09-08T06:45:55Z [26,424ms] [Warning] [isaaclab.utils.math] The function 'quat_rotate_inverse' will be deprecated in favor of the faster method 'quat_apply_inverse'. Please use 'quat_apply_inverse' instead....
2026-09-08T06:45:55Z [26,433ms] [Warning] [isaaclab.utils.math] The function 'quat_rotate_inverse' will be deprecated in favor of the faster method 'quat_apply_inverse'. Please use 'quat_apply_inverse' instead....
2026-09-08T06:45:55Z [26,433ms] [Warning] [isaaclab.utils.math] The function 'quat_rotate_inverse' will be deprecated in favor of the faster method 'quat_apply_inverse'. Please use 'quat_apply_inverse' instead....
2026-09-08T06:45:55Z [26,434ms] [Warning] [isaaclab.sensors.ray_caster.ray_caster] The `attach_yaw_only` property will be deprecated in a future release. Please use `ray_alignment='yaw'` instead.
2026-09-08T06:45:55Z [26,436ms] [Warning] [isaaclab.sensors.ray_caster.ray_caster] The `attach_yaw_only` property will be deprecated in a future release. Please use `ray_alignment='yaw'` instead.
2026-09-08T06:45:55Z [26,438ms] [Warning] [isaaclab.utils.math] The function 'quat_rotate_inverse' will be deprecated in favor of the faster method 'quat_apply_inverse'. Please use 'quat_apply_inverse' instead....
2026-09-08T06:45:55Z [26,442ms] [Warning] [isaaclab.sensors.ray_caster.ray_caster] The `attach_yaw_only` property will be deprecated in a future release. Please use `ray_alignment='yaw'` instead.
2026-09-08T06:45:55Z [26,446ms] [Warning] [isaaclab.utils.math] The function 'quat_rotate_inverse' will be deprecated in favor of the faster method 'quat_apply_inverse'. Please use 'quat_apply_inverse' instead....
2026-09-08T06:45:55Z [26,447ms] [Warning] [isaaclab.utils.math] The function 'quat_rotate_inverse' will be deprecated in favor of the faster method 'quat_apply_inverse'. Please use 'quat_apply_inverse' instead....
2026-09-08T06:45:55Z [26,452ms] [Warning] [isaaclab.utils.math] The function 'quat_rotate_inverse' will be deprecated in favor of the faster method 'quat_apply_inverse'. Please use 'quat_apply_inverse' instead....
2026-09-08T06:45:55Z [26,464ms] [Warning] [isaaclab.utils.math] The function 'quat_rotate_inverse' will be deprecated in favor of the faster method 'quat_apply_inverse'. Please use 'quat_apply_inverse' instead....
2026-09-08T06:45:55Z [26,464ms] [Warning] [isaaclab.utils.math] The function 'quat_rotate_inverse' will be deprecated in favor of the faster method 'quat_apply_inverse'. Please use 'quat_apply_inverse' instead....
2026-09-08T06:45:55Z [26,475ms] [Warning] [isaaclab.sensors.ray_caster.ray_caster] The `attach_yaw_only` property will be deprecated in a future release. Please use `ray_alignment='yaw'` instead.
2026-09-08T06:45:55Z [26,477ms] [Warning] [isaaclab.sensors.ray_caster.ray_caster] The `attach_yaw_only` property will be deprecated in a future release. Please use `ray_alignment='yaw'` instead.
2026-09-08T06:45:55Z [26,478ms] [Warning] [isaaclab.utils.math] The function 'quat_rotate_inverse' will be deprecated in favor of the faster method 'quat_apply_inverse'. Please use 'quat_apply_inverse' instead....
2026-09-08T06:45:55Z [26,483ms] [Warning] [isaaclab.sensors.ray_caster.ray_caster] The `attach_yaw_only` property will be deprecated in a future release. Please use `ray_alignment='yaw'` instead.
2026-09-08T06:45:56Z [26,524ms] [Warning] [isaaclab.utils.math] The function 'quat_rotate_inverse' will be deprecated in favor of the faster method 'quat_apply_inverse'. Please use 'quat_apply_inverse' instead....
2026-09-08T06:45:56Z [26,525ms] [Warning] [isaaclab.utils.math] The function 'quat_rotate_inverse' will be deprecated in favor of the faster method 'quat_apply_inverse'. Please use 'quat_apply_inverse' instead....
2026-09-08T06:45:56Z [26,530ms] [Warning] [isaaclab.utils.math] The function 'quat_rotate_inverse' will be deprecated in favor of the faster method 'quat_apply_inverse'. Please use 'quat_apply_inverse' instead....
2026-09-08T06:45:56Z [26,547ms] [Warning] [isaaclab.utils.math] The function 'quat_rotate_inverse' will be deprecated in favor of the faster method 'quat_apply_inverse'. Please use 'quat_apply_inverse' instead....
2026-09-08T06:45:56Z [26,547ms] [Warning] [isaaclab.utils.math] The function 'quat_rotate_inverse' will be deprecated in favor of the faster method 'quat_apply_inverse'. Please use 'quat_apply_inverse' instead....
2026-09-08T06:45:56Z [26,550ms] [Warning] [isaaclab.sensors.ray_caster.ray_caster] The `attach_yaw_only` property will be deprecated in a future release. Please use `ray_alignment='yaw'` instead.
2026-09-08T06:45:56Z [26,559ms] [Warning] [isaaclab.sensors.ray_caster.ray_caster] The `attach_yaw_only` property will be deprecated in a future release. Please use `ray_alignment='yaw'` instead.
2026-09-08T06:45:56Z [26,564ms] [Warning] [isaaclab.utils.math] The function 'quat_rotate_inverse' will be deprecated in favor of the faster method 'quat_apply_inverse'. Please use 'quat_apply_inverse' instead....
2026-09-08T06:45:56Z [26,568ms] [Warning] [isaaclab.sensors.ray_caster.ray_caster] The `attach_yaw_only` property will be deprecated in a future release. Please use `ray_alignment='yaw'` instead.
2026-09-08T06:45:56Z [26,573ms] [Warning] [isaaclab.utils.math] The function 'quat_rotate_inverse' will be deprecated in favor of the faster method 'quat_apply_inverse'. Please use 'quat_apply_inverse' instead....
2026-09-08T06:45:56Z [26,574ms] [Warning] [isaaclab.utils.math] The function 'quat_rotate_inverse' will be deprecated in favor of the faster method 'quat_apply_inverse'. Please use 'quat_apply_inverse' instead....
2026-09-08T06:45:56Z [26,580ms] [Warning] [isaaclab.utils.math] The function 'quat_rotate_inverse' will be deprecated in favor of the faster method 'quat_apply_inverse'. Please use 'quat_apply_inverse' instead....
2026-09-08T06:45:56Z [26,587ms] [Warning] [isaaclab.utils.math] The function 'quat_rotate_inverse' will be deprecated in favor of the faster method 'quat_apply_inverse'. Please use 'quat_apply_inverse' instead....
2026-09-08T06:45:56Z [26,587ms] [Warning] [isaaclab.utils.math] The function 'quat_rotate_inverse' will be deprecated in favor of the faster method 'quat_apply_inverse'. Please use 'quat_apply_inverse' instead....
2026-09-08T06:45:56Z [26,588ms] [Warning] [isaaclab.sensors.ray_caster.ray_caster] The `attach_yaw_only` property will be deprecated in a future release. Please use `ray_alignment='yaw'` instead.
2026-09-08T06:45:56Z [26,590ms] [Warning] [isaaclab.sensors.ray_caster.ray_caster] The `attach_yaw_only` property will be deprecated in a future release. Please use `ray_alignment='yaw'` instead.
2026-09-08T06:45:56Z [26,591ms] [Warning] [isaaclab.utils.math] The function 'quat_rotate_inverse' will be deprecated in favor of the faster method 'quat_apply_inverse'. Please use 'quat_apply_inverse' instead....
2026-09-08T06:45:56Z [26,595ms] [Warning] [isaaclab.sensors.ray_caster.ray_caster] The `attach_yaw_only` property will be deprecated in a future release. Please use `ray_alignment='yaw'` instead.
2026-09-08T06:45:56Z [26,621ms] [Warning] [isaaclab.utils.math] The function 'quat_rotate_inverse' will be deprecated in favor of the faster method 'quat_apply_inverse'. Please use 'quat_apply_inverse' instead....
2026-09-08T06:45:56Z [26,621ms] [Warning] [isaaclab.utils.math] The function 'quat_rotate_inverse' will be deprecated in favor of the faster method 'quat_apply_inverse'. Please use 'quat_apply_inverse' instead....
2026-09-08T06:45:56Z [26,626ms] [Warning] [isaaclab.utils.math] The function 'quat_rotate_inverse' will be deprecated in favor of the faster method 'quat_apply_inverse'. Please use 'quat_apply_inverse' instead....
2026-09-08T06:45:56Z [26,635ms] [Warning] [isaaclab.utils.math] The function 'quat_rotate_inverse' will be deprecated in favor of the faster method 'quat_apply_inverse'. Please use 'quat_apply_inverse' instead....
2026-09-08T06:45:56Z [26,636ms] [Warning] [isaaclab.utils.math] The function 'quat_rotate_inverse' will be deprecated in favor of the faster method 'quat_apply_inverse'. Please use 'quat_apply_inverse' instead....
2026-09-08T06:45:56Z [26,637ms] [Warning] [isaaclab.sensors.ray_caster.ray_caster] The `attach_yaw_only` property will be deprecated in a future release. Please use `ray_alignment='yaw'` instead.
2026-09-08T06:45:56Z [26,639ms] [Warning] [isaaclab.sensors.ray_caster.ray_caster] The `attach_yaw_only` property will be deprecated in a future release. Please use `ray_alignment='yaw'` instead.
2026-09-08T06:45:56Z [26,640ms] [Warning] [isaaclab.utils.math] The function 'quat_rotate_inverse' will be deprecated in favor of the faster method 'quat_apply_inverse'. Please use 'quat_apply_inverse' instead....
2026-09-08T06:45:56Z [26,644ms] [Warning] [isaaclab.sensors.ray_caster.ray_caster] The `attach_yaw_only` property will be deprecated in a future release. Please use `ray_alignment='yaw'` instead.
2026-09-08T06:45:56Z [26,652ms] [Warning] [isaaclab.utils.math] The function 'quat_rotate_inverse' will be deprecated in favor of the faster method 'quat_apply_inverse'. Please use 'quat_apply_inverse' instead....
2026-09-08T06:45:56Z [26,653ms] [Warning] [isaaclab.utils.math] The function 'quat_rotate_inverse' will be deprecated in favor of the faster method 'quat_apply_inverse'. Please use 'quat_apply_inverse' instead....
2026-09-08T06:45:56Z [26,660ms] [Warning] [isaaclab.utils.math] The function 'quat_rotate_inverse' will be deprecated in favor of the faster method 'quat_apply_inverse'. Please use 'quat_apply_inverse' instead....
2026-09-08T06:45:56Z [26,680ms] [Warning] [isaaclab.utils.math] The function 'quat_rotate_inverse' will be deprecated in favor of the faster method 'quat_apply_inverse'. Please use 'quat_apply_inverse' instead....
2026-09-08T06:45:56Z [26,680ms] [Warning] [isaaclab.utils.math] The function 'quat_rotate_inverse' will be deprecated in favor of the faster method 'quat_apply_inverse'. Please use 'quat_apply_inverse' instead....
2026-09-08T06:45:56Z [26,681ms] [Warning] [isaaclab.sensors.ray_caster.ray_caster] The `attach_yaw_only` property will be deprecated in a future release. Please use `ray_alignment='yaw'` instead.
2026-09-08T06:45:56Z [26,693ms] [Warning] [isaaclab.sensors.ray_caster.ray_caster] The `attach_yaw_only` property will be deprecated in a future release. Please use `ray_alignment='yaw'` instead.
2026-09-08T06:45:56Z [26,695ms] [Warning] [isaaclab.utils.math] The function 'quat_rotate_inverse' will be deprecated in favor of the faster method 'quat_apply_inverse'. Please use 'quat_apply_inverse' instead....
2026-09-08T06:45:56Z [26,698ms] [Warning] [isaaclab.sensors.ray_caster.ray_caster] The `attach_yaw_only` property will be deprecated in a future release. Please use `ray_alignment='yaw'` instead.
2026-09-08T06:45:56Z [26,715ms] [Warning] [isaaclab.utils.math] The function 'quat_rotate_inverse' will be deprecated in favor of the faster method 'quat_apply_inverse'. Please use 'quat_apply_inverse' instead....
2026-09-08T06:45:56Z [26,717ms] [Warning] [isaaclab.utils.math] The function 'quat_rotate_inverse' will be deprecated in favor of the faster method 'quat_apply_inverse'. Please use 'quat_apply_inverse' instead....
2026-09-08T06:45:56Z [26,731ms] [Warning] [isaaclab.utils.math] The function 'quat_rotate_inverse' will be deprecated in favor of the faster method 'quat_apply_inverse'. Please use 'quat_apply_inverse' instead....
2026-09-08T06:45:56Z [26,737ms] [Warning] [isaaclab.utils.math] The function 'quat_rotate_inverse' will be deprecated in favor of the faster method 'quat_apply_inverse'. Please use 'quat_apply_inverse' instead....
2026-09-08T06:45:56Z [26,738ms] [Warning] [isaaclab.utils.math] The function 'quat_rotate_inverse' will be deprecated in favor of the faster method 'quat_apply_inverse'. Please use 'quat_apply_inverse' instead....
2026-09-08T06:45:56Z [26,739ms] [Warning] [isaaclab.sensors.ray_caster.ray_caster] The `attach_yaw_only` property will be deprecated in a future release. Please use `ray_alignment='yaw'` instead.
2026-09-08T06:45:56Z [26,740ms] [Warning] [isaaclab.sensors.ray_caster.ray_caster] The `attach_yaw_only` property will be deprecated in a future release. Please use `ray_alignment='yaw'` instead.
2026-09-08T06:45:56Z [26,742ms] [Warning] [isaaclab.utils.math] The function 'quat_rotate_inverse' will be deprecated in favor of the faster method 'quat_apply_inverse'. Please use 'quat_apply_inverse' instead....
2026-09-08T06:45:56Z [26,756ms] [Warning] [isaaclab.sensors.ray_caster.ray_caster] The `attach_yaw_only` property will be deprecated in a future release. Please use `ray_alignment='yaw'` instead.
2026-09-08T06:45:56Z [26,781ms] [Warning] [isaaclab.utils.math] The function 'quat_rotate_inverse' will be deprecated in favor of the faster method 'quat_apply_inverse'. Please use 'quat_apply_inverse' instead....
2026-09-08T06:45:56Z [26,781ms] [Warning] [isaaclab.utils.math] The function 'quat_rotate_inverse' will be deprecated in favor of the faster method 'quat_apply_inverse'. Please use 'quat_apply_inverse' instead....
2026-09-08T06:45:56Z [26,787ms] [Warning] [isaaclab.utils.math] The function 'quat_rotate_inverse' will be deprecated in favor of the faster method 'quat_apply_inverse'. Please use 'quat_apply_inverse' instead....
2026-09-08T06:45:56Z [26,795ms] [Warning] [isaaclab.utils.math] The function 'quat_rotate_inverse' will be deprecated in favor of the faster method 'quat_apply_inverse'. Please use 'quat_apply_inverse' instead....
2026-09-08T06:45:56Z [26,796ms] [Warning] [isaaclab.utils.math] The function 'quat_rotate_inverse' will be deprecated in favor of the faster method 'quat_apply_inverse'. Please use 'quat_apply_inverse' instead....
2026-09-08T06:45:56Z [26,797ms] [Warning] [isaaclab.sensors.ray_caster.ray_caster] The `attach_yaw_only` property will be deprecated in a future release. Please use `ray_alignment='yaw'` instead.
2026-09-08T06:45:56Z [26,799ms] [Warning] [isaaclab.sensors.ray_caster.ray_caster] The `attach_yaw_only` property will be deprecated in a future release. Please use `ray_alignment='yaw'` instead.
2026-09-08T06:45:56Z [26,800ms] [Warning] [isaaclab.utils.math] The function 'quat_rotate_inverse' will be deprecated in favor of the faster method 'quat_apply_inverse'. Please use 'quat_apply_inverse' instead....
2026-09-08T06:45:56Z [26,804ms] [Warning] [isaaclab.sensors.ray_caster.ray_caster] The `attach_yaw_only` property will be deprecated in a future release. Please use `ray_alignment='yaw'` instead.
2026-09-08T06:45:56Z [26,824ms] [Warning] [isaaclab.utils.math] The function 'quat_rotate_inverse' will be deprecated in favor of the faster method 'quat_apply_inverse'. Please use 'quat_apply_inverse' instead....
2026-09-08T06:45:56Z [26,824ms] [Warning] [isaaclab.utils.math] The function 'quat_rotate_inverse' will be deprecated in favor of the faster method 'quat_apply_inverse'. Please use 'quat_apply_inverse' instead....
2026-09-08T06:45:56Z [26,830ms] [Warning] [isaaclab.utils.math] The function 'quat_rotate_inverse' will be deprecated in favor of the faster method 'quat_apply_inverse'. Please use 'quat_apply_inverse' instead....
2026-09-08T06:45:56Z [26,838ms] [Warning] [isaaclab.utils.math] The function 'quat_rotate_inverse' will be deprecated in favor of the faster method 'quat_apply_inverse'. Please use 'quat_apply_inverse' instead....
2026-09-08T06:45:56Z [26,839ms] [Warning] [isaaclab.utils.math] The function 'quat_rotate_inverse' will be deprecated in favor of the faster method 'quat_apply_inverse'. Please use 'quat_apply_inverse' instead....
2026-09-08T06:45:56Z [26,841ms] [Warning] [isaaclab.sensors.ray_caster.ray_caster] The `attach_yaw_only` property will be deprecated in a future release. Please use `ray_alignment='yaw'` instead.
2026-09-08T06:45:56Z [26,843ms] [Warning] [isaaclab.sensors.ray_caster.ray_caster] The `attach_yaw_only` property will be deprecated in a future release. Please use `ray_alignment='yaw'` instead.
2026-09-08T06:45:56Z [26,844ms] [Warning] [isaaclab.utils.math] The function 'quat_rotate_inverse' will be deprecated in favor of the faster method 'quat_apply_inverse'. Please use 'quat_apply_inverse' instead....
2026-09-08T06:45:56Z [26,848ms] [Warning] [isaaclab.sensors.ray_caster.ray_caster] The `attach_yaw_only` property will be deprecated in a future release. Please use `ray_alignment='yaw'` instead.
2026-09-08T06:45:56Z [26,862ms] [Warning] [isaaclab.utils.math] The function 'quat_rotate_inverse' will be deprecated in favor of the faster method 'quat_apply_inverse'. Please use 'quat_apply_inverse' instead....
2026-09-08T06:45:56Z [26,862ms] [Warning] [isaaclab.utils.math] The function 'quat_rotate_inverse' will be deprecated in favor of the faster method 'quat_apply_inverse'. Please use 'quat_apply_inverse' instead....
2026-09-08T06:45:56Z [26,868ms] [Warning] [isaaclab.utils.math] The function 'quat_rotate_inverse' will be deprecated in favor of the faster method 'quat_apply_inverse'. Please use 'quat_apply_inverse' instead....
2026-09-08T06:45:56Z [26,876ms] [Warning] [isaaclab.utils.math] The function 'quat_rotate_inverse' will be deprecated in favor of the faster method 'quat_apply_inverse'. Please use 'quat_apply_inverse' instead....
2026-09-08T06:45:56Z [26,876ms] [Warning] [isaaclab.utils.math] The function 'quat_rotate_inverse' will be deprecated in favor of the faster method 'quat_apply_inverse'. Please use 'quat_apply_inverse' instead....
2026-09-08T06:45:56Z [26,878ms] [Warning] [isaaclab.sensors.ray_caster.ray_caster] The `attach_yaw_only` property will be deprecated in a future release. Please use `ray_alignment='yaw'` instead.
2026-09-08T06:45:56Z [26,880ms] [Warning] [isaaclab.sensors.ray_caster.ray_caster] The `attach_yaw_only` property will be deprecated in a future release. Please use `ray_alignment='yaw'` instead.
2026-09-08T06:45:56Z [26,881ms] [Warning] [isaaclab.utils.math] The function 'quat_rotate_inverse' will be deprecated in favor of the faster method 'quat_apply_inverse'. Please use 'quat_apply_inverse' instead....
2026-09-08T06:45:56Z [26,895ms] [Warning] [isaaclab.sensors.ray_caster.ray_caster] The `attach_yaw_only` property will be deprecated in a future release. Please use `ray_alignment='yaw'` instead.
2026-09-08T06:45:56Z [26,907ms] [Warning] [isaaclab.utils.math] The function 'quat_rotate_inverse' will be deprecated in favor of the faster method 'quat_apply_inverse'. Please use 'quat_apply_inverse' instead....
2026-09-08T06:45:56Z [26,907ms] [Warning] [isaaclab.utils.math] The function 'quat_rotate_inverse' will be deprecated in favor of the faster method 'quat_apply_inverse'. Please use 'quat_apply_inverse' instead....
2026-09-08T06:45:56Z [26,919ms] [Warning] [isaaclab.utils.math] The function 'quat_rotate_inverse' will be deprecated in favor of the faster method 'quat_apply_inverse'. Please use 'quat_apply_inverse' instead....
2026-09-08T06:45:56Z [26,928ms] [Warning] [isaaclab.utils.math] The function 'quat_rotate_inverse' will be deprecated in favor of the faster method 'quat_apply_inverse'. Please use 'quat_apply_inverse' instead....
2026-09-08T06:45:56Z [26,928ms] [Warning] [isaaclab.utils.math] The function 'quat_rotate_inverse' will be deprecated in favor of the faster method 'quat_apply_inverse'. Please use 'quat_apply_inverse' instead....
2026-09-08T06:45:56Z [26,930ms] [Warning] [isaaclab.sensors.ray_caster.ray_caster] The `attach_yaw_only` property will be deprecated in a future release. Please use `ray_alignment='yaw'` instead.
2026-09-08T06:45:56Z [26,934ms] [Warning] [isaaclab.sensors.ray_caster.ray_caster] The `attach_yaw_only` property will be deprecated in a future release. Please use `ray_alignment='yaw'` instead.
2026-09-08T06:45:56Z [26,941ms] [Warning] [isaaclab.utils.math] The function 'quat_rotate_inverse' will be deprecated in favor of the faster method 'quat_apply_inverse'. Please use 'quat_apply_inverse' instead....
2026-09-08T06:45:56Z [26,946ms] [Warning] [isaaclab.sensors.ray_caster.ray_caster] The `attach_yaw_only` property will be deprecated in a future release. Please use `ray_alignment='yaw'` instead.
2026-09-08T06:45:56Z [26,987ms] [Warning] [isaaclab.utils.math] The function 'quat_rotate_inverse' will be deprecated in favor of the faster method 'quat_apply_inverse'. Please use 'quat_apply_inverse' instead....
2026-09-08T06:45:56Z [26,988ms] [Warning] [isaaclab.utils.math] The function 'quat_rotate_inverse' will be deprecated in favor of the faster method 'quat_apply_inverse'. Please use 'quat_apply_inverse' instead....
2026-09-08T06:45:56Z [26,993ms] [Warning] [isaaclab.utils.math] The function 'quat_rotate_inverse' will be deprecated in favor of the faster method 'quat_apply_inverse'. Please use 'quat_apply_inverse' instead....
2026-09-08T06:45:56Z [27,001ms] [Warning] [isaaclab.utils.math] The function 'quat_rotate_inverse' will be deprecated in favor of the faster method 'quat_apply_inverse'. Please use 'quat_apply_inverse' instead....
2026-09-08T06:45:56Z [27,002ms] [Warning] [isaaclab.utils.math] The function 'quat_rotate_inverse' will be deprecated in favor of the faster method 'quat_apply_inverse'. Please use 'quat_apply_inverse' instead....
2026-09-08T06:45:56Z [27,003ms] [Warning] [isaaclab.sensors.ray_caster.ray_caster] The `attach_yaw_only` property will be deprecated in a future release. Please use `ray_alignment='yaw'` instead.
2026-09-08T06:45:56Z [27,004ms] [Warning] [isaaclab.sensors.ray_caster.ray_caster] The `attach_yaw_only` property will be deprecated in a future release. Please use `ray_alignment='yaw'` instead.
2026-09-08T06:45:56Z [27,006ms] [Warning] [isaaclab.utils.math] The function 'quat_rotate_inverse' will be deprecated in favor of the faster method 'quat_apply_inverse'. Please use 'quat_apply_inverse' instead....
2026-09-08T06:45:56Z [27,009ms] [Warning] [isaaclab.sensors.ray_caster.ray_caster] The `attach_yaw_only` property will be deprecated in a future release. Please use `ray_alignment='yaw'` instead.
2026-09-08T06:45:56Z [27,026ms] [Warning] [isaaclab.utils.math] The function 'quat_rotate_inverse' will be deprecated in favor of the faster method 'quat_apply_inverse'. Please use 'quat_apply_inverse' instead....
2026-09-08T06:45:56Z [27,027ms] [Warning] [isaaclab.utils.math] The function 'quat_rotate_inverse' will be deprecated in favor of the faster method 'quat_apply_inverse'. Please use 'quat_apply_inverse' instead....
2026-09-08T06:45:56Z [27,032ms] [Warning] [isaaclab.utils.math] The function 'quat_rotate_inverse' will be deprecated in favor of the faster method 'quat_apply_inverse'. Please use 'quat_apply_inverse' instead....
2026-09-08T06:45:56Z [27,040ms] [Warning] [isaaclab.utils.math] The function 'quat_rotate_inverse' will be deprecated in favor of the faster method 'quat_apply_inverse'. Please use 'quat_apply_inverse' instead....
2026-09-08T06:45:56Z [27,040ms] [Warning] [isaaclab.utils.math] The function 'quat_rotate_inverse' will be deprecated in favor of the faster method 'quat_apply_inverse'. Please use 'quat_apply_inverse' instead....
2026-09-08T06:45:56Z [27,042ms] [Warning] [isaaclab.sensors.ray_caster.ray_caster] The `attach_yaw_only` property will be deprecated in a future release. Please use `ray_alignment='yaw'` instead.
2026-09-08T06:45:56Z [27,044ms] [Warning] [isaaclab.sensors.ray_caster.ray_caster] The `attach_yaw_only` property will be deprecated in a future release. Please use `ray_alignment='yaw'` instead.
2026-09-08T06:45:56Z [27,046ms] [Warning] [isaaclab.utils.math] The function 'quat_rotate_inverse' will be deprecated in favor of the faster method 'quat_apply_inverse'. Please use 'quat_apply_inverse' instead....
2026-09-08T06:45:56Z [27,050ms] [Warning] [isaaclab.sensors.ray_caster.ray_caster] The `attach_yaw_only` property will be deprecated in a future release. Please use `ray_alignment='yaw'` instead.
2026-09-08T06:45:56Z [27,066ms] [Warning] [isaaclab.utils.math] The function 'quat_rotate_inverse' will be deprecated in favor of the faster method 'quat_apply_inverse'. Please use 'quat_apply_inverse' instead....
2026-09-08T06:45:56Z [27,067ms] [Warning] [isaaclab.utils.math] The function 'quat_rotate_inverse' will be deprecated in favor of the faster method 'quat_apply_inverse'. Please use 'quat_apply_inverse' instead....
2026-09-08T06:45:56Z [27,072ms] [Warning] [isaaclab.utils.math] The function 'quat_rotate_inverse' will be deprecated in favor of the faster method 'quat_apply_inverse'. Please use 'quat_apply_inverse' instead....
2026-09-08T06:45:56Z [27,081ms] [Warning] [isaaclab.utils.math] The function 'quat_rotate_inverse' will be deprecated in favor of the faster method 'quat_apply_inverse'. Please use 'quat_apply_inverse' instead....
2026-09-08T06:45:56Z [27,082ms] [Warning] [isaaclab.utils.math] The function 'quat_rotate_inverse' will be deprecated in favor of the faster method 'quat_apply_inverse'. Please use 'quat_apply_inverse' instead....
2026-09-08T06:45:56Z [27,083ms] [Warning] [isaaclab.sensors.ray_caster.ray_caster] The `attach_yaw_only` property will be deprecated in a future release. Please use `ray_alignment='yaw'` instead.
2026-09-08T06:45:56Z [27,086ms] [Warning] [isaaclab.sensors.ray_caster.ray_caster] The `attach_yaw_only` property will be deprecated in a future release. Please use `ray_alignment='yaw'` instead.
2026-09-08T06:45:56Z [27,088ms] [Warning] [isaaclab.utils.math] The function 'quat_rotate_inverse' will be deprecated in favor of the faster method 'quat_apply_inverse'. Please use 'quat_apply_inverse' instead....
2026-09-08T06:45:56Z [27,091ms] [Warning] [isaaclab.sensors.ray_caster.ray_caster] The `attach_yaw_only` property will be deprecated in a future release. Please use `ray_alignment='yaw'` instead.
2026-09-08T06:45:56Z [27,109ms] [Warning] [isaaclab.utils.math] The function 'quat_rotate_inverse' will be deprecated in favor of the faster method 'quat_apply_inverse'. Please use 'quat_apply_inverse' instead....
2026-09-08T06:45:56Z [27,109ms] [Warning] [isaaclab.utils.math] The function 'quat_rotate_inverse' will be deprecated in favor of the faster method 'quat_apply_inverse'. Please use 'quat_apply_inverse' instead....
2026-09-08T06:45:56Z [27,114ms] [Warning] [isaaclab.utils.math] The function 'quat_rotate_inverse' will be deprecated in favor of the faster method 'quat_apply_inverse'. Please use 'quat_apply_inverse' instead....
2026-09-08T06:45:56Z [27,122ms] [Warning] [isaaclab.utils.math] The function 'quat_rotate_inverse' will be deprecated in favor of the faster method 'quat_apply_inverse'. Please use 'quat_apply_inverse' instead....
2026-09-08T06:45:56Z [27,123ms] [Warning] [isaaclab.utils.math] The function 'quat_rotate_inverse' will be deprecated in favor of the faster method 'quat_apply_inverse'. Please use 'quat_apply_inverse' instead....
2026-09-08T06:45:56Z [27,124ms] [Warning] [isaaclab.sensors.ray_caster.ray_caster] The `attach_yaw_only` property will be deprecated in a future release. Please use `ray_alignment='yaw'` instead.
2026-09-08T06:45:56Z [27,134ms] [Warning] [isaaclab.sensors.ray_caster.ray_caster] The `attach_yaw_only` property will be deprecated in a future release. Please use `ray_alignment='yaw'` instead.
2026-09-08T06:45:56Z [27,136ms] [Warning] [isaaclab.utils.math] The function 'quat_rotate_inverse' will be deprecated in favor of the faster method 'quat_apply_inverse'. Please use 'quat_apply_inverse' instead....
2026-09-08T06:45:56Z [27,139ms] [Warning] [isaaclab.sensors.ray_caster.ray_caster] The `attach_yaw_only` property will be deprecated in a future release. Please use `ray_alignment='yaw'` instead.
2026-09-08T06:45:56Z [27,199ms] [Warning] [isaaclab.utils.math] The function 'quat_rotate_inverse' will be deprecated in favor of the faster method 'quat_apply_inverse'. Please use 'quat_apply_inverse' instead....
2026-09-08T06:45:56Z [27,199ms] [Warning] [isaaclab.utils.math] The function 'quat_rotate_inverse' will be deprecated in favor of the faster method 'quat_apply_inverse'. Please use 'quat_apply_inverse' instead....
2026-09-08T06:45:56Z [27,203ms] [Warning] [isaaclab.utils.math] The function 'quat_rotate_inverse' will be deprecated in favor of the faster method 'quat_apply_inverse'. Please use 'quat_apply_inverse' instead....
2026-09-08T06:45:56Z [27,210ms] [Warning] [isaaclab.utils.math] The function 'quat_rotate_inverse' will be deprecated in favor of the faster method 'quat_apply_inverse'. Please use 'quat_apply_inverse' instead....
2026-09-08T06:45:56Z [27,211ms] [Warning] [isaaclab.utils.math] The function 'quat_rotate_inverse' will be deprecated in favor of the faster method 'quat_apply_inverse'. Please use 'quat_apply_inverse' instead....
2026-09-08T06:45:56Z [27,212ms] [Warning] [isaaclab.sensors.ray_caster.ray_caster] The `attach_yaw_only` property will be deprecated in a future release. Please use `ray_alignment='yaw'` instead.
2026-09-08T06:45:56Z [27,213ms] [Warning] [isaaclab.sensors.ray_caster.ray_caster] The `attach_yaw_only` property will be deprecated in a future release. Please use `ray_alignment='yaw'` instead.
2026-09-08T06:45:56Z [27,215ms] [Warning] [isaaclab.utils.math] The function 'quat_rotate_inverse' will be deprecated in favor of the faster method 'quat_apply_inverse'. Please use 'quat_apply_inverse' instead....
2026-09-08T06:45:56Z [27,218ms] [Warning] [isaaclab.sensors.ray_caster.ray_caster] The `attach_yaw_only` property will be deprecated in a future release. Please use `ray_alignment='yaw'` instead.
2026-09-08T06:45:56Z [27,230ms] [Warning] [isaaclab.utils.math] The function 'quat_rotate_inverse' will be deprecated in favor of the faster method 'quat_apply_inverse'. Please use 'quat_apply_inverse' instead....
2026-09-08T06:45:56Z [27,231ms] [Warning] [isaaclab.utils.math] The function 'quat_rotate_inverse' will be deprecated in favor of the faster method 'quat_apply_inverse'. Please use 'quat_apply_inverse' instead....
2026-09-08T06:45:56Z [27,236ms] [Warning] [isaaclab.utils.math] The function 'quat_rotate_inverse' will be deprecated in favor of the faster method 'quat_apply_inverse'. Please use 'quat_apply_inverse' instead....
2026-09-08T06:45:56Z [27,244ms] [Warning] [isaaclab.utils.math] The function 'quat_rotate_inverse' will be deprecated in favor of the faster method 'quat_apply_inverse'. Please use 'quat_apply_inverse' instead....
2026-09-08T06:45:56Z [27,244ms] [Warning] [isaaclab.utils.math] The function 'quat_rotate_inverse' will be deprecated in favor of the faster method 'quat_apply_inverse'. Please use 'quat_apply_inverse' instead....
2026-09-08T06:45:56Z [27,245ms] [Warning] [isaaclab.sensors.ray_caster.ray_caster] The `attach_yaw_only` property will be deprecated in a future release. Please use `ray_alignment='yaw'` instead.
2026-09-08T06:45:56Z [27,247ms] [Warning] [isaaclab.sensors.ray_caster.ray_caster] The `attach_yaw_only` property will be deprecated in a future release. Please use `ray_alignment='yaw'` instead.
2026-09-08T06:45:56Z [27,249ms] [Warning] [isaaclab.utils.math] The function 'quat_rotate_inverse' will be deprecated in favor of the faster method 'quat_apply_inverse'. Please use 'quat_apply_inverse' instead....
2026-09-08T06:45:56Z [27,253ms] [Warning] [isaaclab.sensors.ray_caster.ray_caster] The `attach_yaw_only` property will be deprecated in a future release. Please use `ray_alignment='yaw'` instead.
2026-09-08T06:45:56Z [27,275ms] [Warning] [isaaclab.utils.math] The function 'quat_rotate_inverse' will be deprecated in favor of the faster method 'quat_apply_inverse'. Please use 'quat_apply_inverse' instead....
2026-09-08T06:45:56Z [27,276ms] [Warning] [isaaclab.utils.math] The function 'quat_rotate_inverse' will be deprecated in favor of the faster method 'quat_apply_inverse'. Please use 'quat_apply_inverse' instead....
2026-09-08T06:45:56Z [27,281ms] [Warning] [isaaclab.utils.math] The function 'quat_rotate_inverse' will be deprecated in favor of the faster method 'quat_apply_inverse'. Please use 'quat_apply_inverse' instead....
2026-09-08T06:45:56Z [27,291ms] [Warning] [isaaclab.utils.math] The function 'quat_rotate_inverse' will be deprecated in favor of the faster method 'quat_apply_inverse'. Please use 'quat_apply_inverse' instead....
2026-09-08T06:45:56Z [27,292ms] [Warning] [isaaclab.utils.math] The function 'quat_rotate_inverse' will be deprecated in favor of the faster method 'quat_apply_inverse'. Please use 'quat_apply_inverse' instead....
2026-09-08T06:45:56Z [27,293ms] [Warning] [isaaclab.sensors.ray_caster.ray_caster] The `attach_yaw_only` property will be deprecated in a future release. Please use `ray_alignment='yaw'` instead.
2026-09-08T06:45:56Z [27,295ms] [Warning] [isaaclab.sensors.ray_caster.ray_caster] The `attach_yaw_only` property will be deprecated in a future release. Please use `ray_alignment='yaw'` instead.
2026-09-08T06:45:56Z [27,296ms] [Warning] [isaaclab.utils.math] The function 'quat_rotate_inverse' will be deprecated in favor of the faster method 'quat_apply_inverse'. Please use 'quat_apply_inverse' instead....
2026-09-08T06:45:56Z [27,300ms] [Warning] [isaaclab.sensors.ray_caster.ray_caster] The `attach_yaw_only` property will be deprecated in a future release. Please use `ray_alignment='yaw'` instead.
2026-09-08T06:45:56Z [27,311ms] [Warning] [isaaclab.utils.math] The function 'quat_rotate_inverse' will be deprecated in favor of the faster method 'quat_apply_inverse'. Please use 'quat_apply_inverse' instead....
2026-09-08T06:45:56Z [27,312ms] [Warning] [isaaclab.utils.math] The function 'quat_rotate_inverse' will be deprecated in favor of the faster method 'quat_apply_inverse'. Please use 'quat_apply_inverse' instead....
2026-09-08T06:45:56Z [27,318ms] [Warning] [isaaclab.utils.math] The function 'quat_rotate_inverse' will be deprecated in favor of the faster method 'quat_apply_inverse'. Please use 'quat_apply_inverse' instead....
2026-09-08T06:45:56Z [27,325ms] [Warning] [isaaclab.utils.math] The function 'quat_rotate_inverse' will be deprecated in favor of the faster method 'quat_apply_inverse'. Please use 'quat_apply_inverse' instead....
2026-09-08T06:45:56Z [27,325ms] [Warning] [isaaclab.utils.math] The function 'quat_rotate_inverse' will be deprecated in favor of the faster method 'quat_apply_inverse'. Please use 'quat_apply_inverse' instead....
2026-09-08T06:45:56Z [27,326ms] [Warning] [isaaclab.sensors.ray_caster.ray_caster] The `attach_yaw_only` property will be deprecated in a future release. Please use `ray_alignment='yaw'` instead.
2026-09-08T06:45:56Z [27,329ms] [Warning] [isaaclab.sensors.ray_caster.ray_caster] The `attach_yaw_only` property will be deprecated in a future release. Please use `ray_alignment='yaw'` instead.
2026-09-08T06:45:56Z [27,330ms] [Warning] [isaaclab.utils.math] The function 'quat_rotate_inverse' will be deprecated in favor of the faster method 'quat_apply_inverse'. Please use 'quat_apply_inverse' instead....
2026-09-08T06:45:56Z [27,333ms] [Warning] [isaaclab.sensors.ray_caster.ray_caster] The `attach_yaw_only` property will be deprecated in a future release. Please use `ray_alignment='yaw'` instead.
2026-09-08T06:45:56Z [27,398ms] [Warning] [isaaclab.utils.math] The function 'quat_rotate_inverse' will be deprecated in favor of the faster method 'quat_apply_inverse'. Please use 'quat_apply_inverse' instead....
2026-09-08T06:45:56Z [27,398ms] [Warning] [isaaclab.utils.math] The function 'quat_rotate_inverse' will be deprecated in favor of the faster method 'quat_apply_inverse'. Please use 'quat_apply_inverse' instead....
2026-09-08T06:45:56Z [27,413ms] [Warning] [isaaclab.utils.math] The function 'quat_rotate_inverse' will be deprecated in favor of the faster method 'quat_apply_inverse'. Please use 'quat_apply_inverse' instead....
2026-09-08T06:45:56Z [27,421ms] [Warning] [isaaclab.utils.math] The function 'quat_rotate_inverse' will be deprecated in favor of the faster method 'quat_apply_inverse'. Please use 'quat_apply_inverse' instead....
2026-09-08T06:45:56Z [27,420ms] [Warning] [isaaclab.utils.math] The function 'quat_rotate_inverse' will be deprecated in favor of the faster method 'quat_apply_inverse'. Please use 'quat_apply_inverse' instead....
2026-09-08T06:45:56Z [27,421ms] [Warning] [isaaclab.utils.math] The function 'quat_rotate_inverse' will be deprecated in favor of the faster method 'quat_apply_inverse'. Please use 'quat_apply_inverse' instead....
2026-09-08T06:45:56Z [27,420ms] [Warning] [isaaclab.utils.math] The function 'quat_rotate_inverse' will be deprecated in favor of the faster method 'quat_apply_inverse'. Please use 'quat_apply_inverse' instead....
2026-09-08T06:45:56Z [27,421ms] [Warning] [isaaclab.sensors.ray_caster.ray_caster] The `attach_yaw_only` property will be deprecated in a future release. Please use `ray_alignment='yaw'` instead.
2026-09-08T06:45:56Z [27,423ms] [Warning] [isaaclab.sensors.ray_caster.ray_caster] The `attach_yaw_only` property will be deprecated in a future release. Please use `ray_alignment='yaw'` instead.
2026-09-08T06:45:56Z [27,425ms] [Warning] [isaaclab.utils.math] The function 'quat_rotate_inverse' will be deprecated in favor of the faster method 'quat_apply_inverse'. Please use 'quat_apply_inverse' instead....
2026-09-08T06:45:56Z [27,424ms] [Warning] [isaaclab.utils.math] The function 'quat_rotate_inverse' will be deprecated in favor of the faster method 'quat_apply_inverse'. Please use 'quat_apply_inverse' instead....
2026-09-08T06:45:56Z [27,428ms] [Warning] [isaaclab.sensors.ray_caster.ray_caster] The `attach_yaw_only` property will be deprecated in a future release. Please use `ray_alignment='yaw'` instead.
2026-09-08T06:45:56Z [27,442ms] [Warning] [isaaclab.utils.math] The function 'quat_rotate_inverse' will be deprecated in favor of the faster method 'quat_apply_inverse'. Please use 'quat_apply_inverse' instead....
2026-09-08T06:45:56Z [27,443ms] [Warning] [isaaclab.utils.math] The function 'quat_rotate_inverse' will be deprecated in favor of the faster method 'quat_apply_inverse'. Please use 'quat_apply_inverse' instead....
2026-09-08T06:45:56Z [27,444ms] [Warning] [isaaclab.sensors.ray_caster.ray_caster] The `attach_yaw_only` property will be deprecated in a future release. Please use `ray_alignment='yaw'` instead.
2026-09-08T06:45:56Z [27,446ms] [Warning] [isaaclab.sensors.ray_caster.ray_caster] The `attach_yaw_only` property will be deprecated in a future release. Please use `ray_alignment='yaw'` instead.
2026-09-08T06:45:56Z [27,448ms] [Warning] [isaaclab.utils.math] The function 'quat_rotate_inverse' will be deprecated in favor of the faster method 'quat_apply_inverse'. Please use 'quat_apply_inverse' instead....
2026-09-08T06:45:56Z [27,452ms] [Warning] [isaaclab.sensors.ray_caster.ray_caster] The `attach_yaw_only` property will be deprecated in a future release. Please use `ray_alignment='yaw'` instead.
2026-09-08T06:45:56Z [27,490ms] [Warning] [isaaclab.utils.math] The function 'quat_rotate_inverse' will be deprecated in favor of the faster method 'quat_apply_inverse'. Please use 'quat_apply_inverse' instead....
2026-09-08T06:45:56Z [27,491ms] [Warning] [isaaclab.utils.math] The function 'quat_rotate_inverse' will be deprecated in favor of the faster method 'quat_apply_inverse'. Please use 'quat_apply_inverse' instead....
2026-09-08T06:45:57Z [27,497ms] [Warning] [isaaclab.utils.math] The function 'quat_rotate_inverse' will be deprecated in favor of the faster method 'quat_apply_inverse'. Please use 'quat_apply_inverse' instead....
2026-09-08T06:45:57Z [27,504ms] [Warning] [isaaclab.utils.math] The function 'quat_rotate_inverse' will be deprecated in favor of the faster method 'quat_apply_inverse'. Please use 'quat_apply_inverse' instead....
2026-09-08T06:45:57Z [27,504ms] [Warning] [isaaclab.utils.math] The function 'quat_rotate_inverse' will be deprecated in favor of the faster method 'quat_apply_inverse'. Please use 'quat_apply_inverse' instead....
2026-09-08T06:45:57Z [27,505ms] [Warning] [isaaclab.sensors.ray_caster.ray_caster] The `attach_yaw_only` property will be deprecated in a future release. Please use `ray_alignment='yaw'` instead.
2026-09-08T06:45:57Z [27,507ms] [Warning] [isaaclab.sensors.ray_caster.ray_caster] The `attach_yaw_only` property will be deprecated in a future release. Please use `ray_alignment='yaw'` instead.
2026-09-08T06:45:57Z [27,510ms] [Warning] [isaaclab.utils.math] The function 'quat_rotate_inverse' will be deprecated in favor of the faster method 'quat_apply_inverse'. Please use 'quat_apply_inverse' instead....
2026-09-08T06:45:57Z [27,509ms] [Warning] [isaaclab.utils.math] The function 'quat_rotate_inverse' will be deprecated in favor of the faster method 'quat_apply_inverse'. Please use 'quat_apply_inverse' instead....
2026-09-08T06:45:57Z [27,510ms] [Warning] [isaaclab.utils.math] The function 'quat_rotate_inverse' will be deprecated in favor of the faster method 'quat_apply_inverse'. Please use 'quat_apply_inverse' instead....
2026-09-08T06:45:57Z [27,513ms] [Warning] [isaaclab.sensors.ray_caster.ray_caster] The `attach_yaw_only` property will be deprecated in a future release. Please use `ray_alignment='yaw'` instead.
2026-09-08T06:45:57Z [27,516ms] [Warning] [isaaclab.utils.math] The function 'quat_rotate_inverse' will be deprecated in favor of the faster method 'quat_apply_inverse'. Please use 'quat_apply_inverse' instead....
2026-09-08T06:45:57Z [27,525ms] [Warning] [isaaclab.utils.math] The function 'quat_rotate_inverse' will be deprecated in favor of the faster method 'quat_apply_inverse'. Please use 'quat_apply_inverse' instead....
2026-09-08T06:45:57Z [27,525ms] [Warning] [isaaclab.utils.math] The function 'quat_rotate_inverse' will be deprecated in favor of the faster method 'quat_apply_inverse'. Please use 'quat_apply_inverse' instead....
2026-09-08T06:45:57Z [27,526ms] [Warning] [isaaclab.sensors.ray_caster.ray_caster] The `attach_yaw_only` property will be deprecated in a future release. Please use `ray_alignment='yaw'` instead.
2026-09-08T06:45:57Z [27,528ms] [Warning] [isaaclab.sensors.ray_caster.ray_caster] The `attach_yaw_only` property will be deprecated in a future release. Please use `ray_alignment='yaw'` instead.
2026-09-08T06:45:57Z [27,530ms] [Warning] [isaaclab.utils.math] The function 'quat_rotate_inverse' will be deprecated in favor of the faster method 'quat_apply_inverse'. Please use 'quat_apply_inverse' instead....
2026-09-08T06:45:57Z [27,533ms] [Warning] [isaaclab.sensors.ray_caster.ray_caster] The `attach_yaw_only` property will be deprecated in a future release. Please use `ray_alignment='yaw'` instead.
2026-09-08T06:45:57Z [27,605ms] [Warning] [isaaclab.utils.math] The function 'quat_rotate_inverse' will be deprecated in favor of the faster method 'quat_apply_inverse'. Please use 'quat_apply_inverse' instead....
2026-09-08T06:45:57Z [27,606ms] [Warning] [isaaclab.utils.math] The function 'quat_rotate_inverse' will be deprecated in favor of the faster method 'quat_apply_inverse'. Please use 'quat_apply_inverse' instead....
2026-09-08T06:45:57Z [27,615ms] [Warning] [isaaclab.utils.math] The function 'quat_rotate_inverse' will be deprecated in favor of the faster method 'quat_apply_inverse'. Please use 'quat_apply_inverse' instead....
2026-09-08T06:45:57Z [27,616ms] [Warning] [isaaclab.utils.math] The function 'quat_rotate_inverse' will be deprecated in favor of the faster method 'quat_apply_inverse'. Please use 'quat_apply_inverse' instead....
2026-09-08T06:45:57Z [27,623ms] [Warning] [isaaclab.utils.math] The function 'quat_rotate_inverse' will be deprecated in favor of the faster method 'quat_apply_inverse'. Please use 'quat_apply_inverse' instead....
2026-09-08T06:45:57Z [27,622ms] [Warning] [isaaclab.utils.math] The function 'quat_rotate_inverse' will be deprecated in favor of the faster method 'quat_apply_inverse'. Please use 'quat_apply_inverse' instead....
2026-09-08T06:45:57Z [27,629ms] [Warning] [isaaclab.utils.math] The function 'quat_rotate_inverse' will be deprecated in favor of the faster method 'quat_apply_inverse'. Please use 'quat_apply_inverse' instead....
2026-09-08T06:45:57Z [27,629ms] [Warning] [isaaclab.utils.math] The function 'quat_rotate_inverse' will be deprecated in favor of the faster method 'quat_apply_inverse'. Please use 'quat_apply_inverse' instead....
2026-09-08T06:45:57Z [27,630ms] [Warning] [isaaclab.sensors.ray_caster.ray_caster] The `attach_yaw_only` property will be deprecated in a future release. Please use `ray_alignment='yaw'` instead.
2026-09-08T06:45:57Z [27,632ms] [Warning] [isaaclab.sensors.ray_caster.ray_caster] The `attach_yaw_only` property will be deprecated in a future release. Please use `ray_alignment='yaw'` instead.
2026-09-08T06:45:57Z [27,634ms] [Warning] [isaaclab.utils.math] The function 'quat_rotate_inverse' will be deprecated in favor of the faster method 'quat_apply_inverse'. Please use 'quat_apply_inverse' instead....
2026-09-08T06:45:57Z [27,636ms] [Warning] [isaaclab.utils.math] The function 'quat_rotate_inverse' will be deprecated in favor of the faster method 'quat_apply_inverse'. Please use 'quat_apply_inverse' instead....
2026-09-08T06:45:57Z [27,636ms] [Warning] [isaaclab.utils.math] The function 'quat_rotate_inverse' will be deprecated in favor of the faster method 'quat_apply_inverse'. Please use 'quat_apply_inverse' instead....
2026-09-08T06:45:57Z [27,638ms] [Warning] [isaaclab.sensors.ray_caster.ray_caster] The `attach_yaw_only` property will be deprecated in a future release. Please use `ray_alignment='yaw'` instead.
2026-09-08T06:45:57Z [27,637ms] [Warning] [isaaclab.sensors.ray_caster.ray_caster] The `attach_yaw_only` property will be deprecated in a future release. Please use `ray_alignment='yaw'` instead.
2026-09-08T06:45:57Z [27,642ms] [Warning] [isaaclab.sensors.ray_caster.ray_caster] The `attach_yaw_only` property will be deprecated in a future release. Please use `ray_alignment='yaw'` instead.
2026-09-08T06:45:57Z [27,650ms] [Warning] [isaaclab.utils.math] The function 'quat_rotate_inverse' will be deprecated in favor of the faster method 'quat_apply_inverse'. Please use 'quat_apply_inverse' instead....
2026-09-08T06:45:57Z [27,655ms] [Warning] [isaaclab.sensors.ray_caster.ray_caster] The `attach_yaw_only` property will be deprecated in a future release. Please use `ray_alignment='yaw'` instead.
2026-09-08T06:45:57Z [27,694ms] [Warning] [isaaclab.utils.math] The function 'quat_rotate_inverse' will be deprecated in favor of the faster method 'quat_apply_inverse'. Please use 'quat_apply_inverse' instead....
2026-09-08T06:45:57Z [27,695ms] [Warning] [isaaclab.utils.math] The function 'quat_rotate_inverse' will be deprecated in favor of the faster method 'quat_apply_inverse'. Please use 'quat_apply_inverse' instead....
2026-09-08T06:45:57Z [27,700ms] [Warning] [isaaclab.utils.math] The function 'quat_rotate_inverse' will be deprecated in favor of the faster method 'quat_apply_inverse'. Please use 'quat_apply_inverse' instead....
2026-09-08T06:45:57Z [27,709ms] [Warning] [isaaclab.utils.math] The function 'quat_rotate_inverse' will be deprecated in favor of the faster method 'quat_apply_inverse'. Please use 'quat_apply_inverse' instead....
2026-09-08T06:45:57Z [27,709ms] [Warning] [isaaclab.utils.math] The function 'quat_rotate_inverse' will be deprecated in favor of the faster method 'quat_apply_inverse'. Please use 'quat_apply_inverse' instead....
2026-09-08T06:45:57Z [27,710ms] [Warning] [isaaclab.sensors.ray_caster.ray_caster] The `attach_yaw_only` property will be deprecated in a future release. Please use `ray_alignment='yaw'` instead.
2026-09-08T06:45:57Z [27,713ms] [Warning] [isaaclab.utils.math] The function 'quat_rotate_inverse' will be deprecated in favor of the faster method 'quat_apply_inverse'. Please use 'quat_apply_inverse' instead....
2026-09-08T06:45:57Z [27,712ms] [Warning] [isaaclab.sensors.ray_caster.ray_caster] The `attach_yaw_only` property will be deprecated in a future release. Please use `ray_alignment='yaw'` instead.
2026-09-08T06:45:57Z [27,714ms] [Warning] [isaaclab.utils.math] The function 'quat_rotate_inverse' will be deprecated in favor of the faster method 'quat_apply_inverse'. Please use 'quat_apply_inverse' instead....
2026-09-08T06:45:57Z [27,714ms] [Warning] [isaaclab.utils.math] The function 'quat_rotate_inverse' will be deprecated in favor of the faster method 'quat_apply_inverse'. Please use 'quat_apply_inverse' instead....
2026-09-08T06:45:57Z [27,717ms] [Warning] [isaaclab.sensors.ray_caster.ray_caster] The `attach_yaw_only` property will be deprecated in a future release. Please use `ray_alignment='yaw'` instead.
2026-09-08T06:45:57Z [27,719ms] [Warning] [isaaclab.utils.math] The function 'quat_rotate_inverse' will be deprecated in favor of the faster method 'quat_apply_inverse'. Please use 'quat_apply_inverse' instead....
2026-09-08T06:45:57Z [27,729ms] [Warning] [isaaclab.utils.math] The function 'quat_rotate_inverse' will be deprecated in favor of the faster method 'quat_apply_inverse'. Please use 'quat_apply_inverse' instead....
2026-09-08T06:45:57Z [27,730ms] [Warning] [isaaclab.utils.math] The function 'quat_rotate_inverse' will be deprecated in favor of the faster method 'quat_apply_inverse'. Please use 'quat_apply_inverse' instead....
2026-09-08T06:45:57Z [27,731ms] [Warning] [isaaclab.sensors.ray_caster.ray_caster] The `attach_yaw_only` property will be deprecated in a future release. Please use `ray_alignment='yaw'` instead.
2026-09-08T06:45:57Z [27,732ms] [Warning] [isaaclab.sensors.ray_caster.ray_caster] The `attach_yaw_only` property will be deprecated in a future release. Please use `ray_alignment='yaw'` instead.
2026-09-08T06:45:57Z [27,734ms] [Warning] [isaaclab.utils.math] The function 'quat_rotate_inverse' will be deprecated in favor of the faster method 'quat_apply_inverse'. Please use 'quat_apply_inverse' instead....
2026-09-08T06:45:57Z [27,737ms] [Warning] [isaaclab.sensors.ray_caster.ray_caster] The `attach_yaw_only` property will be deprecated in a future release. Please use `ray_alignment='yaw'` instead.
2026-09-08T06:45:57Z [27,796ms] [Warning] [isaaclab.utils.math] The function 'quat_rotate_inverse' will be deprecated in favor of the faster method 'quat_apply_inverse'. Please use 'quat_apply_inverse' instead....
2026-09-08T06:45:57Z [27,797ms] [Warning] [isaaclab.utils.math] The function 'quat_rotate_inverse' will be deprecated in favor of the faster method 'quat_apply_inverse'. Please use 'quat_apply_inverse' instead....
2026-09-08T06:45:57Z [27,801ms] [Warning] [isaaclab.utils.math] The function 'quat_rotate_inverse' will be deprecated in favor of the faster method 'quat_apply_inverse'. Please use 'quat_apply_inverse' instead....
2026-09-08T06:45:57Z [27,818ms] [Warning] [isaaclab.utils.math] The function 'quat_rotate_inverse' will be deprecated in favor of the faster method 'quat_apply_inverse'. Please use 'quat_apply_inverse' instead....
2026-09-08T06:45:57Z [27,819ms] [Warning] [isaaclab.utils.math] The function 'quat_rotate_inverse' will be deprecated in favor of the faster method 'quat_apply_inverse'. Please use 'quat_apply_inverse' instead....
2026-09-08T06:45:57Z [27,820ms] [Warning] [isaaclab.sensors.ray_caster.ray_caster] The `attach_yaw_only` property will be deprecated in a future release. Please use `ray_alignment='yaw'` instead.
2026-09-08T06:45:57Z [27,822ms] [Warning] [isaaclab.sensors.ray_caster.ray_caster] The `attach_yaw_only` property will be deprecated in a future release. Please use `ray_alignment='yaw'` instead.
2026-09-08T06:45:57Z [27,824ms] [Warning] [isaaclab.utils.math] The function 'quat_rotate_inverse' will be deprecated in favor of the faster method 'quat_apply_inverse'. Please use 'quat_apply_inverse' instead....
2026-09-08T06:45:57Z [27,825ms] [Warning] [isaaclab.utils.math] The function 'quat_rotate_inverse' will be deprecated in favor of the faster method 'quat_apply_inverse'. Please use 'quat_apply_inverse' instead....
2026-09-08T06:45:57Z [27,825ms] [Warning] [isaaclab.utils.math] The function 'quat_rotate_inverse' will be deprecated in favor of the faster method 'quat_apply_inverse'. Please use 'quat_apply_inverse' instead....
2026-09-08T06:45:57Z [27,836ms] [Warning] [isaaclab.utils.math] The function 'quat_rotate_inverse' will be deprecated in favor of the faster method 'quat_apply_inverse'. Please use 'quat_apply_inverse' instead....
2026-09-08T06:45:57Z [27,838ms] [Warning] [isaaclab.sensors.ray_caster.ray_caster] The `attach_yaw_only` property will be deprecated in a future release. Please use `ray_alignment='yaw'` instead.
2026-09-08T06:45:57Z [27,844ms] [Warning] [isaaclab.utils.math] The function 'quat_rotate_inverse' will be deprecated in favor of the faster method 'quat_apply_inverse'. Please use 'quat_apply_inverse' instead....
2026-09-08T06:45:57Z [27,845ms] [Warning] [isaaclab.utils.math] The function 'quat_rotate_inverse' will be deprecated in favor of the faster method 'quat_apply_inverse'. Please use 'quat_apply_inverse' instead....
2026-09-08T06:45:57Z [27,847ms] [Warning] [isaaclab.sensors.ray_caster.ray_caster] The `attach_yaw_only` property will be deprecated in a future release. Please use `ray_alignment='yaw'` instead.
2026-09-08T06:45:57Z [27,850ms] [Warning] [isaaclab.sensors.ray_caster.ray_caster] The `attach_yaw_only` property will be deprecated in a future release. Please use `ray_alignment='yaw'` instead.
2026-09-08T06:45:57Z [27,858ms] [Warning] [isaaclab.utils.math] The function 'quat_rotate_inverse' will be deprecated in favor of the faster method 'quat_apply_inverse'. Please use 'quat_apply_inverse' instead....
2026-09-08T06:45:57Z [27,865ms] [Warning] [isaaclab.sensors.ray_caster.ray_caster] The `attach_yaw_only` property will be deprecated in a future release. Please use `ray_alignment='yaw'` instead.
2026-09-08T06:45:57Z [27,896ms] [Warning] [isaaclab.utils.math] The function 'quat_rotate_inverse' will be deprecated in favor of the faster method 'quat_apply_inverse'. Please use 'quat_apply_inverse' instead....
2026-09-08T06:45:57Z [27,896ms] [Warning] [isaaclab.utils.math] The function 'quat_rotate_inverse' will be deprecated in favor of the faster method 'quat_apply_inverse'. Please use 'quat_apply_inverse' instead....
2026-09-08T06:45:57Z [27,901ms] [Warning] [isaaclab.utils.math] The function 'quat_rotate_inverse' will be deprecated in favor of the faster method 'quat_apply_inverse'. Please use 'quat_apply_inverse' instead....
2026-09-08T06:45:57Z [27,909ms] [Warning] [isaaclab.utils.math] The function 'quat_rotate_inverse' will be deprecated in favor of the faster method 'quat_apply_inverse'. Please use 'quat_apply_inverse' instead....
2026-09-08T06:45:57Z [27,909ms] [Warning] [isaaclab.utils.math] The function 'quat_rotate_inverse' will be deprecated in favor of the faster method 'quat_apply_inverse'. Please use 'quat_apply_inverse' instead....
2026-09-08T06:45:57Z [27,910ms] [Warning] [isaaclab.sensors.ray_caster.ray_caster] The `attach_yaw_only` property will be deprecated in a future release. Please use `ray_alignment='yaw'` instead.
2026-09-08T06:45:57Z [27,912ms] [Warning] [isaaclab.sensors.ray_caster.ray_caster] The `attach_yaw_only` property will be deprecated in a future release. Please use `ray_alignment='yaw'` instead.
2026-09-08T06:45:57Z [27,913ms] [Warning] [isaaclab.utils.math] The function 'quat_rotate_inverse' will be deprecated in favor of the faster method 'quat_apply_inverse'. Please use 'quat_apply_inverse' instead....
2026-09-08T06:45:57Z [27,917ms] [Warning] [isaaclab.sensors.ray_caster.ray_caster] The `attach_yaw_only` property will be deprecated in a future release. Please use `ray_alignment='yaw'` instead.
2026-09-08T06:45:57Z [27,921ms] [Warning] [isaaclab.utils.math] The function 'quat_rotate_inverse' will be deprecated in favor of the faster method 'quat_apply_inverse'. Please use 'quat_apply_inverse' instead....
2026-09-08T06:45:57Z [27,922ms] [Warning] [isaaclab.utils.math] The function 'quat_rotate_inverse' will be deprecated in favor of the faster method 'quat_apply_inverse'. Please use 'quat_apply_inverse' instead....
2026-09-08T06:45:57Z [27,927ms] [Warning] [isaaclab.utils.math] The function 'quat_rotate_inverse' will be deprecated in favor of the faster method 'quat_apply_inverse'. Please use 'quat_apply_inverse' instead....
2026-09-08T06:45:57Z [27,934ms] [Warning] [isaaclab.utils.math] The function 'quat_rotate_inverse' will be deprecated in favor of the faster method 'quat_apply_inverse'. Please use 'quat_apply_inverse' instead....
2026-09-08T06:45:57Z [27,934ms] [Warning] [isaaclab.utils.math] The function 'quat_rotate_inverse' will be deprecated in favor of the faster method 'quat_apply_inverse'. Please use 'quat_apply_inverse' instead....
2026-09-08T06:45:57Z [27,935ms] [Warning] [isaaclab.sensors.ray_caster.ray_caster] The `attach_yaw_only` property will be deprecated in a future release. Please use `ray_alignment='yaw'` instead.
2026-09-08T06:45:57Z [27,937ms] [Warning] [isaaclab.sensors.ray_caster.ray_caster] The `attach_yaw_only` property will be deprecated in a future release. Please use `ray_alignment='yaw'` instead.
2026-09-08T06:45:57Z [27,939ms] [Warning] [isaaclab.utils.math] The function 'quat_rotate_inverse' will be deprecated in favor of the faster method 'quat_apply_inverse'. Please use 'quat_apply_inverse' instead....
2026-09-08T06:45:57Z [27,942ms] [Warning] [isaaclab.sensors.ray_caster.ray_caster] The `attach_yaw_only` property will be deprecated in a future release. Please use `ray_alignment='yaw'` instead.
2026-09-08T06:45:57Z [27,973ms] [Warning] [isaaclab.utils.math] The function 'quat_rotate_inverse' will be deprecated in favor of the faster method 'quat_apply_inverse'. Please use 'quat_apply_inverse' instead....
2026-09-08T06:45:57Z [27,974ms] [Warning] [isaaclab.utils.math] The function 'quat_rotate_inverse' will be deprecated in favor of the faster method 'quat_apply_inverse'. Please use 'quat_apply_inverse' instead....
2026-09-08T06:45:57Z [27,981ms] [Warning] [isaaclab.utils.math] The function 'quat_rotate_inverse' will be deprecated in favor of the faster method 'quat_apply_inverse'. Please use 'quat_apply_inverse' instead....
2026-09-08T06:45:57Z [27,997ms] [Warning] [isaaclab.utils.math] The function 'quat_rotate_inverse' will be deprecated in favor of the faster method 'quat_apply_inverse'. Please use 'quat_apply_inverse' instead....
2026-09-08T06:45:57Z [27,997ms] [Warning] [isaaclab.utils.math] The function 'quat_rotate_inverse' will be deprecated in favor of the faster method 'quat_apply_inverse'. Please use 'quat_apply_inverse' instead....
2026-09-08T06:45:57Z [28,000ms] [Warning] [isaaclab.sensors.ray_caster.ray_caster] The `attach_yaw_only` property will be deprecated in a future release. Please use `ray_alignment='yaw'` instead.
2026-09-08T06:45:57Z [28,001ms] [Warning] [isaaclab.sensors.ray_caster.ray_caster] The `attach_yaw_only` property will be deprecated in a future release. Please use `ray_alignment='yaw'` instead.
2026-09-08T06:45:57Z [28,009ms] [Warning] [isaaclab.utils.math] The function 'quat_rotate_inverse' will be deprecated in favor of the faster method 'quat_apply_inverse'. Please use 'quat_apply_inverse' instead....
2026-09-08T06:45:57Z [28,016ms] [Warning] [isaaclab.sensors.ray_caster.ray_caster] The `attach_yaw_only` property will be deprecated in a future release. Please use `ray_alignment='yaw'` instead.
2026-09-08T06:45:57Z [28,027ms] [Warning] [isaaclab.utils.math] The function 'quat_rotate_inverse' will be deprecated in favor of the faster method 'quat_apply_inverse'. Please use 'quat_apply_inverse' instead....
2026-09-08T06:45:57Z [28,028ms] [Warning] [isaaclab.utils.math] The function 'quat_rotate_inverse' will be deprecated in favor of the faster method 'quat_apply_inverse'. Please use 'quat_apply_inverse' instead....
2026-09-08T06:45:57Z [28,033ms] [Warning] [isaaclab.utils.math] The function 'quat_rotate_inverse' will be deprecated in favor of the faster method 'quat_apply_inverse'. Please use 'quat_apply_inverse' instead....
2026-09-08T06:45:57Z [28,050ms] [Warning] [isaaclab.utils.math] The function 'quat_rotate_inverse' will be deprecated in favor of the faster method 'quat_apply_inverse'. Please use 'quat_apply_inverse' instead....
2026-09-08T06:45:57Z [28,051ms] [Warning] [isaaclab.utils.math] The function 'quat_rotate_inverse' will be deprecated in favor of the faster method 'quat_apply_inverse'. Please use 'quat_apply_inverse' instead....
2026-09-08T06:45:57Z [28,051ms] [Warning] [isaaclab.sensors.ray_caster.ray_caster] The `attach_yaw_only` property will be deprecated in a future release. Please use `ray_alignment='yaw'` instead.
2026-09-08T06:45:57Z [28,055ms] [Warning] [isaaclab.sensors.ray_caster.ray_caster] The `attach_yaw_only` property will be deprecated in a future release. Please use `ray_alignment='yaw'` instead.
2026-09-08T06:45:57Z [28,057ms] [Warning] [isaaclab.utils.math] The function 'quat_rotate_inverse' will be deprecated in favor of the faster method 'quat_apply_inverse'. Please use 'quat_apply_inverse' instead....
2026-09-08T06:45:57Z [28,071ms] [Warning] [isaaclab.sensors.ray_caster.ray_caster] The `attach_yaw_only` property will be deprecated in a future release. Please use `ray_alignment='yaw'` instead.
2026-09-08T06:45:57Z [28,096ms] [Warning] [isaaclab.utils.math] The function 'quat_rotate_inverse' will be deprecated in favor of the faster method 'quat_apply_inverse'. Please use 'quat_apply_inverse' instead....
2026-09-08T06:45:57Z [28,096ms] [Warning] [isaaclab.utils.math] The function 'quat_rotate_inverse' will be deprecated in favor of the faster method 'quat_apply_inverse'. Please use 'quat_apply_inverse' instead....
2026-09-08T06:45:57Z [28,102ms] [Warning] [isaaclab.utils.math] The function 'quat_rotate_inverse' will be deprecated in favor of the faster method 'quat_apply_inverse'. Please use 'quat_apply_inverse' instead....
2026-09-08T06:45:57Z [28,109ms] [Warning] [isaaclab.utils.math] The function 'quat_rotate_inverse' will be deprecated in favor of the faster method 'quat_apply_inverse'. Please use 'quat_apply_inverse' instead....
2026-09-08T06:45:57Z [28,109ms] [Warning] [isaaclab.utils.math] The function 'quat_rotate_inverse' will be deprecated in favor of the faster method 'quat_apply_inverse'. Please use 'quat_apply_inverse' instead....
2026-09-08T06:45:57Z [28,110ms] [Warning] [isaaclab.sensors.ray_caster.ray_caster] The `attach_yaw_only` property will be deprecated in a future release. Please use `ray_alignment='yaw'` instead.
2026-09-08T06:45:57Z [28,112ms] [Warning] [isaaclab.sensors.ray_caster.ray_caster] The `attach_yaw_only` property will be deprecated in a future release. Please use `ray_alignment='yaw'` instead.
2026-09-08T06:45:57Z [28,114ms] [Warning] [isaaclab.utils.math] The function 'quat_rotate_inverse' will be deprecated in favor of the faster method 'quat_apply_inverse'. Please use 'quat_apply_inverse' instead....
2026-09-08T06:45:57Z [28,117ms] [Warning] [isaaclab.sensors.ray_caster.ray_caster] The `attach_yaw_only` property will be deprecated in a future release. Please use `ray_alignment='yaw'` instead.
2026-09-08T06:45:57Z [28,125ms] [Warning] [isaaclab.utils.math] The function 'quat_rotate_inverse' will be deprecated in favor of the faster method 'quat_apply_inverse'. Please use 'quat_apply_inverse' instead....
2026-09-08T06:45:57Z [28,126ms] [Warning] [isaaclab.utils.math] The function 'quat_rotate_inverse' will be deprecated in favor of the faster method 'quat_apply_inverse'. Please use 'quat_apply_inverse' instead....
2026-09-08T06:45:57Z [28,131ms] [Warning] [isaaclab.utils.math] The function 'quat_rotate_inverse' will be deprecated in favor of the faster method 'quat_apply_inverse'. Please use 'quat_apply_inverse' instead....
2026-09-08T06:45:57Z [28,141ms] [Warning] [isaaclab.utils.math] The function 'quat_rotate_inverse' will be deprecated in favor of the faster method 'quat_apply_inverse'. Please use 'quat_apply_inverse' instead....
2026-09-08T06:45:57Z [28,141ms] [Warning] [isaaclab.utils.math] The function 'quat_rotate_inverse' will be deprecated in favor of the faster method 'quat_apply_inverse'. Please use 'quat_apply_inverse' instead....
2026-09-08T06:45:57Z [28,142ms] [Warning] [isaaclab.sensors.ray_caster.ray_caster] The `attach_yaw_only` property will be deprecated in a future release. Please use `ray_alignment='yaw'` instead.
2026-09-08T06:45:57Z [28,144ms] [Warning] [isaaclab.sensors.ray_caster.ray_caster] The `attach_yaw_only` property will be deprecated in a future release. Please use `ray_alignment='yaw'` instead.
2026-09-08T06:45:57Z [28,145ms] [Warning] [isaaclab.utils.math] The function 'quat_rotate_inverse' will be deprecated in favor of the faster method 'quat_apply_inverse'. Please use 'quat_apply_inverse' instead....
2026-09-08T06:45:57Z [28,149ms] [Warning] [isaaclab.sensors.ray_caster.ray_caster] The `attach_yaw_only` property will be deprecated in a future release. Please use `ray_alignment='yaw'` instead.
2026-09-08T06:45:57Z [28,174ms] [Warning] [isaaclab.utils.math] The function 'quat_rotate_inverse' will be deprecated in favor of the faster method 'quat_apply_inverse'. Please use 'quat_apply_inverse' instead....
2026-09-08T06:45:57Z [28,174ms] [Warning] [isaaclab.utils.math] The function 'quat_rotate_inverse' will be deprecated in favor of the faster method 'quat_apply_inverse'. Please use 'quat_apply_inverse' instead....
2026-09-08T06:45:57Z [28,180ms] [Warning] [isaaclab.utils.math] The function 'quat_rotate_inverse' will be deprecated in favor of the faster method 'quat_apply_inverse'. Please use 'quat_apply_inverse' instead....
2026-09-08T06:45:57Z [28,194ms] [Warning] [isaaclab.utils.math] The function 'quat_rotate_inverse' will be deprecated in favor of the faster method 'quat_apply_inverse'. Please use 'quat_apply_inverse' instead....
2026-09-08T06:45:57Z [28,194ms] [Warning] [isaaclab.utils.math] The function 'quat_rotate_inverse' will be deprecated in favor of the faster method 'quat_apply_inverse'. Please use 'quat_apply_inverse' instead....
2026-09-08T06:45:57Z [28,200ms] [Warning] [isaaclab.sensors.ray_caster.ray_caster] The `attach_yaw_only` property will be deprecated in a future release. Please use `ray_alignment='yaw'` instead.
2026-09-08T06:45:57Z [28,202ms] [Warning] [isaaclab.sensors.ray_caster.ray_caster] The `attach_yaw_only` property will be deprecated in a future release. Please use `ray_alignment='yaw'` instead.
2026-09-08T06:45:57Z [28,203ms] [Warning] [isaaclab.utils.math] The function 'quat_rotate_inverse' will be deprecated in favor of the faster method 'quat_apply_inverse'. Please use 'quat_apply_inverse' instead....
2026-09-08T06:45:57Z [28,206ms] [Warning] [isaaclab.sensors.ray_caster.ray_caster] The `attach_yaw_only` property will be deprecated in a future release. Please use `ray_alignment='yaw'` instead.
2026-09-08T06:45:57Z [28,218ms] [Warning] [isaaclab.utils.math] The function 'quat_rotate_inverse' will be deprecated in favor of the faster method 'quat_apply_inverse'. Please use 'quat_apply_inverse' instead....
2026-09-08T06:45:57Z [28,219ms] [Warning] [isaaclab.utils.math] The function 'quat_rotate_inverse' will be deprecated in favor of the faster method 'quat_apply_inverse'. Please use 'quat_apply_inverse' instead....
2026-09-08T06:45:57Z [28,235ms] [Warning] [isaaclab.utils.math] The function 'quat_rotate_inverse' will be deprecated in favor of the faster method 'quat_apply_inverse'. Please use 'quat_apply_inverse' instead....
2026-09-08T06:45:57Z [28,243ms] [Warning] [isaaclab.utils.math] The function 'quat_rotate_inverse' will be deprecated in favor of the faster method 'quat_apply_inverse'. Please use 'quat_apply_inverse' instead....
2026-09-08T06:45:57Z [28,243ms] [Warning] [isaaclab.utils.math] The function 'quat_rotate_inverse' will be deprecated in favor of the faster method 'quat_apply_inverse'. Please use 'quat_apply_inverse' instead....
2026-09-08T06:45:57Z [28,244ms] [Warning] [isaaclab.sensors.ray_caster.ray_caster] The `attach_yaw_only` property will be deprecated in a future release. Please use `ray_alignment='yaw'` instead.
2026-09-08T06:45:57Z [28,256ms] [Warning] [isaaclab.sensors.ray_caster.ray_caster] The `attach_yaw_only` property will be deprecated in a future release. Please use `ray_alignment='yaw'` instead.
2026-09-08T06:45:57Z [28,257ms] [Warning] [isaaclab.utils.math] The function 'quat_rotate_inverse' will be deprecated in favor of the faster method 'quat_apply_inverse'. Please use 'quat_apply_inverse' instead....
2026-09-08T06:45:57Z [28,262ms] [Warning] [isaaclab.sensors.ray_caster.ray_caster] The `attach_yaw_only` property will be deprecated in a future release. Please use `ray_alignment='yaw'` instead.
2026-09-08T06:45:57Z [28,296ms] [Warning] [isaaclab.utils.math] The function 'quat_rotate_inverse' will be deprecated in favor of the faster method 'quat_apply_inverse'. Please use 'quat_apply_inverse' instead....
2026-09-08T06:45:57Z [28,297ms] [Warning] [isaaclab.utils.math] The function 'quat_rotate_inverse' will be deprecated in favor of the faster method 'quat_apply_inverse'. Please use 'quat_apply_inverse' instead....
2026-09-08T06:45:57Z [28,302ms] [Warning] [isaaclab.utils.math] The function 'quat_rotate_inverse' will be deprecated in favor of the faster method 'quat_apply_inverse'. Please use 'quat_apply_inverse' instead....
2026-09-08T06:45:57Z [28,311ms] [Warning] [isaaclab.utils.math] The function 'quat_rotate_inverse' will be deprecated in favor of the faster method 'quat_apply_inverse'. Please use 'quat_apply_inverse' instead....
2026-09-08T06:45:57Z [28,311ms] [Warning] [isaaclab.utils.math] The function 'quat_rotate_inverse' will be deprecated in favor of the faster method 'quat_apply_inverse'. Please use 'quat_apply_inverse' instead....
2026-09-08T06:45:57Z [28,312ms] [Warning] [isaaclab.sensors.ray_caster.ray_caster] The `attach_yaw_only` property will be deprecated in a future release. Please use `ray_alignment='yaw'` instead.
2026-09-08T06:45:57Z [28,314ms] [Warning] [isaaclab.sensors.ray_caster.ray_caster] The `attach_yaw_only` property will be deprecated in a future release. Please use `ray_alignment='yaw'` instead.
2026-09-08T06:45:57Z [28,315ms] [Warning] [isaaclab.utils.math] The function 'quat_rotate_inverse' will be deprecated in favor of the faster method 'quat_apply_inverse'. Please use 'quat_apply_inverse' instead....
2026-09-08T06:45:57Z [28,319ms] [Warning] [isaaclab.sensors.ray_caster.ray_caster] The `attach_yaw_only` property will be deprecated in a future release. Please use `ray_alignment='yaw'` instead.
2026-09-08T06:45:57Z [28,329ms] [Warning] [isaaclab.utils.math] The function 'quat_rotate_inverse' will be deprecated in favor of the faster method 'quat_apply_inverse'. Please use 'quat_apply_inverse' instead....
2026-09-08T06:45:57Z [28,330ms] [Warning] [isaaclab.utils.math] The function 'quat_rotate_inverse' will be deprecated in favor of the faster method 'quat_apply_inverse'. Please use 'quat_apply_inverse' instead....
2026-09-08T06:45:57Z [28,335ms] [Warning] [isaaclab.utils.math] The function 'quat_rotate_inverse' will be deprecated in favor of the faster method 'quat_apply_inverse'. Please use 'quat_apply_inverse' instead....
2026-09-08T06:45:57Z [28,344ms] [Warning] [isaaclab.utils.math] The function 'quat_rotate_inverse' will be deprecated in favor of the faster method 'quat_apply_inverse'. Please use 'quat_apply_inverse' instead....
2026-09-08T06:45:57Z [28,344ms] [Warning] [isaaclab.utils.math] The function 'quat_rotate_inverse' will be deprecated in favor of the faster method 'quat_apply_inverse'. Please use 'quat_apply_inverse' instead....
2026-09-08T06:45:57Z [28,345ms] [Warning] [isaaclab.sensors.ray_caster.ray_caster] The `attach_yaw_only` property will be deprecated in a future release. Please use `ray_alignment='yaw'` instead.
2026-09-08T06:45:57Z [28,347ms] [Warning] [isaaclab.sensors.ray_caster.ray_caster] The `attach_yaw_only` property will be deprecated in a future release. Please use `ray_alignment='yaw'` instead.
2026-09-08T06:45:57Z [28,348ms] [Warning] [isaaclab.utils.math] The function 'quat_rotate_inverse' will be deprecated in favor of the faster method 'quat_apply_inverse'. Please use 'quat_apply_inverse' instead....
2026-09-08T06:45:57Z [28,352ms] [Warning] [isaaclab.sensors.ray_caster.ray_caster] The `attach_yaw_only` property will be deprecated in a future release. Please use `ray_alignment='yaw'` instead.
2026-09-08T06:45:57Z [28,375ms] [Warning] [isaaclab.utils.math] The function 'quat_rotate_inverse' will be deprecated in favor of the faster method 'quat_apply_inverse'. Please use 'quat_apply_inverse' instead....
2026-09-08T06:45:57Z [28,376ms] [Warning] [isaaclab.utils.math] The function 'quat_rotate_inverse' will be deprecated in favor of the faster method 'quat_apply_inverse'. Please use 'quat_apply_inverse' instead....
2026-09-08T06:45:57Z [28,382ms] [Warning] [isaaclab.utils.math] The function 'quat_rotate_inverse' will be deprecated in favor of the faster method 'quat_apply_inverse'. Please use 'quat_apply_inverse' instead....
2026-09-08T06:45:57Z [28,397ms] [Warning] [isaaclab.utils.math] The function 'quat_rotate_inverse' will be deprecated in favor of the faster method 'quat_apply_inverse'. Please use 'quat_apply_inverse' instead....
2026-09-08T06:45:57Z [28,397ms] [Warning] [isaaclab.utils.math] The function 'quat_rotate_inverse' will be deprecated in favor of the faster method 'quat_apply_inverse'. Please use 'quat_apply_inverse' instead....
2026-09-08T06:45:57Z [28,408ms] [Warning] [isaaclab.sensors.ray_caster.ray_caster] The `attach_yaw_only` property will be deprecated in a future release. Please use `ray_alignment='yaw'` instead.
2026-09-08T06:45:57Z [28,412ms] [Warning] [isaaclab.utils.math] The function 'quat_rotate_inverse' will be deprecated in favor of the faster method 'quat_apply_inverse'. Please use 'quat_apply_inverse' instead....
2026-09-08T06:45:57Z [28,413ms] [Warning] [isaaclab.utils.math] The function 'quat_rotate_inverse' will be deprecated in favor of the faster method 'quat_apply_inverse'. Please use 'quat_apply_inverse' instead....
2026-09-08T06:45:57Z [28,419ms] [Warning] [isaaclab.utils.math] The function 'quat_rotate_inverse' will be deprecated in favor of the faster method 'quat_apply_inverse'. Please use 'quat_apply_inverse' instead....
2026-09-08T06:45:57Z [28,422ms] [Warning] [isaaclab.sensors.ray_caster.ray_caster] The `attach_yaw_only` property will be deprecated in a future release. Please use `ray_alignment='yaw'` instead.
2026-09-08T06:45:57Z [28,430ms] [Warning] [isaaclab.utils.math] The function 'quat_rotate_inverse' will be deprecated in favor of the faster method 'quat_apply_inverse'. Please use 'quat_apply_inverse' instead....
2026-09-08T06:45:57Z [28,434ms] [Warning] [isaaclab.utils.math] The function 'quat_rotate_inverse' will be deprecated in favor of the faster method 'quat_apply_inverse'. Please use 'quat_apply_inverse' instead....
2026-09-08T06:45:57Z [28,435ms] [Warning] [isaaclab.utils.math] The function 'quat_rotate_inverse' will be deprecated in favor of the faster method 'quat_apply_inverse'. Please use 'quat_apply_inverse' instead....
2026-09-08T06:45:57Z [28,437ms] [Warning] [isaaclab.sensors.ray_caster.ray_caster] The `attach_yaw_only` property will be deprecated in a future release. Please use `ray_alignment='yaw'` instead.
2026-09-08T06:45:57Z [28,441ms] [Warning] [isaaclab.sensors.ray_caster.ray_caster] The `attach_yaw_only` property will be deprecated in a future release. Please use `ray_alignment='yaw'` instead.
2026-09-08T06:45:57Z [28,448ms] [Warning] [isaaclab.utils.math] The function 'quat_rotate_inverse' will be deprecated in favor of the faster method 'quat_apply_inverse'. Please use 'quat_apply_inverse' instead....
2026-09-08T06:45:57Z [28,453ms] [Warning] [isaaclab.sensors.ray_caster.ray_caster] The `attach_yaw_only` property will be deprecated in a future release. Please use `ray_alignment='yaw'` instead.
2026-09-08T06:45:57Z [28,473ms] [Warning] [isaaclab.sensors.ray_caster.ray_caster] The `attach_yaw_only` property will be deprecated in a future release. Please use `ray_alignment='yaw'` instead.
2026-09-08T06:45:58Z [28,860ms] [Warning] [isaaclab.utils.math] The function 'quat_rotate_inverse' will be deprecated in favor of the faster method 'quat_apply_inverse'. Please use 'quat_apply_inverse' instead....
2026-09-08T06:45:58Z [28,861ms] [Warning] [isaaclab.utils.math] The function 'quat_rotate_inverse' will be deprecated in favor of the faster method 'quat_apply_inverse'. Please use 'quat_apply_inverse' instead....
2026-09-08T06:45:58Z [28,893ms] [Warning] [isaaclab.utils.math] The function 'quat_rotate_inverse' will be deprecated in favor of the faster method 'quat_apply_inverse'. Please use 'quat_apply_inverse' instead....
2026-09-08T06:45:58Z [28,954ms] [Warning] [isaaclab.utils.math] The function 'quat_rotate_inverse' will be deprecated in favor of the faster method 'quat_apply_inverse'. Please use 'quat_apply_inverse' instead....
2026-09-08T06:45:58Z [28,954ms] [Warning] [isaaclab.utils.math] The function 'quat_rotate_inverse' will be deprecated in favor of the faster method 'quat_apply_inverse'. Please use 'quat_apply_inverse' instead....
2026-09-08T06:45:58Z [28,965ms] [Warning] [isaaclab.sensors.ray_caster.ray_caster] The `attach_yaw_only` property will be deprecated in a future release. Please use `ray_alignment='yaw'` instead.
2026-09-08T06:45:58Z [28,979ms] [Warning] [isaaclab.sensors.ray_caster.ray_caster] The `attach_yaw_only` property will be deprecated in a future release. Please use `ray_alignment='yaw'` instead.
2026-09-08T06:45:58Z [28,986ms] [Warning] [isaaclab.utils.math] The function 'quat_rotate_inverse' will be deprecated in favor of the faster method 'quat_apply_inverse'. Please use 'quat_apply_inverse' instead....
2026-09-08T06:45:58Z [29,030ms] [Warning] [isaaclab.sensors.ray_caster.ray_caster] The `attach_yaw_only` property will be deprecated in a future release. Please use `ray_alignment='yaw'` instead.
################################################################################
                        [1m Learning iteration 1/2 [0m                        

                       Computation: 353 steps/s (collection: 3.430s, learning 0.918s)
             Mean action noise std: 0.05
          Mean value_function loss: 0.1099
               Mean surrogate loss: 0.1776
                 Mean entropy loss: -44.4751
                     Mean amp loss: 0.0863
            Mean amp_grad_pen loss: 0.1621
         Mean amp_policy_pred loss: -0.8831
         Mean amp_expert_pred loss: 0.6698
                Mean symmetry loss: 0.0072
                       Mean reward: 1.12
               Mean episode length: 12.50
            Command/sparse_mean_vx: 1.2885
    Curriculum/episode_path_length: 0.0938
         Curriculum/promotion_rate: 0.0000
         Curriculum/terrain_levels: 0.6250
                       Reset/accel: 0.0000
                     Reset/timeout: 1.0000
                       Reset/torso: 0.0000
Terrain/raised_pillars/easy_reach_2m_rate: 0.0000
 Terrain/raised_pillars/progress_m: 0.0000
Terrain/stepping_stones/easy_reach_2m_rate: 0.0000
Terrain/stepping_stones/progress_m: 0.0000
--------------------------------------------------------------------------------
                   Total timesteps: 3072
                    Iteration time: 4.35s
                      Time elapsed: 00:00:08
                               ETA: 00:00:04

2026-09-08T06:46:00Z [31,212ms] [Error] [omni.physx.plugin] CUDA libs are present, but no suitable CUDA GPU was found!
