2.320198342204093933e-03,-3.179819136857986450e-02,9.120011329650878906e-01,-1.240649819374084473e-02,1.333951391279697418e-02,6.809217333793640137e-01,7.321296334266662598e-01,-1.921147666871547699e-02,2.585821747779846191e-01,-7.658298611640930176e-01,-4.766843020915985107e-01,5.949396640062332153e-02,1.624940708279609680e-02,2.132345177233219147e-02,7.575500290840864182e-03,-2.725950777530670166e-01,5.565798282623291016e-01,-5.104985237121582031e-01,-1.652976274490356445e-01,1.991200000047683716e-01,-5.135328695178031921e-02,7.034957525320351124e-05,-8.595018833875656128e-02,-1.194328255951404572e-02,5.721851810812950134e-02,2.879951298236846924e-01,-3.710510134696960449e-01,6.898406147956848145e-02,-6.912353634834289551e-02,-7.120052725076675415e-02,-2.523494511842727661e-02,2.987987995147705078e-01,-4.128129482269287109e-01,-3.960533440113067627e-02
2.821143716573715210e-03,-3.406287729740142822e-02,9.119466543197631836e-01,-1.292758993804454803e-02,1.391404867172241211e-02,6.805375814437866211e-01,7.324669957160949707e-01,-1.857672631740570068e-02,2.604066431522369385e-01,-7.578330039978027344e-01,-4.826188087463378906e-01,6.523302197456359863e-02,1.847760193049907684e-02,2.292042411863803864e-02,6.543755065649747849e-03,-2.749420106410980225e-01,5.443252325057983398e-01,-5.199018716812133789e-01,-1.678972989320755005e-01,2.015868276357650757e-01,-5.309778824448585510e-02,-2.824499504640698433e-03,-9.778006374835968018e-02,-8.720055222511291504e-03,6.676235795021057129e-02,3.020064234733581543e-01,-3.707856535911560059e-01,6.506128609180450439e-02,-8.110880106687545776e-02,-6.993593275547027588e-02,-2.084237709641456604e-02,3.100236058235168457e-01,-4.125328063964843750e-01,-4.071475192904472351e-02
3.613718552514910698e-03,-3.707762062549591064e-02,9.120836853981018066e-01,-1.411033794283866882e-02,1.520842313766479492e-02,6.800000071525573730e-01,7.329185009002685547e-01,-1.716983690857887268e-02,2.623368203639984131e-01,-7.445755004882812500e-01,-4.883826971054077148e-01,7.245378196239471436e-02,1.757279224693775177e-02,2.611988596618175507e-02,4.145404323935508728e-03,-2.801721990108489990e-01,5.296712517738342285e-01,-5.318046212196350098e-01,-1.677766144275665283e-01,2.002411931753158569e-01,-5.340426787734031677e-02,-3.068323014304041862e-03,-1.129918918013572693e-01,-5.694063846021890640e-03,7.289484888315200806e-02,3.145544528961181641e-01,-3.681469261646270752e-01,6.159713119268417358e-02,-9.819199889898300171e-02,-6.899326294660568237e-02,-1.943532563745975494e-02,3.250827789306640625e-01,-4.122448861598968506e-01,-4.194793477654457092e-02
4.769075196236371994e-03,-4.094773903489112854e-02,9.124146103858947754e-01,-1.557247526943683624e-02,1.682029850780963898e-02,6.791854500770568848e-01,7.336086630821228027e-01,-1.344778202474117279e-02,2.651527523994445801e-01,-7.275596261024475098e-01,-4.968945682048797607e-01,7.944715768098831177e-02,1.491694897413253784e-02,3.184625133872032166e-02,2.038449048995971680e-03,-2.899050414562225342e-01,5.159694552421569824e-01,-5.552772879600524902e-01,-1.652999967336654663e-01,1.994716525077819824e-01,-5.470399558544158936e-02,-2.822935581207275391e-03,-1.287376433610916138e-01,-3.179191611707210541e-03,7.668452709913253784e-02,3.234607875347137451e-01,-3.627457618713378906e-01,5.735235288739204407e-02,-1.169891729950904846e-01,-6.830406934022903442e-02,-1.795496977865695953e-02,3.389378786087036133e-01,-4.105868637561798096e-01,-4.418021067976951599e-02
6.302428897470235825e-03,-4.584173858165740967e-02,9.128894805908203125e-01,-1.737874746322631836e-02,1.879979856312274933e-02,6.785865426063537598e-01,7.340741753578186035e-01,-8.361674845218658447e-03,2.698935866355895996e-01,-7.098994851112365723e-01,-5.100896954536437988e-01,8.758438378572463989e-02,1.284352876245975494e-02,3.843566402792930603e-02,-1.616543158888816833e-04,-3.042741715908050537e-01,5.035980939865112305e-01,-5.915499329566955566e-01,-1.687854230403900146e-01,1.996396332979202271e-01,-5.547141656279563904e-02,-4.493443295359611511e-03,-1.465947031974792480e-01,-3.982624912168830633e-04,7.906960695981979370e-02,3.314395844936370850e-01,-3.564170598983764648e-01,5.314373597502708435e-02,-1.394168734550476074e-01,-6.676696240901947021e-02,-1.435623224824666977e-02,3.533035814762115479e-01,-4.059515595436096191e-01,-4.865331202745437622e-02
7.987951859831809998e-03,-5.198362097144126892e-02,9.132937788963317871e-01,-1.978787407279014587e-02,2.142919041216373444e-02,6.781225204467773438e-01,7.343698143959045410e-01,-2.392003079876303673e-03,2.759419977664947510e-01,-6.935713887214660645e-01,-5.267513394355773926e-01,9.688427299261093140e-02,7.483858615159988403e-03,4.398906975984573364e-02,-6.221717689186334610e-03,-3.244382143020629883e-01,5.002508759498596191e-01,-6.381397843360900879e-01,-1.749202311038970947e-01,1.984187215566635132e-01,-5.547305196523666382e-02,-8.974688127636909485e-03,-1.687291413545608521e-01,2.029465278610587120e-03,8.138779550790786743e-02,3.403689265251159668e-01,-3.487631976604461670e-01,4.890921711921691895e-02,-1.684669256210327148e-01,-6.550318747758865356e-02,-8.411177434027194977e-03,3.716447949409484863e-01,-4.014987945556640625e-01,-5.183748155832290649e-02
1.038752030581235886e-02,-5.959943309426307678e-02,9.132727384567260742e-01,-2.270595356822013855e-02,2.459157630801200867e-02,6.779974102973937988e-01,7.343018651008605957e-01,4.698018543422222137e-03,2.829830944538116455e-01,-6.772423386573791504e-01,-5.436840057373046875e-01,1.049844771623611450e-01,-1.696171937510371208e-03,5.080208927392959595e-02,-1.841238513588905334e-02,-3.475636541843414307e-01,5.052622556686401367e-01,-6.881428360939025879e-01,-1.729582548141479492e-01,1.953992098569869995e-01,-5.351507663726806641e-02,-1.387319900095462799e-02,-1.983470171689987183e-01,6.766771897673606873e-03,8.254720270633697510e-02,3.565095663070678711e-01,-3.416092693805694580e-01,4.309175908565521240e-02,-2.049019932746887207e-01,-6.201217323541641235e-02,-1.370531972497701645e-03,3.965655565261840820e-01,-3.963731825351715088e-01,-5.787814408540725708e-02
1.317256968468427658e-02,-6.853447109460830688e-02,9.129461050033569336e-01,-2.637023478746414185e-02,2.848576195538043976e-02,6.788201332092285156e-01,7.332778573036193848e-01,7.482558954507112503e-03,2.900574803352355957e-01,-6.636238694190979004e-01,-5.552896261215209961e-01,1.151426956057548523e-01,-1.025052368640899658e-02,5.737788230180740356e-02,-3.810963407158851624e-02,-3.731047809123992920e-01,5.156517624855041504e-01,-7.340117692947387695e-01,-1.684563010931015015e-01,1.919489204883575439e-01,-4.924410954117774963e-02,-1.963648200035095215e-02,-2.360014170408248901e-01,1.142294891178607941e-02,8.344688266515731812e-02,3.781356811523437500e-01,-3.356315195560455322e-01,3.723441064357757568e-02,-2.473984211683273315e-01,-5.881926417350769043e-02,3.532658331096172333e-03,4.246948063373565674e-01,-3.902983367443084717e-01,-6.414640694856643677e-02
1.688420400023460388e-02,-7.903565466403961182e-02,9.122118353843688965e-01,-3.058318234980106354e-02,3.278787434101104736e-02,6.814077496528625488e-01,7.305293679237365723e-01,5.373246502131223679e-03,2.961188256740570068e-01,-6.514113545417785645e-01,-5.597020387649536133e-01,1.239431053400039673e-01,-1.620775461196899414e-02,6.296958774328231812e-02,-6.277626007795333862e-02,-3.984812796115875244e-01,5.262108445167541504e-01,-7.717983126640319824e-01,-1.632503122091293335e-01,1.895165890455245972e-01,-4.876821488142013550e-02,-2.479144930839538574e-02,-2.810771763324737549e-01,1.773202233016490936e-02,8.163075894117355347e-02,4.035778343677520752e-01,-3.254364728927612305e-01,2.965959161520004272e-02,-2.932993173599243164e-01,-5.451859906315803528e-02,3.448490286245942116e-03,4.532814919948577881e-01,-3.821240961551666260e-01,-7.252338528633117676e-02
2.155650593340396881e-02,-9.124747663736343384e-02,9.112637639045715332e-01,-3.561934828758239746e-02,3.759276866912841797e-02,6.868740916252136230e-01,7.249290347099304199e-01,-4.628368187695741653e-03,3.005745112895965576e-01,-6.428849697113037109e-01,-5.560213923454284668e-01,1.265428364276885986e-01,-2.065776661038398743e-02,7.092318683862686157e-02,-8.851641416549682617e-02,-4.227212667465209961e-01,5.311194658279418945e-01,-7.994195818901062012e-01,-1.668556630611419678e-01,1.864282935857772827e-01,-5.440435931086540222e-02,-2.966158278286457062e-02,-3.332285881042480469e-01,2.474136278033256531e-02,7.552298903465270996e-02,4.284274280071258545e-01,-3.098875582218170166e-01,2.041703090071678162e-02,-3.432574570178985596e-01,-5.012610927224159241e-02,-4.995214752852916718e-03,4.821634292602539062e-01,-3.713288903236389160e-01,-8.406023681163787842e-02
2.697417885065078735e-02,-1.056977584958076477e-01,9.104599356651306152e-01,-3.924395143985748291e-02,4.036817699670791626e-02,6.959464550018310547e-01,7.158833146095275879e-01,-1.622425578534603119e-02,3.046856820583343506e-01,-6.386904716491699219e-01,-5.479458570480346680e-01,1.352044343948364258e-01,-2.510165236890316010e-02,7.422752678394317627e-02,-1.052889227867126465e-01,-4.443462491035461426e-01,5.277815461158752441e-01,-8.182381391525268555e-01,-1.735775023698806763e-01,1.864097863435745239e-01,-6.192182376980781555e-02,-3.475943952798843384e-02,-3.806564807891845703e-01,3.048633038997650146e-02,6.400919705629348755e-02,4.418821334838867188e-01,-2.790124118328094482e-01,7.410169113427400589e-03,-3.838157951831817627e-01,-4.743530228734016418e-02,-2.330135926604270935e-02,4.999550879001617432e-01,-3.515135943889617920e-01,-9.866874665021896362e-02
3.308711200952529907e-02,-1.219970136880874634e-01,9.095430374145507812e-01,-4.656721279025077820e-02,4.631206765770912170e-02,7.075157761573791504e-01,7.036392092704772949e-01,-4.423578456044197083e-02,3.079811036586761475e-01,-6.370235085487365723e-01,-5.391139984130859375e-01,1.460287719964981079e-01,-2.701846323907375336e-02,7.942083477973937988e-02,-1.249208971858024597e-01,-4.669620394706726074e-01,5.191486477851867676e-01,-8.291009664535522461e-01,-1.766523420810699463e-01,1.848181039094924927e-01,-7.446512579917907715e-02,-3.282228857278823853e-02,-4.462595283985137939e-01,3.224019333720207214e-02,4.706403985619544983e-02,4.518237113952636719e-01,-2.360109388828277588e-01,-7.453920785337686539e-03,-4.383733570575714111e-01,-5.224120244383811951e-02,-5.924795940518379211e-02,5.200677514076232910e-01,-3.342122733592987061e-01,-1.108411699533462524e-01
3.978392109274864197e-02,-1.391884088516235352e-01,9.081038236618041992e-01,-5.278271436691284180e-02,5.033398047089576721e-02,7.217671871185302734e-01,6.882823705673217773e-01,-7.533463835716247559e-02,3.115986585617065430e-01,-6.433103680610656738e-01,-5.323780179023742676e-01,1.511747986078262329e-01,-2.778976410627365112e-02,8.144438266754150391e-02,-1.347158700227737427e-01,-4.897463321685791016e-01,5.067208409309387207e-01,-8.329395055770874023e-01,-1.781238615512847900e-01,1.833938211202621460e-01,-8.539804071187973022e-02,-2.601747587323188782e-02,-5.091416835784912109e-01,3.144825249910354614e-02,2.145039848983287811e-02,4.547650814056396484e-01,-1.759005784988403320e-01,-4.382703080773353577e-02,-4.832403957843780518e-01,-6.314729154109954834e-02,-1.033920347690582275e-01,5.335047841072082520e-01,-3.157028257846832275e-01,-1.196227520704269409e-01
4.674321785569190979e-02,-1.558811366558074951e-01,9.045484066009521484e-01,-5.702368915081024170e-02,5.212455615401268005e-02,7.358961701393127441e-01,6.726723909378051758e-01,-1.045214682817459106e-01,3.161325156688690186e-01,-6.524642705917358398e-01,-5.323771238327026367e-01,1.468924582004547119e-01,-2.884148061275482178e-02,8.412519842386245728e-02,-1.364829987287521362e-01,-5.104890465736389160e-01,4.979929029941558838e-01,-8.263428807258605957e-01,-1.881956011056900024e-01,1.757308244705200195e-01,-9.725470095872879028e-02,-1.757785305380821228e-02,-5.534902215003967285e-01,3.851704299449920654e-02,-9.108751080930233002e-03,4.582524597644805908e-01,-1.572989076375961304e-01,-1.575879305601119995e-01,-5.201351642608642578e-01,-7.568194717168807983e-02,-1.478618681430816650e-01,5.503152012825012207e-01,-3.073117136955261230e-01,-1.322085857391357422e-01
5.274300649762153625e-02,-1.714224368333816528e-01,8.996300697326660156e-01,-5.816241353750228882e-02,5.143495276570320129e-02,7.468400597572326660e-01,6.604555249214172363e-01,-1.283037215471267700e-01,3.199142515659332275e-01,-6.620039343833923340e-01,-5.395500659942626953e-01,1.460519433021545410e-01,-3.100065700709819794e-02,8.769212663173675537e-02,-1.374075263738632202e-01,-5.302037596702575684e-01,5.025944709777832031e-01,-8.005913496017456055e-01,-2.177128940820693970e-01,1.628546267747879028e-01,-1.109192892909049988e-01,3.118874970823526382e-03,-5.917322039604187012e-01,3.518391400575637817e-02,-1.835748367011547089e-02,5.644643902778625488e-01,-2.384096831083297729e-01,-1.834040284156799316e-01,-5.473308563232421875e-01,-9.788309037685394287e-02,-1.933047473430633545e-01,5.754444003105163574e-01,-3.066997230052947998e-01,-1.388702988624572754e-01
5.734697729349136353e-02,-1.867636591196060181e-01,8.935337066650390625e-01,-5.686619132757186890e-02,4.931920766830444336e-02,7.533144354820251465e-01,6.533384919166564941e-01,-1.499615162611007690e-01,3.243269026279449463e-01,-6.680722236633300781e-01,-5.498353838920593262e-01,1.442185044288635254e-01,-3.538761287927627563e-02,9.086856991052627563e-02,-1.452752649784088135e-01,-5.469003915786743164e-01,5.177685022354125977e-01,-7.551698088645935059e-01,-2.272989898920059204e-01,1.587910056114196777e-01,-1.126733198761940002e-01,2.697014622390270233e-02,-6.484110355377197266e-01,3.911209851503372192e-02,1.816230081021785736e-02,8.110679388046264648e-01,-3.306588232517242432e-01,-1.146335825324058533e-01,-5.788961052894592285e-01,-1.255694478750228882e-01,-2.259199023246765137e-01,6.207113862037658691e-01,-3.128042817115783691e-01,-1.381262540817260742e-01
6.047795340418815613e-02,-2.020484060049057007e-01,8.863600492477416992e-01,-5.323990061879158020e-02,4.582490772008895874e-02,7.560412883758544922e-01,6.507435441017150879e-01,-1.649394631385803223e-01,3.300912380218505859e-01,-6.633260250091552734e-01,-5.644610524177551270e-01,1.265680938959121704e-01,-4.028625041246414185e-02,9.430111944675445557e-02,-1.481042057275772095e-01,-5.574636459350585938e-01,5.272833704948425293e-01,-7.041910886764526367e-01,-1.963858306407928467e-01,1.652139872312545776e-01,-1.109204292297363281e-01,3.566031903028488159e-02,-6.881499886512756348e-01,5.563381686806678772e-02,3.136614710092544556e-02,1.092846393585205078e+00,-4.116307497024536133e-01,-5.945989117026329041e-02,-6.168529391288757324e-01,-1.465547829866409302e-01,-2.360784411430358887e-01,6.795820593833923340e-01,-3.189525306224822998e-01,-1.318716108798980713e-01
6.295175105333328247e-02,-2.176344692707061768e-01,8.783868551254272461e-01,-4.760363698005676270e-02,4.085675254464149475e-02,7.573393583297729492e-01,6.500012874603271484e-01,-1.719220131635665894e-01,3.356981575489044189e-01,-6.514735817909240723e-01,-5.862950682640075684e-01,1.069198548793792725e-01,-4.617270827293395996e-02,1.009068638086318970e-01,-1.346998065710067749e-01,-5.616742968559265137e-01,5.201708674430847168e-01,-6.572564244270324707e-01,-1.669890135526657104e-01,1.701795011758804321e-01,-1.268039345741271973e-01,3.852091357111930847e-02,-6.868172287940979004e-01,7.017570734024047852e-02,1.382556930184364319e-02,1.331187963485717773e+00,-4.759765565395355225e-01,-5.463264882564544678e-02,-6.535251140594482422e-01,-1.628194898366928101e-01,-2.391460239887237549e-01,7.408414483070373535e-01,-3.250719606876373291e-01,-1.261449009180068970e-01
6.526638567447662354e-02,-2.336634695529937744e-01,8.703285455703735352e-01,-3.994212672114372253e-02,3.411857783794403076e-02,7.593112587928771973e-01,6.486038565635681152e-01,-1.725006252527236938e-01,3.403885066509246826e-01,-6.399211883544921875e-01,-6.163316369056701660e-01,9.934247285127639771e-02,-5.092625692486763000e-02,1.057593896985054016e-01,-9.817051142454147339e-02,-5.601692795753479004e-01,4.975098967552185059e-01,-6.164129376411437988e-01,-1.742307543754577637e-01,1.641422212123870850e-01,-1.673831641674041748e-01,4.563416168093681335e-02,-6.461241245269775391e-01,7.924877852201461792e-02,-1.845562085509300232e-02,1.509991288185119629e+00,-5.404005646705627441e-01,-5.091800913214683533e-02,-6.770159602165222168e-01,-1.779319643974304199e-01,-2.434623539447784424e-01,7.918967604637145996e-01,-3.300341069698333740e-01,-1.263252943754196167e-01
6.717506051063537598e-02,-2.502483725547790527e-01,8.633466362953186035e-01,-3.122713044285774231e-02,2.661003917455673218e-02,7.604922652244567871e-01,6.480495929718017578e-01,-1.730114817619323730e-01,3.463076651096343994e-01,-6.343964338302612305e-01,-6.477525830268859863e-01,9.399677813053131104e-02,-5.382985621690750122e-02,1.054194420576095581e-01,-3.788306936621665955e-02,-5.486265420913696289e-01,4.557673037052154541e-01,-5.880482792854309082e-01,-1.955207586288452148e-01,1.471314579248428345e-01,-2.291005700826644897e-01,5.790116265416145325e-02,-5.725750327110290527e-01,8.375544100999832153e-02,-5.651396512985229492e-02,1.617818117141723633e+00,-5.791466832160949707e-01,-5.517334491014480591e-02,-6.865891218185424805e-01,-1.911554783582687378e-01,-2.471541911363601685e-01,8.231448531150817871e-01,-3.291040658950805664e-01,-1.259252876043319702e-01
6.828257441520690918e-02,-2.681009471416473389e-01,8.584203124046325684e-01,-2.268815971910953522e-02,1.931349933147430420e-02,7.611279487609863281e-01,6.479170322418212891e-01,-1.754182726144790649e-01,3.515945374965667725e-01,-6.314057707786560059e-01,-6.799821257591247559e-01,8.175526559352874756e-02,-5.476599186658859253e-02,1.013101711869239807e-01,4.879470542073249817e-02,-5.282564163208007812e-01,3.979968130588531494e-01,-5.842035412788391113e-01,-2.066211104393005371e-01,1.291184574365615845e-01,-2.959634065628051758e-01,7.096648961305618286e-02,-4.776553809642791748e-01,8.578537404537200928e-02,-9.140124171972274780e-02,1.655692934989929199e+00,-6.139501333236694336e-01,-8.097936213016510010e-02,-6.879343986511230469e-01,-2.047110944986343384e-01,-2.499032467603683472e-01,8.342596888542175293e-01,-3.206845521926879883e-01,-1.296964883804321289e-01
6.891683489084243774e-02,-2.890613377094268799e-01,8.571096658706665039e-01,-1.128382980823516846e-02,9.610846638679504395e-03,7.612030506134033203e-01,6.483442187309265137e-01,-1.686961501836776733e-01,3.570210635662078857e-01,-6.324536204338073730e-01,-7.183355689048767090e-01,6.449297070503234863e-02,-5.480930209159851074e-02,9.949528425931930542e-02,1.654872000217437744e-01,-4.977600276470184326e-01,3.433209955692291260e-01,-6.130452156066894531e-01,-1.945754438638687134e-01,1.189798489212989807e-01,-3.584882318973541260e-01,8.291267603635787964e-02,-3.669160604476928711e-01,8.040863275527954102e-02,-1.353458762168884277e-01,1.632863879203796387e+00,-6.526195406913757324e-01,-1.407126933336257935e-01,-6.680568456649780273e-01,-2.055361717939376831e-01,-2.545611262321472168e-01,8.138458132743835449e-01,-2.958523035049438477e-01,-1.363489925861358643e-01
6.872204691171646118e-02,-3.147048950195312500e-01,8.635669946670532227e-01,-1.051718369126319885e-03,9.035335388034582138e-04,7.585210204124450684e-01,6.516470909118652344e-01,-1.529538780450820923e-01,3.526360690593719482e-01,-6.200124621391296387e-01,-7.627251148223876953e-01,4.536972567439079285e-02,-4.219184443354606628e-02,1.076950952410697937e-01,2.770135402679443359e-01,-4.681911170482635498e-01,3.298056125640869141e-01,-6.793676018714904785e-01,-2.118311077356338501e-01,1.207958385348320007e-01,-4.014189839363098145e-01,9.187328815460205078e-02,-2.496550232172012329e-01,8.965695649385452271e-02,-1.456678658723831177e-01,1.513767480850219727e+00,-6.639130115509033203e-01,-2.036974579095840454e-01,-6.315382122993469238e-01,-2.009751945734024048e-01,-2.671722173690795898e-01,7.386873364448547363e-01,-2.381152957677841187e-01,-1.371097415685653687e-01
6.782834231853485107e-02,-3.475676774978637695e-01,8.760848641395568848e-01,5.960535723716020584e-03,-5.236500874161720276e-03,7.512378692626953125e-01,6.599838733673095703e-01,-1.257698535919189453e-01,3.416686356067657471e-01,-5.900800228118896484e-01,-7.868037223815917969e-01,4.149607196450233459e-02,-4.415639489889144897e-02,1.195471584796905518e-01,3.588739037513732910e-01,-4.368548393249511719e-01,3.413457274436950684e-01,-7.202293872833251953e-01,-2.477298825979232788e-01,1.189036965370178223e-01,-3.626130223274230957e-01,1.118131726980209351e-01,-1.769244372844696045e-01,7.706867903470993042e-02,-1.541532576084136963e-01,1.379537463188171387e+00,-6.617925167083740234e-01,-2.276370525360107422e-01,-5.776326060295104980e-01,-1.741693466901779175e-01,-2.711225152015686035e-01,5.798609256744384766e-01,-1.183312460780143738e-01,-1.376591920852661133e-01
6.691893190145492554e-02,-3.881713151931762695e-01,8.904477953910827637e-01,1.310873776674270630e-02,-1.191358640789985657e-02,7.399208545684814453e-01,6.724606752395629883e-01,-8.382485806941986084e-02,3.244161307811737061e-01,-5.609302520751953125e-01,-7.976135611534118652e-01,6.414401531219482422e-02,-5.709256604313850403e-02,1.289562731981277466e-01,4.170591533184051514e-01,-4.058247208595275879e-01,3.494397401809692383e-01,-7.307776212692260742e-01,-2.580822408199310303e-01,1.085699424147605896e-01,-3.017761409282684326e-01,1.363895088434219360e-01,-1.354844123125076294e-01,4.933563992381095886e-02,-1.475560516119003296e-01,1.232863187789916992e+00,-6.288856267929077148e-01,-2.044114619493484497e-01,-5.132478475570678711e-01,-1.447947770357131958e-01,-2.640323340892791748e-01,3.599039912223815918e-01,7.116060703992843628e-02,-1.261705756187438965e-01
6.301314383745193481e-02,-4.324831068515777588e-01,8.977971673011779785e-01,1.348608080297708511e-02,-1.281388103961944580e-02,7.248175144195556641e-01,6.886897087097167969e-01,-5.295295640826225281e-02,3.186891078948974609e-01,-5.355102419853210449e-01,-8.061934113502502441e-01,1.010727882385253906e-01,-6.851869821548461914e-02,1.309079676866531372e-01,4.226313829421997070e-01,-3.696019351482391357e-01,3.503434658050537109e-01,-7.118289470672607422e-01,-2.386845350265502930e-01,9.256736189126968384e-02,-2.687886655330657959e-01,1.872183531522750854e-01,-1.426481157541275024e-01,1.538966689258813858e-02,-1.480368375778198242e-01,1.084346294403076172e+00,-5.592299103736877441e-01,-1.898388713598251343e-01,-5.151396393775939941e-01,-1.695436984300613403e-01,-2.835871279239654541e-01,2.282367497682571411e-01,3.041727542877197266e-01,6.257420871406793594e-03
5.740665271878242493e-02,-4.790405631065368652e-01,8.953491449356079102e-01,1.084740366786718369e-02,-1.085418649017810822e-02,7.068024873733520508e-01,7.072444558143615723e-01,-2.626764588057994843e-02,3.296643197536468506e-01,-5.145303010940551758e-01,-8.196402192115783691e-01,1.111863702535629272e-01,-7.884012162685394287e-02,1.254273056983947754e-01,3.931899666786193848e-01,-3.450488150119781494e-01,3.545569479465484619e-01,-6.887813806533813477e-01,-1.977039575576782227e-01,8.100244402885437012e-02,-2.468910068273544312e-01,2.137869149446487427e-01,-1.351673007011413574e-01,-5.097215529531240463e-03,-1.068233028054237366e-01,8.934885859489440918e-01,-6.136484146118164062e-01,-1.186087653040885925e-01,-5.520241856575012207e-01,-1.831124573945999146e-01,-1.956261843442916870e-01,2.516621351242065430e-01,3.348572850227355957e-01,1.365580111742019653e-01
5.237892642617225647e-02,-5.266929268836975098e-01,8.834397792816162109e-01,8.299355395138263702e-03,-8.718425408005714417e-03,6.894349455833435059e-01,7.242475748062133789e-01,-2.855472499504685402e-03,3.482573330402374268e-01,-5.090812444686889648e-01,-8.393192291259765625e-01,9.493146836757659912e-02,-8.958579599857330322e-02,1.336939334869384766e-01,3.440090119838714600e-01,-3.526093959808349609e-01,3.804543316364288330e-01,-7.082567214965820312e-01,-1.817632615566253662e-01,7.744204998016357422e-02,-2.399125695228576660e-01,1.550159752368927002e-01,-1.134582906961441040e-01,-2.261367812752723694e-02,-4.965004324913024902e-02,7.850429415702819824e-01,-7.096349596977233887e-01,-9.879031218588352203e-03,-6.850595474243164062e-01,-1.377982199192047119e-01,-5.609348416328430176e-02,5.244128108024597168e-01,2.009787857532501221e-01,1.241957023739814758e-01
4.957108199596405029e-02,-5.744990110397338867e-01,8.641657233238220215e-01,5.524492356926202774e-03,-5.981693509966135025e-03,6.784518361091613770e-01,7.345997691154479980e-01,8.824929594993591309e-03,3.728138208389282227e-01,-5.247029066085815430e-01,-8.571649193763732910e-01,8.204539865255355835e-02,-9.980492293834686279e-02,1.511531770229339600e-01,2.757032811641693115e-01,-3.700570762157440186e-01,4.121798276901245117e-01,-7.414022088050842285e-01,-1.776153892278671265e-01,8.287040144205093384e-02,-2.752707600593566895e-01,1.125120595097541809e-01,-1.929527372121810913e-01,-2.256632782518863678e-02,1.785110868513584137e-02,8.393344283103942871e-01,-7.187684774398803711e-01,3.735565766692161560e-02,-8.405337929725646973e-01,-1.424492597579956055e-01,-6.608884036540985107e-02,9.289983510971069336e-01,1.760651543736457825e-02,1.086721569299697876e-01
4.914972186088562012e-02,-6.207190155982971191e-01,8.450657129287719727e-01,1.849223510362207890e-03,-1.989026321098208427e-03,6.808974146842956543e-01,7.323737740516662598e-01,-6.068631540983915329e-03,3.911847174167633057e-01,-5.565860867500305176e-01,-8.366066217422485352e-01,6.925760954618453979e-02,-1.126346439123153687e-01,1.678449958562850952e-01,1.959093362092971802e-01,-3.773734271526336670e-01,4.340820908546447754e-01,-7.406486272811889648e-01,-1.266747415065765381e-01,1.037538424134254456e-01,-3.263169229030609131e-01,8.867445588111877441e-02,-3.126875162124633789e-01,-4.569365177303552628e-03,5.170236155390739441e-02,9.282287955284118652e-01,-7.173970937728881836e-01,5.493452027440071106e-02,-9.628522396087646484e-01,-1.933441162109375000e-01,-9.487021714448928833e-02,1.336489677429199219e+00,-1.392925679683685303e-01,9.238259866833686829e-03
4.680102691054344177e-02,-6.656076908111572266e-01,8.340092897415161133e-01,3.750207135453820229e-03,-3.950083628296852112e-03,6.885102987289428711e-01,7.252061367034912109e-01,1.541679166257381439e-02,3.835577070713043213e-01,-5.533928275108337402e-01,-8.235709667205810547e-01,4.799042642116546631e-02,-1.219355091452598572e-01,1.903759688138961792e-01,1.362422108650207520e-01,-3.858223557472229004e-01,4.205724895000457764e-01,-7.370694279670715332e-01,-1.515570096671581268e-02,1.262389123439788818e-01,-2.993049323558807373e-01,6.428664177656173706e-02,-4.090191125869750977e-01,-1.596796512603759766e-02,4.522880166769027710e-02,9.888148307800292969e-01,-6.843022108078002930e-01,7.704185694456100464e-02,-9.929677844047546387e-01,-2.473567575216293335e-01,-7.480291277170181274e-02,1.653545022010803223e+00,-2.359305024147033691e-01,-3.875716030597686768e-02
4.589316621422767639e-02,-7.098900079727172852e-01,8.326870799064636230e-01,5.275339353829622269e-03,-5.474871490150690079e-03,6.938427686691284180e-01,7.200863957405090332e-01,7.534171640872955322e-02,3.821049034595489502e-01,-5.145658254623413086e-01,-8.728017210960388184e-01,6.003434583544731140e-02,-1.163274347782135010e-01,2.119321376085281372e-01,9.080328047275543213e-02,-3.970960974693298340e-01,4.057790338993072510e-01,-7.922356128692626953e-01,2.009609527885913849e-02,1.263416409492492676e-01,-2.927118539810180664e-01,2.046030387282371521e-02,-4.857536852359771729e-01,-1.095618028193712234e-02,6.442894786596298218e-02,1.004335284233093262e+00,-6.196480393409729004e-01,8.010138571262359619e-02,-9.507532119750976562e-01,-2.530860006809234619e-01,-2.301294356584548950e-02,1.850613951683044434e+00,-2.882382869720458984e-01,-4.679894074797630310e-02
4.669285193085670471e-02,-7.549149394035339355e-01,8.406583070755004883e-01,7.749226409941911697e-03,-7.965291850268840790e-03,6.972755193710327148e-01,7.167170643806457520e-01,1.463605910539627075e-01,3.847878873348236084e-01,-4.763659238815307617e-01,-9.442189931869506836e-01,1.551742702722549438e-01,-1.215270161628723145e-01,2.149136960506439209e-01,4.519571363925933838e-02,-4.137170314788818359e-01,4.289197027683258057e-01,-8.722760081291198730e-01,-1.222718600183725357e-02,1.259148865938186646e-01,-3.250826895236968994e-01,-4.080317914485931396e-02,-5.116522908210754395e-01,1.566177234053611755e-02,1.163206398487091064e-01,9.337760210037231445e-01,-5.169823169708251953e-01,7.632235437631607056e-02,-8.415578007698059082e-01,-2.190698385238647461e-01,3.964389115571975708e-02,1.933201074600219727e+00,-3.362538814544677734e-01,-2.796985395252704620e-02
4.964419454336166382e-02,-8.024047613143920898e-01,8.564212322235107422e-01,1.471303589642047882e-02,-1.485818251967430115e-02,7.034737467765808105e-01,7.104135751724243164e-01,2.135042697191238403e-01,3.925162255764007568e-01,-4.648212790489196777e-01,-1.004957795143127441e+00,2.451040148735046387e-01,-1.299210041761398315e-01,2.065317928791046143e-01,1.857910305261611938e-02,-4.253976047039031982e-01,4.479174017906188965e-01,-9.551304578781127930e-01,-1.243439409881830215e-02,1.281485259532928467e-01,-3.346797823905944824e-01,-9.729620814323425293e-02,-4.957970976829528809e-01,2.801363728940486908e-02,1.391647607088088989e-01,7.991737723350524902e-01,-3.769163191318511963e-01,6.958863139152526855e-02,-6.714130043983459473e-01,-1.631841957569122314e-01,1.017420068383216858e-01,1.912536025047302246e+00,-3.825852572917938232e-01,1.425416767597198486e-02
5.497500672936439514e-02,-8.525050878524780273e-01,8.768380284309387207e-01,2.207376062870025635e-02,-2.158662304282188416e-02,7.146109342575073242e-01,6.988404393196105957e-01,2.605551183223724365e-01,3.938206732273101807e-01,-4.512733519077301025e-01,-1.036585330963134766e+00,2.460545599460601807e-01,-1.363675892353057861e-01,2.027758359909057617e-01,-1.480098464526236057e-03,-4.365394413471221924e-01,4.614126980304718018e-01,-1.027483940124511719e+00,-5.878653842955827713e-03,1.275601387023925781e-01,-3.320084810256958008e-01,-1.369576454162597656e-01,-4.499762058258056641e-01,2.825890295207500458e-02,1.203655749559402466e-01,5.929524302482604980e-01,-1.965884864330291748e-01,4.957905784249305725e-02,-4.650379419326782227e-01,-1.064351275563240051e-01,1.531446278095245361e-01,1.768660068511962891e+00,-4.024292230606079102e-01,1.409739106893539429e-01
6.265127658843994141e-02,-9.066739678382873535e-01,8.961450457572937012e-01,2.741166204214096069e-02,-2.572867274284362793e-02,7.286202907562255859e-01,6.838853359222412109e-01,2.857949137687683105e-01,3.819496929645538330e-01,-4.310109019279479980e-01,-1.058455944061279297e+00,2.340878695249557495e-01,-1.321154832839965820e-01,2.145366072654724121e-01,-2.057783119380474091e-02,-4.576830863952636719e-01,4.795970618724822998e-01,-1.085107564926147461e+00,-1.378277409821748734e-02,1.137622818350791931e-01,-3.466296792030334473e-01,-1.522328406572341919e-01,-4.081587195396423340e-01,2.474637329578399658e-02,8.103145658969879150e-02,3.453443646430969238e-01,4.566295072436332703e-02,8.169994689524173737e-03,-2.721847593784332275e-01,-6.163297593593597412e-02,1.762711554765701294e-01,1.535731434822082520e+00,-4.237215220928192139e-01,2.078030705451965332e-01
7.244199514389038086e-02,-9.628524780273437500e-01,9.058752655982971191e-01,2.899864315986633301e-02,-2.609017305076122284e-02,7.428380250930786133e-01,6.683337688446044922e-01,2.886880636215209961e-01,3.672093749046325684e-01,-4.100931584835052490e-01,-1.088788747787475586e+00,2.516366839408874512e-01,-1.147988736629486084e-01,2.288260310888290405e-01,-3.025297075510025024e-02,-4.816999435424804688e-01,4.894140064716339111e-01,-1.124698877334594727e+00,-1.631274819374084473e-03,8.077324181795120239e-02,-3.742997050285339355e-01,-1.627645790576934814e-01,-4.018442034721374512e-01,6.698051840066909790e-02,1.005733162164688110e-01,1.753000468015670776e-01,2.500456571578979492e-01,-2.609999775886535645e-01,-1.341730505228042603e-01,-4.144266620278358459e-02,1.529509723186492920e-01,1.272920012474060059e+00,-3.866812586784362793e-01,1.874737292528152466e-01
8.271221071481704712e-02,-1.021365165710449219e+00,9.061250686645507812e-01,2.586601860821247101e-02,-2.260367386043071747e-02,7.525518536567687988e-01,6.576364636421203613e-01,2.679888010025024414e-01,3.497087955474853516e-01,-3.997159302234649658e-01,-1.130599021911621094e+00,2.650817632675170898e-01,-9.278749674558639526e-02,2.272588759660720825e-01,-3.657788410782814026e-02,-5.098452568054199219e-01,4.841134250164031982e-01,-1.140343189239501953e+00,2.460668608546257019e-02,4.163997620344161987e-02,-3.935665488243103027e-01,-1.555020809173583984e-01,-4.543217122554779053e-01,8.179058134555816650e-02,1.496206372976303101e-01,2.514248192310333252e-01,1.520212739706039429e-01,-2.610000073909759521e-01,-4.322933033108711243e-02,-5.388758704066276550e-02,6.852997839450836182e-02,9.898396134376525879e-01,-2.978746592998504639e-01,6.823338568210601807e-02
9.212467819452285767e-02,-1.081721305847167969e+00,8.968077301979064941e-01,1.833170279860496521e-02,-1.590409129858016968e-02,7.551276683807373047e-01,6.551284193992614746e-01,2.119224518537521362e-01,3.329060971736907959e-01,-4.061033725738525391e-01,-1.157814025878906250e+00,2.422082573175430298e-01,-9.413211792707443237e-02,2.195194214582443237e-01,-5.859607830643653870e-02,-5.454429388046264648e-01,4.823812842369079590e-01,-1.115245103836059570e+00,3.370886296033859253e-02,2.891677431762218475e-02,-4.121291339397430420e-01,-1.329337954521179199e-01,-5.512951016426086426e-01,8.410535007715225220e-02,1.513966917991638184e-01,4.849130213260650635e-01,2.672621421515941620e-02,-2.449486702680587769e-01,5.470323562622070312e-02,-5.755351483821868896e-02,1.660776138305664062e-02,7.332835197448730469e-01,-7.241038084030151367e-01,1.279179658740758896e-02
9.951066970825195312e-02,-1.142695784568786621e+00,8.789238929748535156e-01,1.073609665036201477e-02,-9.392038919031620026e-03,7.525711655616760254e-01,6.583563685417175293e-01,1.372595876455307007e-01,3.285724818706512451e-01,-4.294153153896331787e-01,-1.182525277137756348e+00,2.050534784793853760e-01,-1.066248938441276550e-01,2.323298901319503784e-01,-7.361133396625518799e-02,-5.722609758377075195e-01,4.775760471820831299e-01,-1.057183384895324707e+00,5.014100298285484314e-02,5.385264009237289429e-02,-4.169422984123229980e-01,-9.591245651245117188e-02,-6.898379325866699219e-01,7.802061736583709717e-02,1.140607148408889771e-01,8.589661121368408203e-01,-9.772255271673202515e-02,-2.256930768489837646e-01,9.981706738471984863e-03,-5.176746100187301636e-02,-1.856486499309539795e-02,6.789932250976562500e-01,-7.416654229164123535e-01,-3.910937532782554626e-02
1.040279343724250793e-01,-1.203330993652343750e+00,8.591933846473693848e-01,5.169576616026461124e-04,-4.684062732849270105e-04,7.410485744476318359e-01,6.714510917663574219e-01,5.361774936318397522e-02,3.299022912979125977e-01,-4.402064085006713867e-01,-1.188273549079895020e+00,1.665746867656707764e-01,-1.260014772415161133e-01,2.530882060527801514e-01,-9.856009483337402344e-02,-5.829296112060546875e-01,4.826885759830474854e-01,-9.671483635902404785e-01,8.196781575679779053e-02,9.052902460098266602e-02,-4.103475213050842285e-01,-6.953420490026473999e-02,-7.919217348098754883e-01,1.000816598534584045e-01,1.094670146703720093e-01,1.211828231811523438e+00,-2.245360314846038818e-01,-2.188832461833953857e-01,-1.587094217538833618e-01,-6.172703951597213745e-02,-1.140861213207244873e-02,7.887108325958251953e-01,-7.262800931930541992e-01,-2.152069285511970520e-02
1.092410236597061157e-01,-1.259918808937072754e+00,8.492773771286010742e-01,-6.173773203045129776e-03,5.800289567559957504e-03,7.287815809249877930e-01,6.846938133239746094e-01,3.759365295991301537e-03,3.262168765068054199e-01,-4.423550069332122803e-01,-1.190564513206481934e+00,1.188805252313613892e-01,-1.345965117216110229e-01,2.502109110355377197e-01,-7.561238110065460205e-02,-5.753522515296936035e-01,4.579551219940185547e-01,-9.031939506530761719e-01,1.408820152282714844e-01,1.193749383091926575e-01,-4.032402038574218750e-01,-4.341507330536842346e-02,-8.040639162063598633e-01,1.315220594406127930e-01,1.200349628925323486e-01,1.454179167747497559e+00,-2.995665073394775391e-01,-1.541470438241958618e-01,-3.149342536926269531e-01,-6.227581948041915894e-02,-4.371468443423509598e-03,8.777251243591308594e-01,-6.937027573585510254e-01,-2.626160345971584320e-02
1.144598647952079773e-01,-1.313454151153564453e+00,8.497092127799987793e-01,-4.837302491068840027e-03,4.649591166526079178e-03,7.209405303001403809e-01,6.929644346237182617e-01,-1.800000667572021484e-02,3.324154019355773926e-01,-4.729247689247131348e-01,-1.206730484962463379e+00,1.159741133451461792e-01,-1.310257911682128906e-01,2.302766144275665283e-01,1.058860868215560913e-02,-5.571143031120300293e-01,4.130108058452606201e-01,-8.996465206146240234e-01,1.271102279424667358e-01,1.083891913294792175e-01,-4.004646539688110352e-01,-6.256405729800462723e-03,-7.382743954658508301e-01,1.257262527942657471e-01,9.194678068161010742e-02,1.595208048820495605e+00,-3.510660231113433838e-01,-7.267382740974426270e-02,-4.045836627483367920e-01,-5.522325634956359863e-02,-1.536946278065443039e-02,8.949209451675415039e-01,-6.203817725181579590e-01,-4.118561744689941406e-02
1.165478229522705078e-01,-1.367562294006347656e+00,8.612278699874877930e-01,-1.748003298416733742e-03,1.719013787806034088e-03,7.129921913146972656e-01,7.011677026748657227e-01,-2.519215270876884460e-02,3.395557403564453125e-01,-5.211693644523620605e-01,-1.223546504974365234e+00,1.379532963037490845e-01,-1.329737156629562378e-01,2.217794358730316162e-01,9.885146468877792358e-02,-5.301842093467712402e-01,3.877190053462982178e-01,-9.045416116714477539e-01,8.124568313360214233e-02,1.004204377532005310e-01,-3.906168639659881592e-01,3.504037111997604370e-02,-6.190111637115478516e-01,8.003943413496017456e-02,2.876117639243602753e-02,1.617534995079040527e+00,-4.090821444988250732e-01,-8.490687608718872070e-02,-4.422701001167297363e-01,-5.251111835241317749e-02,-2.897186577320098877e-02,8.150961399078369141e-01,-4.942030906677246094e-01,-4.916382953524589539e-02
1.152531057596206665e-01,-1.423269629478454590e+00,8.817190527915954590e-01,6.524482159875333309e-04,-6.653334712609648705e-04,7.001588940620422363e-01,7.139863967895507812e-01,-1.376170013099908829e-02,3.406662940979003906e-01,-5.556227564811706543e-01,-1.237084150314331055e+00,1.431088298559188843e-01,-1.279409378767013550e-01,2.116731107234954834e-01,1.636309474706649780e-01,-4.950104653835296631e-01,3.835290372371673584e-01,-9.042322635650634766e-01,9.374298155307769775e-02,9.899163991212844849e-02,-3.734959363937377930e-01,6.156640499830245972e-02,-4.710090458393096924e-01,4.853428807109594345e-03,-4.921491071581840515e-02,1.533582568168640137e+00,-4.640863537788391113e-01,-1.502999514341354370e-01,-4.377014338970184326e-01,-4.693236947059631348e-02,-2.420967631042003632e-02,6.340679526329040527e-01,-3.122682571411132812e-01,-4.777524247765541077e-02
1.117406934499740601e-01,-1.481080055236816406e+00,9.041317105293273926e-01,1.072851009666919708e-03,-1.146675087511539459e-03,6.832089424133300781e-01,7.302212715148925781e-01,1.467782538384199142e-02,3.374716341495513916e-01,-5.667819380760192871e-01,-1.250169634819030762e+00,1.350101530551910400e-01,-1.241124272346496582e-01,1.837434470653533936e-01,1.973757445812225342e-01,-4.538480937480926514e-01,3.855252563953399658e-01,-8.926692008972167969e-01,1.030354276299476624e-01,8.550184220075607300e-02,-3.565724492073059082e-01,7.592739164829254150e-02,-3.298323154449462891e-01,-5.607024207711219788e-02,-1.081922650337219238e-01,1.375541806221008301e+00,-4.819834828376770020e-01,-2.424468100070953369e-01,-4.220485389232635498e-01,-4.122899845242500305e-02,-1.076056808233261108e-02,4.029686152935028076e-01,-8.446115255355834961e-02,-3.024485148489475250e-02
1.064025387167930603e-01,-1.543176293373107910e+00,9.180465936660766602e-01,3.216912504285573959e-03,-3.621076699346303940e-03,6.641458272933959961e-01,7.475873231887817383e-01,5.601621791720390320e-02,3.306942582130432129e-01,-5.705807209014892578e-01,-1.266090631484985352e+00,1.254899948835372925e-01,-1.267561763525009155e-01,1.445328742265701294e-01,2.056929618120193481e-01,-4.308941960334777832e-01,3.923172950744628906e-01,-8.802729249000549316e-01,9.571217745542526245e-02,5.539963394403457642e-02,-3.124055266380310059e-01,9.349150955677032471e-02,-2.192652076482772827e-01,-1.147908866405487061e-01,-1.383758485317230225e-01,1.212332129478454590e+00,-4.715083837509155273e-01,-2.610000073909759521e-01,-4.233636856079101562e-01,-7.552459090948104858e-02,-2.185163088142871857e-02,2.238782644271850586e-01,1.551596671342849731e-01,2.575125396251678467e-01
1.015159189701080322e-01,-1.606630802154541016e+00,9.224888086318969727e-01,-5.072193453088402748e-04,6.012078374624252319e-04,6.448338031768798828e-01,7.643224000930786133e-01,8.050982654094696045e-02,3.376728594303131104e-01,-5.657606124877929688e-01,-1.288771033287048340e+00,1.053490713238716125e-01,-1.373996287584304810e-01,1.177989616990089417e-01,1.693462878465652466e-01,-4.209563136100769043e-01,4.131317436695098877e-01,-8.818365931510925293e-01,1.107790172100067139e-01,3.761292994022369385e-02,-2.670096457004547119e-01,9.046228975057601929e-02,-1.701020449399948120e-01,-1.098110377788543701e-01,-7.447417825460433960e-02,1.060338377952575684e+00,-4.156098067760467529e-01,-2.152797579765319824e-01,-4.902424514293670654e-01,-7.622887939214706421e-02,-2.623265422880649567e-02,3.041650652885437012e-01,4.897368326783180237e-02,2.610000073909759521e-01
9.668309986591339111e-02,-1.672159433364868164e+00,9.179654121398925781e-01,-4.597359336912631989e-03,5.658251699060201645e-03,6.305782794952392578e-01,7.760913968086242676e-01,8.189287036657333374e-02,3.507376015186309814e-01,-5.707763433456420898e-01,-1.306651949882507324e+00,1.096204966306686401e-01,-1.501560360193252563e-01,1.010252609848976135e-01,1.081999689340591431e-01,-4.295011162757873535e-01,4.568907320499420166e-01,-8.947222828865051270e-01,1.309526711702346802e-01,4.649521410465240479e-02,-2.686262130737304688e-01,7.616126537322998047e-02,-1.525975912809371948e-01,-9.857875853776931763e-02,9.007397107779979706e-03,8.993377685546875000e-01,-3.030615150928497314e-01,-6.966934353113174438e-02,-5.937809944152832031e-01,-8.484014868736267090e-02,-5.897463858127593994e-02,5.518839955329895020e-01,1.199231948703527451e-02,2.530543804168701172e-01
9.248727560043334961e-02,-1.737014174461364746e+00,9.024122953414916992e-01,-7.443863432854413986e-03,9.334034286439418793e-03,6.234565973281860352e-01,7.817667722702026367e-01,6.768695265054702759e-02,3.716079890727996826e-01,-5.823531746864318848e-01,-1.302698254585266113e+00,1.108839139342308044e-01,-1.612103134393692017e-01,9.829543530941009521e-02,3.405105695128440857e-02,-4.383527040481567383e-01,4.997993707656860352e-01,-9.002348780632019043e-01,1.399515569210052490e-01,5.775620788335800171e-02,-2.811707556247711182e-01,6.151116639375686646e-02,-9.285908192396163940e-02,-1.015983745455741882e-01,1.354384608566761017e-02,7.283618450164794922e-01,-6.768502593040466309e-01,7.896972447633743286e-02,-7.304418683052062988e-01,-8.507508784532546997e-02,-4.610522463917732239e-02,9.507458806037902832e-01,-6.049137935042381287e-02,1.890503466129302979e-01
9.002669155597686768e-02,-1.800814270973205566e+00,8.767400979995727539e-01,-7.262166589498519897e-03,9.084070101380348206e-03,6.243859529495239258e-01,7.810294032096862793e-01,5.506718531250953674e-02,3.838016390800476074e-01,-5.971029996871948242e-01,-1.292533516883850098e+00,8.722972869873046875e-02,-1.597966104745864868e-01,1.141287088394165039e-01,-2.750267460942268372e-02,-4.602736830711364746e-01,5.178658962249755859e-01,-9.155483841896057129e-01,1.483501493930816650e-01,7.143372297286987305e-02,-2.825140058994293213e-01,3.742511197924613953e-02,-1.385690122842788696e-01,-9.092451632022857666e-02,2.328237146139144897e-02,7.141422629356384277e-01,-6.913020610809326172e-01,1.237806677818298340e-01,-8.486391305923461914e-01,-9.113096445798873901e-02,-7.644178345799446106e-03,1.385134577751159668e+00,-1.746291369199752808e-01,1.608752757310867310e-01
9.031869471073150635e-02,-1.866293907165527344e+00,8.534990549087524414e-01,-1.271588541567325592e-02,1.551377214491367340e-02,6.337908506393432617e-01,7.732443213462829590e-01,3.241290152072906494e-02,3.907081782817840576e-01,-6.032968163490295410e-01,-1.268584489822387695e+00,6.252866238355636597e-02,-1.714592725038528442e-01,1.409930884838104248e-01,-7.989941537380218506e-02,-4.821386337280273438e-01,5.115677118301391602e-01,-9.441567659378051758e-01,1.550573110580444336e-01,1.026864424347877502e-01,-3.157925307750701904e-01,2.376146987080574036e-02,-2.969702184200286865e-01,-5.123971402645111084e-02,4.557272791862487793e-02,8.132712841033935547e-01,-6.851363778114318848e-01,1.106792241334915161e-01,-9.179416298866271973e-01,-1.195248290896415710e-01,1.400555949658155441e-03,1.718553781509399414e+00,-2.565640211105346680e-01,1.152743175625801086e-01
9.051624685525894165e-02,-1.928976774215698242e+00,8.445276618003845215e-01,-1.389823853969573975e-02,1.621704548597335815e-02,6.505866050720214844e-01,7.591316699981689453e-01,3.502307459712028503e-02,3.750807046890258789e-01,-6.026517152786254883e-01,-1.229157328605651855e+00,2.493414841592311859e-02,-1.671305000782012939e-01,1.660481691360473633e-01,-9.308505803346633911e-02,-4.850117266178131104e-01,4.756093621253967285e-01,-9.429685473442077637e-01,2.276209145784378052e-01,1.274019032716751099e-01,-3.282679319381713867e-01,-2.666382817551493645e-03,-4.699350893497467041e-01,-3.055551461875438690e-02,2.904942072927951813e-02,9.343740344047546387e-01,-6.235681772232055664e-01,9.527833014726638794e-02,-8.763334751129150391e-01,-1.371831148862838745e-01,1.989305205643177032e-02,1.916074395179748535e+00,-3.164198696613311768e-01,7.557460665702819824e-02
9.099297970533370972e-02,-1.989061594009399414e+00,8.495979905128479004e-01,-1.291548181325197220e-02,1.449605915695428848e-02,6.651039719581604004e-01,7.464983463287353516e-01,6.243440136313438416e-02,3.618441522121429443e-01,-5.796728730201721191e-01,-1.215162038803100586e+00,1.527590118348598480e-02,-1.475940048694610596e-01,1.771470904350280762e-01,-8.443709462881088257e-02,-4.737751483917236328e-01,4.445868432521820068e-01,-9.593194723129272461e-01,2.522135674953460693e-01,1.226318255066871643e-01,-3.140351772308349609e-01,-5.368936061859130859e-02,-5.462654829025268555e-01,-8.691253024153411388e-04,4.752154648303985596e-02,8.920194506645202637e-01,-5.009603500366210938e-01,7.396504282951354980e-02,-7.590250372886657715e-01,-1.180889829993247986e-01,6.101631000638008118e-02,1.976497530937194824e+00,-3.686529099941253662e-01,7.571852207183837891e-02
9.327092766761779785e-02,-2.050724029541015625e+00,8.641452193260192871e-01,-9.778329171240329742e-03,1.071468461304903030e-02,6.740238666534423828e-01,7.385671138763427734e-01,1.123238056898117065e-01,3.556605577468872070e-01,-5.398792624473571777e-01,-1.229616522789001465e+00,6.233146041631698608e-02,-1.579324454069137573e-01,1.773747354745864868e-01,-8.798491209745407104e-02,-4.732791185379028320e-01,4.871777296066284180e-01,-1.000201106071472168e+00,1.970633715391159058e-01,1.274738162755966187e-01,-3.198100030422210693e-01,-9.736144542694091797e-02,-5.582644939422607422e-01,2.574858441948890686e-02,6.600712239742279053e-02,7.430298328399658203e-01,-3.336026370525360107e-01,5.341282114386558533e-02,-5.992302894592285156e-01,-7.676557451486587524e-02,1.171848922967910767e-01,1.904569029808044434e+00,-3.771438896656036377e-01,1.469491124153137207e-01
9.794255346059799194e-02,-2.115452766418457031e+00,8.830379843711853027e-01,-3.176664467900991440e-03,3.379343077540397644e-03,6.849120259284973145e-01,7.286109924316406250e-01,1.652105152606964111e-01,3.552928864955902100e-01,-5.048759579658508301e-01,-1.243611097335815430e+00,1.064701676368713379e-01,-1.629831045866012573e-01,1.691309064626693726e-01,-7.736618816852569580e-02,-4.710932075977325439e-01,5.392315983772277832e-01,-1.055323958396911621e+00,1.749722510576248169e-01,1.095873266458511353e-01,-3.135163784027099609e-01,-1.243996620178222656e-01,-5.163190364837646484e-01,3.674178197979927063e-02,2.769459970295429230e-02,5.001080632209777832e-01,-1.054968163371086121e-01,2.277259714901447296e-02,-4.070506691932678223e-01,4.034147597849369049e-03,1.867108345031738281e-01,1.732280611991882324e+00,-3.969619572162628174e-01,2.609601318836212158e-01
1.051849499344825745e-01,-2.181339979171752930e+00,8.981750607490539551e-01,-4.918537451885640621e-04,5.041732802055776119e-04,6.983072161674499512e-01,7.157978415489196777e-01,1.967022418975830078e-01,3.603143393993377686e-01,-4.807728528976440430e-01,-1.261873364448547363e+00,1.239428520202636719e-01,-1.562520712614059448e-01,1.697601526975631714e-01,-6.676802784204483032e-02,-4.647067487239837646e-01,5.761463642120361328e-01,-1.093075275421142578e+00,1.735222190618515015e-01,6.963580846786499023e-02,-3.271592855453491211e-01,-1.484317481517791748e-01,-4.872262775897979736e-01,8.697573095560073853e-02,4.634606465697288513e-02,2.471453398466110229e-01,1.589916646480560303e-01,-1.705473661422729492e-01,-2.438654452562332153e-01,6.461624056100845337e-02,2.199590206146240234e-01,1.494759440422058105e+00,-3.995614945888519287e-01,2.610000073909759521e-01
1.098379865288734436e-01,-2.247799158096313477e+00,9.019582271575927734e-01,4.541691741906106472e-04,-4.464490921236574650e-04,7.131417393684387207e-01,7.010195851325988770e-01,2.018354237079620361e-01,3.481709361076354980e-01,-4.815092086791992188e-01,-1.292773246765136719e+00,1.288224011659622192e-01,-1.491439938545227051e-01,1.622017025947570801e-01,-4.540837556123733521e-02,-4.883426427841186523e-01,5.874691009521484375e-01,-1.114406943321228027e+00,1.605378091335296631e-01,1.787405461072921753e-02,-3.444333970546722412e-01,-1.254215687513351440e-01,-4.886647462844848633e-01,8.223982155323028564e-02,2.413318455219268799e-01,1.623674184083938599e-01,1.303727924823760986e-01,-2.610000073909759521e-01,-1.166050210595130920e-01,1.974356919527053833e-02,1.513689756393432617e-01,1.239012837409973145e+00,-3.727892041206359863e-01,2.610000073909759521e-01
1.178403422236442566e-01,-2.318279266357421875e+00,8.996182680130004883e-01,2.421117387712001801e-03,-2.296726917847990990e-03,7.254942059516906738e-01,6.882202029228210449e-01,1.778575330972671509e-01,3.625865280628204346e-01,-4.973438978195190430e-01,-1.331107020378112793e+00,1.277148723602294922e-01,-1.400575488805770874e-01,1.448165476322174072e-01,-2.230169810354709625e-02,-5.010338425636291504e-01,5.803551673889160156e-01,-1.119304776191711426e+00,1.410503834486007690e-01,-8.141616359353065491e-03,-3.471497297286987305e-01,-1.345083266496658325e-01,-5.277888774871826172e-01,1.092804893851280212e-01,2.959583699703216553e-01,2.930502593517303467e-01,4.976466670632362366e-02,-2.610000073909759521e-01,-8.958680555224418640e-03,-1.016561780124902725e-02,2.405700273811817169e-02,9.383065104484558105e-01,-3.035357892513275146e-01,1.139589399099349976e-01
1.270005851984024048e-01,-2.390191316604614258e+00,8.863070607185363770e-01,-3.107136813923716545e-03,2.881162101402878761e-03,7.332617044448852539e-01,6.799333095550537109e-01,1.084032505750656128e-01,3.710591793060302734e-01,-5.186228752136230469e-01,-1.346580624580383301e+00,1.130973249673843384e-01,-1.500859558582305908e-01,1.381628215312957764e-01,-2.260437235236167908e-02,-5.212990045547485352e-01,5.611314773559570312e-01,-1.087486863136291504e+00,1.576397269964218140e-01,7.579583674669265747e-03,-3.608719408512115479e-01,-1.193500906229019165e-01,-6.547776460647583008e-01,1.243561655282974243e-01,2.713368535041809082e-01,6.222479939460754395e-01,-7.014242559671401978e-02,-2.609999775886535645e-01,1.041576266288757324e-01,1.644398644566535950e-02,-2.517241239547729492e-02,6.575921773910522461e-01,-7.848015427589416504e-01,-2.024584636092185974e-02
1.320278644561767578e-01,-2.462939500808715820e+00,8.635515570640563965e-01,-1.154816243797540665e-02,1.073655299842357635e-02,7.322829961776733398e-01,6.808178424835205078e-01,2.899077907204627991e-02,3.759553730487823486e-01,-5.270462632179260254e-01,-1.353879094123840332e+00,8.177436143159866333e-02,-1.581171005964279175e-01,1.527411043643951416e-01,-3.385494276881217957e-02,-5.382671356201171875e-01,5.451502799987792969e-01,-1.032923221588134766e+00,1.957791447639465332e-01,4.539937153458595276e-02,-3.548553586006164551e-01,-9.276081621646881104e-02,-8.192768096923828125e-01,1.348638087511062622e-01,2.261169850826263428e-01,1.051765799522399902e+00,-1.866254955530166626e-01,-2.176506966352462769e-01,1.595524698495864868e-02,3.551874309778213501e-02,-3.926037624478340149e-02,6.470208764076232910e-01,-7.856066823005676270e-01,-9.632541239261627197e-02
1.340958774089813232e-01,-2.536299705505371094e+00,8.438991308212280273e-01,-1.877693273127079010e-02,1.805278658866882324e-02,7.206259965896606445e-01,6.928344964981079102e-01,-2.801193296909332275e-02,3.838080465793609619e-01,-5.172477960586547852e-01,-1.353572130203247070e+00,5.554283410310745239e-02,-1.615015417337417603e-01,1.763771474361419678e-01,-4.326882585883140564e-02,-5.459008216857910156e-01,5.455963611602783203e-01,-9.869711995124816895e-01,2.394725978374481201e-01,7.031679898500442505e-02,-3.610220253467559814e-01,-7.513933628797531128e-02,-9.066547155380249023e-01,1.930592656135559082e-01,2.532851696014404297e-01,1.409706234931945801e+00,-2.844635546207427979e-01,-1.377122849225997925e-01,-1.667894124984741211e-01,4.680144786834716797e-02,-2.555371820926666260e-02,7.638584375381469727e-01,-7.775300741195678711e-01,-1.251226514577865601e-01
1.375961899757385254e-01,-2.603780746459960938e+00,8.392719626426696777e-01,-2.033043280243873596e-02,2.041595801711082458e-02,7.053281068801879883e-01,7.082952260971069336e-01,-4.287286847829818726e-02,3.829314708709716797e-01,-5.032519698143005371e-01,-1.340963602066040039e+00,5.090763047337532043e-02,-1.608921289443969727e-01,1.770511716604232788e-01,-8.982862345874309540e-03,-5.264965295791625977e-01,5.128026008605957031e-01,-9.612345099449157715e-01,2.879738509654998779e-01,7.854175567626953125e-02,-3.680301308631896973e-01,-5.152180418372154236e-02,-8.775516152381896973e-01,2.415506243705749512e-01,2.868655622005462646e-01,1.633926391601562500e+00,-3.521157801151275635e-01,-1.590359024703502655e-02,-3.595852553844451904e-01,6.416479498147964478e-02,-7.720149587839841843e-03,9.129893779754638672e-01,-7.265265583992004395e-01,-1.491404622793197632e-01
1.394888609647750854e-01,-2.666669607162475586e+00,8.474649190902709961e-01,-1.911879703402519226e-02,1.978582143783569336e-02,6.946181654930114746e-01,7.188522815704345703e-01,-5.000126361846923828e-02,3.755114078521728516e-01,-5.206680893898010254e-01,-1.333896636962890625e+00,6.956060230731964111e-02,-1.515981256961822510e-01,1.783377230167388916e-01,6.213896349072456360e-02,-5.084565877914428711e-01,4.694240391254425049e-01,-9.636431336402893066e-01,2.598261535167694092e-01,7.273689657449722290e-02,-3.759513199329376221e-01,2.270197030156850815e-03,-7.789761424064636230e-01,2.162836194038391113e-01,2.811174690723419189e-01,1.721804380416870117e+00,-4.034215807914733887e-01,6.449988484382629395e-02,-4.533474445343017578e-01,5.034846439957618713e-02,-4.508874192833900452e-02,8.956028819084167480e-01,-6.163156628608703613e-01,-1.513619869947433472e-01
1.402203440666198730e-01,-2.729549646377563477e+00,8.656629920005798340e-01,-1.554445456713438034e-02,1.636137999594211578e-02,6.886006593704223633e-01,7.247895002365112305e-01,-5.658001080155372620e-02,3.789323270320892334e-01,-5.708711743354797363e-01,-1.347193479537963867e+00,9.292812645435333252e-02,-1.474362611770629883e-01,1.937048137187957764e-01,1.493882685899734497e-01,-4.921470284461975098e-01,4.437874853610992432e-01,-9.847136139869689941e-01,2.186596095561981201e-01,6.052004173398017883e-02,-3.664891719818115234e-01,5.585637688636779785e-02,-6.467300653457641602e-01,1.469368338584899902e-01,2.249009460210800171e-01,1.693525552749633789e+00,-4.270574152469635010e-01,5.523482710123062134e-02,-4.722652435302734375e-01,3.743669390678405762e-02,-8.805849403142929077e-02,7.516564726829528809e-01,-4.457144439220428467e-01,-1.528571695089340210e-01
1.383720934391021729e-01,-2.793890237808227539e+00,8.893402218818664551e-01,-1.406185701489448547e-02,1.521385554224252701e-02,6.786111593246459961e-01,7.342054843902587891e-01,-4.706633090972900391e-02,3.737657964229583740e-01,-5.969210863113403320e-01,-1.366284847259521484e+00,1.089773625135421753e-01,-1.561794877052307129e-01,1.868256032466888428e-01,2.049822211265563965e-01,-4.796976149082183838e-01,4.509837627410888672e-01,-9.852017164230346680e-01,2.223223894834518433e-01,5.372411385178565979e-02,-3.454661667346954346e-01,9.044177085161209106e-02,-5.089987516403198242e-01,5.001140758395195007e-02,1.495511978864669800e-01,1.568994879722595215e+00,-4.289488196372985840e-01,-3.613345557823777199e-03,-4.608548283576965332e-01,3.289147093892097473e-02,-8.163926750421524048e-02,5.259931683540344238e-01,-2.245708107948303223e-01,-1.415253579616546631e-01
1.339899003505706787e-01,-2.860079288482666016e+00,9.106630682945251465e-01,-1.460112258791923523e-02,1.647629775106906891e-02,6.630738377571105957e-01,7.482302188873291016e-01,-1.537862420082092285e-02,3.609936237335205078e-01,-5.898452401161193848e-01,-1.391185402870178223e+00,1.119181960821151733e-01,-1.604417711496353149e-01,1.628668010234832764e-01,2.208524793386459351e-01,-4.730618894100189209e-01,4.756721854209899902e-01,-9.690207839012145996e-01,2.364419251680374146e-01,3.509508818387985229e-02,-2.996998727321624756e-01,1.183784902095794678e-01,-3.841795921325683594e-01,-5.411004275083541870e-02,5.500056967139244080e-02,1.386798620223999023e+00,-4.115271866321563721e-01,-9.930674731731414795e-02,-4.581675827503204346e-01,1.124528143554925919e-02,-7.077901810407638550e-02,2.952229976654052734e-01,4.550344496965408325e-02,-2.928487211465835571e-02
1.276846826076507568e-01,-2.927089214324951172e+00,9.213984608650207520e-01,-1.510186586529016495e-02,1.782799512147903442e-02,6.461806893348693848e-01,7.628267407417297363e-01,2.043773047626018524e-02,3.551489710807800293e-01,-5.754467844963073730e-01,-1.423585176467895508e+00,1.116056740283966064e-01,-1.588428318500518799e-01,1.381592899560928345e-01,2.084818482398986816e-01,-4.758788943290710449e-01,5.090826153755187988e-01,-9.578773975372314453e-01,2.496937513351440430e-01,2.447757404297590256e-03,-2.600258588790893555e-01,1.092806234955787659e-01,-2.699851095676422119e-01,-1.057800501585006714e-01,2.581077069044113159e-02,1.186587572097778320e+00,-3.821031749248504639e-01,-1.465822458267211914e-01,-4.887028634548187256e-01,-1.836256124079227448e-02,-2.750420942902565002e-02,2.501181066036224365e-01,5.035760626196861267e-02,2.481324523687362671e-01
1.223058626055717468e-01,-2.996083259582519531e+00,9.231761097908020020e-01,-1.714979857206344604e-02,2.097308449447154999e-02,6.327843666076660156e-01,7.738539576530456543e-01,3.422175720334053040e-02,3.661198914051055908e-01,-5.695048570632934570e-01,-1.463479280471801758e+00,1.179354190826416016e-01,-1.576269268989562988e-01,1.203840449452400208e-01,1.671151518821716309e-01,-4.863859117031097412e-01,5.505025982856750488e-01,-9.725258350372314453e-01,2.431209683418273926e-01,-1.085219159722328186e-02,-2.458540052175521851e-01,9.467253088951110840e-02,-1.985388994216918945e-01,-1.074576526880264282e-01,4.390649497509002686e-02,9.884390830993652344e-01,-2.985050082206726074e-01,-1.111068800091743469e-01,-5.689136981964111328e-01,-2.137393318116664886e-02,-1.626936718821525574e-02,4.311996400356292725e-01,1.076273899525403976e-02,2.288423776626586914e-01
1.178576573729515076e-01,-3.065562486648559570e+00,9.149037003517150879e-01,-1.798828877508640289e-02,2.249165438115596771e-02,6.243293881416320801e-01,7.806301116943359375e-01,3.201975673437118530e-02,3.853054642677307129e-01,-5.689808726310729980e-01,-1.484321594238281250e+00,1.165355741977691650e-01,-1.651460528373718262e-01,1.075795143842697144e-01,9.907442331314086914e-02,-4.987541437149047852e-01,5.998253226280212402e-01,-9.849637150764465332e-01,2.511639893054962158e-01,1.357869594357907772e-03,-2.657094001770019531e-01,7.026892155408859253e-02,-1.070922613143920898e-01,-1.024393513798713684e-01,5.209378898143768311e-02,7.802518010139465332e-01,-5.804269909858703613e-01,2.408766001462936401e-02,-6.791392564773559570e-01,-2.124122716486454010e-02,-3.264225646853446960e-02,7.766098380088806152e-01,-3.271324932575225830e-02,1.702341139316558838e-01
1.147297024726867676e-01,-3.133981227874755859e+00,8.947548270225524902e-01,-1.711579225957393646e-02,2.148693799972534180e-02,6.228213310241699219e-01,7.818816900253295898e-01,2.375506982207298279e-02,4.020377397537231445e-01,-5.772198438644409180e-01,-1.481816649436950684e+00,8.912125229835510254e-02,-1.741364449262619019e-01,1.110878065228462219e-01,2.700870111584663391e-02,-5.079835057258605957e-01,6.285228729248046875e-01,-9.851499795913696289e-01,2.524174749851226807e-01,2.300823293626308441e-02,-2.813799381256103516e-01,4.162174835801124573e-02,-7.757173478603363037e-02,-1.052220836281776428e-01,3.020416013896465302e-02,6.493171453475952148e-01,-6.923285126686096191e-01,1.079760640859603882e-01,-7.999993562698364258e-01,-1.712596602737903595e-02,-2.874705009162425995e-03,1.223115801811218262e+00,-1.341283917427062988e-01,1.504355967044830322e-01
1.143055111169815063e-01,-3.204269170761108398e+00,8.709850907325744629e-01,-2.010191045701503754e-02,2.481784299015998840e-02,6.290903687477111816e-01,7.766757607460021973e-01,-3.098281100392341614e-03,4.125847816467285156e-01,-5.880924463272094727e-01,-1.453903794288635254e+00,7.033199071884155273e-02,-1.735012680292129517e-01,1.157728731632232666e-01,-3.933202102780342102e-02,-5.133050680160522461e-01,6.260367035865783691e-01,-9.873918294906616211e-01,2.440424561500549316e-01,5.216881632804870605e-02,-3.021487891674041748e-01,2.452446334064006805e-02,-2.127953916788101196e-01,-7.786270976066589355e-02,7.614605873823165894e-02,7.301926016807556152e-01,-6.851090788841247559e-01,1.314333826303482056e-01,-8.851118087768554688e-01,-4.174571111798286438e-02,2.210324164479970932e-03,1.612446427345275879e+00,-2.252213805913925171e-01,1.132037565112113953e-01
1.139729917049407959e-01,-3.274236917495727539e+00,8.567384481430053711e-01,-2.359639666974544525e-02,2.774716727435588837e-02,6.473987102508544922e-01,7.612806558609008789e-01,-2.694727294147014618e-02,4.004436135292053223e-01,-6.109405755996704102e-01,-1.400848984718322754e+00,3.572583943605422974e-02,-1.664659082889556885e-01,1.320831030607223511e-01,-6.763303279876708984e-02,-5.088967680931091309e-01,5.850937962532043457e-01,-9.834998846054077148e-01,2.867336571216583252e-01,8.720352500677108765e-02,-3.227573931217193604e-01,4.860024899244308472e-03,-3.920200467109680176e-01,-6.282941997051239014e-02,6.341282278299331665e-02,8.473242521286010742e-01,-6.490526795387268066e-01,1.321711093187332153e-01,-8.811533451080322266e-01,-8.707477897405624390e-02,6.371610332280397415e-03,1.879228830337524414e+00,-3.005842268466949463e-01,7.955133914947509766e-02
1.134701147675514221e-01,-3.339371204376220703e+00,8.579069972038269043e-01,-2.332988381385803223e-02,2.618402987718582153e-02,6.648333072662353516e-01,7.461680769920349121e-01,-1.595753431320190430e-02,3.813486695289611816e-01,-6.052851676940917969e-01,-1.358351826667785645e+00,-3.928563743829727173e-02,-1.491441130638122559e-01,1.429808735847473145e-01,-7.928664237260818481e-02,-4.867618381977081299e-01,5.483636260032653809e-01,-9.776834249496459961e-01,3.291420936584472656e-01,8.145087957382202148e-02,-3.030126690864562988e-01,-4.214752092957496643e-02,-5.185366868972778320e-01,-3.983208164572715759e-02,6.536702811717987061e-02,8.784071803092956543e-01,-5.389316082000732422e-01,1.109617277979850769e-01,-7.771152853965759277e-01,-9.963428229093551636e-02,3.391033411026000977e-02,1.999463677406311035e+00,-3.683623969554901123e-01,6.852582097053527832e-02
1.145978346467018127e-01,-3.404447317123413086e+00,8.696404099464416504e-01,-2.021578699350357056e-02,2.220647223293781281e-02,6.728810667991638184e-01,7.391409277915954590e-01,3.358599543571472168e-02,3.706906437873840332e-01,-5.665206313133239746e-01,-1.352632880210876465e+00,-5.979214236140251160e-02,-1.489169150590896606e-01,1.494058966636657715e-01,-1.088210344314575195e-01,-4.730635881423950195e-01,5.961955785751342773e-01,-1.000993251800537109e+00,3.065783083438873291e-01,9.032647311687469482e-02,-3.079582452774047852e-01,-9.275855123996734619e-02,-5.570461153984069824e-01,-8.705097250640392303e-03,9.930664300918579102e-02,7.706432938575744629e-01,-3.841956853866577148e-01,9.250289946794509888e-02,-6.240383982658386230e-01,-7.803530991077423096e-02,8.919845521450042725e-02,1.980190277099609375e+00,-3.878808319568634033e-01,9.733303636312484741e-02
1.181415468454360962e-01,-3.472187042236328125e+00,8.883354067802429199e-01,-1.368971634656190872e-02,1.467498205602169037e-02,6.819961667060852051e-01,7.310803532600402832e-01,9.935770928859710693e-02,3.708491027355194092e-01,-5.331563353538513184e-01,-1.370264172554016113e+00,-2.039571292698383331e-02,-1.516714543104171753e-01,1.447195261716842651e-01,-1.221684738993644714e-01,-4.623861908912658691e-01,6.532387137413024902e-01,-1.060830235481262207e+00,2.787190675735473633e-01,8.582259714603424072e-02,-3.114174604415893555e-01,-1.329474151134490967e-01,-5.345787405967712402e-01,6.636157631874084473e-03,7.466638088226318359e-02,5.595358610153198242e-01,-1.722530871629714966e-01,6.540676206350326538e-02,-4.360213577747344971e-01,-9.135790169239044189e-03,1.713003963232040405e-01,1.834779858589172363e+00,-3.962723314762115479e-01,2.159904837608337402e-01
1.247531473636627197e-01,-3.540720224380493164e+00,9.068825840950012207e-01,-1.139820832759141922e-02,1.182023994624614716e-02,6.940457820892333984e-01,7.197436094284057617e-01,1.468232572078704834e-01,3.735323250293731689e-01,-5.092719197273254395e-01,-1.385347008705139160e+00,1.132203172892332077e-02,-1.528928428888320923e-01,1.365644782781600952e-01,-1.267586648464202881e-01,-4.486583471298217773e-01,6.805108785629272461e-01,-1.112932443618774414e+00,2.530053555965423584e-01,5.436022952198982239e-02,-3.325934708118438721e-01,-1.718691736459732056e-01,-5.109530091285705566e-01,3.824272379279136658e-02,4.194174706935882568e-02,3.116378784179687500e-01,8.792044967412948608e-02,-4.755035508424043655e-03,-2.699673473834991455e-01,4.512118920683860779e-02,2.358762025833129883e-01,1.596304893493652344e+00,-3.972007632255554199e-01,2.610000073909759521e-01
1.305301785469055176e-01,-3.610462903976440430e+00,9.162190556526184082e-01,-5.799473728984594345e-03,5.766001064330339432e-03,7.091265916824340820e-01,7.050337195396423340e-01,1.864956915378570557e-01,3.801544308662414551e-01,-5.152075886726379395e-01,-1.409458756446838379e+00,4.920681938529014587e-02,-1.498881131410598755e-01,1.299803853034973145e-01,-1.011229902505874634e-01,-4.380374550819396973e-01,6.800474524497985840e-01,-1.144231319427490234e+00,2.192817926406860352e-01,1.538117229938507080e-02,-3.630925416946411133e-01,-1.816684752702713013e-01,-4.773207902908325195e-01,7.948197424411773682e-02,1.425155401229858398e-01,1.241934224963188171e-01,2.409048229455947876e-01,-2.610000073909759521e-01,-1.035143360495567322e-01,3.378969058394432068e-02,2.303209155797958374e-01,1.296360731124877930e+00,-3.744747340679168701e-01,2.610000073909759521e-01
1.375505477190017700e-01,-3.683999776840209961e+00,9.167306423187255859e-01,-5.753996782004833221e-03,5.532068200409412384e-03,7.208489775657653809e-01,6.930462121963500977e-01,1.809284389019012451e-01,3.907339274883270264e-01,-5.351719856262207031e-01,-1.435737371444702148e+00,8.796379715204238892e-02,-1.327483803033828735e-01,1.171913295984268188e-01,-9.191474318504333496e-02,-4.423618912696838379e-01,6.704123616218566895e-01,-1.166924476623535156e+00,1.915531605482101440e-01,-1.553269103169441223e-02,-3.629345297813415527e-01,-1.817181408405303955e-01,-5.268032550811767578e-01,8.923009037971496582e-02,2.029194235801696777e-01,2.177309095859527588e-01,1.720809638500213623e-01,-2.610000073909759521e-01,1.187100727111101151e-02,1.024096924811601639e-02,1.815223544836044312e-01,9.659305810928344727e-01,-2.938694059848785400e-01,1.923871636390686035e-01
1.463281214237213135e-01,-3.759463071823120117e+00,9.077484011650085449e-01,-1.082494389265775681e-02,1.017180085182189941e-02,7.286697626113891602e-01,6.847041249275207520e-01,1.292092651128768921e-01,3.990551233291625977e-01,-5.569064021110534668e-01,-1.439246892929077148e+00,8.252884447574615479e-02,-1.318045705556869507e-01,9.793999791145324707e-02,-1.063308864831924438e-01,-4.618217051029205322e-01,6.676622629165649414e-01,-1.161495923995971680e+00,1.968845725059509277e-01,-1.890896447002887726e-02,-3.748454749584197998e-01,-1.499129980802536011e-01,-6.361700296401977539e-01,8.292008936405181885e-02,2.041901350021362305e-01,4.875941276550292969e-01,4.525805264711380005e-02,-2.610000073909759521e-01,1.249593496322631836e-01,7.964050397276878357e-03,1.302115470170974731e-01,6.323908567428588867e-01,-5.684498548507690430e-01,9.474734216928482056e-02
1.524142771959304810e-01,-3.835749387741088867e+00,8.871537446975708008e-01,-1.788140460848808289e-02,1.658583432435989380e-02,7.329499721527099609e-01,6.798452138900756836e-01,5.551563575863838196e-02,3.978806138038635254e-01,-5.768784880638122559e-01,-1.425936937332153320e+00,5.311667174100875854e-02,-1.430246382951736450e-01,9.769994020462036133e-02,-1.219641268253326416e-01,-4.862532615661621094e-01,6.596865653991699219e-01,-1.122036814689636230e+00,2.259949296712875366e-01,9.179541841149330139e-03,-3.827272057533264160e-01,-1.159048676490783691e-01,-7.991861104965209961e-01,6.881155073642730713e-02,2.006997913122177124e-01,9.114031791687011719e-01,-9.087137132883071899e-02,-2.076391279697418213e-01,1.382247358560562134e-01,3.329647332429885864e-02,1.126050427556037903e-01,4.901570975780487061e-01,-7.459452152252197266e-01,-1.004908829927444458e-01
1.562284529209136963e-01,-3.911935567855834961e+00,8.642148971557617188e-01,-2.519790269434452057e-02,2.365685254335403442e-02,7.286131978034973145e-01,6.840528249740600586e-01,-9.590785019099712372e-03,4.042126238346099854e-01,-5.792072415351867676e-01,-1.404098272323608398e+00,2.255280129611492157e-02,-1.456112414598464966e-01,1.209114044904708862e-01,-1.357980519533157349e-01,-4.983672201633453369e-01,6.542094945907592773e-01,-1.076964497566223145e+00,2.587284743785858154e-01,4.402919858694076538e-02,-3.659528195858001709e-01,-9.436283260583877563e-02,-9.253507256507873535e-01,1.059159040451049805e-01,2.267718762159347534e-01,1.324943423271179199e+00,-2.217597067356109619e-01,-1.257656514644622803e-01,-1.549705490469932556e-02,5.476907268166542053e-02,7.777945697307586670e-02,5.797875523567199707e-01,-7.461211085319519043e-01,-1.378650367259979248e-01
1.599431484937667847e-01,-3.985981702804565430e+00,8.509548902511596680e-01,-2.934404090046882629e-02,2.849925495684146881e-02,7.167569398880004883e-01,6.961222290992736816e-01,-2.927294373512268066e-02,4.035495221614837646e-01,-5.605589747428894043e-01,-1.376587867736816406e+00,-1.544864941388368607e-02,-1.329778581857681274e-01,1.325087398290634155e-01,-1.232384741306304932e-01,-4.917704463005065918e-01,6.326245665550231934e-01,-1.040725708007812500e+00,3.223380744457244873e-01,7.443837076425552368e-02,-3.540127873420715332e-01,-9.008746594190597534e-02,-9.483005404472351074e-01,1.765110045671463013e-01,2.811942100524902344e-01,1.618411779403686523e+00,-3.022638261318206787e-01,-1.318893302232027054e-02,-2.220074683427810669e-01,9.162185341119766235e-02,1.066685318946838379e-01,7.494993209838867188e-01,-7.354660034179687500e-01,-1.653199046850204468e-01
1.640432476997375488e-01,-4.053214550018310547e+00,8.532252907752990723e-01,-3.093355894088745117e-02,3.104736655950546265e-02,7.051290273666381836e-01,7.077232599258422852e-01,-2.612072043120861053e-02,3.865278959274291992e-01,-5.496028661727905273e-01,-1.332447409629821777e+00,-6.167605891823768616e-02,-1.242123320698738098e-01,1.322641968727111816e-01,-7.261195778846740723e-02,-4.728557765483856201e-01,5.837293267250061035e-01,-1.010931015014648438e+00,3.312409520149230957e-01,7.379738986492156982e-02,-3.561474382877349854e-01,-4.985938221216201782e-02,-8.799416422843933105e-01,1.760857254266738892e-01,3.054133057594299316e-01,1.763780713081359863e+00,-3.586737215518951416e-01,9.482105076313018799e-02,-3.905366361141204834e-01,1.047082096338272095e-01,9.666339308023452759e-02,8.472896814346313477e-01,-6.602789163589477539e-01,-1.633314490318298340e-01
1.667903959751129150e-01,-4.117214679718017578e+00,8.684197664260864258e-01,-2.727306820452213287e-02,2.766867913305759430e-02,7.014670372009277344e-01,7.116422057151794434e-01,-2.100411616265773773e-02,3.806856870651245117e-01,-6.001797318458557129e-01,-1.310939311981201172e+00,-5.871661752462387085e-02,-1.109134852886199951e-01,1.619005799293518066e-01,9.716695174574851990e-03,-4.569029510021209717e-01,5.404959321022033691e-01,-1.005012273788452148e+00,2.735235393047332764e-01,7.604130357503890991e-02,-3.709035813808441162e-01,2.527876384556293488e-02,-7.528931498527526855e-01,9.890323877334594727e-02,2.515121698379516602e-01,1.780844807624816895e+00,-4.022563397884368896e-01,9.237958490848541260e-02,-4.325307905673980713e-01,7.656922936439514160e-02,1.184653677046298981e-02,7.483227252960205078e-01,-5.172473192214965820e-01,-1.540181934833526611e-01
1.673988103866577148e-01,-4.181998252868652344e+00,8.921855092048645020e-01,-2.423147112131118774e-02,2.475194633007049561e-02,6.991341114044189453e-01,7.141510248184204102e-01,-2.119888737797737122e-02,3.806374073028564453e-01,-6.622368693351745605e-01,-1.304137706756591797e+00,-2.250094525516033173e-02,-1.190652102231979370e-01,1.725741475820541382e-01,8.547344058752059937e-02,-4.459207057952880859e-01,5.251918435096740723e-01,-1.012227296829223633e+00,2.474171370267868042e-01,6.794200837612152100e-02,-3.726179897785186768e-01,7.277643680572509766e-02,-6.044369339942932129e-01,6.331357639282941818e-03,1.712020933628082275e-01,1.687238931655883789e+00,-4.027993679046630859e-01,3.841241821646690369e-02,-4.230305850505828857e-01,5.904604494571685791e-02,-1.172378845512866974e-02,5.393395423889160156e-01,-3.116413950920104980e-01,-1.420091688632965088e-01
1.647726893424987793e-01,-4.248522281646728516e+00,9.162051081657409668e-01,-2.359794825315475464e-02,2.465370856225490570e-02,6.910668015480041504e-01,7.219848036766052246e-01,-9.918694850057363510e-04,3.730492889881134033e-01,-6.818147897720336914e-01,-1.316337823867797852e+00,-5.244689527899026871e-03,-1.310717910528182983e-01,1.467625498771667480e-01,1.263285726308822632e-01,-4.373978078365325928e-01,5.338711142539978027e-01,-1.007583856582641602e+00,2.689004838466644287e-01,4.683395847678184509e-02,-3.413716852664947510e-01,1.026846468448638916e-01,-4.597277045249938965e-01,-8.424638211727142334e-02,9.590592235326766968e-02,1.521178483963012695e+00,-3.927974402904510498e-01,-7.608725689351558685e-03,-4.156684577465057373e-01,3.051483444869518280e-02,-8.772569708526134491e-03,3.059866726398468018e-01,-5.644677951931953430e-02,-8.139484375715255737e-02
1.598891168832778931e-01,-4.316040992736816406e+00,9.309708476066589355e-01,-2.379407919943332672e-02,2.581380493938922882e-02,6.773384809494018555e-01,7.348333597183227539e-01,3.722310438752174377e-02,3.691406250000000000e-01,-6.692713499069213867e-01,-1.347054123878479004e+00,2.080604620277881622e-02,-1.408042460680007935e-01,1.077076792716979980e-01,1.349265426397323608e-01,-4.353356361389160156e-01,5.544589757919311523e-01,-1.000721335411071777e+00,2.785356342792510986e-01,3.765946486964821815e-03,-2.863556444644927979e-01,1.195710822939872742e-01,-3.276034295558929443e-01,-1.568020880222320557e-01,3.324961289763450623e-02,1.318771243095397949e+00,-3.691172897815704346e-01,-5.985732376575469971e-02,-4.425501525402069092e-01,-2.915989235043525696e-02,-1.457263063639402390e-02,1.868630051612854004e-01,1.069611310958862305e-01,2.609530389308929443e-01
1.546954214572906494e-01,-4.386012077331542969e+00,9.362502098083496094e-01,-2.558615803718566895e-02,2.878477796912193298e-02,6.638664603233337402e-01,7.468588352203369141e-01,6.520971655845642090e-02,3.782241940498352051e-01,-6.561935544013977051e-01,-1.396193861961364746e+00,6.816637516021728516e-02,-1.367990970611572266e-01,7.962530851364135742e-02,1.125016957521438599e-01,-4.458844363689422607e-01,5.888496041297912598e-01,-1.013011455535888672e+00,2.698943316936492920e-01,-2.376140281558036804e-02,-2.499713003635406494e-01,9.918739646673202515e-02,-2.278346717357635498e-01,-1.819672286510467529e-01,1.439454779028892517e-02,1.095062494277954102e+00,-3.235035240650177002e-01,-9.495581686496734619e-02,-5.277140736579895020e-01,-3.304193168878555298e-02,2.729536965489387512e-02,3.345157206058502197e-01,2.634438686072826385e-02,2.584749758243560791e-01
1.508951187133789062e-01,-4.457159996032714844e+00,9.320775270462036133e-01,-2.754470892250537872e-02,3.181408345699310303e-02,6.539775133132934570e-01,7.553426623344421387e-01,7.127882540225982666e-02,3.993764817714691162e-01,-6.485168337821960449e-01,-1.439629197120666504e+00,9.727300703525543213e-02,-1.333116441965103149e-01,6.702545285224914551e-02,6.042586266994476318e-02,-4.638084173202514648e-01,6.363267898559570312e-01,-1.035888075828552246e+00,2.666033804416656494e-01,-1.618287153542041779e-02,-2.648784816265106201e-01,7.687948644161224365e-02,-1.629178076982498169e-01,-1.742597520351409912e-01,1.259716972708702087e-02,8.656662106513977051e-01,-2.296117395162582397e-01,-5.018697679042816162e-02,-6.352669000625610352e-01,-2.726204693317413330e-02,1.659343950450420380e-02,6.319979429244995117e-01,-1.608566939830780029e-02,2.281484603881835938e-01
1.484835743904113770e-01,-4.527253150939941406e+00,9.157696962356567383e-01,-2.870050258934497833e-02,3.326738998293876648e-02,6.525923609733581543e-01,7.564342617988586426e-01,6.126282736659049988e-02,4.271044135093688965e-01,-6.501455307006835938e-01,-1.459129333496093750e+00,9.408684819936752319e-02,-1.431258320808410645e-01,6.471920758485794067e-02,-1.452011056244373322e-03,-4.734656810760498047e-01,6.651769876480102539e-01,-1.039625167846679688e+00,2.652017474174499512e-01,2.001839224249124527e-03,-2.907097339630126953e-01,6.186933815479278564e-02,-7.011730223894119263e-02,-1.724909096956253052e-01,-4.529462754726409912e-02,6.523534059524536133e-01,-6.180119514465332031e-01,9.822043776512145996e-02,-7.698704600334167480e-01,-1.828227750957012177e-02,1.808626204729080200e-02,1.073640346527099609e+00,-1.125232651829719543e-01,1.715821772813796997e-01
1.477297991514205933e-01,-4.597638130187988281e+00,8.899910449981689453e-01,-2.974170818924903870e-02,3.393590450286865234e-02,6.584328413009643555e-01,7.512855529785156250e-01,4.655981063842773438e-02,4.448725581169128418e-01,-6.545242071151733398e-01,-1.470991611480712891e+00,7.633233815431594849e-02,-1.433832943439483643e-01,7.447864115238189697e-02,-5.732359737157821655e-02,-4.916903376579284668e-01,6.654282212257385254e-01,-1.043636322021484375e+00,2.614763975143432617e-01,2.484173700213432312e-02,-2.859075367450714111e-01,3.919390961527824402e-02,-9.926560521125793457e-02,-1.729045808315277100e-01,-5.502250418066978455e-02,6.065418720245361328e-01,-6.647743582725524902e-01,1.986982524394989014e-01,-8.741610050201416016e-01,-3.227708861231803894e-02,1.540793664753437042e-02,1.502812266349792480e+00,-2.199693769216537476e-01,1.231446862220764160e-01
1.473451405763626099e-01,-4.670133113861083984e+00,8.659391403198242188e-01,-3.714148700237274170e-02,4.112048447132110596e-02,6.692604422569274902e-01,7.409588694572448730e-01,2.300102077424526215e-02,4.517180919647216797e-01,-6.503998041152954102e-01,-1.469855546951293945e+00,7.097512483596801758e-02,-1.495250016450881958e-01,8.686831593513488770e-02,-1.142517775297164917e-01,-5.139879584312438965e-01,6.532047390937805176e-01,-1.050294756889343262e+00,2.651029527187347412e-01,6.092741340398788452e-02,-3.055121600627899170e-01,2.298688329756259918e-02,-2.723568975925445557e-01,-1.574277579784393311e-01,-5.925111690885387361e-05,7.134956121444702148e-01,-6.660816073417663574e-01,2.175410389900207520e-01,-9.370487332344055176e-01,-7.983005046844482422e-02,-2.766929566860198975e-03,1.835606575012207031e+00,-2.885774075984954834e-01,6.283659487962722778e-02
1.448616534471511841e-01,-4.740078449249267578e+00,8.531798720359802246e-01,-4.175334423780441284e-02,4.437682405114173889e-02,6.839776039123535156e-01,7.269538640975952148e-01,1.509212702512741089e-02,4.326818287372589111e-01,-6.388204693794250488e-01,-1.424471974372863770e+00,1.323072332888841629e-02,-1.517105102539062500e-01,1.051741540431976318e-01,-1.482938975095748901e-01,-5.188668370246887207e-01,6.339092850685119629e-01,-1.024315118789672852e+00,3.243546485900878906e-01,9.776055067777633667e-02,-3.212239146232604980e-01,-1.110103446990251541e-03,-4.583934247493743896e-01,-1.608607470989227295e-01,1.020814850926399231e-02,8.339071869850158691e-01,-6.172998547554016113e-01,2.267337739467620850e-01,-9.058395624160766602e-01,-1.181105822324752808e-01,-1.284070080146193504e-03,2.048161745071411133e+00,-3.458151221275329590e-01,1.330907922238111496e-02
1.414332389831542969e-01,-4.806095600128173828e+00,8.552795648574829102e-01,-4.339931160211563110e-02,4.444101080298423767e-02,6.973228454589843750e-01,7.140604853630065918e-01,3.605157136917114258e-02,4.114019870758056641e-01,-6.132866740226745605e-01,-1.387084603309631348e+00,-6.444475799798965454e-02,-1.191015318036079407e-01,1.247094422578811646e-01,-1.630396693944931030e-01,-5.042698979377746582e-01,6.132311224937438965e-01,-1.003115534782409668e+00,3.532421588897705078e-01,8.724855631589889526e-02,-2.951412498950958252e-01,-6.123286113142967224e-02,-5.806125402450561523e-01,-1.402771025896072388e-01,4.021655768156051636e-02,8.442690968513488770e-01,-5.045961737632751465e-01,2.129404395818710327e-01,-7.972164750099182129e-01,-8.425036817789077759e-02,3.579169511795043945e-02,2.119135618209838867e+00,-3.920783996582031250e-01,3.735255915671586990e-03
1.381168216466903687e-01,-4.871667385101318359e+00,8.684144020080566406e-01,-4.365714639425277710e-02,4.398573935031890869e-02,7.030966281890869141e-01,7.083886265754699707e-01,8.750443160533905029e-02,3.991816043853759766e-01,-5.703322887420654297e-01,-1.384578227996826172e+00,-4.498380795121192932e-02,-1.186611056327819824e-01,1.480467915534973145e-01,-1.915755122900009155e-01,-4.910587668418884277e-01,6.561242938041687012e-01,-1.012840747833251953e+00,3.299859166145324707e-01,9.353657066822052002e-02,-2.947497665882110596e-01,-1.204847693443298340e-01,-6.236264109611511230e-01,-1.059667691588401794e-01,8.724574744701385498e-02,7.166512012481689453e-01,-3.391532301902770996e-01,1.997748315334320068e-01,-6.541339159011840820e-01,-2.777709811925888062e-02,9.854499250650405884e-02,2.053468227386474609e+00,-3.972382843494415283e-01,7.828093320131301880e-02
1.355947554111480713e-01,-4.939312458038330078e+00,8.870683908462524414e-01,-4.070798307657241821e-02,4.031477868556976318e-02,7.093629240989685059e-01,7.025110721588134766e-01,1.470094621181488037e-01,4.000681638717651367e-01,-5.383576750755310059e-01,-1.399558782577514648e+00,6.524534523487091064e-02,-1.322520971298217773e-01,1.463019102811813354e-01,-2.048713862895965576e-01,-4.749933481216430664e-01,7.015685439109802246e-01,-1.050794005393981934e+00,3.082359433174133301e-01,8.230900764465332031e-02,-3.026230335235595703e-01,-1.720777451992034912e-01,-6.056930422782897949e-01,-8.272676169872283936e-02,7.615342736244201660e-02,4.932504892349243164e-01,-1.205013543367385864e-01,1.773008555173873901e-01,-4.888164401054382324e-01,5.034790188074111938e-02,1.805474311113357544e-01,1.879819273948669434e+00,-3.706969320774078369e-01,2.142974138259887695e-01
1.355335712432861328e-01,-5.007077217102050781e+00,9.039239287376403809e-01,-4.066049307584762573e-02,3.952762484550476074e-02,7.158711552619934082e-01,6.959258317947387695e-01,1.958466470241546631e-01,3.999832272529602051e-01,-5.071150064468383789e-01,-1.414212584495544434e+00,1.084314659237861633e-01,-1.357263326644897461e-01,1.367466449737548828e-01,-2.139884084463119507e-01,-4.598986506462097168e-01,7.320064902305603027e-01,-1.088061690330505371e+00,2.666392028331756592e-01,5.473855510354042053e-02,-3.296789824962615967e-01,-2.187126427888870239e-01,-5.863373875617980957e-01,-3.283159434795379639e-02,8.099222928285598755e-02,2.572821676731109619e-01,1.118324398994445801e-01,2.423478104174137115e-02,-3.386661708354949951e-01,9.667424112558364868e-02,2.450023740530014038e-01,1.633073806762695312e+00,-3.670667111873626709e-01,2.609752118587493896e-01
1.346986293792724609e-01,-5.073555469512939453e+00,9.088404178619384766e-01,-3.849362209439277649e-02,3.650201484560966492e-02,7.246074080467224121e-01,6.871171593666076660e-01,2.345871627330780029e-01,3.923457860946655273e-01,-4.996709525585174561e-01,-1.435021281242370605e+00,1.300373524427413940e-01,-1.425642669200897217e-01,1.210543438792228699e-01,-2.082804590463638306e-01,-4.656117260456085205e-01,7.455114126205444336e-01,-1.113171339035034180e+00,2.206941246986389160e-01,1.315186545252799988e-02,-3.563638627529144287e-01,-2.007295787334442139e-01,-5.710480213165283203e-01,-1.212549768388271332e-02,2.510095536708831787e-01,1.370768547058105469e-01,1.478724181652069092e-01,-2.610000073909759521e-01,-1.892447471618652344e-01,6.234005838632583618e-02,2.208085507154464722e-01,1.347843170166015625e+00,-3.642331957817077637e-01,2.610000073909759521e-01
1.382368803024291992e-01,-5.145045280456542969e+00,9.095538258552551270e-01,-3.940413519740104675e-02,3.661045432090759277e-02,7.315392494201660156e-01,6.796743869781494141e-01,2.258198410272598267e-01,4.002792537212371826e-01,-5.103392601013183594e-01,-1.458108544349670410e+00,1.414067149162292480e-01,-1.354732960462570190e-01,9.846538305282592773e-02,-2.129597365856170654e-01,-4.738136827945709229e-01,7.418338656425476074e-01,-1.128944993019104004e+00,2.101297825574874878e-01,-1.900518126785755157e-02,-3.638077080249786377e-01,-1.977762728929519653e-01,-6.134051084518432617e-01,9.615638293325901031e-03,2.796740531921386719e-01,2.466828525066375732e-01,1.085303798317909241e-01,-2.610000073909759521e-01,-8.832120150327682495e-02,5.051915347576141357e-02,1.828129142522811890e-01,1.035922765731811523e+00,-3.159662485122680664e-01,2.412221729755401611e-01
1.428914815187454224e-01,-5.218434333801269531e+00,9.014232158660888672e-01,-4.078784957528114319e-02,3.698076680302619934e-02,7.397116422653198242e-01,6.706679463386535645e-01,1.720689088106155396e-01,4.097073972225189209e-01,-5.353865027427673340e-01,-1.451894879341125488e+00,1.294579356908798218e-01,-1.344530582427978516e-01,6.512503325939178467e-02,-2.126207500696182251e-01,-4.830279648303985596e-01,7.192381620407104492e-01,-1.120868563652038574e+00,2.369289398193359375e-01,-1.915644295513629913e-02,-3.786746859550476074e-01,-1.532925814390182495e-01,-7.059184908866882324e-01,1.913528144359588623e-02,2.710522115230560303e-01,5.650244951248168945e-01,-4.244629817549139261e-04,-2.610000073909759521e-01,2.713993005454540253e-02,4.538303241133689880e-02,7.160919159650802612e-02,6.944622397422790527e-01,-4.982515871524810791e-01,1.581735163927078247e-01
1.451015472412109375e-01,-5.291568756103515625e+00,8.792414069175720215e-01,-4.858116433024406433e-02,4.389943927526473999e-02,7.403609156608581543e-01,6.690130233764648438e-01,8.352753520011901855e-02,3.894480168819427490e-01,-5.482785105705261230e-01,-1.408111929893493652e+00,1.248291432857513428e-01,-1.426731795072555542e-01,5.929011106491088867e-02,-2.327537387609481812e-01,-5.052859187126159668e-01,7.068697810173034668e-01,-1.088495135307312012e+00,2.481463402509689331e-01,6.892710924148559570e-03,-3.845998942852020264e-01,-1.283900439739227295e-01,-8.717882633209228516e-01,1.959648542106151581e-02,2.042545080184936523e-01,1.037853479385375977e+00,-1.473126709461212158e-01,-2.610000073909759521e-01,5.483202263712882996e-02,7.335443794727325439e-02,5.273903161287307739e-02,5.487228631973266602e-01,-7.856239080429077148e-01,-8.066007494926452637e-02
1.454936563968658447e-01,-5.365108013153076172e+00,8.542662858963012695e-01,-5.384981632232666016e-02,4.975878819823265076e-02,7.324780821800231934e-01,6.768309473991394043e-01,-1.473922631703317165e-03,3.805610537528991699e-01,-5.540978312492370605e-01,-1.369139432907104492e+00,6.209073588252067566e-02,-1.293128728866577148e-01,1.025390028953552246e-01,-2.486239969730377197e-01,-5.156497359275817871e-01,7.077683210372924805e-01,-1.059278488159179688e+00,2.587097585201263428e-01,3.525746986269950867e-02,-3.753186762332916260e-01,-1.020351946353912354e-01,-9.709900021553039551e-01,6.094843894243240356e-02,1.707810461521148682e-01,1.455134391784667969e+00,-2.503589093685150146e-01,-2.593887448310852051e-01,-7.068850100040435791e-02,9.209012985229492188e-02,1.378654688596725464e-02,6.145446300506591797e-01,-7.922308444976806641e-01,-1.321613192558288574e-01
1.456416696310043335e-01,-5.435193061828613281e+00,8.380330204963684082e-01,-5.729815363883972168e-02,5.541537329554557800e-02,7.165307998657226562e-01,6.929860711097717285e-01,-6.415870040655136108e-02,3.747048974037170410e-01,-5.512531399726867676e-01,-1.343271613121032715e+00,-2.279161661863327026e-02,-1.161573827266693115e-01,1.406857818365097046e-01,-2.400956451892852783e-01,-5.043785572052001953e-01,6.963757276535034180e-01,-1.024384737014770508e+00,3.259396553039550781e-01,4.859481006860733032e-02,-3.865135312080383301e-01,-8.771697431802749634e-02,-9.573674201965332031e-01,1.447260230779647827e-01,1.777648180723190308e-01,1.747674465179443359e+00,-3.364684283733367920e-01,-1.577880382537841797e-01,-2.413371503353118896e-01,1.382910162210464478e-01,5.971228703856468201e-02,7.347263693809509277e-01,-7.874389290809631348e-01,-1.913775056600570679e-01
1.461457312107086182e-01,-5.497433185577392578e+00,8.383341431617736816e-01,-5.535745993256568909e-02,5.566461384296417236e-02,7.029715180397033691e-01,7.068719863891601562e-01,-1.084447950124740601e-01,3.663232922554016113e-01,-5.631304383277893066e-01,-1.326557993888854980e+00,-6.148558109998703003e-02,-1.181906163692474365e-01,1.385144740343093872e-01,-1.683401018381118774e-01,-4.773912727832794189e-01,6.451835632324218750e-01,-9.951587319374084473e-01,3.436235487461090088e-01,4.767852649092674255e-02,-3.796785771846771240e-01,-3.381767496466636658e-02,-8.291702270507812500e-01,1.627235710620880127e-01,1.515083909034729004e-01,1.870757460594177246e+00,-4.083190858364105225e-01,-4.584189504384994507e-02,-4.051617085933685303e-01,1.496302336454391479e-01,3.730762004852294922e-02,8.598003983497619629e-01,-7.288204431533813477e-01,-1.926380842924118042e-01
1.444535404443740845e-01,-5.554330348968505859e+00,8.508931398391723633e-01,-4.837196692824363708e-02,4.907020926475524902e-02,7.003533244132995605e-01,7.104628682136535645e-01,-1.437435746192932129e-01,3.601867258548736572e-01,-6.252060532569885254e-01,-1.347674489021301270e+00,-3.203511983156204224e-02,-1.166132315993309021e-01,1.355621963739395142e-01,-5.040438473224639893e-02,-4.576420187950134277e-01,5.921283364295959473e-01,-9.832205176353454590e-01,2.616120576858520508e-01,6.259179860353469849e-02,-3.857582807540893555e-01,4.513301700353622437e-02,-6.389338970184326172e-01,1.260498315095901489e-01,7.198778539896011353e-02,1.845746755599975586e+00,-4.436757564544677734e-01,2.686563180759549141e-03,-4.518532454967498779e-01,1.128304526209831238e-01,-5.285036936402320862e-02,8.141827583312988281e-01,-6.303933262825012207e-01,-1.805092245340347290e-01
1.414065808057785034e-01,-5.611063003540039062e+00,8.716617226600646973e-01,-4.275867715477943420e-02,4.348616302013397217e-02,6.998122334480285645e-01,7.117186784744262695e-01,-1.769767850637435913e-01,3.626155853271484375e-01,-6.856156587600708008e-01,-1.391463279724121094e+00,2.621594350785017014e-03,-1.237089559435844421e-01,1.133922114968299866e-01,5.855194479227066040e-02,-4.437986016273498535e-01,5.762978196144104004e-01,-9.854744076728820801e-01,1.972290128469467163e-01,5.153178796172142029e-02,-3.780133426189422607e-01,1.034699827432632446e-01,-4.442800581455230713e-01,1.077942997217178345e-01,-4.532783292233943939e-03,1.704266428947448730e+00,-4.764588475227355957e-01,4.441057518124580383e-02,-4.576561152935028076e-01,9.256096184253692627e-02,-9.071546792984008789e-02,6.765474081039428711e-01,-4.774204790592193604e-01,-1.741494983434677124e-01
1.349658221006393433e-01,-5.670402526855468750e+00,8.959720134735107422e-01,-4.251623153686523438e-02,4.405244439840316772e-02,6.931467056274414062e-01,7.181917428970336914e-01,-1.831826120615005493e-01,3.585860133171081543e-01,-6.907062530517578125e-01,-1.439263105392456055e+00,2.383599244058132172e-02,-1.394542604684829712e-01,6.590926647186279297e-02,1.085722669959068298e-01,-4.411512315273284912e-01,5.966520309448242188e-01,-9.748122692108154297e-01,2.217886745929718018e-01,1.698022149503231049e-02,-3.224935233592987061e-01,1.362136155366897583e-01,-2.822757363319396973e-01,8.824830502271652222e-02,-4.645506665110588074e-02,1.482431173324584961e+00,-4.889052510261535645e-01,5.195897817611694336e-02,-4.623251855373382568e-01,7.242658734321594238e-02,-6.425357609987258911e-02,4.868334829807281494e-01,-2.777389287948608398e-01,-1.449354439973831177e-01
1.259965002536773682e-01,-5.733461380004882812e+00,9.151662588119506836e-01,-4.527935013175010681e-02,4.849752783775329590e-02,6.809352040290832520e-01,7.293319106101989746e-01,-1.615574210882186890e-01,3.514884412288665771e-01,-6.563071608543395996e-01,-1.486541628837585449e+00,5.227333679795265198e-02,-1.446286886930465698e-01,3.419087082147598267e-02,1.096390858292579651e-01,-4.478898048400878906e-01,6.304333209991455078e-01,-9.629324674606323242e-01,2.791031301021575928e-01,-2.529615722596645355e-02,-2.671689689159393311e-01,1.722582280635833740e-01,-1.679325699806213379e-01,5.808651819825172424e-02,-7.913804799318313599e-02,1.226476669311523438e+00,-4.537509381771087646e-01,3.908104822039604187e-02,-4.794630706310272217e-01,2.286275103688240051e-02,-9.675525128841400146e-03,3.101398050785064697e-01,-6.814488768577575684e-02,-4.068303387612104416e-03
1.154449805617332458e-01,-5.798868179321289062e+00,9.243836998939514160e-01,-5.176902562379837036e-02,5.687062069773674011e-02,6.711664795875549316e-01,7.373067736625671387e-01,-1.487816721200942993e-01,3.542724251747131348e-01,-6.196464896202087402e-01,-1.523389458656311035e+00,7.713332027196884155e-02,-1.365034580230712891e-01,3.419841453433036804e-02,7.337925583124160767e-02,-4.602470993995666504e-01,6.635618805885314941e-01,-9.667658805847167969e-01,2.664746046066284180e-01,-4.096577689051628113e-02,-2.677330672740936279e-01,1.800189167261123657e-01,-9.223949909210205078e-02,3.936801478266716003e-02,-9.853459894657135010e-02,9.431576132774353027e-01,-3.752218782901763916e-01,-1.806701999157667160e-03,-5.409845709800720215e-01,-1.668132469058036804e-02,5.177827179431915283e-02,3.401850461959838867e-01,-1.054595559835433960e-01,1.012684926390647888e-01
1.056631207466125488e-01,-5.865711688995361328e+00,9.237136840820312500e-01,-5.881914868950843811e-02,6.500528752803802490e-02,6.683604717254638672e-01,7.386534214019775391e-01,-1.622444391250610352e-01,3.738541603088378906e-01,-5.961245298385620117e-01,-1.531091809272766113e+00,9.623645246028900146e-02,-1.354214698076248169e-01,5.167858302593231201e-02,1.004888582974672318e-02,-4.815572798252105713e-01,6.929821968078613281e-01,-9.964894056320190430e-01,2.397397160530090332e-01,-3.436279669404029846e-02,-2.831086516380310059e-01,1.486788243055343628e-01,-3.671361133456230164e-02,4.556755349040031433e-02,-1.087286993861198425e-01,6.559274792671203613e-01,-3.573961555957794189e-01,-1.069308072328567505e-02,-6.447203159332275391e-01,-2.504496462643146515e-02,1.411782763898372650e-02,5.753244757652282715e-01,-1.513829231262207031e-01,9.179096668958663940e-02
9.676794707775115967e-02,-5.932687759399414062e+00,9.112097024917602539e-01,-6.658057123422622681e-02,7.252895087003707886e-02,6.729670763015747070e-01,7.330906391143798828e-01,-1.829618215560913086e-01,3.952709138393402100e-01,-5.770227909088134766e-01,-1.508555173873901367e+00,8.670634031295776367e-02,-1.461733430624008179e-01,7.281385362148284912e-02,-7.954151183366775513e-02,-5.137100815773010254e-01,7.212764024734497070e-01,-1.024048805236816406e+00,2.452229410409927368e-01,-1.697574742138385773e-02,-3.034819364547729492e-01,1.131401062011718750e-01,1.607812009751796722e-03,5.440336465835571289e-02,-9.852375835180282593e-02,4.785396754741668701e-01,-6.736589074134826660e-01,5.178217776119709015e-03,-7.868702411651611328e-01,-3.966110944747924805e-02,-2.422218024730682373e-02,9.877871274948120117e-01,-2.299705594778060913e-01,8.339796215295791626e-03
8.986160904169082642e-02,-5.998651504516601562e+00,8.911602497100830078e-01,-7.275352627038955688e-02,7.682313024997711182e-02,6.837540268898010254e-01,7.220010757446289062e-01,-1.888411641120910645e-01,4.136398434638977051e-01,-5.600779056549072266e-01,-1.475723743438720703e+00,6.338143348693847656e-02,-1.451044529676437378e-01,9.736728668212890625e-02,-1.703547537326812744e-01,-5.579717159271240234e-01,7.444166541099548340e-01,-1.050448656082153320e+00,2.590551078319549561e-01,6.265602074563503265e-03,-3.181720077991485596e-01,6.627139449119567871e-02,-8.089867979288101196e-02,4.414823651313781738e-02,-4.499173909425735474e-02,5.048236250877380371e-01,-7.169447541236877441e-01,2.710960246622562408e-02,-8.829553723335266113e-01,-4.408401250839233398e-02,3.950844984501600266e-03,1.378795981407165527e+00,-3.049275279045104980e-01,-4.993458278477191925e-04
8.295257389545440674e-02,-6.062799453735351562e+00,8.725901246070861816e-01,-8.183281868696212769e-02,8.330907672643661499e-02,6.959632039070129395e-01,7.085183262825012207e-01,-1.800162196159362793e-01,4.307269155979156494e-01,-5.379843115806579590e-01,-1.425346970558166504e+00,6.369886547327041626e-02,-1.436757743358612061e-01,1.184776201844215393e-01,-2.574126720428466797e-01,-5.907151103019714355e-01,7.585228681564331055e-01,-1.056864500045776367e+00,2.703462541103363037e-01,3.292118012905120850e-02,-3.506228923797607422e-01,6.918792147189378738e-03,-2.319560050964355469e-01,3.690307214856147766e-02,4.156548995524644852e-03,6.106024384498596191e-01,-7.264297008514404297e-01,3.967340663075447083e-02,-9.208236336708068848e-01,-3.738857433199882507e-02,4.062640666961669922e-02,1.662071228027343750e+00,-3.525343835353851318e-01,5.818739533424377441e-03
7.653257250785827637e-02,-6.119794368743896484e+00,8.614093065261840820e-01,-8.766965568065643311e-02,8.749264478683471680e-02,7.023707032203674316e-01,7.009525895118713379e-01,-1.352557241916656494e-01,4.479674696922302246e-01,-4.997364580631256104e-01,-1.352818250656127930e+00,4.022831469774246216e-02,-1.368037611246109009e-01,1.370951831340789795e-01,-3.349373340606689453e-01,-5.783651471138000488e-01,7.552608251571655273e-01,-1.029924631118774414e+00,3.198783397674560547e-01,5.131238326430320740e-02,-3.319008648395538330e-01,-2.748214639723300934e-02,-3.778427839279174805e-01,3.962758928537368774e-02,3.771887719631195068e-02,7.153992056846618652e-01,-7.376104593276977539e-01,4.439115524291992188e-02,-8.656954169273376465e-01,-3.100422769784927368e-02,6.043401733040809631e-02,1.819479584693908691e+00,-3.878009021282196045e-01,3.542683087289333344e-03
7.183433324098587036e-02,-6.172079563140869141e+00,8.603577017784118652e-01,-8.666767925024032593e-02,8.403322100639343262e-02,7.126837968826293945e-01,6.910201907157897949e-01,-6.417940557003021240e-02,4.526362717151641846e-01,-4.806059300899505615e-01,-1.275237917900085449e+00,4.334415495395660400e-02,-1.454337537288665771e-01,1.593665331602096558e-01,-3.764861524105072021e-01,-5.593839883804321289e-01,7.409157156944274902e-01,-1.011613845825195312e+00,3.369387984275817871e-01,4.073140770196914673e-02,-3.132420480251312256e-01,-7.042305171489715576e-02,-5.042831897735595703e-01,3.099923953413963318e-02,3.847918659448623657e-02,8.170124888420104980e-01,-6.895059347152709961e-01,5.804839357733726501e-02,-7.245780229568481445e-01,1.635924796573817730e-03,1.035424470901489258e-01,1.855009913444519043e+00,-4.231064617633819580e-01,4.722145199775695801e-02
6.999491155147552490e-02,-6.220766067504882812e+00,8.658824563026428223e-01,-8.340195566415786743e-02,7.910485565662384033e-02,7.207414507865905762e-01,6.836068630218505859e-01,2.362736687064170837e-02,4.586026966571807861e-01,-4.560030996799468994e-01,-1.226051688194274902e+00,8.447463065385818481e-02,-1.393675506114959717e-01,1.714258641004562378e-01,-4.068790078163146973e-01,-5.314824581146240234e-01,7.529655694961547852e-01,-1.017116069793701172e+00,3.252834379673004150e-01,4.450339078903198242e-02,-3.332102894783020020e-01,-1.110721454024314880e-01,-5.641165375709533691e-01,3.933852165937423706e-02,6.759589165449142456e-02,8.098034858703613281e-01,-6.134009361267089844e-01,5.697097629308700562e-02,-5.427561402320861816e-01,5.145468190312385559e-02,1.605958193540573120e-01,1.769411563873291016e+00,-4.451785683631896973e-01,1.234115287661552429e-01
6.995206326246261597e-02,-6.269392490386962891e+00,8.760997056961059570e-01,-8.153592050075531006e-02,7.642481476068496704e-02,7.250344157218933105e-01,6.795853376388549805e-01,1.153414770960807800e-01,4.601485133171081543e-01,-4.215595722198486328e-01,-1.207979321479797363e+00,1.378439515829086304e-01,-1.331905722618103027e-01,1.721549928188323975e-01,-4.293558597564697266e-01,-5.057263374328613281e-01,7.717826366424560547e-01,-1.056319475173950195e+00,2.963778674602508545e-01,3.949508816003799438e-02,-3.414036035537719727e-01,-1.334984004497528076e-01,-6.028737425804138184e-01,4.068401455879211426e-02,8.250250667333602905e-02,7.422854900360107422e-01,-5.072261691093444824e-01,5.532107129693031311e-02,-3.702681064605712891e-01,7.626391947269439697e-02,2.079219669103622437e-01,1.587101817131042480e+00,-4.250638782978057861e-01,2.023311108350753784e-01
7.121028006076812744e-02,-6.319068908691406250e+00,8.880300521850585938e-01,-8.305230736732482910e-02,7.687675207853317261e-02,7.291495800018310547e-01,6.749319434165954590e-01,1.888864338397979736e-01,4.544748961925506592e-01,-3.900097310543060303e-01,-1.201899528503417969e+00,1.381936669349670410e-01,-1.250846534967422485e-01,1.717409938573837280e-01,-4.363814890384674072e-01,-4.815958440303802490e-01,7.767966389656066895e-01,-1.102835774421691895e+00,2.736667394638061523e-01,2.598966658115386963e-02,-3.499022424221038818e-01,-1.496617197990417480e-01,-6.353667974472045898e-01,3.827980160713195801e-02,8.239388465881347656e-02,6.373255252838134766e-01,-3.829410672187805176e-01,4.512771219015121460e-02,-2.278227806091308594e-01,7.100105285644531250e-02,2.249511331319808960e-01,1.340995192527770996e+00,-4.025728404521942139e-01,2.172463089227676392e-01
7.333401590585708618e-02,-6.370691776275634766e+00,8.974412679672241211e-01,-8.561611175537109375e-02,7.784196734428405762e-02,7.349306344985961914e-01,6.681972146034240723e-01,2.368647009134292603e-01,4.506304562091827393e-01,-3.723203241825103760e-01,-1.201209783554077148e+00,1.389227360486984253e-01,-1.249496266245841980e-01,1.642392873764038086e-01,-4.270798563957214355e-01,-4.582506418228149414e-01,7.703902125358581543e-01,-1.137462854385375977e+00,2.555324733257293701e-01,1.224339567124843597e-02,-3.594443500041961670e-01,-1.852243095636367798e-01,-6.471515297889709473e-01,5.888132378458976746e-02,9.744571149349212646e-02,5.032748579978942871e-01,-2.886976897716522217e-01,-5.475763976573944092e-02,-1.227218434214591980e-01,5.604127049446105957e-02,2.262390553951263428e-01,1.078057289123535156e+00,-3.479779064655303955e-01,1.761493235826492310e-01
7.552736252546310425e-02,-6.422383785247802734e+00,9.016961455345153809e-01,-8.604488521814346313e-02,7.713812589645385742e-02,7.396050095558166504e-01,6.630463004112243652e-01,2.630672156810760498e-01,4.583206176757812500e-01,-3.684569597244262695e-01,-1.209183216094970703e+00,1.697589904069900513e-01,-1.243164911866188049e-01,1.468353718519210815e-01,-4.072017967700958252e-01,-4.344371259212493896e-01,7.670234441757202148e-01,-1.158994078636169434e+00,2.313793003559112549e-01,9.010735666379332542e-04,-3.696231842041015625e-01,-2.176195085048675537e-01,-6.385468244552612305e-01,1.013404130935668945e-01,1.691434532403945923e-01,3.814418315887451172e-01,-2.849401831626892090e-01,-1.955516636371612549e-01,-1.430114638060331345e-02,3.983757644891738892e-02,2.163463085889816284e-01,7.551178932189941406e-01,-2.548735737800598145e-01,9.852512925863265991e-02
7.708541303873062134e-02,-6.476179599761962891e+00,8.978902697563171387e-01,-8.884465694427490234e-02,7.945212721824645996e-02,7.400963902473449707e-01,6.618544459342956543e-01,2.547299265861511230e-01,4.686816036701202393e-01,-3.702886998653411865e-01,-1.225310921669006348e+00,1.971006542444229126e-01,-1.242009252309799194e-01,1.256016641855239868e-01,-3.983019590377807617e-01,-4.219683110713958740e-01,7.685160636901855469e-01,-1.168908834457397461e+00,2.167177647352218628e-01,-6.603439338505268097e-03,-3.591830730438232422e-01,-2.578889429569244385e-01,-6.676530838012695312e-01,1.546643823385238647e-01,3.022738099098205566e-01,3.422923982143402100e-01,-3.327796161174774170e-01,-2.591201961040496826e-01,8.539579808712005615e-02,1.127443742007017136e-02,1.770828664302825928e-01,4.666077792644500732e-01,-5.580583214759826660e-01,3.115233592689037323e-02
7.767348736524581909e-02,-6.532394409179687500e+00,8.871980309486389160e-01,-9.268028289079666138e-02,8.374597877264022827e-02,7.361530065536499023e-01,6.651884913444519043e-01,2.206398248672485352e-01,4.824704527854919434e-01,-3.781666457653045654e-01,-1.246734857559204102e+00,1.734556257724761963e-01,-1.242627277970314026e-01,1.232421472668647766e-01,-3.978986442089080811e-01,-4.213571846485137939e-01,7.797801494598388672e-01,-1.171025276184082031e+00,2.194491773843765259e-01,-2.155024325475096703e-03,-3.506756126880645752e-01,-2.621484100818634033e-01,-7.539768815040588379e-01,1.991354525089263916e-01,4.276655316352844238e-01,4.236643910408020020e-01,-3.347378075122833252e-01,-2.077934443950653076e-01,1.101410463452339172e-01,7.870455272495746613e-03,1.479453742504119873e-01,3.251548707485198975e-01,-7.141137123107910156e-01,-7.185402512550354004e-02
7.956987619400024414e-02,-6.585570335388183594e+00,8.740844130516052246e-01,-9.549497067928314209e-02,8.774396032094955444e-02,7.301405072212219238e-01,6.708774566650390625e-01,1.682030409574508667e-01,4.998801946640014648e-01,-3.927558958530426025e-01,-1.260581731796264648e+00,1.471901386976242065e-01,-1.298732459545135498e-01,1.350347250699996948e-01,-3.938348293304443359e-01,-4.312895536422729492e-01,7.956288456916809082e-01,-1.161945939064025879e+00,2.211454659700393677e-01,2.175220288336277008e-03,-3.570293486118316650e-01,-2.205746918916702271e-01,-8.878360986709594727e-01,2.355879545211791992e-01,4.254914522171020508e-01,7.049562931060791016e-01,-3.601703345775604248e-01,-5.902842059731483459e-02,6.851951777935028076e-02,1.672278158366680145e-02,1.107512786984443665e-01,2.991810739040374756e-01,-7.072478532791137695e-01,-1.087126880884170532e-01
8.213943988084793091e-02,-6.632567882537841797e+00,8.630060553550720215e-01,-9.618049114942550659e-02,9.085980802774429321e-02,7.205366492271423340e-01,6.806766986846923828e-01,1.074836999177932739e-01,4.996266365051269531e-01,-4.025755226612091064e-01,-1.246827125549316406e+00,1.463659256696701050e-01,-1.360128819942474365e-01,1.431828886270523071e-01,-3.836721777915954590e-01,-4.414790272712707520e-01,8.124028444290161133e-01,-1.109821557998657227e+00,2.512974441051483154e-01,1.263631787151098251e-02,-3.681670725345611572e-01,-1.684126704931259155e-01,-9.931003451347351074e-01,2.560051679611206055e-01,3.447716832160949707e-01,1.015790343284606934e+00,-4.107496440410614014e-01,-7.072596997022628784e-02,-1.667786156758666039e-03,2.968696318566799164e-02,8.369240909814834595e-02,3.316316902637481689e-01,-7.029227018356323242e-01,-1.283346861600875854e-01
8.500660210847854614e-02,-6.672063827514648438e+00,8.607416749000549316e-01,-9.254208952188491821e-02,9.025861322879791260e-02,7.098771929740905762e-01,6.923609972000122070e-01,5.799898505210876465e-02,4.788679778575897217e-01,-4.025400876998901367e-01,-1.208974242210388184e+00,1.151062697172164917e-01,-1.257901191711425781e-01,1.355866491794586182e-01,-3.335014879703521729e-01,-4.284393489360809326e-01,7.943262457847595215e-01,-1.022197008132934570e+00,3.063488304615020752e-01,4.117111489176750183e-02,-3.479598164558410645e-01,-1.249322369694709778e-01,-1.011387944221496582e+00,2.569728195667266846e-01,2.843533158302307129e-01,1.249869346618652344e+00,-4.591265916824340820e-01,-9.639427810907363892e-02,-5.592929199337959290e-02,3.899173066020011902e-02,7.006256282329559326e-02,3.603679537773132324e-01,-7.044983506202697754e-01,-1.497690379619598389e-01
8.684082329273223877e-02,-6.707014560699462891e+00,8.660253882408142090e-01,-8.848153799772262573e-02,8.949725329875946045e-02,6.974698901176452637e-01,7.054764628410339355e-01,1.757112890481948853e-02,4.557318389415740967e-01,-4.140727519989013672e-01,-1.169134259223937988e+00,8.761457353830337524e-02,-1.252014636993408203e-01,1.387046873569488525e-01,-2.628370225429534912e-01,-4.001109004020690918e-01,7.540407776832580566e-01,-9.240893125534057617e-01,2.885244488716125488e-01,4.905321821570396423e-02,-3.403368890285491943e-01,-7.146412134170532227e-02,-9.636576771736145020e-01,2.426312267780303955e-01,2.614798843860626221e-01,1.390577554702758789e+00,-4.963229894638061523e-01,-5.249629169702529907e-02,-1.521980613470077515e-01,4.418104514479637146e-02,6.024607270956039429e-02,4.723132252693176270e-01,-6.986359357833862305e-01,-1.532636582851409912e-01
8.751033991575241089e-02,-6.735418319702148438e+00,8.749641180038452148e-01,-8.261909335851669312e-02,8.491338789463043213e-02,6.924464106559753418e-01,7.116753458976745605e-01,-2.569468505680561066e-02,4.358392655849456787e-01,-4.686594009399414062e-01,-1.138210177421569824e+00,1.104093641042709351e-01,-1.299271434545516968e-01,1.582178324460983276e-01,-1.668986380100250244e-01,-3.757785260677337646e-01,6.902725100517272949e-01,-8.347504734992980957e-01,2.348058670759201050e-01,4.462926462292671204e-02,-3.419499099254608154e-01,-1.927379891276359558e-02,-8.594562411308288574e-01,2.007157802581787109e-01,2.387344688177108765e-01,1.443645954132080078e+00,-5.333980321884155273e-01,-2.474321285262703896e-03,-1.803416758775711060e-01,3.406123816967010498e-02,1.643765158951282501e-02,4.856957197189331055e-01,-6.747829914093017578e-01,-1.462493538856506348e-01
8.794213831424713135e-02,-6.761632442474365234e+00,8.846522569656372070e-01,-7.669126987457275391e-02,7.914238423109054565e-02,6.916598081588745117e-01,7.137657999992370605e-01,-7.496602833271026611e-02,4.349684715270996094e-01,-5.391097068786621094e-01,-1.134970188140869141e+00,1.315525919198989868e-01,-1.305452287197113037e-01,1.561169177293777466e-01,-7.816737145185470581e-02,-3.675609529018402100e-01,6.503353714942932129e-01,-7.728859186172485352e-01,2.121717184782028198e-01,2.317494899034500122e-02,-3.367893099784851074e-01,2.078479714691638947e-02,-7.315652966499328613e-01,1.541169881820678711e-01,1.996497362852096558e-01,1.418625116348266602e+00,-5.679394006729125977e-01,1.657029800117015839e-02,-1.774938404560089111e-01,3.145221620798110962e-02,-1.368487160652875900e-02,4.465303122997283936e-01,-6.337106823921203613e-01,-1.407479494810104370e-01
8.592212200164794922e-02,-6.787853717803955078e+00,8.930494189262390137e-01,-7.396738231182098389e-02,7.685086876153945923e-02,6.895048022270202637e-01,7.163838744163513184e-01,-1.208847016096115112e-01,4.367409348487854004e-01,-5.800892114639282227e-01,-1.146196603775024414e+00,9.077673405408859253e-02,-1.290612071752548218e-01,1.283160597085952759e-01,-1.171259954571723938e-02,-3.724321126937866211e-01,6.456012725830078125e-01,-7.325060963630676270e-01,2.142113298177719116e-01,1.378860976547002792e-02,-3.362667858600616455e-01,3.267844766378402710e-02,-6.026877164840698242e-01,1.159807741641998291e-01,1.715350896120071411e-01,1.328144669532775879e+00,-5.925418734550476074e-01,7.685886695981025696e-03,-1.986699849367141724e-01,2.663595974445343018e-02,-1.456383150070905685e-02,4.250167608261108398e-01,-5.921886563301086426e-01,-1.217825412750244141e-01
8.273332566022872925e-02,-6.813757896423339844e+00,8.988937139511108398e-01,-7.173670828342437744e-02,7.545053213834762573e-02,6.853013634681701660e-01,7.207795381546020508e-01,-1.490264832973480225e-01,4.385314881801605225e-01,-5.957083106040954590e-01,-1.166676044464111328e+00,1.775610633194446564e-02,-1.308546364307403564e-01,1.016703397035598755e-01,3.933010995388031006e-02,-3.822255432605743408e-01,6.539387106895446777e-01,-7.016875147819519043e-01,2.171386480331420898e-01,1.074530463665723801e-02,-3.291594982147216797e-01,2.903832495212554932e-02,-4.746406078338623047e-01,7.671847194433212280e-02,1.465241611003875732e-01,1.181253314018249512e+00,-6.078163981437683105e-01,-2.217262424528598785e-02,-2.333098500967025757e-01,2.270622551441192627e-02,1.177955185994505882e-03,4.243134558200836182e-01,-5.639417171478271484e-01,-9.991298615932464600e-02
7.942315936088562012e-02,-6.839300632476806641e+00,9.020398855209350586e-01,-7.065555453300476074e-02,7.529601454734802246e-02,6.806213259696960449e-01,7.253226041793823242e-01,-1.626339405775070190e-01,4.414153397083282471e-01,-5.984596014022827148e-01,-1.195857167243957520e+00,-3.837145119905471802e-02,-1.264387220144271851e-01,8.801471441984176636e-02,7.917584478855133057e-02,-3.920106589794158936e-01,6.622648835182189941e-01,-6.764187216758728027e-01,2.111545354127883911e-01,8.926551789045333862e-03,-3.261311650276184082e-01,2.754176408052444458e-02,-3.601536452770233154e-01,4.333565384149551392e-02,1.295950710773468018e-01,9.915179610252380371e-01,-6.000912785530090332e-01,-5.219545587897300720e-02,-2.774959504604339600e-01,1.981778070330619812e-02,9.573475457727909088e-03,4.368665516376495361e-01,-5.381714105606079102e-01,-7.615650445222854614e-02
7.551301270723342896e-02,-6.864272117614746094e+00,9.028358459472656250e-01,-6.863520294427871704e-02,7.383989542722702026e-02,6.773532032966613770e-01,7.287176847457885742e-01,-1.670911461114883423e-01,4.425925612449645996e-01,-6.062634587287902832e-01,-1.222750544548034668e+00,-4.610821604728698730e-02,-1.164634525775909424e-01,9.555677324533462524e-02,1.078353226184844971e-01,-4.016809463500976562e-01,6.785887479782104492e-01,-6.461271643638610840e-01,2.041770666837692261e-01,1.059378404170274734e-02,-3.261221051216125488e-01,3.174768760800361633e-02,-2.515914142131805420e-01,1.311937719583511353e-02,1.202030703425407410e-01,7.666974663734436035e-01,-5.443809628486633301e-01,-5.774625763297080994e-02,-3.223374187946319580e-01,1.777610182762145996e-02,1.261848025023937225e-02,4.633561670780181885e-01,-5.211959481239318848e-01,-6.030020490288734436e-02
7.105342298746109009e-02,-6.888750553131103516e+00,9.016596078872680664e-01,-6.838458031415939331e-02,7.428587228059768677e-02,6.738182902336120605e-01,7.319658994674682617e-01,-1.740203648805618286e-01,4.449141323566436768e-01,-6.166433691978454590e-01,-1.232943058013916016e+00,-2.272592298686504364e-02,-1.105499118566513062e-01,1.124379262328147888e-01,1.185236424207687378e-01,-4.103581905364990234e-01,6.913931369781494141e-01,-6.185750365257263184e-01,2.103271335363388062e-01,1.357461232692003250e-02,-3.032257556915283203e-01,4.557790979743003845e-02,-1.532954424619674683e-01,-2.269708737730979919e-02,1.127928122878074646e-01,5.422872900962829590e-01,-6.353668570518493652e-01,2.168405987322330475e-02,-3.779460191726684570e-01,1.349004637449979782e-02,3.626520046964287758e-03,4.997324943542480469e-01,-5.011749267578125000e-01,-5.546952784061431885e-02
6.679330766201019287e-02,-6.912705421447753906e+00,9.000760912895202637e-01,-6.853041052818298340e-02,7.497035712003707886e-02,6.712051630020141602e-01,7.342796921730041504e-01,-1.798535436391830444e-01,4.448899626731872559e-01,-6.332783699035644531e-01,-1.223556637763977051e+00,-3.841940779238939285e-03,-1.082979217171669006e-01,1.311073899269104004e-01,1.207530871033668518e-01,-4.187939465045928955e-01,6.978095769882202148e-01,-5.975743532180786133e-01,2.219569534063339233e-01,1.756225712597370148e-02,-2.869558036327362061e-01,5.889950692653656006e-02,-1.147487834095954895e-01,-5.172538012266159058e-02,1.229296028614044189e-01,4.019815623760223389e-01,-5.863202214241027832e-01,8.059950172901153564e-02,-4.330702424049377441e-01,9.259743615984916687e-03,-3.114585997536778450e-03,5.339473485946655273e-01,-4.807839393615722656e-01,-5.697853118181228638e-02
6.297220289707183838e-02,-6.936254978179931641e+00,8.992148637771606445e-01,-6.886377185583114624e-02,7.535970211029052734e-02,6.710500717163085938e-01,7.343503832817077637e-01,-1.819654256105422974e-01,4.413036406040191650e-01,-6.562267541885375977e-01,-1.197848558425903320e+00,-2.670565154403448105e-03,-1.056095212697982788e-01,1.410821229219436646e-01,1.155989766120910645e-01,-4.187428653240203857e-01,6.920465826988220215e-01,-5.658211112022399902e-01,2.297536283731460571e-01,1.878887414932250977e-02,-2.903643250465393066e-01,6.913343816995620728e-02,-9.179811924695968628e-02,-6.959358602762222290e-02,1.205132603645324707e-01,2.861240506172180176e-01,-5.485285520553588867e-01,1.047223135828971863e-01,-4.780574440956115723e-01,3.588873660191893578e-03,-1.422893255949020386e-02,5.499690771102905273e-01,-4.568736255168914795e-01,-5.260743200778961182e-02
5.897203087806701660e-02,-6.958991527557373047e+00,8.995312452316284180e-01,-7.344327867031097412e-02,8.026234060525894165e-02,6.710654497146606445e-01,7.333725094795227051e-01,-1.878294795751571655e-01,4.306721389293670654e-01,-6.745387911796569824e-01,-1.165702342987060547e+00,-1.805342361330986023e-02,-9.900940954685211182e-02,1.436423063278198242e-01,9.695635735988616943e-02,-4.166130721569061279e-01,6.605340838432312012e-01,-5.374125242233276367e-01,2.243466675281524658e-01,2.859096229076385498e-02,-2.959891855716705322e-01,8.470520377159118652e-02,-1.245526745915412903e-01,-9.056295454502105713e-02,7.398507744073867798e-02,2.538531720638275146e-01,-5.308631062507629395e-01,1.189971640706062317e-01,-5.423528552055358887e-01,-2.399104088544845581e-02,-3.523104265332221985e-02,5.789541602134704590e-01,-4.420244991779327393e-01,-2.589427679777145386e-02
5.640706047415733337e-02,-6.980259895324707031e+00,9.009354710578918457e-01,-7.559024542570114136e-02,8.162894099950790405e-02,6.752282977104187012e-01,7.291704416275024414e-01,-1.844828277826309204e-01,4.218925833702087402e-01,-7.052415013313293457e-01,-1.130123376846313477e+00,-2.519341930747032166e-02,-9.973900020122528076e-02,1.455237418413162231e-01,8.219642937183380127e-02,-3.960816264152526855e-01,6.143603920936584473e-01,-4.951086044311523438e-01,2.037783265113830566e-01,2.967179194092750549e-02,-3.126967251300811768e-01,9.219206869602203369e-02,-1.868876516819000244e-01,-9.055314958095550537e-02,6.027019768953323364e-02,2.962820231914520264e-01,-5.163165330886840820e-01,1.224393621087074280e-01,-5.721635818481445312e-01,-4.677330702543258667e-02,-6.869428604841232300e-02,5.721220374107360840e-01,-4.342951178550720215e-01,2.919350191950798035e-02
5.359332263469696045e-02,-6.997087001800537109e+00,9.028031229972839355e-01,-7.529707252979278564e-02,8.050066977739334106e-02,6.789461374282836914e-01,7.258664965629577637e-01,-1.728128641843795776e-01,4.188276529312133789e-01,-7.371445298194885254e-01,-1.091143012046813965e+00,-1.456551719456911087e-02,-1.039868146181106567e-01,1.440329402685165405e-01,6.991047412157058716e-02,-3.650540411472320557e-01,5.645138025283813477e-01,-4.544237554073333740e-01,1.903262436389923096e-01,3.433492779731750488e-02,-3.196626901626586914e-01,8.247362077236175537e-02,-2.263908833265304565e-01,-9.122456610202789307e-02,6.063057854771614075e-02,3.263329267501831055e-01,-5.047540068626403809e-01,1.366741806268692017e-01,-5.829965472221374512e-01,-6.294512748718261719e-02,-9.564976394176483154e-02,5.681104660034179688e-01,-4.273944795131683350e-01,7.178895920515060425e-02
5.068371817469596863e-02,-7.010144710540771484e+00,9.048181176185607910e-01,-7.267092913389205933e-02,7.717111706733703613e-02,6.816986799240112305e-01,7.239132523536682129e-01,-1.530102938413619995e-01,4.160861372947692871e-01,-7.590715885162353516e-01,-1.053191423416137695e+00,-1.070759817957878113e-02,-1.057991310954093933e-01,1.319433152675628662e-01,6.064281240105628967e-02,-3.444495499134063721e-01,5.507310032844543457e-01,-4.437593817710876465e-01,1.566612571477890015e-01,3.730397671461105347e-02,-3.172351121902465820e-01,6.058634445071220398e-02,-2.352392971515655518e-01,-9.374512732028961182e-02,6.990444660186767578e-02,3.270673453807830811e-01,-4.929365813732147217e-01,1.485249847173690796e-01,-5.874432325363159180e-01,-7.190416753292083740e-02,-1.126006022095680237e-01,6.139314174652099609e-01,-4.206766486167907715e-01,3.597431629896163940e-02
4.827716201543807983e-02,-7.020075798034667969e+00,9.067249298095703125e-01,-6.832477450370788574e-02,7.214941829442977905e-02,6.841968297958374023e-01,7.224963307380676270e-01,-1.204168722033500671e-01,4.089182019233703613e-01,-7.618986368179321289e-01,-1.020572304725646973e+00,-1.947548240423202515e-02,-1.085469201207160950e-01,1.164549142122268677e-01,5.236862227320671082e-02,-3.386023044586181641e-01,5.680455565452575684e-01,-4.667392671108245850e-01,1.210550144314765930e-01,3.487470746040344238e-02,-3.029230833053588867e-01,3.598371520638465881e-02,-2.254165560007095337e-01,-9.392970800399780273e-02,8.418603241443634033e-02,3.130197227001190186e-01,-4.797973930835723877e-01,1.507302969694137573e-01,-5.768671035766601562e-01,-7.567530125379562378e-02,-1.054459288716316223e-01,6.919193267822265625e-01,-4.338993132114410400e-01,-1.056851539760828018e-02
4.680677503347396851e-02,-7.028043746948242188e+00,9.086130857467651367e-01,-6.059846282005310059e-02,6.344418227672576904e-02,6.880395412445068359e-01,7.203500866889953613e-01,-7.380542904138565063e-02,3.968686163425445557e-01,-7.554338574409484863e-01,-9.895539879798889160e-01,-1.440328639000654221e-02,-1.124084070324897766e-01,1.084505170583724976e-01,5.305005982518196106e-02,-3.404935300350189209e-01,5.890156626701354980e-01,-5.119891762733459473e-01,1.224432662129402161e-01,3.526604175567626953e-02,-2.932950854301452637e-01,1.404083147644996643e-02,-1.978291422128677368e-01,-9.363503754138946533e-02,9.559190273284912109e-02,2.930856049060821533e-01,-4.693454802036285400e-01,1.558054685592651367e-01,-5.298069715499877930e-01,-7.570528984069824219e-02,-8.184508234262466431e-02,7.427752017974853516e-01,-4.403577744960784912e-01,-3.237687423825263977e-02
4.680763557553291321e-02,-7.033915519714355469e+00,9.099097251892089844e-01,-5.460581928491592407e-02,5.650521814823150635e-02,6.927687525749206543e-01,7.168659567832946777e-01,-3.117753565311431885e-02,3.830316364765167236e-01,-7.431116700172424316e-01,-9.560630917549133301e-01,2.580616623163223267e-03,-1.128691136837005615e-01,1.068222224712371826e-01,4.874420538544654846e-02,-3.424424827098846436e-01,5.944954752922058105e-01,-5.611795186996459961e-01,1.299245506525039673e-01,3.687413036823272705e-02,-2.916336059570312500e-01,6.036066450178623199e-03,-1.795852333307266235e-01,-9.329485893249511719e-02,9.347642213106155396e-02,2.820913195610046387e-01,-4.588675796985626221e-01,1.548071205615997314e-01,-4.619441628456115723e-01,-7.743910700082778931e-02,-6.046914309263229370e-02,7.436961531639099121e-01,-4.446973800659179688e-01,-3.994020074605941772e-02
4.825593158602714539e-02,-7.038593292236328125e+00,9.104264378547668457e-01,-4.899767413735389709e-02,4.999334365129470825e-02,6.982421278953552246e-01,7.124308943748474121e-01,6.801024544984102249e-03,3.696819543838500977e-01,-7.304633259773254395e-01,-9.191113710403442383e-01,3.301245719194412231e-02,-1.067231148481369019e-01,9.947486966848373413e-02,4.604222625494003296e-02,-3.399660289287567139e-01,5.767526626586914062e-01,-6.058064103126525879e-01,1.217412427067756653e-01,4.473566263914108276e-02,-2.919145822525024414e-01,9.447509422898292542e-03,-1.685360372066497803e-01,-9.137024730443954468e-02,7.956973463296890259e-02,2.853611111640930176e-01,-4.581218361854553223e-01,1.500562876462936401e-01,-3.658643960952758789e-01,-7.965465635061264038e-02,-5.613427609205245972e-02,6.804569959640502930e-01,-4.840201437473297119e-01,-5.996772646903991699e-02
5.086553841829299927e-02,-7.042447566986083984e+00,9.102403521537780762e-01,-4.383831471204757690e-02,4.401728883385658264e-02,7.043018341064453125e-01,7.071772217750549316e-01,3.481980785727500916e-02,3.580473959445953369e-01,-7.252526283264160156e-01,-8.762394189834594727e-01,5.974949523806571960e-02,-9.441541135311126709e-02,9.368207305669784546e-02,4.590192064642906189e-02,-3.349222242832183838e-01,5.471619963645935059e-01,-6.489498615264892578e-01,9.923211485147476196e-02,5.483535304665565491e-02,-2.799078226089477539e-01,1.551386062055826187e-02,-1.648459583520889282e-01,-8.568298816680908203e-02,6.754570454359054565e-02,3.014138638973236084e-01,-4.611203670501708984e-01,1.412546932697296143e-01,-2.601003944873809814e-01,-7.339920103549957275e-02,-4.364747926592826843e-02,5.464670062065124512e-01,-5.015853643417358398e-01,-5.959092825651168823e-02
5.421578884124755859e-02,-7.046000480651855469e+00,9.101231694221496582e-01,-4.018708691000938416e-02,3.983567655086517334e-02,7.090672254562377930e-01,7.028668522834777832e-01,4.857987537980079651e-02,3.488444983959197998e-01,-7.222917675971984863e-01,-8.185594081878662109e-01,7.334753125905990601e-02,-9.048399329185485840e-02,8.946524560451507568e-02,3.956487774848937988e-02,-3.286740481853485107e-01,5.279325246810913086e-01,-6.839396953582763672e-01,6.811420619487762451e-02,6.361933797597885132e-02,-2.724073231220245361e-01,1.801937632262706757e-02,-1.699611991643905640e-01,-7.417432963848114014e-02,6.546603888273239136e-02,3.254044055938720703e-01,-4.679409861564636230e-01,1.295722723007202148e-01,-1.769954413175582886e-01,-5.758681148290634155e-02,-4.972327873110771179e-02,4.147252142429351807e-01,-4.920944571495056152e-01,-7.313832640647888184e-02
5.733445286750793457e-02,-7.048952102661132812e+00,9.105152487754821777e-01,-3.567455708980560303e-02,3.502305969595909119e-02,7.127003669738769531e-01,6.996848583221435547e-01,5.455308780074119568e-02,3.413444757461547852e-01,-7.271262407302856445e-01,-7.472093701362609863e-01,6.984654814004898071e-02,-8.401136845350265503e-02,8.489561080932617188e-02,3.200658783316612244e-02,-3.206447064876556396e-01,5.215027928352355957e-01,-7.059075832366943359e-01,4.034080356359481812e-02,7.394163310527801514e-02,-2.626312673091888428e-01,1.559559162706136703e-02,-1.683513075113296509e-01,-5.918240919709205627e-02,7.057088613510131836e-02,3.440588712692260742e-01,-4.718109369277954102e-01,1.141419187188148499e-01,-1.064089983701705933e-01,-3.761335834860801697e-02,-5.221075937151908875e-02,3.036942481994628906e-01,-4.675386250019073486e-01,-9.280112385749816895e-02
5.944442376494407654e-02,-7.052280426025390625e+00,9.116306304931640625e-01,-3.110829740762710571e-02,3.036063164472579956e-02,7.149781584739685059e-01,6.977941989898681641e-01,4.965177550911903381e-02,3.312609493732452393e-01,-7.410151362419128418e-01,-6.591650843620300293e-01,6.719444692134857178e-02,-7.861030846834182739e-02,7.833700627088546753e-02,2.074523642659187317e-02,-3.132721185684204102e-01,5.261517167091369629e-01,-7.125935554504394531e-01,9.805945679545402527e-03,8.239997178316116333e-02,-2.474284470081329346e-01,5.345553625375032425e-03,-1.581046432256698608e-01,-5.074879154562950134e-02,7.745727151632308960e-02,3.449434340000152588e-01,-4.643817543983459473e-01,1.103445068001747131e-01,-6.775412708520889282e-02,-2.905220538377761841e-02,-4.622210934758186340e-02,2.443526536226272583e-01,-4.389072656631469727e-01,-9.378178417682647705e-02
5.990487709641456604e-02,-7.056641578674316406e+00,9.127373695373535156e-01,-2.892972528934478760e-02,2.826054766774177551e-02,7.147463560104370117e-01,6.982134580612182617e-01,3.346743807196617126e-02,3.084483444690704346e-01,-7.491430044174194336e-01,-5.549178719520568848e-01,5.045210570096969604e-02,-6.258222460746765137e-02,6.158750131726264954e-02,-2.132342662662267685e-03,-3.087876737117767334e-01,5.360603332519531250e-01,-7.000887989997863770e-01,-1.836485043168067932e-02,8.900891244411468506e-02,-2.249662727117538452e-01,-7.387779653072357178e-03,-1.476372182369232178e-01,-5.646565929055213928e-02,8.320548385381698608e-02,3.274827599525451660e-01,-4.512737095355987549e-01,1.136156395077705383e-01,-7.332839816808700562e-02,-3.833284601569175720e-02,-4.718472808599472046e-02,2.517409026622772217e-01,-4.301515519618988037e-01,-8.027245104312896729e-02
6.146870553493499756e-02,-7.060432910919189453e+00,9.134563803672790527e-01,-2.702399343252182007e-02,2.648565545678138733e-02,7.136730551719665527e-01,6.994562149047851562e-01,2.529038488864898682e-02,2.842009067535400391e-01,-7.349408268928527832e-01,-4.656606316566467285e-01,3.587473556399345398e-02,-2.819870412349700928e-02,4.555935412645339966e-02,-2.271849662065505981e-02,-3.033714294433593750e-01,5.448704957962036133e-01,-6.812657713890075684e-01,-2.276144735515117645e-02,9.815127402544021606e-02,-2.039986401796340942e-01,-1.575127802789211273e-02,-1.367211341857910156e-01,-5.782042071223258972e-02,9.186980873346328735e-02,3.091145753860473633e-01,-4.391163885593414307e-01,1.113466769456863403e-01,-8.247633278369903564e-02,-4.015121236443519592e-02,-4.127755388617515564e-02,2.659617364406585693e-01,-4.266112148761749268e-01,-8.215077221393585205e-02
6.393157690763473511e-02,-7.063774585723876953e+00,9.138062596321105957e-01,-2.523007616400718689e-02,2.474850043654441833e-02,7.134410738945007324e-01,6.998233795166015625e-01,2.796996198594570160e-02,2.712619304656982422e-01,-7.158711552619934082e-01,-4.251513481140136719e-01,1.995043829083442688e-02,1.562687940895557404e-02,2.663311176002025604e-02,-3.665133565664291382e-02,-3.013570308685302734e-01,5.520282387733459473e-01,-6.697718501091003418e-01,-1.591333001852035522e-02,1.050193682312965393e-01,-1.932448446750640869e-01,-1.912577636539936066e-02,-1.311303824186325073e-01,-5.363257974386215210e-02,9.342101961374282837e-02,3.008272349834442139e-01,-4.298607110977172852e-01,1.066112667322158813e-01,-8.237449824810028076e-02,-3.460138291120529175e-02,-3.593526780605316162e-02,2.664080560207366943e-01,-4.231122732162475586e-01,-9.095042198896408081e-02
6.639652699232101440e-02,-7.066431522369384766e+00,9.141157269477844238e-01,-2.361104823648929596e-02,2.314781956374645233e-02,7.136864066123962402e-01,6.996845006942749023e-01,3.220560774207115173e-02,2.702990770339965820e-01,-7.156113386154174805e-01,-4.163731038570404053e-01,3.341447561979293823e-02,4.475338757038116455e-02,1.129671558737754822e-02,-4.387330263853073120e-02,-3.007955849170684814e-01,5.552883148193359375e-01,-6.639056205749511719e-01,-1.485041715204715729e-02,1.066182553768157959e-01,-1.958442628383636475e-01,-1.435959618538618088e-02,-1.300130635499954224e-01,-4.911240935325622559e-02,8.866509050130844116e-02,2.993229329586029053e-01,-4.215571582317352295e-01,1.018006354570388794e-01,-7.458913326263427734e-02,-2.982007153332233429e-02,-3.991896659135818481e-02,2.564840316772460938e-01,-4.181551039218902588e-01,-9.312710911035537720e-02
6.856585294008255005e-02,-7.068749904632568359e+00,9.143311977386474609e-01,-2.205799333751201630e-02,2.159166894853115082e-02,7.142797708511352539e-01,6.991792917251586914e-01,3.370777517557144165e-02,2.767262756824493408e-01,-7.347200512886047363e-01,-4.181343913078308105e-01,4.705036804080009460e-02,3.627027198672294617e-02,3.650759812444448471e-03,-4.320415481925010681e-02,-3.003182113170623779e-01,5.526779890060424805e-01,-6.599000096321105957e-01,-2.187435515224933624e-02,1.025596261024475098e-01,-2.039198428392410278e-01,-8.734256029129028320e-03,-1.294283270835876465e-01,-4.625345021486282349e-02,8.276519924402236938e-02,2.995669841766357422e-01,-4.158836305141448975e-01,9.887338429689407349e-02,-6.773334741592407227e-02,-2.655414864420890808e-02,-4.591875895857810974e-02,2.496531158685684204e-01,-4.134480953216552734e-01,-9.833034873008728027e-02
7.000852376222610474e-02,-7.070947170257568359e+00,9.145270586013793945e-01,-2.055906504392623901e-02,2.007381431758403778e-02,7.152048349380493164e-01,6.983240246772766113e-01,3.326738998293876648e-02,2.827508747577667236e-01,-7.480881214141845703e-01,-4.254667758941650391e-01,2.656446583569049835e-02,1.877253316342830658e-02,-1.460927422158420086e-03,-3.628259152173995972e-02,-2.997810542583465576e-01,5.479375720024108887e-01,-6.553556919097900391e-01,-2.914157696068286896e-02,1.052079945802688599e-01,-2.091332823038101196e-01,-9.416964836418628693e-03,-1.277298629283905029e-01,-4.544196650385856628e-02,8.051275461912155151e-02,2.985709309577941895e-01,-4.099517166614532471e-01,9.703667461872100830e-02,-6.724663823843002319e-02,-2.578767389059066772e-02,-4.753275215625762939e-02,2.528133988380432129e-01,-4.107307791709899902e-01,-9.880714118480682373e-02
7.116761058568954468e-02,-7.072568416595458984e+00,9.147190451622009277e-01,-1.884358748793601990e-02,1.835922151803970337e-02,7.160043716430664062e-01,6.975998282432556152e-01,3.439750149846076965e-02,2.864731550216674805e-01,-7.458103895187377930e-01,-4.396106302738189697e-01,1.581258885562419891e-02,1.158033125102519989e-02,2.648284658789634705e-03,-2.645813487470149994e-02,-2.991125881671905518e-01,5.504965782165527344e-01,-6.472321152687072754e-01,-2.746910043060779572e-02,1.142188310623168945e-01,-2.085618376731872559e-01,-1.473366282880306244e-02,-1.210371255874633789e-01,-4.579842463135719299e-02,8.065596222877502441e-02,2.923153340816497803e-01,-4.047856032848358154e-01,9.742691367864608765e-02,-6.593500822782516479e-02,-2.505058981478214264e-02,-4.216445237398147583e-02,2.557170689105987549e-01,-4.095491468906402588e-01,-1.024238690733909607e-01
7.236926257610321045e-02,-7.073573112487792969e+00,9.149681329727172852e-01,-1.679340191185474396e-02,1.631350629031658173e-02,7.170845866203308105e-01,6.965928673744201660e-01,3.696525096893310547e-02,2.887692451477050781e-01,-7.353472113609313965e-01,-4.616090059280395508e-01,2.198747172951698303e-02,1.148702576756477356e-02,6.490307394415140152e-03,-1.525890361517667770e-02,-3.008550107479095459e-01,5.641729235649108887e-01,-6.363927721977233887e-01,-1.902060955762863159e-02,1.202151924371719360e-01,-2.022876292467117310e-01,-2.089194767177104950e-02,-1.105429232120513916e-01,-4.613624885678291321e-02,7.976344972848892212e-02,2.827532589435577393e-01,-4.004375934600830078e-01,9.672050178050994873e-02,-6.018591672182083130e-02,-2.435986325144767761e-02,-3.980600088834762573e-02,2.534526288509368896e-01,-4.070667028427124023e-01,-1.048745587468147278e-01
7.354644685983657837e-02,-7.074577331542968750e+00,9.151837825775146484e-01,-1.503279060125350952e-02,1.455697510391473770e-02,7.182272076606750488e-01,6.954939365386962891e-01,3.508641198277473450e-02,2.901115715503692627e-01,-7.266027927398681641e-01,-4.838350415229797363e-01,4.231314361095428467e-02,1.251520961523056030e-02,7.503063883632421494e-03,-5.278946366161108017e-03,-3.045083880424499512e-01,5.859605669975280762e-01,-6.236411929130554199e-01,-9.403594769537448883e-03,1.221796646714210510e-01,-1.915195882320404053e-01,-2.243001759052276611e-02,-1.023002788424491882e-01,-4.675054177641868591e-02,7.448443025350570679e-02,2.747063934803009033e-01,-3.962587416172027588e-01,9.692272543907165527e-02,-5.322598293423652649e-02,-2.398682199418544769e-02,-4.301505908370018005e-02,2.494726777076721191e-01,-4.067412614822387695e-01,-1.064574196934700012e-01
7.481822371482849121e-02,-7.075633049011230469e+00,9.152678847312927246e-01,-1.335802767425775528e-02,1.289025973528623581e-02,7.194698452949523926e-01,6.942755579948425293e-01,3.001792356371879578e-02,2.906951606273651123e-01,-7.240144610404968262e-01,-5.009425878524780273e-01,6.104059517383575439e-02,1.077701151371002197e-02,1.078648306429386139e-02,4.392878618091344833e-03,-3.064533174037933350e-01,6.068001389503479004e-01,-6.070628762245178223e-01,7.816749624907970428e-03,1.229314208030700684e-01,-1.783034354448318481e-01,-2.411135658621788025e-02,-9.650075435638427734e-02,-4.561695456504821777e-02,7.221886515617370605e-02,2.705931067466735840e-01,-3.931957185268402100e-01,9.531827270984649658e-02,-4.754319787025451660e-02,-2.269311249256134033e-02,-4.641593992710113525e-02,2.472457140684127808e-01,-4.056343138217926025e-01,-1.080413833260536194e-01
7.552312314510345459e-02,-7.076821327209472656e+00,9.151822924613952637e-01,-1.224111020565032959e-02,1.178035885095596313e-02,7.204331755638122559e-01,6.933162808418273926e-01,2.320876531302928925e-02,2.898485660552978516e-01,-7.238239645957946777e-01,-5.158202052116394043e-01,6.074729934334754944e-02,8.426714688539505005e-03,1.573986001312732697e-02,1.170648075640201569e-02,-3.054787218570709229e-01,6.232906579971313477e-01,-5.841715335845947266e-01,2.766399085521697998e-02,1.241121739149093628e-01,-1.663043051958084106e-01,-2.621200494468212128e-02,-9.485397487878799438e-02,-4.574159905314445496e-02,7.136090844869613647e-02,2.704023718833923340e-01,-3.889521062374114990e-01,9.507286548614501953e-02,-4.792139679193496704e-02,-2.307426184415817261e-02,-4.909664019942283630e-02,2.524034678936004639e-01,-4.088750481605529785e-01,-1.086762472987174988e-01
7.582666724920272827e-02,-7.077939510345458984e+00,9.150099158287048340e-01,-1.121394895017147064e-02,1.077274326235055923e-02,7.210639119148254395e-01,6.926940679550170898e-01,1.495811063796281815e-02,2.882772982120513916e-01,-7.265749573707580566e-01,-5.278902053833007812e-01,5.889187008142471313e-02,7.025097962468862534e-03,2.107335999608039856e-02,1.799162290990352631e-02,-3.019456267356872559e-01,6.361365914344787598e-01,-5.593001842498779297e-01,3.988083451986312866e-02,1.298715770244598389e-01,-1.588533371686935425e-01,-2.768564410507678986e-02,-9.384463727474212646e-02,-4.629279673099517822e-02,7.154745608568191528e-02,2.716992497444152832e-01,-3.876545131206512451e-01,9.355858713388442993e-02,-4.920677468180656433e-02,-2.394669130444526672e-02,-4.804912209510803223e-02,2.590819299221038818e-01,-4.109532237052917480e-01,-1.077990084886550903e-01
7.592104375362396240e-02,-7.078792095184326172e+00,9.148935675621032715e-01,-1.016327738761901855e-02,9.747196920216083527e-03,7.216544151306152344e-01,6.921102404594421387e-01,6.787035614252090454e-03,2.860571444034576416e-01,-7.309319972991943359e-01,-5.364978909492492676e-01,6.039243936538696289e-02,5.870546214282512665e-03,2.402766980230808258e-02,2.429087832570075989e-02,-2.980117201805114746e-01,6.440458297729492188e-01,-5.368617177009582520e-01,5.055229738354682922e-02,1.372082233428955078e-01,-1.441233158111572266e-01,-2.768334932625293732e-02,-9.215947240591049194e-02,-4.759617894887924194e-02,6.958803534507751465e-02,2.720351815223693848e-01,-3.862798810005187988e-01,9.414290636777877808e-02,-4.824975878000259399e-02,-2.518252097070217133e-02,-4.983144253492355347e-02,2.624872922897338867e-01,-4.127342998981475830e-01,-1.080918610095977783e-01
7.606173306703567505e-02,-7.079348087310791016e+00,9.149475693702697754e-01,-9.192454628646373749e-03,8.782018907368183136e-03,7.230061888694763184e-01,6.907245516777038574e-01,-1.389573211781680584e-03,2.831095457077026367e-01,-7.358484864234924316e-01,-5.426890254020690918e-01,5.921854078769683838e-02,3.144632559269666672e-03,2.280467562377452850e-02,3.163148835301399231e-02,-2.953781783580780029e-01,6.446724534034729004e-01,-5.217446088790893555e-01,5.952242761850357056e-02,1.532035320997238159e-01,-1.189459636807441711e-01,-2.816482819616794586e-02,-8.902572095394134521e-02,-4.837980121374130249e-02,6.634458154439926147e-02,2.696092128753662109e-01,-3.837448358535766602e-01,9.352209419012069702e-02,-4.550229385495185852e-02,-2.581795491278171539e-02,-5.309915170073509216e-02,2.631550133228302002e-01,-4.127257764339447021e-01,-1.086306422948837280e-01
7.605694234371185303e-02,-7.079821109771728516e+00,9.150475859642028809e-01,-8.153855800628662109e-03,7.760771084576845169e-03,7.243052124977111816e-01,6.893875598907470703e-01,-6.874554790556430817e-03,2.801357507705688477e-01,-7.394785284996032715e-01,-5.493949651718139648e-01,6.300416588783264160e-02,2.906746231019496918e-03,2.742423489689826965e-02,3.884602338075637817e-02,-2.935748100280761719e-01,6.479434967041015625e-01,-5.121650099754333496e-01,6.444393843412399292e-02,1.705959439277648926e-01,-9.991832822561264038e-02,-2.813061513006687164e-02,-8.487545698881149292e-02,-4.949927702546119690e-02,6.233767792582511902e-02,2.654264271259307861e-01,-3.808622658252716064e-01,9.385511279106140137e-02,-4.121373593807220459e-02,-2.652232721447944641e-02,-5.644864588975906372e-02,2.614429891109466553e-01,-4.109817147254943848e-01,-1.076888442039489746e-01
7.580748945474624634e-02,-7.080451011657714844e+00,9.151414036750793457e-01,-6.566009018570184708e-03,6.232508923858404160e-03,7.252564430236816406e-01,6.884192824363708496e-01,-8.187738247215747833e-03,2.775753736495971680e-01,-7.410115599632263184e-01,-5.568578839302062988e-01,5.988817289471626282e-02,4.377772100269794464e-03,2.885318361222743988e-02,4.615124315023422241e-02,-2.931128740310668945e-01,6.489626765251159668e-01,-5.081413388252258301e-01,6.837368756532669067e-02,1.851226538419723511e-01,-7.209220528602600098e-02,-2.845929190516471863e-02,-7.854014635086059570e-02,-5.092746019363403320e-02,5.772041529417037964e-02,2.609294056892395020e-01,-3.779381215572357178e-01,9.447582811117172241e-02,-3.489229455590248108e-02,-2.698152139782905579e-02,-5.793493241071701050e-02,2.586256563663482666e-01,-4.112075567245483398e-01,-1.082917228341102600e-01
7.537991553544998169e-02,-7.081025123596191406e+00,9.152492880821228027e-01,-5.806789733469486237e-03,5.502019077539443970e-03,7.258763909339904785e-01,6.877786517143249512e-01,-8.245289325714111328e-03,2.758612334728240967e-01,-7.409344911575317383e-01,-5.658690929412841797e-01,5.937148258090019226e-02,1.872859080322086811e-03,3.082006424665451050e-02,5.054412037134170532e-02,-2.928424775600433350e-01,6.485463380813598633e-01,-5.073681473731994629e-01,7.548877596855163574e-02,1.961292773485183716e-01,-5.036456882953643799e-02,-2.917991578578948975e-02,-7.465227693319320679e-02,-5.252567306160926819e-02,5.490519106388092041e-02,2.570140063762664795e-01,-3.757043778896331787e-01,9.521754831075668335e-02,-3.336127474904060364e-02,-2.824923768639564514e-02,-5.954421684145927429e-02,2.589806020259857178e-01,-4.101251661777496338e-01,-1.058875173330307007e-01
7.485120743513107300e-02,-7.081522464752197266e+00,9.152968525886535645e-01,-5.418041720986366272e-03,5.127604585140943527e-03,7.262855768203735352e-01,6.873526573181152344e-01,-5.671482533216476440e-03,2.752244174480438232e-01,-7.395906448364257812e-01,-5.741393566131591797e-01,6.276044994592666626e-02,2.025012858211994171e-03,2.991080097854137421e-02,5.333008617162704468e-02,-2.925997376441955566e-01,6.478256583213806152e-01,-5.082148909568786621e-01,7.139693945646286011e-02,2.006043940782546997e-01,-4.181477427482604980e-02,-3.022863343358039856e-02,-7.255788147449493408e-02,-5.393425375223159790e-02,5.419442802667617798e-02,2.540691494941711426e-01,-3.742609918117523193e-01,9.628012776374816895e-02,-3.289084136486053467e-02,-2.921501919627189636e-02,-5.784369632601737976e-02,2.594268620014190674e-01,-4.109884500503540039e-01,-1.055471077561378479e-01
7.418206334114074707e-02,-7.082114696502685547e+00,9.153464436531066895e-01,-5.208468995988368988e-03,4.925310146063566208e-03,7.265625596046447754e-01,6.870629191398620605e-01,-2.206615172326564789e-03,2.752018272876739502e-01,-7.406995892524719238e-01,-5.794703364372253418e-01,6.388983130455017090e-02,-3.822427534032613039e-04,3.005172684788703918e-02,5.438726767897605896e-02,-2.921765744686126709e-01,6.442891955375671387e-01,-5.101382136344909668e-01,6.731446832418441772e-02,2.018720656633377075e-01,-3.831232339143753052e-02,-3.107295185327529907e-02,-7.142958045005798340e-02,-5.532089248299598694e-02,5.359028279781341553e-02,2.521830201148986816e-01,-3.727319240570068359e-01,9.695437550544738770e-02,-3.342411667108535767e-02,-3.059527277946472168e-02,-5.814830586314201355e-02,2.600418031215667725e-01,-4.091056883335113525e-01,-1.041563078761100769e-01
7.348074018955230713e-02,-7.082692146301269531e+00,9.153763651847839355e-01,-5.052096676081418991e-03,4.777683876454830170e-03,7.265461087226867676e-01,6.870825290679931641e-01,1.609696191735565662e-03,2.755247354507446289e-01,-7.430978417396545410e-01,-5.801454782485961914e-01,5.772576108574867249e-02,9.850405622273683548e-04,2.595908567309379578e-02,5.397358909249305725e-02,-2.908708453178405762e-01,6.385639905929565430e-01,-5.123403668403625488e-01,6.186508387327194214e-02,2.011687606573104858e-01,-4.216748103499412537e-02,-3.125276416540145874e-02,-7.256262749433517456e-02,-5.655742064118385315e-02,5.367594212293624878e-02,2.527455687522888184e-01,-3.715331256389617920e-01,9.821217507123947144e-02,-3.391316905617713928e-02,-3.176544979214668274e-02,-5.740432441234588623e-02,2.605177760124206543e-01,-4.081798493862152100e-01,-1.021260544657707214e-01
7.275397330522537231e-02,-7.083277702331542969e+00,9.153780341148376465e-01,-4.992497153580188751e-03,4.727518185973167419e-03,7.260964512825012207e-01,6.875585317611694336e-01,5.865947809070348740e-03,2.764582931995391846e-01,-7.478683590888977051e-01,-5.758492946624755859e-01,5.359581112861633301e-02,1.643953961320221424e-03,2.334027737379074097e-02,5.132489651441574097e-02,-2.890825569629669189e-01,6.327170133590698242e-01,-5.154054164886474609e-01,6.069742515683174133e-02,2.025771886110305786e-01,-4.754910990595817566e-02,-3.086729161441326141e-02,-7.189284265041351318e-02,-5.778620019555091858e-02,5.467029288411140442e-02,2.525002360343933105e-01,-3.719795048236846924e-01,9.965145587921142578e-02,-3.505765646696090698e-02,-3.277470171451568604e-02,-5.610040947794914246e-02,2.611912786960601807e-01,-4.092718064785003662e-01,-1.033338457345962524e-01
7.197181135416030884e-02,-7.083815574645996094e+00,9.154412150382995605e-01,-4.856604151427745819e-03,4.607837181538343430e-03,7.254258394241333008e-01,6.882677674293518066e-01,1.060536783188581467e-02,2.771019935607910156e-01,-7.518629431724548340e-01,-5.673308968544006348e-01,5.994380638003349304e-02,2.384382998570799828e-03,2.116933837532997131e-02,4.786746576428413391e-02,-2.871289849281311035e-01,6.258693337440490723e-01,-5.189144611358642578e-01,5.623330920934677124e-02,2.026860266923904419e-01,-5.201998725533485413e-02,-3.072908334434032440e-02,-7.335539162158966064e-02,-5.897571891546249390e-02,5.596883967518806458e-02,2.526933550834655762e-01,-3.697573542594909668e-01,1.008223742246627808e-01,-3.591997176408767700e-02,-3.403216972947120667e-02,-5.473776906728744507e-02,2.615827620029449463e-01,-4.081511795520782471e-01,-1.020595729351043701e-01
7.112818211317062378e-02,-7.084202766418457031e+00,9.155245423316955566e-01,-4.970716312527656555e-03,4.729399457573890686e-03,7.244567871093750000e-01,6.892860531806945801e-01,1.531090401113033295e-02,2.778984904289245605e-01,-7.528641223907470703e-01,-5.545367002487182617e-01,6.204042956233024597e-02,7.310644723474979401e-03,1.736015826463699341e-02,4.375405609607696533e-02,-2.846817374229431152e-01,6.178871393203735352e-01,-5.234439969062805176e-01,4.877033457159996033e-02,2.020807713270187378e-01,-5.433003231883049011e-02,-3.022281825542449951e-02,-6.476198881864547729e-02,-6.029441207647323608e-02,5.688598006963729858e-02,2.448131740093231201e-01,-3.708313703536987305e-01,1.012555509805679321e-01,-3.727038204669952393e-02,-3.498190641403198242e-02,-5.309386923909187317e-02,2.616237998008728027e-01,-4.077586531639099121e-01,-1.025336384773254395e-01
