-0.00004340056693763472,-0.023487215861678123,0.8449512720108032,-0.011599211022257805,0.012858881615102291,0.6697002649307251,0.7424295544624329,-0.07822592556476593,0.1296561360359192,-0.4032691419124603,-0.3304511308670044,-0.0693809986114502,0.07609500735998154,-0.09519096463918686,0.04178013280034065,-0.21834774315357208,0.48491495847702026,-0.554362416267395,-0.12439221143722534,0.1489543467760086,-0.014624770730733871,0.00037722670822404325,0.03080585226416588,0.01193910650908947,0.17633016407489777,0.026223698630928993,-0.16089321672916412,-0.0078091928735375404,-0.035932596772909164,0.017027173191308975,-0.13618427515029907,0.10290142893791199,-0.1921401470899582,-0.06413055211305618
-0.00012589192192535847,-0.02274656854569912,0.8449336290359497,-0.011572622694075108,0.012864949181675911,0.6686784029006958,0.7433503866195679,-0.08083981275558472,0.12776555120944977,-0.42710840702056885,-0.33097413182258606,-0.09553974121809006,0.09626343101263046,-0.14805322885513306,0.0422946996986866,-0.21914561092853546,0.4828401505947113,-0.5507480502128601,-0.12814384698867798,0.1523279994726181,-0.01757732965052128,0.0007065430982038379,0.03219025209546089,0.011562172323465347,0.17923030257225037,0.026927754282951355,-0.16204845905303955,-0.007121581118553877,-0.03514678776264191,0.016749391332268715,-0.13326303660869598,0.10364053398370743,-0.19331544637680054,-0.06350930780172348
-0.0003814248775597662,-0.021997850388288498,0.8450093269348145,-0.011733843944966793,0.013063903898000717,0.6681166887283325,0.7438492774963379,-0.08039803802967072,0.12413081526756287,-0.4564625024795532,-0.33528536558151245,-0.11492136865854263,0.10762394964694977,-0.18540148437023163,0.04140942171216011,-0.21717968583106995,0.4766017496585846,-0.5374201536178589,-0.12573374807834625,0.15253499150276184,-0.019329939037561417,0.0007163331029005349,0.03293523192405701,0.010242119431495667,0.18093441426753998,0.026912305504083633,-0.16137512028217316,-0.005143903661519289,-0.034649744629859924,0.015721166506409645,-0.13273510336875916,0.10269373655319214,-0.19307196140289307,-0.06293217092752457
-0.0007602098630741239,-0.021209239959716797,0.8450098633766174,-0.012071188539266586,0.013469542376697063,0.6672840118408203,0.7445836663246155,-0.07764863222837448,0.11946894228458405,-0.47889572381973267,-0.34255874156951904,-0.13134203851222992,0.11136718094348907,-0.18626566231250763,0.03760983794927597,-0.21172639727592468,0.4699903130531311,-0.5170497894287109,-0.12447846680879593,0.15105995535850525,-0.023072749376296997,-0.000006237798061192734,0.03390190005302429,0.008411310613155365,0.18319272994995117,0.025681016966700554,-0.1613253802061081,-0.004547311924397945,-0.03531845659017563,0.01426611840724945,-0.1307317167520523,0.10273326188325882,-0.1934674233198166,-0.06263236701488495
-0.0010656398953869939,-0.021027540788054466,0.8450148105621338,-0.012721049599349499,0.014211023226380348,0.666845977306366,0.7449514269828796,-0.0753721296787262,0.11574710160493851,-0.48631927371025085,-0.34954386949539185,-0.14453795552253723,0.11317736655473709,-0.16963887214660645,0.033155959099531174,-0.20615188777446747,0.4686654508113861,-0.49996817111968994,-0.12319925427436829,0.152332603931427,-0.029076620936393738,0.001248804503120482,0.03156363219022751,0.006938418373465538,0.18306148052215576,0.02569420263171196,-0.16040123999118805,-0.002640974707901478,-0.0395527146756649,0.012710116803646088,-0.13024833798408508,0.10683352500200272,-0.19381442666053772,-0.06154581159353256
-0.0014231923269107938,-0.020658867433667183,0.8449940085411072,-0.013184832409024239,0.014725090004503727,0.6669385433197021,0.7448505163192749,-0.07435409724712372,0.11305747181177139,-0.4840658903121948,-0.3502053916454315,-0.1456729918718338,0.106120765209198,-0.15006987750530243,0.03257016837596893,-0.20153219997882843,0.4708728790283203,-0.49239522218704224,-0.12035702168941498,0.15212193131446838,-0.030600642785429955,0.00019368925131857395,0.030802497640252113,0.006294633261859417,0.1838119626045227,0.025026237592101097,-0.1595776379108429,-0.0015396708622574806,-0.04285838082432747,0.012093577533960342,-0.12946707010269165,0.11053063720464706,-0.1924436092376709,-0.061614781618118286
-0.0017270673997700214,-0.020179705694317818,0.8450491428375244,-0.01351442001760006,0.015061316080391407,0.6677142381668091,0.7441425919532776,-0.07568341493606567,0.11259839683771133,-0.47699543833732605,-0.34864628314971924,-0.14217685163021088,0.10443049669265747,-0.14786645770072937,0.037595078349113464,-0.20010194182395935,0.479773610830307,-0.49916350841522217,-0.11906418204307556,0.15383075177669525,-0.028708042576909065,-0.0008856718195602298,0.030311381444334984,0.005947569385170937,0.18351325392723083,0.02446993626654148,-0.1610332429409027,-0.002670820103958249,-0.04305759444832802,0.011784680187702179,-0.12980146706104279,0.11039125919342041,-0.19588741660118103,-0.0632115975022316
-0.002203725976869464,-0.019510840997099876,0.8450620174407959,-0.013727771118283272,0.015259833075106144,0.6686602234840393,0.7432847619056702,-0.07529011368751526,0.11319128423929214,-0.47535914182662964,-0.34759312868118286,-0.12869709730148315,0.10238711535930634,-0.13594482839107513,0.04291534051299095,-0.20107322931289673,0.49836426973342896,-0.5122345089912415,-0.11967235058546066,0.15418216586112976,-0.024382611736655235,-0.0005471350741572678,0.02958395890891552,0.005399300251156092,0.1809367835521698,0.025283457711338997,-0.16020584106445312,-0.0007541332161054015,-0.040734052658081055,0.011101670563220978,-0.1334441900253296,0.10717540234327316,-0.1948486864566803,-0.06084759160876274
-0.002596358535811305,-0.01877855323255062,0.8450210690498352,-0.013884738087654114,0.01538670901209116,0.6697986125946045,0.7422535419464111,-0.07462546229362488,0.1156979352235794,-0.4676661789417267,-0.34651169180870056,-0.1151275709271431,0.09408105909824371,-0.1323363035917282,0.049039170145988464,-0.20367297530174255,0.5172368884086609,-0.5296693444252014,-0.1168651133775711,0.1575530767440796,-0.012355060316622257,-0.0000012507526889748988,0.029448356479406357,0.0052533019334077835,0.1784077137708664,0.025334300473332405,-0.1614532172679901,-0.0002097077522194013,-0.038279030472040176,0.010785515420138836,-0.13675493001937866,0.1041206419467926,-0.19136670231819153,-0.059167854487895966
-0.003053756896406412,-0.017996707931160927,0.8449296355247498,-0.014027629047632217,0.015501941554248333,0.670820951461792,0.7413246035575867,-0.07260513305664062,0.11657252162694931,-0.46120044589042664,-0.3454713523387909,-0.11399649828672409,0.09181014448404312,-0.1283828765153885,0.054924726486206055,-0.20607899129390717,0.5351830720901489,-0.5466911792755127,-0.1148911640048027,0.16316622495651245,0.00018919477588497102,-0.0000709600280970335,0.02988889440894127,0.0043705240823328495,0.17537997663021088,0.025121260434389114,-0.1627354919910431,-0.0015088830841705203,-0.036912787705659866,0.009892896749079227,-0.1385917365550995,0.10432682186365128,-0.19634941220283508,-0.06075052544474602
-0.0036207037046551704,-0.01717367209494114,0.8449235558509827,-0.014104649424552917,0.015537705272436142,0.6719887852668762,0.7402639389038086,-0.07266227155923843,0.11712348461151123,-0.45834341645240784,-0.34141653776168823,-0.11266141384840012,0.09018398821353912,-0.12810078263282776,0.05934152752161026,-0.20687930285930634,0.5492498874664307,-0.5582748651504517,-0.1090250089764595,0.1729045957326889,0.015323473140597343,-0.0013962561497464776,0.031124597415328026,0.0037079816684126854,0.17487265169620514,0.024167442694306374,-0.16349387168884277,0.000805485702585429,-0.03799186646938324,0.008827161975204945,-0.13876071572303772,0.10938286036252975,-0.19678950309753418,-0.05714121833443642
-0.004207818303257227,-0.016499368473887444,0.8446266055107117,-0.014281878247857094,0.01570618711411953,0.6726121306419373,0.7396906614303589,-0.07326044887304306,0.11667037010192871,-0.4591708481311798,-0.33677175641059875,-0.12335216253995895,0.0920325517654419,-0.1267632395029068,0.05830426514148712,-0.2061087191104889,0.565177857875824,-0.5591949224472046,-0.1016872376203537,0.18421846628189087,0.024545129388570786,-0.0017900620587170124,0.03159811347723007,0.002125409198924899,0.171120747923851,0.02390121854841709,-0.16830316185951233,-0.002912326017394662,-0.04565931111574173,0.0066913822665810585,-0.13542908430099487,0.1270153671503067,-0.21111151576042175,-0.06200822442770004
-0.004652261734008789,-0.01587214693427086,0.8444789052009583,-0.014511000365018845,0.015970632433891296,0.6723194122314453,0.7399466037750244,-0.07350216805934906,0.11653105914592743,-0.45810988545417786,-0.33355915546417236,-0.11614551395177841,0.09515929967164993,-0.1288767158985138,0.05449721962213516,-0.2019723802804947,0.5707892179489136,-0.5499377250671387,-0.11173955351114273,0.18883176147937775,0.03167906031012535,-0.0016584236873313785,0.03197505697607994,-0.00001809339300962165,0.16836071014404297,0.023656874895095825,-0.1673736423254013,0.001643546624109149,-0.05887141078710556,0.0035917710047215223,-0.13161738216876984,0.15396495163440704,-0.21772532165050507,-0.0593474842607975
-0.005012730602174997,-0.01522163487970829,0.8442457914352417,-0.01497712079435587,0.016483327373862267,0.6723161339759827,0.7399290800094604,-0.07283525168895721,0.11441365629434586,-0.45612895488739014,-0.3304196894168854,-0.1208433285355568,0.0908898189663887,-0.12610524892807007,0.05264618620276451,-0.19912026822566986,0.5682865977287292,-0.5440496206283569,-0.11532875895500183,0.18917766213417053,0.029131148010492325,-0.001970889512449503,0.03180936351418495,-0.0022775596007704735,0.16699276864528656,0.02186102233827114,-0.16466394066810608,0.0025012216065078974,-0.06924916058778763,0.0013462686911225319,-0.12763701379299164,0.17357352375984192,-0.22576120495796204,-0.06398221105337143
-0.005118327680975199,-0.014281411655247211,0.844174861907959,-0.015110663138329983,0.016620157286524773,0.6725379228591919,0.7397217154502869,-0.07282429933547974,0.11296098679304123,-0.4583930969238281,-0.32979249954223633,-0.12383309751749039,0.09222865849733353,-0.1296675205230713,0.05376153811812401,-0.19917219877243042,0.5701387524604797,-0.5452351570129395,-0.11865455657243729,0.18548990786075592,0.020841194316744804,-0.0014170670183375478,0.03252207115292549,-0.003802955849096179,0.16374927759170532,0.021653590723872185,-0.16276425123214722,0.005867028143256903,-0.07192880660295486,0.00008352810982614756,-0.12653496861457825,0.18113237619400024,-0.22684840857982635,-0.06514935940504074
-0.005300817079842091,-0.01320710964500904,0.8442651629447937,-0.014946328476071358,0.016399720683693886,0.6734315156936646,0.7389165163040161,-0.07095811516046524,0.11023572087287903,-0.45943552255630493,-0.33226191997528076,-0.12620018422603607,0.08994549512863159,-0.11973854899406433,0.05753685161471367,-0.20239859819412231,0.572947084903717,-0.5520957112312317,-0.1206500381231308,0.1784135401248932,0.012557030655443668,0.00011308773537166417,0.03167043253779411,-0.004711266607046127,0.16296403110027313,0.026007337495684624,-0.1604633778333664,0.009642407298088074,-0.07035115361213684,-0.0015655731549486518,-0.12939585745334625,0.18365557491779327,-0.22391949594020844,-0.06119922548532486
-0.005388681776821613,-0.012024160474538803,0.8440985679626465,-0.014607039280235767,0.015966961160302162,0.6748294234275818,0.7376563549041748,-0.07104812562465668,0.10772135853767395,-0.4627736508846283,-0.3375839293003082,-0.13066571950912476,0.09868452697992325,-0.10774725675582886,0.06273676455020905,-0.20652151107788086,0.5742787718772888,-0.5596495270729065,-0.12055309116840363,0.17168453335762024,0.007925575599074364,0.00012706633424386382,0.03083054907619953,-0.005112727638334036,0.16326028108596802,0.03186558187007904,-0.1627253144979477,0.009282086975872517,-0.06652369350194931,-0.002147946273908019,-0.1304122656583786,0.1836279034614563,-0.2278798520565033,-0.06555426120758057
-0.005525919608771801,-0.010807455517351627,0.8441317677497864,-0.013954436406493187,0.01519792154431343,0.6761863827705383,0.7364416122436523,-0.069123275578022,0.10650137811899185,-0.46268710494041443,-0.3408563435077667,-0.12942618131637573,0.09430309385061264,-0.10070741921663284,0.0668347179889679,-0.20920583605766296,0.5717146396636963,-0.5615852475166321,-0.12438027560710907,0.16810356080532074,0.007262345403432846,0.0007153574260883033,0.03358906880021095,-0.0060237194411456585,0.15819019079208374,0.03356229513883591,-0.1595371663570404,0.011766784824430943,-0.05993623286485672,-0.0034322196152061224,-0.1337418407201767,0.18094269931316376,-0.22517496347427368,-0.06058158352971077
-0.00564742973074317,-0.009704201482236385,0.8440113663673401,-0.013307754881680012,0.01442763116210699,0.6778727769851685,0.734917163848877,-0.06781961768865585,0.10745129734277725,-0.4640265107154846,-0.3454543650150299,-0.128662109375,0.09364302456378937,-0.09793182462453842,0.06821364164352417,-0.21079790592193604,0.5686031579971313,-0.5579813718795776,-0.12294251471757889,0.16663481295108795,0.007384683471173048,0.0006133113638497889,0.03266356885433197,-0.00560753233730793,0.15801338851451874,0.04177763685584068,-0.1617068350315094,0.0161594208329916,-0.053572896867990494,-0.003678367007523775,-0.1379694640636444,0.17852012813091278,-0.2274264246225357,-0.06106758117675781
-0.00586419552564621,-0.008818112313747406,0.8437168598175049,-0.012632511556148529,0.013652578927576542,0.6790367960929871,0.7338685989379883,-0.06593041867017746,0.10833492875099182,-0.46405890583992004,-0.3492834270000458,-0.1177329272031784,0.09100082516670227,-0.09071202576160431,0.06691326200962067,-0.2105078101158142,0.5664445161819458,-0.5493282675743103,-0.11896318197250366,0.16504216194152832,0.003202175023034215,0.0016536421608179808,0.03346122428774834,-0.0057440162636339664,0.15284863114356995,0.04745517671108246,-0.16995765268802643,0.011462830938398838,-0.04982026666402817,-0.0046061258763074875,-0.14190538227558136,0.18060019612312317,-0.23249875009059906,-0.06377623975276947
-0.0062143015675246716,-0.00812796875834465,0.8436940312385559,-0.011989844031631947,0.012919127009809017,0.6801477074623108,0.732863187789917,-0.06438290327787399,0.10870573669672012,-0.45804694294929504,-0.35049083828926086,-0.11671898514032364,0.087062306702137,-0.0921684056520462,0.06658574938774109,-0.21025487780570984,0.5665266513824463,-0.544266402721405,-0.11769316345453262,0.17135024070739746,-0.005410351790487766,0.0008626657072454691,0.03513237461447716,-0.007494637276977301,0.15053968131542206,0.05014088749885559,-0.1655082404613495,0.016149669885635376,-0.048391565680503845,-0.007268670480698347,-0.14387428760528564,0.18633800745010376,-0.2328948676586151,-0.056817952543497086
-0.006660304497927427,-0.00764441629871726,0.8434370160102844,-0.011803763918578625,0.012685221619904041,0.681111752986908,0.7319744229316711,-0.064677894115448,0.10799019783735275,-0.45586535334587097,-0.3484649360179901,-0.11266438663005829,0.08319227397441864,-0.08216863125562668,0.06584662199020386,-0.2098192423582077,0.5653671622276306,-0.5374162793159485,-0.114768847823143,0.16418027877807617,-0.003157805884256959,0.00012343714479357004,0.03395399451255798,-0.00882643461227417,0.14875537157058716,0.05429225042462349,-0.17015132308006287,0.01823130063712597,-0.05094095692038536,-0.009071477688848972,-0.14455002546310425,0.19537952542304993,-0.24087975919246674,-0.05980313569307327
-0.006994115654379129,-0.007245962042361498,0.8432672023773193,-0.011506320908665657,0.012348365969955921,0.6816249489784241,0.7315070033073425,-0.06368658691644669,0.10728976130485535,-0.45412227511405945,-0.34743356704711914,-0.10969050973653793,0.08385537564754486,-0.08048862963914871,0.06662672013044357,-0.2096753865480423,0.5645901560783386,-0.53759765625,-0.11524413526058197,0.16346952319145203,-0.005079757887870073,-0.0006116215954534709,0.03634472191333771,-0.010464669205248356,0.14538656175136566,0.0529569536447525,-0.17090798914432526,0.015737544745206833,-0.052937041968107224,-0.011402616277337074,-0.14577844738960266,0.20374548435211182,-0.24628642201423645,-0.059049636125564575
-0.007238064892590046,-0.006834777072072029,0.8431938290596008,-0.01132176723331213,0.012147792614996433,0.6817035675048828,0.731440007686615,-0.06406305730342865,0.10895075649023056,-0.4522125720977783,-0.34231507778167725,-0.11068803071975708,0.07279976457357407,-0.09309165924787521,0.06645113974809647,-0.2091367542743683,0.5659671425819397,-0.5389469265937805,-0.11338754743337631,0.1623740941286087,-0.00952241662889719,-0.0021037175320088863,0.042219385504722595,-0.01410758588463068,0.14561817049980164,0.04311428219079971,-0.16197626292705536,0.023147890344262123,-0.0560205914080143,-0.014838027767837048,-0.14377835392951965,0.21319931745529175,-0.24982404708862305,-0.05345788970589638
-0.007437524385750294,-0.006621152628213167,0.8428418040275574,-0.011395297944545746,0.012224549427628517,0.681766152381897,0.7313792705535889,-0.0652826800942421,0.10835958272218704,-0.45301803946495056,-0.33910080790519714,-0.11093872785568237,0.07994525134563446,-0.09845893085002899,0.06580782681703568,-0.2093486189842224,0.5676063895225525,-0.5414094924926758,-0.10999990254640579,0.1621788591146469,-0.011179959401488304,-0.00304168532602489,0.04769572988152504,-0.016337577253580093,0.14690744876861572,0.03232778608798981,-0.16419878602027893,0.01937420479953289,-0.06157715246081352,-0.01692732609808445,-0.14154167473316193,0.22484953701496124,-0.2593804895877838,-0.05685420334339142
-0.007303103804588318,-0.006541059352457523,0.8426979780197144,-0.011590038426220417,0.01245554443448782,0.6811152100563049,0.7319785952568054,-0.06682443618774414,0.10755543410778046,-0.45145198702812195,-0.3343164920806885,-0.11362235993146896,0.07639841735363007,-0.09870794415473938,0.06498288363218307,-0.20891673862934113,0.5679213404655457,-0.5432018637657166,-0.10931556671857834,0.1608423888683319,-0.01209143828600645,-0.002051164163276553,0.054478805512189865,-0.018580801784992218,0.14616943895816803,0.018378417938947678,-0.16067826747894287,0.01702794060111046,-0.06875673681497574,-0.01942252926528454,-0.14134450256824493,0.23899146914482117,-0.26720234751701355,-0.055672165006399155
-0.006937764585018158,-0.006571467500180006,0.8424248099327087,-0.011948232538998127,0.012844678945839405,0.6809898018836975,0.7320827841758728,-0.06887932866811752,0.10656681656837463,-0.45175206661224365,-0.3298780620098114,-0.11300144344568253,0.07816119492053986,-0.096377894282341,0.06492970138788223,-0.2090042531490326,0.566979706287384,-0.544889509677887,-0.108771413564682,0.16115528345108032,-0.015194576233625412,-0.002758847316727042,0.05368917062878609,-0.02041681483387947,0.14560732245445251,0.017013240605592728,-0.15576469898223877,0.023578498512506485,-0.07894300669431686,-0.022215675562620163,-0.1387929767370224,0.25790953636169434,-0.2749897539615631,-0.052233874797821045
-0.0061596231535077095,-0.006838920060545206,0.8418186902999878,-0.01258358545601368,0.01354377344250679,0.6805445551872253,0.7324734330177307,-0.07104568183422089,0.10818330198526382,-0.453359991312027,-0.33032122254371643,-0.11152064055204391,0.08233989030122757,-0.10033611208200455,0.0629415214061737,-0.20861311256885529,0.5670446157455444,-0.5440525412559509,-0.1095864400267601,0.15946322679519653,-0.017210716381669044,-0.002120174001902342,0.051739953458309174,-0.02056979201734066,0.14542469382286072,0.016394011676311493,-0.16324546933174133,0.015807772055268288,-0.09331896156072617,-0.023552747443318367,-0.1354013830423355,0.2819189131259918,-0.2889085114002228,-0.058104999363422394
-0.004724346101284027,-0.006949275732040405,0.8415865302085876,-0.013142050243914127,0.014174971729516983,0.6797565221786499,0.7331830859184265,-0.06980229914188385,0.10834562033414841,-0.4464828073978424,-0.3315446674823761,-0.11456650495529175,0.07774554938077927,-0.09322282671928406,0.06336664408445358,-0.20860157907009125,0.5681316256523132,-0.5462571978569031,-0.11356732994318008,0.15756964683532715,-0.020519664511084557,-0.0021589745301753283,0.049388252198696136,-0.01907970756292343,0.14453668892383575,0.018781419843435287,-0.1611923724412918,0.015735477209091187,-0.10619176179170609,-0.022910067811608315,-0.131384015083313,0.304507315158844,-0.3006647825241089,-0.059375204145908356
-0.0028764286544173956,-0.007158077787607908,0.8409919738769531,-0.013996507041156292,0.01511369924992323,0.6793250441551208,0.7335483431816101,-0.07394697517156601,0.10924576222896576,-0.4501746892929077,-0.3279224932193756,-0.1071389690041542,0.08246377110481262,-0.09424381703138351,0.0639413520693779,-0.20971883833408356,0.5684211254119873,-0.5505563020706177,-0.11537694931030273,0.15636594593524933,-0.02302124910056591,-0.0020240265876054764,0.04540376737713814,-0.016077615320682526,0.15005286037921906,0.021028881892561913,-0.16595789790153503,0.00912346038967371,-0.12059477716684341,-0.020656656473875046,-0.12491867691278458,0.3284427225589752,-0.3160528242588043,-0.06558428704738617
-0.00016676977975293994,-0.007238912861794233,0.8402385115623474,-0.014866122975945473,0.01609116792678833,0.6784311532974243,0.734337329864502,-0.07606342434883118,0.11015961319208145,-0.4472665786743164,-0.3250187039375305,-0.0962345227599144,0.0788179486989975,-0.08778452128171921,0.06443358957767487,-0.20992907881736755,0.5692931413650513,-0.5553841590881348,-0.11674576252698898,0.1561177372932434,-0.02424367144703865,-0.002047730842605233,0.043251823633909225,-0.010331540368497372,0.15352608263492584,0.021308159455657005,-0.17077848315238953,0.0015431484207510948,-0.13536514341831207,-0.014798596501350403,-0.11788513511419296,0.35247012972831726,-0.3320971727371216,-0.07498516887426376
0.003450579708442092,-0.0070897918194532394,0.8398971557617188,-0.01557990163564682,0.016960322856903076,0.6763220429420471,0.7362459897994995,-0.0764944851398468,0.10890082269906998,-0.43374598026275635,-0.3180162012577057,-0.106880784034729,0.07805795967578888,-0.08678388595581055,0.06374819576740265,-0.2093815803527832,0.571315586566925,-0.5587213635444641,-0.11885876208543777,0.1542631983757019,-0.022660715505480766,0.0008706334629096091,0.04162125289440155,-0.0013892751885578036,0.15723130106925964,0.023915572091937065,-0.17498883605003357,-0.008224940858781338,-0.1439177542924881,-0.005782910622656345,-0.11367492377758026,0.3669969141483307,-0.34691569209098816,-0.08315899223089218
0.008041638880968094,-0.006792070344090462,0.839421808719635,-0.016525378450751305,0.01807333156466484,0.6745932698249817,0.7377832531929016,-0.07914470881223679,0.10822213441133499,-0.42237094044685364,-0.30938416719436646,-0.10255950689315796,0.08306732028722763,-0.08636709302663803,0.06293909251689911,-0.20915941894054413,0.5731903910636902,-0.5617465972900391,-0.12052173912525177,0.1560656726360321,-0.025322716683149338,0.003512247232720256,0.040301498025655746,0.009929349645972252,0.16160361468791962,0.022844497114419937,-0.17701025307178497,-0.02027442306280136,-0.1504625380039215,0.006844515912234783,-0.10594992339611053,0.37639757990837097,-0.3612858057022095,-0.09479460120201111
0.013580665923655033,-0.005903083365410566,0.8389546871185303,-0.01710495539009571,0.018851468339562416,0.6717504858970642,0.740339994430542,-0.0781729519367218,0.1068938672542572,-0.39880022406578064,-0.3010829985141754,-0.10496910661458969,0.08064168691635132,-0.08180496096611023,0.06174715980887413,-0.207426056265831,0.572913408279419,-0.5618497729301453,-0.12029144912958145,0.15421558916568756,-0.021628988906741142,0.007631039246916771,0.041634514927864075,0.024738801643252373,0.16776442527770996,0.021683013066649437,-0.17841660976409912,-0.032220933586359024,-0.1497168242931366,0.024065373465418816,-0.09710842370986938,0.3738868832588196,-0.3660958409309387,-0.10813000798225403
0.019928978756070137,-0.005018195603042841,0.8390955328941345,-0.01760271191596985,0.019564837217330933,0.6686146259307861,0.7431432008743286,-0.07953188568353653,0.10550965368747711,-0.3794347941875458,-0.28805938363075256,-0.0919957235455513,0.07653093338012695,-0.07542537152767181,0.05993323028087616,-0.2052547037601471,0.5708381533622742,-0.5596769452095032,-0.1240028366446495,0.15258242189884186,-0.019189581274986267,0.01369027141481638,0.030387330800294876,0.04363345727324486,0.17129111289978027,0.04747031256556511,-0.1889079511165619,-0.0400739349424839,-0.1402769833803177,0.043417200446128845,-0.09114450961351395,0.3556203842163086,-0.36704668402671814,-0.11978617310523987
0.027106720954179764,-0.004332417622208595,0.8389037847518921,-0.018241768702864647,0.02041814476251602,0.6659952402114868,0.7454533576965332,-0.08396200835704803,0.10201825946569443,-0.3605272173881531,-0.26848503947257996,-0.08510706573724747,0.07988298684358597,-0.06511899828910828,0.060425564646720886,-0.20178525149822235,0.5627884864807129,-0.5577830672264099,-0.12479427456855774,0.1519041508436203,-0.017055200412869453,0.02196059189736843,-0.027077430859208107,0.07210497558116913,0.17005527019500732,0.16397033631801605,-0.234549880027771,-0.04772120714187622,-0.1219702884554863,0.06633196771144867,-0.082142174243927,0.3205804228782654,-0.3655158281326294,-0.14061565697193146
0.033751025795936584,-0.003542065853253007,0.8379522562026978,-0.018905676901340485,0.02126329019665718,0.6641924381256104,0.7470199465751648,-0.09111287444829941,0.09709358215332031,-0.3458698093891144,-0.24452385306358337,-0.08533679693937302,0.0773242935538292,-0.05203768238425255,0.062382858246564865,-0.20030543208122253,0.5498818159103394,-0.5570357441902161,-0.12652036547660828,0.1517367660999298,-0.002756503876298666,0.03162039816379547,-0.10898491740226746,0.10040710121393204,0.15924639999866486,0.3250177502632141,-0.28409233689308167,-0.045984283089637756,-0.1061595156788826,0.08682683855295181,-0.07706743478775024,0.28463006019592285,-0.35246801376342773,-0.1532970517873764
0.03936825320124626,-0.0024184281937777996,0.8371732234954834,-0.020182030275464058,0.02270679920911789,0.664024293422699,0.7470936179161072,-0.0983908623456955,0.09385016560554504,-0.35186195373535156,-0.22847871482372284,-0.06022694706916809,0.07139407843351364,-0.03376784175634384,0.06727273762226105,-0.2023782879114151,0.5388733148574829,-0.5602155327796936,-0.13244056701660156,0.15311099588871002,0.008244255557656288,0.04198560118675232,-0.21026407182216644,0.12038945406675339,0.14899621903896332,0.5069567561149597,-0.3163248598575592,-0.020768234506249428,-0.08869064599275589,0.10259483754634857,-0.07508115470409393,0.24599672853946686,-0.346219927072525,-0.16347599029541016
0.043655384331941605,-0.0003870265500154346,0.836728572845459,-0.022014731541275978,0.024624552577733994,0.6661324501037598,0.7451016902923584,-0.10046407580375671,0.09122087806463242,-0.36459094285964966,-0.2242615669965744,-0.0526336207985878,0.06885754317045212,-0.02090498059988022,0.07064371556043625,-0.206074059009552,0.5260956883430481,-0.5530881881713867,-0.13208632171154022,0.15528161823749542,0.01914495788514614,0.04858681932091713,-0.310256689786911,0.1313878297805786,0.144990473985672,0.6698948740959167,-0.30738404393196106,0.003545481478795409,-0.07198956608772278,0.11290000379085541,-0.07893774658441544,0.20930726826190948,-0.3391837775707245,-0.1765337586402893
0.046601634472608566,0.0036761045921593904,0.8369970321655273,-0.023425711318850517,0.02607616037130356,0.6678786873817444,0.7434442639350891,-0.09250068664550781,0.09377191215753555,-0.36043766140937805,-0.23242565989494324,-0.041400246322155,0.055963337421417236,-0.021547997370362282,0.07029107213020325,-0.2046145796775818,0.5124744772911072,-0.5247511863708496,-0.12449979782104492,0.157270148396492,0.009981163777410984,0.046812545508146286,-0.3835372030735016,0.13026413321495056,0.15716369450092316,0.7850489616394043,-0.30121350288391113,0.07246474921703339,-0.049045223742723465,0.11669277399778366,-0.08580823987722397,0.16804422438144684,-0.32893872261047363,-0.17021623253822327
0.04878144711256027,0.00815240852534771,0.83746337890625,-0.025122296065092087,0.027839262038469315,0.669479489326477,0.7418834567070007,-0.0810684785246849,0.09467354416847229,-0.330125093460083,-0.24750015139579773,-0.04216083884239197,0.05108271539211273,-0.016241032630205154,0.06782784312963486,-0.2027377039194107,0.4875967800617218,-0.4905058443546295,-0.11973252147436142,0.15902695059776306,-0.0005191462114453316,0.04234815016388893,-0.44027385115623474,0.1171765848994255,0.14807206392288208,0.8394880294799805,-0.32844555377960205,0.0806882232427597,-0.029669592157006264,0.11615706235170364,-0.09689270704984665,0.13113939762115479,-0.3200679123401642,-0.16384798288345337
0.05022301524877548,0.013428677804768085,0.8381302952766418,-0.026914214715361595,0.029605193063616753,0.6721396446228027,0.7393425703048706,-0.07065533846616745,0.09685780107975006,-0.2905409038066864,-0.26360100507736206,-0.03943760693073273,0.04920563846826553,-0.015257425606250763,0.06311983615159988,-0.20167814195156097,0.4554479420185089,-0.45583048462867737,-0.11996155232191086,0.15977665781974792,-0.011057366617023945,0.038323331624269485,-0.4823211133480072,0.09373883903026581,0.12210667878389359,0.824901819229126,-0.3247738480567932,0.06350450217723846,-0.010445215739309788,0.11462358385324478,-0.1072191447019577,0.09803026169538498,-0.3205243647098541,-0.16140016913414001
0.05134352296590805,0.0195616502314806,0.8384148478507996,-0.028931260108947754,0.03153609111905098,0.6753994822502136,0.7362092137336731,-0.06462807208299637,0.10064340382814407,-0.26397475600242615,-0.26994627714157104,-0.044075727462768555,0.04636676236987114,-0.02758963778614998,0.06020718440413475,-0.20303291082382202,0.42683520913124084,-0.43299588561058044,-0.12731719017028809,0.1621236652135849,-0.027306681498885155,0.040940459817647934,-0.5141424536705017,0.06727655231952667,0.08619076013565063,0.7558878064155579,-0.2942750155925751,0.05373573303222656,0.007207142189145088,0.113128162920475,-0.12348781526088715,0.07004112005233765,-0.31163689494132996,-0.1498917043209076
0.051925450563430786,0.02715238742530346,0.8383731842041016,-0.031433627009391785,0.033955540508031845,0.6786025762557983,0.7330467104911804,-0.06080441549420357,0.10396381467580795,-0.2466071993112564,-0.2730139195919037,-0.03208135440945625,0.04937729984521866,-0.03424149751663208,0.05844458192586899,-0.20884010195732117,0.40227946639060974,-0.4284553527832031,-0.13002581894397736,0.17044305801391602,-0.02362263761460781,0.03878583759069443,-0.53231281042099,0.05447099357843399,0.07258743792772293,0.6404932737350464,-0.21090328693389893,0.022016219794750214,0.02142961136996746,0.10985325276851654,-0.1373109519481659,0.04957892745733261,-0.3105045557022095,-0.1395467221736908
0.05263004079461098,0.03494400903582573,0.8375053405761719,-0.034746237099170685,0.03726706653833389,0.6810510158538818,0.730461061000824,-0.0617707259953022,0.1083587184548378,-0.23792912065982819,-0.2717742919921875,-0.02007218822836876,0.050522495061159134,-0.03885791450738907,0.053798917680978775,-0.21842338144779205,0.39661553502082825,-0.4366553723812103,-0.13371431827545166,0.1740466058254242,-0.01995556242763996,0.040237437933683395,-0.540982186794281,0.04906731843948364,0.07685737311840057,0.50337815284729,-0.15909060835838318,-0.00486797234043479,0.03000788576900959,0.10889816284179688,-0.15235748887062073,0.03670251742005348,-0.31869879364967346,-0.13294294476509094
0.052884217351675034,0.04452701285481453,0.8359418511390686,-0.03731461614370346,0.03996574506163597,0.6814268827438354,0.7298409342765808,-0.05404012277722359,0.1120617464184761,-0.2249382734298706,-0.27480900287628174,-0.011738498695194721,0.04601844400167465,-0.03496488556265831,0.04436108097434044,-0.2264549285173416,0.3977310061454773,-0.4453347325325012,-0.13689465820789337,0.174258291721344,-0.019007252529263496,0.04770174250006676,-0.5396164059638977,0.04224786162376404,0.07684584707021713,0.3624524176120758,-0.12279709428548813,-0.020616905763745308,0.04231863468885422,0.10829593986272812,-0.16706982254981995,0.02603185549378395,-0.3196088969707489,-0.11976213753223419
0.05252865329384804,0.05582026019692421,0.8335884809494019,-0.039191219955682755,0.04187066853046417,0.6822358965873718,0.7288793325424194,-0.0460108183324337,0.11624692380428314,-0.21715958416461945,-0.27597516775131226,-0.01258683018386364,0.04445737972855568,-0.039041586220264435,0.035967350006103516,-0.23245424032211304,0.39262592792510986,-0.4559974670410156,-0.14062780141830444,0.1731620877981186,-0.018452005460858345,0.05522864684462547,-0.5418506860733032,0.03609135001897812,0.06957858055830002,0.2488410770893097,-0.08969932049512863,-0.0260783564299345,0.06040883809328079,0.11155000329017639,-0.17446815967559814,0.01523019839078188,-0.3321110010147095,-0.1209293082356453
0.051852237433195114,0.0690314769744873,0.8306050300598145,-0.04010319337248802,0.04279256612062454,0.6826295256614685,0.7284075021743774,-0.038246676325798035,0.11983413994312286,-0.20669831335544586,-0.2723669707775116,-0.013772877864539623,0.04351498931646347,-0.04282559081912041,0.028976133093237877,-0.23468101024627686,0.3838174045085907,-0.46608325839042664,-0.14732109010219574,0.17388826608657837,-0.02168487198650837,0.06186399608850479,-0.5431682467460632,0.03288881853222847,0.07222030311822891,0.17362456023693085,-0.09508436918258667,-0.036772411316633224,0.08250356465578079,0.11520323902368546,-0.17635464668273926,0.0095011405646801,-0.3368827700614929,-0.11524660140275955
0.05048026889562607,0.08408769220113754,0.8270231485366821,-0.040775466710329056,0.04339263588190079,0.6835736036300659,0.7274486422538757,-0.029924174770712852,0.12205492705106735,-0.1901872307062149,-0.26770129799842834,-0.024925997480750084,0.04717862606048584,-0.054519172757864,0.022628555074334145,-0.23533938825130463,0.3768814504146576,-0.47273924946784973,-0.15529663860797882,0.1714419722557068,-0.028270870447158813,0.06494536250829697,-0.5561617612838745,0.029745575040578842,0.08113625645637512,0.1505756378173828,-0.09302806109189987,-0.03461480140686035,0.1064961701631546,0.11763503402471542,-0.18228940665721893,0.008048219606280327,-0.35587412118911743,-0.11342739313840866
0.04836660251021385,0.10115260630846024,0.8230780363082886,-0.04119681194424629,0.043778352439403534,0.6840693950653076,0.726935625076294,-0.021041924133896828,0.12331041693687439,-0.1745581477880478,-0.26391956210136414,-0.02378728985786438,0.05071933567523956,-0.05528568476438522,0.01602952368557453,-0.23476846516132355,0.376124769449234,-0.47539085149765015,-0.1574571281671524,0.16737797856330872,-0.030530119314789772,0.06411579996347427,-0.5731789469718933,0.03002948872745037,0.09459003806114197,0.17075859010219574,-0.10214681923389435,-0.03868349641561508,0.13093210756778717,0.11820346117019653,-0.18593458831310272,0.012585397809743881,-0.3714301288127899,-0.11085350066423416
0.04567414149641991,0.1194467693567276,0.8191354870796204,-0.04167627915740013,0.04434557259082794,0.6835660338401794,0.7273472547531128,-0.009706918150186539,0.1263655424118042,-0.16162504255771637,-0.2667328417301178,-0.024052061140537262,0.055037472397089005,-0.05889546126127243,0.009329319931566715,-0.2337745577096939,0.3830462098121643,-0.47984451055526733,-0.15708129107952118,0.16550301015377045,-0.029820306226611137,0.05691855400800705,-0.5856566429138184,0.03388287127017975,0.11556807905435562,0.2127918154001236,-0.10847054421901703,-0.031355880200862885,0.15291346609592438,0.11586494743824005,-0.18343797326087952,0.023086361587047577,-0.3780522644519806,-0.09963607788085938
0.04183442145586014,0.14000816643238068,0.8154137134552002,-0.042468659579753876,0.04530663788318634,0.6825671195983887,0.7281798124313354,0.004570740275084972,0.12647642195224762,-0.14708103239536285,-0.27074119448661804,-0.017204388976097107,0.05098463222384453,-0.058281686156988144,0.005939408205449581,-0.23552805185317993,0.39593052864074707,-0.49077558517456055,-0.15631398558616638,0.1605365127325058,-0.030079435557127,0.05347996577620506,-0.604374349117279,0.032437898218631744,0.12077377736568451,0.29087963700294495,-0.1205441951751709,-0.008058649487793446,0.17719393968582153,0.10806049406528473,-0.19453468918800354,0.03663911297917366,-0.3866841495037079,-0.0797085240483284
0.036600999534130096,0.1621069312095642,0.8130519390106201,-0.042625416070222855,0.04569842293858528,0.6807588934898376,0.7298370003700256,0.017917964607477188,0.1242951899766922,-0.12537845969200134,-0.27119722962379456,-0.008309722878038883,0.049347173422575,-0.05829063057899475,0.006819022819399834,-0.239497572183609,0.4089488089084625,-0.5115118026733398,-0.1532221883535385,0.16349361836910248,-0.029074516147375107,0.049077846109867096,-0.6229214668273926,0.03255679830908775,0.11381467431783676,0.36907848715782166,-0.07523635029792786,0.00004816508953808807,0.1917499452829361,0.092481829226017,-0.20636367797851562,0.07120128720998764,-0.3989934027194977,-0.053024034947156906
0.030599065124988556,0.18584419786930084,0.8120400309562683,-0.04186689481139183,0.044941496104002,0.6803479194641113,0.7303109765052795,0.02535235323011875,0.12237577885389328,-0.1152820959687233,-0.2624504864215851,-0.015585867688059807,0.04732338711619377,-0.05483008548617363,0.01441644225269556,-0.24317769706249237,0.42411357164382935,-0.5322452187538147,-0.1546453982591629,0.1613045632839203,-0.0283881276845932,0.04785149171948433,-0.6517837643623352,0.028987077996134758,0.08963509649038315,0.49299585819244385,-0.09454681724309921,0.03677813336253166,0.21375462412834167,0.08500119298696518,-0.20727144181728363,0.10244624316692352,-0.40675318241119385,-0.03305437043309212
0.023536905646324158,0.21161691844463348,0.8134858012199402,-0.04065608233213425,0.04328136891126633,0.6834478378295898,0.7275801301002502,0.02260144054889679,0.11886481195688248,-0.12627732753753662,-0.246046781539917,-0.0210946686565876,0.05753854662179947,-0.052088793367147446,0.034742143005132675,-0.24506138265132904,0.42561525106430054,-0.5504870414733887,-0.1545223444700241,0.15556293725967407,-0.026905005797743797,0.04694334417581558,-0.6408235430717468,0.014289968647062778,0.06643376499414444,0.558078408241272,-0.12742719054222107,0.05970476195216179,0.22768674790859222,0.0744546577334404,-0.21360930800437927,0.15766873955726624,-0.42786914110183716,-0.0256769098341465
0.016531983390450478,0.23793171346187592,0.8187591433525085,-0.03810965642333031,0.04034293815493584,0.685641348361969,0.7258209586143494,0.016244271770119667,0.11730161309242249,-0.13707347214221954,-0.23387689888477325,-0.03166787326335907,0.06696188449859619,-0.06024657562375069,0.05711381137371063,-0.2481137216091156,0.43441230058670044,-0.5696509480476379,-0.1588224172592163,0.1614542454481125,-0.019172562286257744,0.037750277668237686,-0.5753567218780518,0.005475399550050497,0.0741041824221611,0.5411390662193298,-0.1599462926387787,0.07553838193416595,0.2086171656847,0.05467796325683594,-0.21029448509216309,0.2740291357040405,-0.46685585379600525,-0.02785923145711422
0.010107739828526974,0.26358693838119507,0.8255927562713623,-0.035284653306007385,0.03739235922694206,0.6854037642478943,0.726345956325531,0.013067575171589851,0.11909710615873337,-0.12388945370912552,-0.2384188324213028,-0.043821994215250015,0.06987264007329941,-0.07168377935886383,0.0709189921617508,-0.25189173221588135,0.46329551935195923,-0.5781636834144592,-0.15613779425621033,0.14895641803741455,-0.021115204319357872,0.031228292733430862,-0.4873232841491699,-0.0017449785955250263,0.08042958378791809,0.4804665446281433,-0.18526579439640045,0.07859309762716293,0.14536882936954498,0.03405975550413132,-0.20651619136333466,0.45563146471977234,-0.49939966201782227,-0.056943364441394806
0.004699401557445526,0.2883627712726593,0.8310160040855408,-0.03361852467060089,0.03561706095933914,0.6855859160423279,0.7263423204421997,0.007009935565292835,0.1261167824268341,-0.11581037938594818,-0.25428250432014465,-0.04251892492175102,0.07201132923364639,-0.07918108254671097,0.08680114150047302,-0.2516991198062897,0.4650152325630188,-0.5937424302101135,-0.14202381670475006,0.146638885140419,-0.007215932011604309,0.035762615501880646,-0.40511980652809143,-0.01389127504080534,0.06451790779829025,0.41551223397254944,-0.20407941937446594,0.08069004863500595,0.03504863753914833,0.012128075584769249,-0.22894786298274994,0.6871275305747986,-0.3897656500339508,-0.09176158905029297
-0.000655773445032537,0.31117743253707886,0.8337327837944031,-0.0338159017264843,0.03582368791103363,0.6856014132499695,0.7263083457946777,-0.009502646513283253,0.13426122069358826,-0.12334934622049332,-0.2722899913787842,-0.031372785568237305,0.06530409306287766,-0.08207818865776062,0.10063640028238297,-0.25336992740631104,0.4554501473903656,-0.6122122406959534,-0.1567668467760086,0.14536233246326447,0.003272559493780136,0.04616174101829529,-0.3363203704357147,-0.036123424768447876,0.04401610419154167,0.3550659418106079,-0.21858026087284088,0.09601090848445892,-0.10843674838542938,-0.04524765908718109,-0.28482726216316223,0.9246525764465332,-0.0797383040189743,-0.08955125510692596
-0.004906346555799246,0.3320695161819458,0.834248423576355,-0.036765795201063156,0.03915047645568848,0.6835694909095764,0.7279067635536194,-0.04050390422344208,0.144520565867424,-0.13698183000087738,-0.2852160930633545,-0.02117740735411644,0.057598892599344254,-0.07892674207687378,0.09998893737792969,-0.25381577014923096,0.4493483901023865,-0.6148534417152405,-0.17898550629615784,0.13649705052375793,0.0026529792230576277,0.06147049739956856,-0.29970917105674744,-0.059106726199388504,0.03836826607584953,0.32528889179229736,-0.22870582342147827,0.11393336951732635,-0.25222665071487427,-0.09200803190469742,-0.3155863881111145,1.1407849788665771,-0.11226613819599152,-0.13186748325824738
-0.0040670121088624,0.3484734296798706,0.8313133716583252,-0.03213672339916229,0.03428240865468979,0.6831513047218323,0.7287635207176208,-0.05664531886577606,0.12871401011943817,-0.1459609568119049,-0.28770124912261963,-0.014164267107844353,0.052607420831918716,-0.07133327424526215,0.11647773534059525,-0.27635326981544495,0.44464749097824097,-0.6048104166984558,-0.17971692979335785,0.1339510977268219,-0.007168500684201717,0.07044670730829239,-0.25158584117889404,-0.09771012514829636,0.0608159564435482,0.3109265863895416,-0.23440833389759064,0.11388981342315674,-0.404710978269577,-0.16586922109127045,-0.3286961019039154,1.3761130571365356,-0.18495486676692963,-0.16560693085193634
-0.005897636525332928,0.3691205382347107,0.8317752480506897,-0.03350362554192543,0.035978272557258606,0.6806665062904358,0.7309419512748718,-0.09101508557796478,0.13851334154605865,-0.1235106810927391,-0.2860727608203888,-0.0008947144960984588,0.048914551734924316,-0.06012149527668953,0.11690384149551392,-0.2706799805164337,0.4435150921344757,-0.5896285176277161,-0.1757386475801468,0.13391324877738953,-0.012325967662036419,0.0627252459526062,-0.18355213105678558,-0.10626086592674255,0.07639075815677643,0.23887354135513306,-0.23811975121498108,0.11373478174209595,-0.5317879915237427,-0.14960388839244843,-0.2944338023662567,1.4214582443237305,-0.19946809113025665,-0.1744295358657837
-0.007316732779145241,0.390115886926651,0.8312327861785889,-0.03512588515877724,0.037966128438711166,0.6782081127166748,0.7330474257469177,-0.12413042038679123,0.15144339203834534,-0.10212452709674835,-0.2868027985095978,0.004834936931729317,0.04711395502090454,-0.05689825862646103,0.12240997701883316,-0.2660914659500122,0.4448964595794678,-0.5806552767753601,-0.1819770634174347,0.1322539746761322,-0.010075703263282776,0.046801865100860596,-0.11242426931858063,-0.11573833972215652,0.09824242442846298,0.15798144042491913,-0.23310522735118866,0.11855567991733551,-0.6449350118637085,-0.12094724178314209,-0.2586384415626526,1.3980991840362549,-0.2248074859380722,-0.17425981163978577
-0.010600393638014793,0.4151110053062439,0.8352838754653931,-0.04124130308628082,0.044979218393564224,0.6745572686195374,0.7356958985328674,-0.16702942550182343,0.20511475205421448,-0.08479499071836472,-0.29268085956573486,0.01084513496607542,0.04704160615801811,-0.060892216861248016,0.1153891459107399,-0.22580838203430176,0.4482191503047943,-0.5728289484977722,-0.1958276778459549,0.1322329044342041,-0.0019743526354432106,0.046658072620630264,-0.0451679602265358,-0.08275461941957474,0.0985090434551239,0.06605984270572662,-0.23485137522220612,0.10433955490589142,-0.6607152223587036,-0.036548811942338943,-0.2454986870288849,1.156602144241333,-0.20967210829257965,-0.15773555636405945
-0.010449647903442383,0.4372956156730652,0.8330143690109253,-0.04206637665629387,0.046057235449552536,0.6730795502662659,0.7369349598884583,-0.18940052390098572,0.22110708057880402,-0.06693747639656067,-0.3008021414279938,0.019863085821270943,0.04487937316298485,-0.0603896826505661,0.12344715744256973,-0.22181057929992676,0.44871795177459717,-0.5645747780799866,-0.2050900012254715,0.12790806591510773,-0.006048503797501326,0.04130134359002113,0.010805466212332249,-0.08947011828422546,0.10982365906238556,0.023391444236040115,-0.24500833451747894,0.09879713505506516,-0.7018900513648987,-0.013079004362225533,-0.23107565939426422,0.9930745959281921,-0.20722641050815582,-0.15327031910419464
-0.009889857843518257,0.4609386920928955,0.8292028903961182,-0.04237927868962288,0.0464760884642601,0.6724546551704407,0.7374609708786011,-0.2072921097278595,0.23450957238674164,-0.05289606750011444,-0.30826544761657715,0.03214007616043091,0.0369294248521328,-0.05494721978902817,0.13291122019290924,-0.21841545403003693,0.44208601117134094,-0.5537043213844299,-0.2101908177137375,0.12842033803462982,-0.01168858539313078,0.031112065538764,0.05751633644104004,-0.09711933135986328,0.12117280811071396,0.010006600990891457,-0.2659001648426056,0.09922225773334503,-0.71213698387146,0.015552853234112263,-0.20232544839382172,0.7816759347915649,-0.21207578480243683,-0.1412690430879593
-0.008705603890120983,0.48606231808662415,0.8242200613021851,-0.04262354224920273,0.04679606482386589,0.6720284819602966,0.7378150224685669,-0.21937502920627594,0.247599259018898,-0.04280118644237518,-0.31659072637557983,0.04229152202606201,0.034628041088581085,-0.04979913309216499,0.14070309698581696,-0.215229794383049,0.4351944923400879,-0.5426457524299622,-0.20378026366233826,0.13078977167606354,-0.008454285562038422,0.020235473290085793,0.10060660541057587,-0.10470215976238251,0.12692445516586304,0.009733661077916622,-0.29005351662635803,0.10417158156633377,-0.6866516470909119,0.04218752309679985,-0.17825748026371002,0.5147557854652405,-0.2064070999622345,-0.126599982380867
-0.007089328486472368,0.5136820077896118,0.8177815079689026,-0.04231644421815872,0.04652281105518341,0.6715409159660339,0.7382938265800476,-0.22056879103183746,0.2571989893913269,-0.029043404385447502,-0.3275374174118042,0.04624098166823387,0.030634203925728798,-0.05032189562916756,0.1503114551305771,-0.2142142355442047,0.4326542019844055,-0.537555456161499,-0.20214731991291046,0.13274382054805756,-0.009362134151160717,0.014103619381785393,0.14917126297950745,-0.11326306313276291,0.13716109097003937,0.009917831979691982,-0.31451067328453064,0.1078592836856842,-0.6366137266159058,0.06061862036585808,-0.17750123143196106,0.2346758246421814,-0.1842312514781952,-0.10450191795825958
-0.0047633033245801926,0.5431329011917114,0.8108205199241638,-0.04191486909985542,0.046054448932409286,0.6717812418937683,0.7381274104118347,-0.2158513069152832,0.26285767555236816,-0.01896027661859989,-0.3350822925567627,0.05976058915257454,0.02684381790459156,-0.05041595175862312,0.16172711551189423,-0.21491149067878723,0.42747241258621216,-0.542302131652832,-0.20075099170207977,0.13040496408939362,-0.008931124582886696,0.01127234660089016,0.19683018326759338,-0.11894523352384567,0.14884334802627563,0.017542539164423943,-0.33592092990875244,0.10702377557754517,-0.5941914916038513,0.07264382392168045,-0.19756285846233368,0.03972285985946655,-0.17804104089736938,-0.053953688591718674
-0.0006072132964618504,0.5738821029663086,0.8047885894775391,-0.0404633991420269,0.04449182003736496,0.671603262424469,0.7384661436080933,-0.2042265385389328,0.2667714059352875,-0.011437896639108658,-0.33496329188346863,0.07066322863101959,0.0229633878916502,-0.04757761210203171,0.17270918190479279,-0.21576355397701263,0.42267218232154846,-0.5497804284095764,-0.20461006462574005,0.13326884806156158,-0.010481580160558224,0.01217821054160595,0.22560112178325653,-0.11508431285619736,0.16201502084732056,0.07604554295539856,-0.380220890045166,0.09692350775003433,-0.5800934433937073,0.07568803429603577,-0.22303929924964905,0.010249250568449497,-0.19171372056007385,-0.04843269661068916
0.005688059609383345,0.6062698364257812,0.8016650080680847,-0.03836825489997864,0.0422564372420311,0.6711289882659912,0.7391401529312134,-0.18330195546150208,0.2683265507221222,-0.005110346246510744,-0.32998019456863403,0.05777176842093468,0.027303524315357208,-0.04035606235265732,0.1790362447500229,-0.21410025656223297,0.42246386408805847,-0.5515990257263184,-0.19496655464172363,0.13812218606472015,-0.00804827269166708,0.00729831587523222,0.22942498326301575,-0.09350161999464035,0.17924641072750092,0.19490781426429749,-0.45536375045776367,0.07246934622526169,-0.5742706060409546,0.0804208293557167,-0.20036594569683075,0.09754911810159683,-0.1924964189529419,-0.07975020259618759
0.01410153228789568,0.639788806438446,0.8014349937438965,-0.03497594967484474,0.03867875784635544,0.6697991490364075,0.7407089471817017,-0.15080678462982178,0.26822373270988464,-0.00045336090261116624,-0.3207393288612366,0.049230534583330154,0.02998998761177063,-0.0362701490521431,0.1841484159231186,-0.20806743204593658,0.4231509268283844,-0.5474722981452942,-0.18479536473751068,0.1438191682100296,-0.00418307539075613,0.0076135857962071896,0.21830186247825623,-0.05883688107132912,0.1935187131166458,0.34936049580574036,-0.5440652966499329,0.04033852741122246,-0.5800426602363586,0.08777033537626266,-0.1994209736585617,0.1775026172399521,-0.07216506451368332,-0.10740149766206741
0.02166595868766308,0.6750093698501587,0.8036266565322876,-0.029815344139933586,0.03319721296429634,0.6675293445587158,0.7432453036308289,-0.10794633626937866,0.2565070688724518,0.001183022977784276,-0.3037465214729309,0.043309133499860764,0.028060132637619972,-0.02898121438920498,0.1747828722000122,-0.19933776557445526,0.4283965528011322,-0.5108522176742554,-0.17323105037212372,0.14452415704727173,-0.004837648943066597,0.0006324432324618101,0.2000405490398407,-0.03978833556175232,0.20241914689540863,0.5115866661071777,-0.6163644194602966,0.03839502111077309,-0.5698338150978088,0.09495232999324799,-0.16775374114513397,0.2850003242492676,-0.06527969986200333,-0.10903354734182358
0.02910618670284748,0.709269642829895,0.808364748954773,-0.023624267429113388,0.026577718555927277,0.6639378666877747,0.7469418048858643,-0.054421860724687576,0.24066929519176483,-0.013029997237026691,-0.2968277037143707,0.028897585347294807,0.0385754220187664,-0.026918889954686165,0.15582707524299622,-0.19135355949401855,0.43625712394714355,-0.47342169284820557,-0.1438983976840973,0.15315020084381104,-0.0115749416872859,-0.00496509438380599,0.13393548130989075,-0.009082785807549953,0.23316045105457306,0.7241051197052002,-0.5665287971496582,0.06649265438318253,-0.5069617629051208,0.11804401874542236,-0.14248870313167572,0.3089100122451782,-0.08246896415948868,-0.15741577744483948
0.03566381707787514,0.7409184575080872,0.8147151470184326,-0.019895071163773537,0.022366724908351898,0.6643185615539551,0.7468498945236206,-0.011847171932458878,0.22255371510982513,-0.032136909663677216,-0.29479414224624634,0.019482191652059555,0.04391409084200859,-0.04654211178421974,0.14559830725193024,-0.19169119000434875,0.4298790395259857,-0.4814787209033966,-0.13446417450904846,0.15838965773582458,-0.020902328193187714,-0.012035124003887177,0.0012353481724858284,0.05859481543302536,0.268826961517334,0.9628497362136841,-0.20319804549217224,0.04884977638721466,-0.4151628613471985,0.14011110365390778,-0.12774504721164703,0.2654222548007965,-0.11304136365652084,-0.17446424067020416
0.04050649702548981,0.7699421644210815,0.8202453255653381,-0.01946740411221981,0.021481337025761604,0.6712360978126526,0.7406765222549438,0.007589594926685095,0.20182059705257416,-0.05897611752152443,-0.28588199615478516,0.007936038076877594,0.04705112427473068,-0.05614317208528519,0.13938874006271362,-0.19796113669872284,0.4121706187725067,-0.5179097652435303,-0.16282056272029877,0.15181250870227814,-0.02109883539378643,-0.01759224757552147,-0.131991446018219,0.11501086503267288,0.2583690285682678,1.1452606916427612,0.048792529851198196,0.016319239512085915,-0.3224089443683624,0.15727975964546204,-0.13507923483848572,0.1898573338985443,-0.1351523995399475,-0.17738890647888184
0.042912557721138,0.798065721988678,0.8259176015853882,-0.02051478996872902,0.022171780467033386,0.6788371801376343,0.733667254447937,0.020604684948921204,0.17547807097434998,-0.08131690323352814,-0.281078964471817,-0.013677521608769894,0.04869583249092102,-0.058847833424806595,0.12752029299736023,-0.21215341985225677,0.4032098352909088,-0.5534246563911438,-0.18807046115398407,0.1376030594110489,-0.024930499494075775,-0.021059108898043633,-0.2535814344882965,0.1056017279624939,0.21579813957214355,1.2829724550247192,-0.08120273053646088,0.07761886715888977,-0.23271439969539642,0.16247957944869995,-0.13581492006778717,0.10438220947980881,-0.1479681432247162,-0.16665062308311462
0.04406489059329033,0.824638307094574,0.8294321298599243,-0.021788474172353745,0.023147232830524445,0.685065746307373,0.7277873754501343,0.03368969261646271,0.1516416072845459,-0.08760768175125122,-0.27895161509513855,-0.010113837197422981,0.04750413820147514,-0.07587693631649017,0.1071123480796814,-0.2304702252149582,0.39912301301956177,-0.5854492783546448,-0.20392605662345886,0.13579533994197845,-0.021343927830457687,-0.025461258366703987,-0.37363916635513306,0.08142388612031937,0.17066991329193115,1.3525245189666748,-0.12560883164405823,0.07062358409166336,-0.16642016172409058,0.16111132502555847,-0.16386090219020844,0.056211989372968674,-0.16875454783439636,-0.14875417947769165
0.0452316477894783,0.8502157330513,0.8311448097229004,-0.02370232529938221,0.02485767751932144,0.6896806359291077,0.7232986092567444,0.0452057346701622,0.13441099226474762,-0.08839208632707596,-0.278888463973999,-0.015103199519217014,0.048646487295627594,-0.09864328056573868,0.07511355727910995,-0.24937723577022552,0.400871604681015,-0.6047945618629456,-0.20344822108745575,0.13558775186538696,-0.020955225452780724,-0.027075136080384254,-0.48525547981262207,0.0551217719912529,0.13878995180130005,1.3585244417190552,-0.15191394090652466,0.0854647308588028,-0.10824652761220932,0.16123612225055695,-0.18591146171092987,0.013967503793537617,-0.1884395331144333,-0.13786853849887848
0.04650586470961571,0.8758371472358704,0.8315036296844482,-0.026009576395154,0.026962095871567726,0.6937922239303589,0.7192001938819885,0.05464598536491394,0.1255948841571808,-0.09342604130506516,-0.28151991963386536,-0.02621687389910221,0.05787117779254913,-0.118126779794693,0.0399247407913208,-0.26721733808517456,0.39870867133140564,-0.618218183517456,-0.20113936066627502,0.13567185401916504,-0.021368734538555145,-0.02238539233803749,-0.5778014063835144,0.037374354898929596,0.11972646415233612,1.3070987462997437,-0.21093231439590454,0.10106337815523148,-0.06920084357261658,0.16040246188640594,-0.2057022601366043,0.007317936047911644,-0.21741321682929993,-0.13395045697689056
0.047800250351428986,0.9015381932258606,0.8305506110191345,-0.028771063312888145,0.029567904770374298,0.6967897415161133,0.7160879969596863,0.05997470021247864,0.12403131276369095,-0.09658514708280563,-0.28307995200157166,-0.030265331268310547,0.06264752149581909,-0.1232471913099289,0.0026905029080808163,-0.2820422053337097,0.3916531503200531,-0.6242459416389465,-0.20560768246650696,0.13708555698394775,-0.026888469234108925,-0.012177063152194023,-0.649092972278595,0.023493876680731773,0.1051102951169014,1.188257098197937,-0.23020946979522705,0.10158704221248627,-0.03506231680512428,0.16031216084957123,-0.22090283036231995,0.006941735278815031,-0.25090014934539795,-0.13044790923595428
0.048955287784338,0.9279127717018127,0.8286903500556946,-0.031645435839891434,0.03236766532063484,0.698367714881897,0.7143062353134155,0.06380889564752579,0.12698015570640564,-0.10177604109048843,-0.2846106290817261,-0.023285401985049248,0.063045434653759,-0.11184156686067581,-0.03447151556611061,-0.29144808650016785,0.3793012499809265,-0.6194559931755066,-0.21201200783252716,0.13712912797927856,-0.03648883476853371,-0.0008218520088121295,-0.6831729412078857,0.008812416344881058,0.08829162269830704,0.9963701367378235,-0.23309485614299774,0.08238492906093597,-0.0020945677533745766,0.15916742384433746,-0.2372232973575592,0.008701205253601074,-0.2762981951236725,-0.12422027438879013
0.04949156939983368,0.9558550119400024,0.8263225555419922,-0.03407862409949303,0.03476480394601822,0.6991941332817078,0.7132725119590759,0.06600091606378555,0.1323944628238678,-0.11277294903993607,-0.2839612662792206,-0.01751510053873062,0.060674525797367096,-0.09704402089118958,-0.06558156758546829,-0.29682257771492004,0.36193183064460754,-0.6109340190887451,-0.2095600813627243,0.13919907808303833,-0.04417471960186958,0.010470844805240631,-0.6683481931686401,-0.005258677527308464,0.07498172670602798,0.7243296504020691,-0.21898654103279114,0.06164851412177086,0.03620576858520508,0.15639659762382507,-0.24975386261940002,0.007483124267309904,-0.28690871596336365,-0.11169743537902832
0.049826767295598984,0.9850611686706543,0.8218600153923035,-0.03597927466034889,0.03664478659629822,0.6996731162071228,0.7126150131225586,0.06557769328355789,0.1416047066450119,-0.12484230101108551,-0.2853292226791382,-0.022011179476976395,0.06303566694259644,-0.08928294479846954,-0.08717774599790573,-0.2983889579772949,0.34568217396736145,-0.6068190932273865,-0.21354272961616516,0.14161206781864166,-0.046946004033088684,0.023155268281698227,-0.6345178484916687,-0.010020746849477291,0.08323059231042862,0.4371539056301117,-0.1996636837720871,0.03502330183982849,0.07635065168142319,0.1580723077058792,-0.26846492290496826,0.008276819251477718,-0.29753565788269043,-0.10758279263973236
0.04908686876296997,1.0164059400558472,0.8162140250205994,-0.03732398897409439,0.03799615427851677,0.699773907661438,0.7123761177062988,0.06690721213817596,0.14915862679481506,-0.12865802645683289,-0.28786370158195496,-0.020572567358613014,0.06518403440713882,-0.08493298292160034,-0.0960877314209938,-0.2998722195625305,0.3406529128551483,-0.6098859310150146,-0.2148197591304779,0.14157384634017944,-0.05139287933707237,0.029649117961525917,-0.5834647417068481,-0.01644919626414776,0.09287828952074051,0.1631062626838684,-0.17782051861286163,-0.020790470764040947,0.12313055992126465,0.15842680633068085,-0.281484454870224,0.010213804431259632,-0.3260982036590576,-0.09473825991153717
0.046641599386930466,1.0495909452438354,0.8099073171615601,-0.03778606280684471,0.038564544171094894,0.6988398432731628,0.7132375836372375,0.06938242167234421,0.1540699452161789,-0.12495504319667816,-0.28987303376197815,-0.01388885173946619,0.06386761367321014,-0.08233306556940079,-0.09550274163484573,-0.30228498578071594,0.3486151397228241,-0.6179625988006592,-0.21649493277072906,0.14146633446216583,-0.04881763085722923,0.03718603402376175,-0.5561395287513733,-0.02958340384066105,0.12322791665792465,0.016722263768315315,-0.18535222113132477,-0.05047748610377312,0.17694292962551117,0.15548084676265717,-0.2893918752670288,0.010416293516755104,-0.34772637486457825,-0.07454849779605865
0.04320165514945984,1.0842556953430176,0.8044606447219849,-0.037660032510757446,0.03851697966456413,0.6980929374694824,0.7139778733253479,0.07143199443817139,0.15573419630527496,-0.12403356283903122,-0.28979721665382385,-0.013441797345876694,0.06084669753909111,-0.07717513293027878,-0.08794890344142914,-0.303583025932312,0.3636716902256012,-0.6193890571594238,-0.21418635547161102,0.13697513937950134,-0.050459425896406174,0.0396764762699604,-0.5531969666481018,-0.04120548814535141,0.11840718984603882,0.01702139526605606,-0.18843169510364532,-0.019981620833277702,0.22557947039604187,0.14814215898513794,-0.28702443838119507,0.027921374887228012,-0.3710038661956787,-0.054795779287815094
0.03796856477856636,1.1200400590896606,0.8022581338882446,-0.038278013467788696,0.03933779522776604,0.69633549451828,0.7156145572662354,0.06988264620304108,0.15073911845684052,-0.11894410848617554,-0.28781449794769287,-0.010373641736805439,0.061628878116607666,-0.07339424639940262,-0.07091838866472244,-0.3026769757270813,0.3709830045700073,-0.6215699315071106,-0.20790836215019226,0.14049996435642242,-0.05121719092130661,0.0447864755988121,-0.5797153115272522,-0.055781882256269455,0.08670872449874878,0.13745015859603882,-0.1706879436969757,0.022623542696237564,0.2411053478717804,0.12116649001836777,-0.29593729972839355,0.10751721262931824,-0.4118976593017578,-0.02599990926682949
0.030866103246808052,1.157829761505127,0.802680253982544,-0.036604054272174835,0.03784917667508125,0.6942198872566223,0.71783447265625,0.07118619978427887,0.14222119748592377,-0.11323469877243042,-0.2849200963973999,-0.018100906163454056,0.0657230094075203,-0.07691717892885208,-0.04494379460811615,-0.30183687806129456,0.38274332880973816,-0.6154982447624207,-0.20548494160175323,0.14244450628757477,-0.0501849502325058,0.04137691110372543,-0.590603768825531,-0.06584092229604721,0.07990947365760803,0.23159289360046387,-0.05819728597998619,0.04283841326832771,0.23671568930149078,0.0785146951675415,-0.2909814119338989,0.24309703707695007,-0.4720628261566162,0.0013999472139403224
0.024750804528594017,1.1960697174072266,0.8057425618171692,-0.032330453395843506,0.033435042947530746,0.694379985332489,0.7181039452552795,0.0580756776034832,0.13604380190372467,-0.1259269267320633,-0.2607375681400299,-0.03410348296165466,0.06722616404294968,-0.07544940710067749,-0.015371360816061497,-0.2831457555294037,0.39554107189178467,-0.5694177746772766,-0.19794178009033203,0.13374848663806915,-0.06633906811475754,0.04010181874036789,-0.5877459645271301,-0.07330447435379028,0.07101339846849442,0.3547079861164093,-0.05009790137410164,0.07929277420043945,0.21119019389152527,0.04901225492358208,-0.28447115421295166,0.4191727340221405,-0.5654302835464478,-0.01206300687044859
0.019419658929109573,1.23294997215271,0.8124027848243713,-0.02648477628827095,0.027231037616729736,0.6967126131057739,0.716343879699707,0.03295775130391121,0.13211974501609802,-0.14038300514221191,-0.2356475293636322,-0.06650818884372711,0.07090011984109879,-0.07340721786022186,0.03155216574668884,-0.2550423741340637,0.3844069242477417,-0.527566134929657,-0.16300475597381592,0.13905513286590576,-0.06264064460992813,0.03725689277052879,-0.5188058018684387,-0.08886190503835678,0.06786934286355972,0.3813489079475403,-0.08295305073261261,0.12009413540363312,0.13347600400447845,0.010428903624415398,-0.2905707061290741,0.6505782008171082,-0.49248647689819336,-0.050706975162029266
0.014440292492508888,1.2665494680404663,0.8194892406463623,-0.02336515672504902,0.024126412346959114,0.6952905058860779,0.7179436683654785,0.016231879591941833,0.12998022139072418,-0.1277303397655487,-0.24812938272953033,-0.04872353374958038,0.06756167858839035,-0.0732976421713829,0.07436710596084595,-0.2394336760044098,0.39055508375167847,-0.5163566470146179,-0.15060323476791382,0.151921808719635,-0.0380655974149704,0.035788629204034805,-0.42999735474586487,-0.10973608493804932,0.07204772531986237,0.3488253951072693,-0.11993879079818726,0.1403571516275406,-0.015564446337521076,-0.06091808155179024,-0.31209796667099,0.9126588702201843,-0.09928885847330093,-0.08943823724985123
0.010592841543257236,1.2987959384918213,0.8260339498519897,-0.022824041545391083,0.02398735098540783,0.6889436841011047,0.724058210849762,0.0031782935839146376,0.1367994248867035,-0.10748495161533356,-0.2846011817455292,-0.017889004200696945,0.052389830350875854,-0.08251505345106125,0.09513252973556519,-0.2314598262310028,0.4291647672653198,-0.5025284290313721,-0.14895376563072205,0.1489650011062622,-0.011766394600272179,0.036100663244724274,-0.3300779461860657,-0.1261066496372223,0.0877520963549614,0.2671177089214325,-0.13074249029159546,0.14729763567447662,-0.1417284458875656,-0.10761647671461105,-0.303466796875,1.0953081846237183,-0.008249809965491295,-0.1023641899228096
0.009162739850580692,1.3296375274658203,0.8312779664993286,-0.02245975285768509,0.023906894028186798,0.6843355298042297,0.7284290790557861,-0.01647874526679516,0.1533811390399933,-0.10847947746515274,-0.32026275992393494,0.011991370469331741,0.039010562002658844,-0.07711587101221085,0.10978446900844574,-0.21886801719665527,0.45554035902023315,-0.48015832901000977,-0.12508264183998108,0.14444364607334137,-0.0058886162005364895,0.044034045189619064,-0.23176978528499603,-0.13650904595851898,0.08091507107019424,0.17795948684215546,-0.13453641533851624,0.14531077444553375,-0.2637659013271332,-0.10123173892498016,-0.2725331783294678,1.2197436094284058,-0.06323783099651337,-0.14096519351005554
0.00801516231149435,1.359185814857483,0.8340346217155457,-0.022460943087935448,0.02404574491083622,0.6822449564933777,0.7303828597068787,-0.04825606197118759,0.1733030527830124,-0.11149737983942032,-0.3434670567512512,0.03372911363840103,0.025927256792783737,-0.06161518394947052,0.13078194856643677,-0.2086045891046524,0.46151596307754517,-0.4675288498401642,-0.11560516804456711,0.14781339466571808,-0.008940326981246471,0.04651223123073578,-0.13939304649829865,-0.14265577495098114,0.08297401666641235,0.09254106879234314,-0.1408715397119522,0.1408984661102295,-0.383048951625824,-0.07954949140548706,-0.23499053716659546,1.2796134948730469,-0.09533587098121643,-0.12347202003002167
0.006700664293020964,1.3881620168685913,0.8341575860977173,-0.023269005119800568,0.024959580972790718,0.6815043687820435,0.73101806640625,-0.088463194668293,0.19318504631519318,-0.0992567166686058,-0.3577256500720978,0.03309677168726921,0.02174689993262291,-0.0576038733124733,0.15255996584892273,-0.2061578631401062,0.46208441257476807,-0.4682062864303589,-0.12135419994592667,0.14503751695156097,-0.001287790946662426,0.044970665127038956,-0.06794409453868866,-0.1467665582895279,0.08527775853872299,0.042014241218566895,-0.16363845765590668,0.13526150584220886,-0.4926043748855591,-0.05655394867062569,-0.20879031717777252,1.2734884023666382,-0.10993247479200363,-0.11199428141117096
0.005800802260637283,1.4169111251831055,0.8323270082473755,-0.024451255798339844,0.026288969442248344,0.6806111335754395,0.7317646741867065,-0.1289781630039215,0.21302054822444916,-0.08007598668336868,-0.368949294090271,0.04404139891266823,0.025264151394367218,-0.05743575841188431,0.17285190522670746,-0.21113336086273193,0.4673795700073242,-0.48542237281799316,-0.1512775421142578,0.1442594975233078,-0.002162036020308733,0.039505865424871445,-0.006303166970610619,-0.15226110816001892,0.09137575328350067,0.007533461786806583,-0.1879127025604248,0.13881449401378632,-0.5801559090614319,-0.03102075308561325,-0.1904320865869522,1.2003223896026611,-0.14763018488883972,-0.12885797023773193
0.005003319121897221,1.4458510875701904,0.8293381333351135,-0.02605612389743328,0.028008829802274704,0.6806249618530273,0.7316325902938843,-0.16890394687652588,0.2300240844488144,-0.06403739750385284,-0.3742615580558777,0.0522000677883625,0.020043276250362396,-0.05411144345998764,0.19056931138038635,-0.220744326710701,0.4678119122982025,-0.5104484558105469,-0.1679808497428894,0.13819077610969543,0.002402668120339513,0.034393686801195145,0.03595861792564392,-0.1577823907136917,0.08479029685258865,0.009183374233543873,-0.2242843061685562,0.14679913222789764,-0.638577938079834,-0.0063093178905546665,-0.17752130329608917,1.0571218729019165,-0.16782458126544952,-0.14755898714065552
0.004800750408321619,1.4756748676300049,0.8257080912590027,-0.02743634581565857,0.029469264671206474,0.6808585524559021,0.731307327747345,-0.20319749414920807,0.2425123155117035,-0.05190843716263771,-0.3748804032802582,0.06110551580786705,0.018488455563783646,-0.037225279957056046,0.19918115437030792,-0.22976839542388916,0.4700181484222412,-0.5228520631790161,-0.1723492443561554,0.13386322557926178,0.0044783251360058784,0.029974885284900665,0.08069218695163727,-0.1628902405500412,0.07854854315519333,0.009203512221574783,-0.2483869343996048,0.15600329637527466,-0.6566227078437805,0.019319789484143257,-0.1644272804260254,0.8411728143692017,-0.17204596102237701,-0.13659940659999847
0.005007756408303976,1.506866693496704,0.8208826780319214,-0.02831244468688965,0.03041169047355652,0.6808057427406311,0.7312845587730408,-0.2256188690662384,0.2501354515552521,-0.0357087142765522,-0.3748665750026703,0.07064861804246902,0.014731367118656635,-0.031845107674598694,0.2003728151321411,-0.23738351464271545,0.4761643707752228,-0.5239043831825256,-0.15987004339694977,0.13643164932727814,0.0035660455469042063,0.02102925255894661,0.12977845966815948,-0.16557155549526215,0.0923575907945633,0.008987704291939735,-0.26508966088294983,0.15406125783920288,-0.6311052441596985,0.04654731974005699,-0.16149099171161652,0.5565692782402039,-0.17314323782920837,-0.1164836436510086
0.005596925038844347,1.5397380590438843,0.8145831227302551,-0.029146524146199226,0.03139941021800041,0.6797002553939819,0.7322377562522888,-0.2344108521938324,0.25540098547935486,-0.021285120397806168,-0.38089480996131897,0.07419464737176895,0.014862198382616043,-0.033800750970840454,0.19977352023124695,-0.2435745745897293,0.4807734191417694,-0.5249724984169006,-0.1474018692970276,0.13874979317188263,0.0009280570666305721,0.01625436171889305,0.18289631605148315,-0.16778595745563507,0.11329092085361481,0.007999387569725513,-0.29327237606048584,0.1448628306388855,-0.5824344754219055,0.0721733570098877,-0.18969625234603882,0.2534162998199463,-0.17504237592220306,-0.08134092390537262
0.0071634454652667046,1.57383131980896,0.8081796169281006,-0.030613688752055168,0.03294583037495613,0.6800146102905273,0.7318179607391357,-0.23381657898426056,0.25596147775650024,-0.012255224399268627,-0.3959132432937622,0.08187365531921387,0.01627379283308983,-0.03705922141671181,0.19986730813980103,-0.24766087532043457,0.47402358055114746,-0.5302959084510803,-0.1497454047203064,0.14067041873931885,-0.0012255539186298847,0.01718825474381447,0.2315768152475357,-0.16565756499767303,0.12599118053913116,0.014647373929619789,-0.32091718912124634,0.1342228502035141,-0.5371178388595581,0.09913885593414307,-0.22466714680194855,0.026786603033542633,-0.1946565955877304,-0.045162055641412735
0.010311971418559551,1.6096271276474,0.8026760220527649,-0.03151321038603783,0.033745259046554565,0.6817944645881653,0.7300852537155151,-0.22773224115371704,0.25114765763282776,-0.008263697847723961,-0.39214807748794556,0.08837505429983139,0.01243473682552576,-0.03539327532052994,0.20332717895507812,-0.24592286348342896,0.46020376682281494,-0.5339838266372681,-0.1572055220603943,0.14021538197994232,-0.004333965480327606,0.01587846875190735,0.2502540946006775,-0.15076309442520142,0.1389092057943344,0.09123584628105164,-0.3740127682685852,0.11297156661748886,-0.5380025506019592,0.11621809005737305,-0.25776055455207825,-0.0031539187766611576,-0.21506011486053467,-0.023952921852469444
0.014409449882805347,1.647230863571167,0.7994617819786072,-0.03079737350344658,0.03300587087869644,0.681526780128479,0.730399489402771,-0.21225976943969727,0.24113906919956207,-0.0005625732010230422,-0.37126001715660095,0.08264193683862686,0.00870537105947733,-0.02487146481871605,0.20183497667312622,-0.2408844530582428,0.46018320322036743,-0.5279332995414734,-0.15965768694877625,0.13967420160770416,-0.006530767772346735,0.009321845136582851,0.2445375621318817,-0.12646225094795227,0.15971262753009796,0.2317328304052353,-0.4533814489841461,0.08258312940597534,-0.5332446694374084,0.1329241842031479,-0.19289639592170715,0.07528103142976761,-0.22694912552833557,-0.08519500494003296
0.020424742251634598,1.6861085891723633,0.7994182705879211,-0.028137331828475,0.030160492286086082,0.6815761923789978,0.730583667755127,-0.18404699862003326,0.23192527890205383,0.007159710396081209,-0.35161346197128296,0.06935461610555649,0.019152669236063957,-0.026789959520101547,0.20314016938209534,-0.23329578340053558,0.4650759994983673,-0.52882319688797,-0.15189266204833984,0.14646092057228088,-0.0012697411002591252,0.0026506041176617146,0.22349239885807037,-0.08429883420467377,0.18494002521038055,0.40999823808670044,-0.5370858311653137,0.03735372796654701,-0.5339993834495544,0.15223868191242218,-0.16482427716255188,0.16513432562351227,-0.14146532118320465,-0.14214971661567688
0.025667306035757065,1.725612759590149,0.8016836643218994,-0.023579595610499382,0.02532840520143509,0.6809791326522827,0.7314847111701965,-0.14227235317230225,0.21147507429122925,0.008686487562954426,-0.3234746754169464,0.0552821159362793,0.021590638905763626,-0.021327193826436996,0.18963459134101868,-0.22566713392734528,0.47829288244247437,-0.5047361850738525,-0.13783057034015656,0.14671649038791656,0.004704780876636505,-0.0028398691210895777,0.18111389875411987,-0.05333699285984039,0.18903739750385284,0.6115232706069946,-0.6052659153938293,0.006674749776721001,-0.5337573885917664,0.15934230387210846,-0.13187402486801147,0.304132342338562,-0.1577969342470169,-0.16293728351593018
0.02970452420413494,1.7646503448486328,0.8056194186210632,-0.017630010843276978,0.019097518175840378,0.6780827641487122,0.7345258593559265,-0.08177962899208069,0.18766170740127563,-0.00309656816534698,-0.30522963404655457,0.03118663839995861,0.02387627586722374,-0.023782214149832726,0.16339130699634552,-0.2173517793416977,0.491170734167099,-0.47405433654785156,-0.1075429767370224,0.1496458351612091,-0.0003253942995797843,-0.012513815425336361,0.08861096203327179,-0.007315933238714933,0.21050143241882324,0.8505770564079285,-0.4301709830760956,-0.04556261748075485,-0.48141124844551086,0.17895880341529846,-0.1101781576871872,0.3573969900608063,-0.1655859798192978,-0.21495676040649414
0.03337109833955765,1.7990856170654297,0.8090952634811401,-0.015753397718071938,0.017095599323511124,0.6774659752845764,0.7351866364479065,-0.03515973687171936,0.17188332974910736,-0.032124925404787064,-0.2954612672328949,0.023912763223052025,0.033327288925647736,-0.04620613902807236,0.1440664827823639,-0.21421706676483154,0.4766906201839447,-0.49239230155944824,-0.11233372986316681,0.15118691325187683,-0.00959285069257021,-0.01932893693447113,-0.07938122749328613,0.05812852829694748,0.21458427608013153,1.0991486310958862,0.014919242821633816,-0.1132127046585083,-0.4221433401107788,0.2001894861459732,-0.0884653851389885,0.36874693632125854,-0.20084217190742493,-0.24265697598457336
0.035856958478689194,1.832542061805725,0.8144439458847046,-0.017048995941877365,0.018217405304312706,0.6830920577049255,0.7299059629440308,-0.009147300384938717,0.15552455186843872,-0.07300403714179993,-0.2807709574699402,0.005827057640999556,0.03507833927869797,-0.059136152267456055,0.1280744969844818,-0.21833455562591553,0.4460170865058899,-0.5305887460708618,-0.15754711627960205,0.13924455642700195,-0.01165664754807949,-0.01735403947532177,-0.21556586027145386,0.09100886434316635,0.1918838769197464,1.2720924615859985,0.022398049011826515,-0.08534257113933563,-0.34364941716194153,0.20661421120166779,-0.09515196084976196,0.320082426071167,-0.22187912464141846,-0.2473464012145996
0.03688661754131317,1.8657307624816895,0.8204507231712341,-0.01772436685860157,0.01859106868505478,0.6898068785667419,0.7235376238822937,0.013334277085959911,0.1386183500289917,-0.11325503885746002,-0.2693329453468323,-0.025095373392105103,0.044158466160297394,-0.052128441631793976,0.11030229181051254,-0.2257803976535797,0.42183199524879456,-0.5613560676574707,-0.18825550377368927,0.1322731226682663,-0.011789684183895588,-0.02037166990339756,-0.3475295305252075,0.0973830595612526,0.16799473762512207,1.378235936164856,-0.04520806297659874,-0.001540222903713584,-0.24955274164676666,0.20956964790821075,-0.09899783134460449,0.24177464842796326,-0.222404345870018,-0.24045884609222412
0.03698660060763359,1.8976167440414429,0.8249592781066895,-0.018149102106690407,0.018812747672200203,0.6940616369247437,0.7194408774375916,0.03871080279350281,0.12592074275016785,-0.14662723243236542,-0.26872122287750244,-0.04626027122139931,0.04820932820439339,-0.06203026697039604,0.08023414760828018,-0.2369033694267273,0.41304194927215576,-0.5788991451263428,-0.18836653232574463,0.13565556704998016,-0.019760210067033768,-0.020526692271232605,-0.46269670128822327,0.08979140222072601,0.14902570843696594,1.4074546098709106,-0.12227050215005875,0.04485723748803139,-0.15604281425476074,0.20665396749973297,-0.11969566345214844,0.15605688095092773,-0.2062070667743683,-0.22687369585037231
0.03672480955719948,1.9283654689788818,0.8273410797119141,-0.020012088119983673,0.020649537444114685,0.695648193359375,0.717806875705719,0.06619974970817566,0.11868418008089066,-0.16169151663780212,-0.2843945324420929,-0.04035771265625954,0.05102381482720375,-0.09002254903316498,0.03818367421627045,-0.2512557804584503,0.40954771637916565,-0.590056300163269,-0.1830676794052124,0.13636328279972076,-0.023092301562428474,-0.01964244246482849,-0.5649129748344421,0.07150445878505707,0.1285458356142044,1.3612009286880493,-0.17333798110485077,0.059348251670598984,-0.08230746537446976,0.20101767778396606,-0.13204367458820343,0.09475300461053848,-0.2003507763147354,-0.20758908987045288
0.03651314228773117,1.9591879844665527,0.8281482458114624,-0.02222486026585102,0.022939912974834442,0.6954695582389832,0.7178453207015991,0.08898836374282837,0.1148662194609642,-0.15737418830394745,-0.30224910378456116,0.00962358620017767,0.06022999808192253,-0.11365676671266556,-0.00633594673126936,-0.2651081383228302,0.4006028175354004,-0.5992541909217834,-0.18252694606781006,0.1389487385749817,-0.02475440688431263,-0.009326283819973469,-0.6402528285980225,0.04390845075249672,0.10467077791690826,1.2414547204971313,-0.22589100897312164,0.0729851946234703,-0.017582952976226807,0.1940898448228836,-0.15576717257499695,0.0477789044380188,-0.2059408724308014,-0.18357524275779724
0.036239273846149445,1.990299105644226,0.8273904323577881,-0.02459600195288658,0.025364195927977562,0.6957172751426697,0.7174462676048279,0.09893642365932465,0.11457327753305435,-0.13721752166748047,-0.31406140327453613,0.07887858152389526,0.062284570187330246,-0.125370591878891,-0.046381715685129166,-0.2809438407421112,0.3865377902984619,-0.6110725402832031,-0.193282812833786,0.14187687635421753,-0.03468427434563637,0.008188186213374138,-0.6701011657714844,0.014020577073097229,0.07885091006755829,1.027682900428772,-0.23763296008110046,0.06485065817832947,0.0450948029756546,0.1868884563446045,-0.18926160037517548,0.008119575679302216,-0.2180265486240387,-0.1553875207901001
0.036022868007421494,2.0213701725006104,0.8241215348243713,-0.02774788998067379,0.02854950539767742,0.6964151263237,0.7165340185165405,0.09619961678981781,0.12089434266090393,-0.12604078650474548,-0.31864815950393677,0.06649971008300781,0.04804210364818573,-0.11259746551513672,-0.08028244972229004,-0.29312026500701904,0.3670811057090759,-0.6260172128677368,-0.20500962436199188,0.14275126159191132,-0.042361561208963394,0.019223015755414963,-0.6671164631843567,-0.004469271749258041,0.061100468039512634,0.7545578479766846,-0.2399199903011322,0.051075492054224014,0.08586099743843079,0.1833856850862503,-0.20997728407382965,0.008772080764174461,-0.2515818178653717,-0.13401518762111664
0.035477228462696075,2.0537962913513184,0.8191651701927185,-0.030909284949302673,0.03189650923013687,0.6952192187309265,0.7174241542816162,0.08338950574398041,0.13001248240470886,-0.11500941216945648,-0.3127598464488983,0.05332867428660393,0.05030099302530289,-0.09947438538074493,-0.10746109485626221,-0.30121707916259766,0.35173162817955017,-0.6409386992454529,-0.2152581512928009,0.13960379362106323,-0.05166337266564369,0.0281854085624218,-0.6294548511505127,-0.008145270869135857,0.07982301712036133,0.4342045485973358,-0.2269839197397232,0.012646425515413284,0.12732012569904327,0.18077073991298676,-0.22530090808868408,0.010834305547177792,-0.291463166475296,-0.12342243641614914
0.03414112702012062,2.0880584716796875,0.8129330277442932,-0.033213600516319275,0.034395262598991394,0.6938474774360657,0.718532919883728,0.07129685580730438,0.14238029718399048,-0.1043766662478447,-0.3093268573284149,0.05918790027499199,0.05529230087995529,-0.09276089072227478,-0.12489072233438492,-0.3056483268737793,0.3417711555957794,-0.6534419059753418,-0.2219730019569397,0.13877089321613312,-0.055611055344343185,0.03610633686184883,-0.5783596634864807,-0.017392892390489578,0.057724688202142715,0.1461692750453949,-0.21048544347286224,-0.01853957213461399,0.17648348212242126,0.18025028705596924,-0.23096415400505066,0.01016906276345253,-0.3223766088485718,-0.10833004117012024
0.03110537678003311,2.1245005130767822,0.8066664338111877,-0.033429525792598724,0.03478110209107399,0.6921527981758118,0.7201369404792786,0.06220819801092148,0.15351280570030212,-0.10320084542036057,-0.30484187602996826,0.05543550103902817,0.052138689905405045,-0.08425036072731018,-0.13097980618476868,-0.30944928526878357,0.3443843126296997,-0.6595975160598755,-0.23160389065742493,0.13878433406352997,-0.05968989431858063,0.04212097451090813,-0.5452591776847839,-0.029684117063879967,0.07887762784957886,0.01556139811873436,-0.214823380112648,-0.02740320935845375,0.21850374341011047,0.17048372328281403,-0.22840602695941925,0.046605635434389114,-0.3645903766155243,-0.09306956827640533
0.027124613523483276,2.162609577178955,0.8029526472091675,-0.03201033174991608,0.0334964357316494,0.6901454329490662,0.7221859693527222,0.05661461502313614,0.15986521542072296,-0.10327724367380142,-0.3040265738964081,0.031887222081422806,0.05371110513806343,-0.07289973646402359,-0.12883725762367249,-0.3098528981208801,0.3533714711666107,-0.6498904824256897,-0.23213757574558258,0.13784918189048767,-0.06189001724123955,0.042299769818782806,-0.5369439125061035,-0.03754577785730362,0.07542102783918381,0.06598357856273651,-0.2022557407617569,0.0034595809411257505,0.23734931647777557,0.14962494373321533,-0.22098733484745026,0.14120393991470337,-0.41866981983184814,-0.07459153980016708
0.021552586928009987,2.202510118484497,0.8023632764816284,-0.030481290072202682,0.031911373138427734,0.6900451183319092,0.722419798374176,0.05044082552194595,0.15996219217777252,-0.09411408752202988,-0.3046346604824066,0.034127235412597656,0.054153744131326675,-0.0668197050690651,-0.10805781930685043,-0.3109002709388733,0.35298511385917664,-0.6462374329566956,-0.21478745341300964,0.14333871006965637,-0.06284507364034653,0.04308661073446274,-0.5641450881958008,-0.05457331985235214,0.06078619882464409,0.1920841783285141,-0.09465229511260986,0.03698785603046417,0.23397304117679596,0.1127808541059494,-0.22828739881515503,0.2807232141494751,-0.49579179286956787,-0.04172598943114281
0.01593323051929474,2.2443430423736572,0.8031793832778931,-0.025236250832676888,0.026194749400019646,0.6933491230010986,0.7196832299232483,0.041254233568906784,0.1576094776391983,-0.08724456280469894,-0.2940324544906616,0.044292911887168884,0.05170367658138275,-0.06210291013121605,-0.06732571870088577,-0.3047908544540405,0.3477785885334015,-0.628426194190979,-0.21762537956237793,0.14103075861930847,-0.062226470559835434,0.04220765456557274,-0.5781817436218262,-0.06388618052005768,0.04294523224234581,0.35057029128074646,-0.05846215412020683,0.06660223752260208,0.22459527850151062,0.09111839532852173,-0.22618040442466736,0.4417133331298828,-0.5838141441345215,-0.03596309572458267
0.011461623944342136,2.2859325408935547,0.806886613368988,-0.01753617823123932,0.01789000630378723,0.699789822101593,0.7139094471931458,0.024065926671028137,0.15528042614459991,-0.09128687530755997,-0.27474260330200195,0.02414221130311489,0.05980788916349411,-0.05976839363574982,-0.007396028842777014,-0.2825688421726227,0.3259162902832031,-0.595425546169281,-0.21147824823856354,0.1348329484462738,-0.06699619442224503,0.040948472917079926,-0.5445911884307861,-0.07992176711559296,0.021137313917279243,0.458957701921463,-0.07560844719409943,0.12050484120845795,0.16721364855766296,0.06688304245471954,-0.2451845109462738,0.6607783436775208,-0.5418107509613037,-0.04602869972586632
0.006738890428096056,2.3237297534942627,0.8120220899581909,-0.01266307383775711,0.012786454521119595,0.703556478023529,0.7104114294052124,0.007422712165862322,0.1508299708366394,-0.08184390515089035,-0.2763288915157318,0.017991408705711365,0.060352202504873276,-0.06357408314943314,0.04573152959346771,-0.26419171690940857,0.30741554498672485,-0.5687565803527832,-0.19472287595272064,0.14268021285533905,-0.048885270953178406,0.041221845895051956,-0.47412213683128357,-0.10224953293800354,0.006589535158127546,0.48623907566070557,-0.12799568474292755,0.14333340525627136,0.022578075528144836,0.0003272098838351667,-0.2733319401741028,0.9370839595794678,-0.13334724307060242,-0.013168185018002987
0.002752547152340412,2.358395576477051,0.8185858130455017,-0.012366078794002533,0.012652521021664143,0.6988558173179626,0.7150437235832214,-0.002789789577946067,0.14696615934371948,-0.06078638881444931,-0.3017442524433136,0.04294091463088989,0.04662197828292847,-0.06400635093450546,0.06907244771718979,-0.25399693846702576,0.3317156732082367,-0.5409504771232605,-0.18503153324127197,0.14803794026374817,-0.028526749461889267,0.03692041337490082,-0.38327696919441223,-0.11779820919036865,0.025838613510131836,0.4343582093715668,-0.16217449307441711,0.16138562560081482,-0.12377332895994186,-0.056756556034088135,-0.25530242919921875,1.1340017318725586,0.09091305732727051,0.020467016845941544
0.0012585854856297374,2.3928184509277344,0.8258610367774963,-0.01212193164974451,0.012625482864677906,0.6924693584442139,0.721234917640686,-0.008727991953492165,0.15211711823940277,-0.06414802372455597,-0.3336620628833771,0.07028494775295258,0.030428282916545868,-0.05595177412033081,0.08358059823513031,-0.24890246987342834,0.3850959241390228,-0.519830584526062,-0.15255242586135864,0.14627321064472198,-0.0198361799120903,0.0361487977206707,-0.2720654308795929,-0.1267581582069397,0.03639620169997215,0.33597710728645325,-0.17325647175312042,0.1701090782880783,-0.2553262710571289,-0.06568780541419983,-0.23378819227218628,1.2630852460861206,0.01723022758960724,-0.08476180583238602
0.0008653310942463577,2.4251492023468018,0.8305415511131287,-0.013108694925904274,0.013813492842018604,0.6882346868515015,0.7252381443977356,-0.022700747475028038,0.1624167561531067,-0.07508379966020584,-0.3621707856655121,0.08692248910665512,0.022129157558083534,-0.05344829335808754,0.10208843648433685,-0.24530863761901855,0.4182009994983673,-0.5211966037750244,-0.12245044112205505,0.14454661309719086,-0.012552325613796711,0.04176479950547218,-0.1712394654750824,-0.1329142153263092,0.04390614107251167,0.2360861450433731,-0.17558471858501434,0.1710272580385208,-0.38346266746520996,-0.07361945509910583,-0.23666124045848846,1.3263168334960938,-0.0640949085354805,-0.12224482744932175
0.0004969543078914285,2.456223726272583,0.8325275182723999,-0.014950205571949482,0.015863029286265373,0.6856953501701355,0.7275621891021729,-0.046121541410684586,0.17654767632484436,-0.07887299358844757,-0.3839404881000519,0.09892251342535019,0.01472119428217411,-0.06311074644327164,0.12396054714918137,-0.2426476776599884,0.42424359917640686,-0.5316848754882812,-0.1329689919948578,0.1367652863264084,-0.0017896464560180902,0.04506152123212814,-0.0835980474948883,-0.13962990045547485,0.04091227427124977,0.1504625827074051,-0.17348091304302216,0.17543040215969086,-0.5020042061805725,-0.06978203356266022,-0.23634527623653412,1.3118427991867065,-0.10422167927026749,-0.1488708257675171
0.000245851231738925,2.487189531326294,0.8317538499832153,-0.017534911632537842,0.01868748478591442,0.6840360760688782,0.7289978861808777,-0.0777021273970604,0.19101928174495697,-0.07522901892662048,-0.3972558379173279,0.10385947674512863,0.0158673208206892,-0.06493182480335236,0.1443515419960022,-0.24055540561676025,0.41938093304634094,-0.5423225164413452,-0.15551398694515228,0.13339775800704956,0.004406222142279148,0.0407598540186882,-0.013145875185728073,-0.14445951581001282,0.04380365461111069,0.09280350804328918,-0.18214638531208038,0.17591048777103424,-0.6013153195381165,-0.05010440573096275,-0.2224087119102478,1.2222094535827637,-0.1457137018442154,-0.1508452296257019
0.0004863304493483156,2.5182559490203857,0.8287447094917297,-0.020292535424232483,0.021696751937270164,0.6827762126922607,0.7300233840942383,-0.11331160366535187,0.20675113797187805,-0.07074736803770065,-0.40214022994041443,0.1104825884103775,0.011991904117166996,-0.05820943042635918,0.15725968778133392,-0.23802819848060608,0.4194062352180481,-0.5411974787712097,-0.15964016318321228,0.1314963698387146,-0.00008704834181116894,0.030238866806030273,0.04158034175634384,-0.14779359102249146,0.060721561312675476,0.06885500997304916,-0.20798763632774353,0.17597596347332,-0.6661213636398315,-0.015467585995793343,-0.19500748813152313,1.052926778793335,-0.1619865894317627,-0.14862261712551117
0.001114548766054213,2.550032377243042,0.8245497345924377,-0.022881032899022102,0.024518245831131935,0.6818920373916626,0.7306836247444153,-0.14612366259098053,0.2203814536333084,-0.0687975063920021,-0.4011615216732025,0.1145559698343277,0.010289621539413929,-0.04455411434173584,0.1610035002231598,-0.23589502274990082,0.42542359232902527,-0.5277019143104553,-0.15129074454307556,0.13144072890281677,-0.005095322150737047,0.02157498523592949,0.09137707948684692,-0.15225957334041595,0.06726666539907455,0.05877549946308136,-0.24005824327468872,0.17828677594661713,-0.6803454160690308,0.020655827596783638,-0.16717885434627533,0.8002898097038269,-0.18950526416301727,-0.1345890313386917
0.0018199237529188395,2.583735704421997,0.8187916278839111,-0.024388490244746208,0.026194365695118904,0.6809914112091064,0.7314162850379944,-0.1675528883934021,0.2299572080373764,-0.06561701744794846,-0.4000948965549469,0.11456290632486343,0.010644376277923584,-0.03698815032839775,0.16330356895923615,-0.23488494753837585,0.43140438199043274,-0.5137940049171448,-0.13456350564956665,0.13592472672462463,-0.003119745524600148,0.017329106107354164,0.1485155075788498,-0.15792521834373474,0.07221519947052002,0.04658069461584091,-0.26051175594329834,0.18125510215759277,-0.6417248249053955,0.04719402268528938,-0.15222835540771484,0.4756161570549011,-0.19747762382030487,-0.10946139693260193
0.002859239699319005,2.619310140609741,0.8118637204170227,-0.024706732481718063,0.026578880846500397,0.6803923845291138,0.7319490313529968,-0.1770419478416443,0.23500652611255646,-0.059247296303510666,-0.40179499983787537,0.11748446524143219,0.010144907049834728,-0.040523141622543335,0.17020556330680847,-0.23615051805973053,0.42918139696121216,-0.5141525268554688,-0.1285209059715271,0.13958829641342163,-0.0022258120588958263,0.01512625627219677,0.21039855480194092,-0.1614484190940857,0.08477149158716202,0.04226861521601677,-0.2949032485485077,0.178141787648201,-0.57759028673172,0.0669364482164383,-0.1558988392353058,0.16226500272750854,-0.2097366899251938,-0.05058758705854416
0.005845190025866032,2.6562392711639404,0.8052970767021179,-0.024481497704982758,0.026371639221906662,0.6799141764640808,0.7324082851409912,-0.17542622983455658,0.23889219760894775,-0.05684256553649902,-0.4074265956878662,0.1170172467827797,0.013784432783722878,-0.04097024351358414,0.1806711107492447,-0.23871320486068726,0.4237115979194641,-0.5282652974128723,-0.14272147417068481,0.1386713832616806,-0.0013353952672332525,0.014945071190595627,0.25104621052742004,-0.1519118696451187,0.10827548801898956,0.08991949260234833,-0.34926095604896545,0.1544501781463623,-0.5347133874893188,0.08660468459129333,-0.19210033118724823,-0.002254632767289877,-0.23390041291713715,0.006745362654328346
0.009939122013747692,2.6942873001098633,0.7999580502510071,-0.023135343566536903,0.024923890829086304,0.6799270510673523,0.7324908375740051,-0.16705124080181122,0.23744982481002808,-0.054537758231163025,-0.40473243594169617,0.11629369109869003,0.012132768519222736,-0.03871691972017288,0.18834412097930908,-0.24049271643161774,0.4216108024120331,-0.5376889109611511,-0.150624081492424,0.14186742901802063,-0.0020159115083515644,0.019618039950728416,0.25741836428642273,-0.13292302191257477,0.10789574682712555,0.21491363644599915,-0.43526941537857056,0.13342472910881042,-0.5263830423355103,0.0936092734336853,-0.19123736023902893,0.04531853646039963,-0.2400425225496292,-0.010771910659968853
0.016338033601641655,2.7336015701293945,0.7983216047286987,-0.021780336275696754,0.023590628057718277,0.6780038475990295,0.7343567609786987,-0.14695994555950165,0.23652449250221252,-0.044166162610054016,-0.39730510115623474,0.11408001184463501,0.010654685087502003,-0.032746125012636185,0.18929995596408844,-0.23712275922298431,0.42781174182891846,-0.5417248606681824,-0.14735347032546997,0.1458463817834854,-0.005715949460864067,0.0127578629180789,0.24817317724227905,-0.09823542088270187,0.13502998650074005,0.36822065711021423,-0.5366361737251282,0.09513276815414429,-0.5370065569877625,0.11755507439374924,-0.15550090372562408,0.14879800379276276,-0.1638353019952774,-0.05922950059175491
0.022459980100393295,2.7739031314849854,0.798000693321228,-0.017627045512199402,0.019348394125699997,0.6732281446456909,0.738971471786499,-0.11676031351089478,0.23012059926986694,-0.030545279383659363,-0.37010833621025085,0.11189458519220352,0.008509169332683086,-0.03522150218486786,0.18212385475635529,-0.23192505538463593,0.4407508075237274,-0.5245873928070068,-0.14179429411888123,0.1480429768562317,-0.008331788703799248,0.007072321139276028,0.23142726719379425,-0.07862003892660141,0.15328377485275269,0.5369983911514282,-0.6236415505409241,0.074753537774086,-0.5584294199943542,0.13240975141525269,-0.113974429666996,0.3119957149028778,-0.14271022379398346,-0.08436518162488937
0.027232497930526733,2.8139395713806152,0.8011961579322815,-0.012288193218410015,0.013694537803530693,0.6677432060241699,0.7441642880439758,-0.07739011943340302,0.21237079799175262,-0.017717557027935982,-0.33848410844802856,0.08998335897922516,0.011445493437349796,-0.032057713717222214,0.15700390934944153,-0.22348560392856598,0.4612366855144501,-0.4807397723197937,-0.11289601027965546,0.15155808627605438,-0.020798983052372932,0.0019816788844764233,0.16550907492637634,-0.050572559237480164,0.19815656542778015,0.7510274052619934,-0.5532473921775818,0.0491206981241703,-0.5235106348991394,0.1510050892829895,-0.0809195339679718,0.3914213180541992,-0.1404310017824173,-0.1288861334323883
0.03191673010587692,2.8509621620178223,0.8058462738990784,-0.008621464483439922,0.009657725691795349,0.6658952832221985,0.7459328770637512,-0.04726717248558998,0.1955951601266861,-0.014034738764166832,-0.3069519102573395,0.05729098245501518,0.02439609169960022,-0.037637729197740555,0.1424315720796585,-0.21868209540843964,0.4582468867301941,-0.47704681754112244,-0.09078536182641983,0.15962651371955872,-0.026235580444335938,-0.002078188117593527,0.024939656257629395,0.015397058799862862,0.2389403134584427,1.0014660358428955,-0.1727095991373062,-0.004117679316550493,-0.4569447338581085,0.17658434808254242,-0.045962218195199966,0.4084618091583252,-0.17140981554985046,-0.18946495652198792
0.035672981292009354,2.8846774101257324,0.8106456995010376,-0.008796039037406445,0.009702947922050953,0.671576738357544,0.7408192157745361,-0.042228203266859055,0.18470029532909393,-0.02300790697336197,-0.2757587432861328,0.03409026935696602,0.035154182463884354,-0.05137012526392937,0.14039269089698792,-0.21769312024116516,0.4341089427471161,-0.5172433257102966,-0.12160642445087433,0.1559411883354187,-0.022555794566869736,-0.00011069778702221811,-0.12470991164445877,0.08254338055849075,0.2266765832901001,1.1872740983963013,0.1287115514278412,-0.08234645426273346,-0.3891739249229431,0.19248701632022858,-0.047204405069351196,0.3913213908672333,-0.20948173105716705,-0.21653997898101807
0.037076231092214584,2.9186959266662598,0.8176097869873047,-0.010019439272582531,0.010787874460220337,0.6804549098014832,0.7326420545578003,-0.0406414270401001,0.17172370851039886,-0.04851363226771355,-0.2623394727706909,0.010331172496080399,0.04211195930838585,-0.049162011593580246,0.13833487033843994,-0.22361378371715546,0.4143250286579132,-0.559197187423706,-0.1694791316986084,0.14146745204925537,-0.0223421398550272,-0.00040039309533312917,-0.24973100423812866,0.08523353934288025,0.19332797825336456,1.312273383140564,-0.0035402376670390368,0.0018857845570892096,-0.3014295697212219,0.19195447862148285,-0.05591600015759468,0.32918238639831543,-0.23410239815711975,-0.21881365776062012
0.03739526867866516,2.951373815536499,0.8229520916938782,-0.011497093364596367,0.012126912362873554,0.6879147291183472,0.7255991697311401,-0.031125448644161224,0.16070933640003204,-0.05763180926442146,-0.27388209104537964,-0.00202348199672997,0.04120485857129097,-0.047863174229860306,0.12710757553577423,-0.23314644396305084,0.4116327166557312,-0.5927792191505432,-0.1918930560350418,0.13601282238960266,-0.022654497995972633,-0.006779038812965155,-0.36660248041152954,0.0843292847275734,0.17462244629859924,1.3636724948883057,-0.10145632922649384,0.008392847143113613,-0.21691691875457764,0.19038686156272888,-0.06041420251131058,0.26352015137672424,-0.25098931789398193,-0.2196597158908844
0.037232983857393265,2.9830129146575928,0.8262982368469238,-0.013185380026698112,0.013700935989618301,0.693294882774353,0.7204030752182007,-0.013484450988471508,0.15423990786075592,-0.062078334391117096,-0.29969024658203125,0.013969090767204762,0.03056364320218563,-0.05943116545677185,0.10235890001058578,-0.24606098234653473,0.42305049300193787,-0.6139662265777588,-0.1917671263217926,0.13270023465156555,-0.019661981612443924,-0.014656145125627518,-0.47431498765945435,0.06678654998540878,0.15232640504837036,1.3471150398254395,-0.17514584958553314,0.0332036130130291,-0.14270782470703125,0.18751998245716095,-0.06766331940889359,0.20855501294136047,-0.25721195340156555,-0.21723558008670807
0.036983005702495575,3.014382839202881,0.8279529213905334,-0.01567683555185795,0.016109101474285126,0.6972499489784241,0.7164755463600159,0.0023879013024270535,0.14961345493793488,-0.05585388094186783,-0.32011768221855164,0.0259702205657959,0.021571198478341103,-0.07464330643415451,0.06851915270090103,-0.25961703062057495,0.4400639235973358,-0.627507209777832,-0.1875876635313034,0.13971619307994843,-0.025430748239159584,-0.01494042482227087,-0.5656028389930725,0.047692444175481796,0.12742666900157928,1.2631102800369263,-0.2256622165441513,0.044825952500104904,-0.0772106945514679,0.18549852073192596,-0.07545983046293259,0.1600775271654129,-0.2551196217536926,-0.2100919783115387
0.0366937592625618,3.0460312366485596,0.8282480835914612,-0.018085554242134094,0.01842169091105461,0.7003329992294312,0.7133493423461914,0.012306883931159973,0.14541476964950562,-0.047841351479291916,-0.32473668456077576,0.03416372463107109,0.022072600200772285,-0.07732977718114853,0.032897863537073135,-0.2720808684825897,0.4452115297317505,-0.6307487487792969,-0.18446466326713562,0.13947467505931854,-0.025845106691122055,-0.004037757404148579,-0.6175185441970825,0.020409872755408287,0.09947722405195236,1.0901317596435547,-0.23706664144992828,0.04791657626628876,-0.006636614445596933,0.17917121946811676,-0.099708691239357,0.10342776030302048,-0.24331830441951752,-0.19020356237888336
0.03627472370862961,3.077903985977173,0.8261575698852539,-0.02106940746307373,0.02135356143116951,0.7020386457443237,0.711506724357605,0.01854272000491619,0.14438803493976593,-0.04346276447176933,-0.31599825620651245,0.0340101383626461,0.018636956810951233,-0.06759527325630188,-0.0036200466565787792,-0.27999818325042725,0.44418856501579285,-0.6293399930000305,-0.18666116893291473,0.140804260969162,-0.029048720374703407,0.006339687388390303,-0.6387500762939453,-0.004092735704034567,0.06463778018951416,0.8547135591506958,-0.22797395288944244,0.03746937960386276,0.052423544228076935,0.1764654815196991,-0.11893576383590698,0.06885989755392075,-0.2530820071697235,-0.17671513557434082
0.03564927726984024,3.1105453968048096,0.8225703239440918,-0.024162745103240013,0.024472195655107498,0.7021778225898743,0.7111705541610718,0.022232038900256157,0.1458302140235901,-0.04233216494321823,-0.3019178509712219,0.018784385174512863,0.02072138525545597,-0.06514043360948563,-0.03699428215622902,-0.2851344645023346,0.43715909123420715,-0.6265240907669067,-0.19164104759693146,0.14560718834400177,-0.034680720418691635,0.016198311001062393,-0.6138054132461548,-0.01522926427423954,0.04863515868782997,0.5430814623832703,-0.20423513650894165,0.0046241008676588535,0.10692518204450607,0.17302954196929932,-0.14470133185386658,0.04519519954919815,-0.27932003140449524,-0.16125008463859558
0.03471643105149269,3.1447665691375732,0.8165018558502197,-0.026581646874547005,0.02700839191675186,0.7009499073028564,0.7122030258178711,0.030761772766709328,0.14999477565288544,-0.03186125308275223,-0.2931108772754669,0.011492461897432804,0.029813354834914207,-0.0681917741894722,-0.0640421137213707,-0.2863767743110657,0.428131103515625,-0.6267468929290771,-0.19029563665390015,0.14518487453460693,-0.037591930478811264,0.026653876528143883,-0.5780858993530273,-0.01960282400250435,0.043267831206321716,0.2539661228656769,-0.19843615591526031,-0.04162709414958954,0.15994785726070404,0.17307640612125397,-0.16644668579101562,0.03580443561077118,-0.3041535019874573,-0.14406052231788635
0.03223878890275955,3.1808245182037354,0.8100163340568542,-0.028185250237584114,0.028817610815167427,0.6986511945724487,0.714326024055481,0.043642401695251465,0.15443693101406097,-0.02398785576224327,-0.2888178825378418,0.011871160008013248,0.033702582120895386,-0.0715722069144249,-0.08133573830127716,-0.2856077551841736,0.4171767830848694,-0.6292485594749451,-0.19155293703079224,0.14649051427841187,-0.042810067534446716,0.034887414425611496,-0.5348462462425232,-0.028639473021030426,0.04972003400325775,0.03559134155511856,-0.185610830783844,-0.05019964277744293,0.20680712163448334,0.16668514907360077,-0.1798105686903,0.05188978090882301,-0.34140247106552124,-0.12386968731880188
0.028690587729215622,3.2188098430633545,0.8041080832481384,-0.02764400839805603,0.028526635840535164,0.6953606009483337,0.7175623178482056,0.05869142338633537,0.15840837359428406,-0.028999054804444313,-0.284370094537735,0.018496902659535408,0.03837098553776741,-0.0682976022362709,-0.08725225925445557,-0.2836461365222931,0.41326335072517395,-0.6277756094932556,-0.19638174772262573,0.14461705088615417,-0.047898389399051666,0.03988799825310707,-0.5240057706832886,-0.03787613287568092,0.08723217993974686,0.016537347808480263,-0.19034385681152344,-0.0462602898478508,0.2451382279396057,0.15340657532215118,-0.17753414809703827,0.10408478230237961,-0.3903467655181885,-0.10482364892959595
0.023401547223329544,3.2574234008789062,0.8024120330810547,-0.027506796643137932,0.028527939692139626,0.6935604214668274,0.7193076610565186,0.06467604637145996,0.1585557460784912,-0.03234214708209038,-0.27220284938812256,0.011906017549335957,0.036784280091524124,-0.06393726170063019,-0.07914776355028152,-0.28216058015823364,0.397892028093338,-0.6307255625724792,-0.1902734786272049,0.14677298069000244,-0.0531320720911026,0.04369330406188965,-0.5519404411315918,-0.05481221154332161,0.07103610038757324,0.14632247388362885,-0.144395112991333,0.012356431223452091,0.24683135747909546,0.12361689656972885,-0.1913045048713684,0.22224155068397522,-0.45676758885383606,-0.0769473984837532
0.017616964876651764,3.2981364727020264,0.8024055361747742,-0.0242108553647995,0.02510409615933895,0.6937627792358398,0.7193586230278015,0.07031930238008499,0.15634337067604065,-0.026188768446445465,-0.25870242714881897,0.010348247364163399,0.04281315580010414,-0.06038302183151245,-0.05523092299699783,-0.2826574742794037,0.3924945294857025,-0.6285375952720642,-0.19478334486484528,0.14947637915611267,-0.055666159838438034,0.04376520588994026,-0.5785664319992065,-0.06104647368192673,0.06938967108726501,0.2957768738269806,-0.06107408180832863,0.03469039872288704,0.2447412759065628,0.10102775692939758,-0.19060440361499786,0.3641516864299774,-0.550091028213501,-0.0723026916384697
0.01357410941272974,3.338850259780884,0.8057073950767517,-0.01844172738492489,0.01892778091132641,0.6976069211959839,0.7159931659698486,0.05931144207715988,0.15713542699813843,-0.03488989174365997,-0.2291453331708908,-0.00630530808120966,0.050265006721019745,-0.04988854378461838,-0.02164548449218273,-0.26472675800323486,0.3757238984107971,-0.5924497842788696,-0.19092074036598206,0.14224959909915924,-0.05972469225525856,0.041211847215890884,-0.5681803822517395,-0.0688696950674057,0.05345827713608742,0.42624029517173767,-0.06922592222690582,0.10864902287721634,0.20812515914440155,0.0946318730711937,-0.211799755692482,0.5510995388031006,-0.6003307700157166,-0.1086147204041481
0.00960721354931593,3.3769075870513916,0.811820387840271,-0.013225209899246693,0.013491149991750717,0.6999084949493408,0.7139826416969299,0.04851059243083,0.16000738739967346,-0.03558262065052986,-0.2212768942117691,-0.017788635566830635,0.05654439702630043,-0.048089347779750824,0.016108592972159386,-0.24256937205791473,0.3524225652217865,-0.5584920048713684,-0.1636212021112442,0.14497898519039154,-0.0537542998790741,0.039186205714941025,-0.5024466514587402,-0.07560759782791138,0.04624059051275253,0.4659017026424408,-0.13020573556423187,0.12700068950653076,0.08981691300868988,0.0526249036192894,-0.2667481005191803,0.8169894218444824,-0.3544614315032959,-0.13017189502716064
0.005678452551364899,3.4116427898406982,0.8184394836425781,-0.012316063977777958,0.01274903118610382,0.6946796178817749,0.719100832939148,0.044010210782289505,0.16117176413536072,-0.02101350575685501,-0.2471928894519806,-0.0002427764266030863,0.049802087247371674,-0.05934673175215721,0.03668184205889702,-0.23334260284900665,0.3556910753250122,-0.5413118004798889,-0.14282944798469543,0.1579475998878479,-0.02685307338833809,0.03880063071846962,-0.4239611327648163,-0.08863858133554459,0.05988556891679764,0.4445352852344513,-0.17694877088069916,0.135681614279747,-0.06100473180413246,-0.0219749603420496,-0.2981269955635071,1.0379607677459717,0.06350848823785782,-0.128911554813385
0.006432961206883192,3.4400603771209717,0.8202182650566101,-0.005728603340685368,0.006009663455188274,0.6899543404579163,0.7238052487373352,0.05446694791316986,0.13492551445960999,-0.035705890506505966,-0.28295227885246277,0.02019152231514454,0.04097427800297737,-0.058767419308423996,0.06538289785385132,-0.26795703172683716,0.3853701949119568,-0.5429859757423401,-0.13631631433963776,0.15862275660037994,-0.005833619274199009,0.05394294485449791,-0.3576703667640686,-0.13836774230003357,0.07692503929138184,0.44724249839782715,-0.20642493665218353,0.1499357670545578,-0.2158210724592209,-0.1150936707854271,-0.31682875752449036,1.338493824005127,-0.07945102453231812,-0.19342397153377533
0.0029331299010664225,3.476290225982666,0.8325861692428589,-0.012423194944858551,0.01326916553080082,0.6833406090736389,0.7298734188079834,0.01874365657567978,0.1774318367242813,-0.041608650237321854,-0.31467121839523315,0.036972273141145706,0.03188526630401611,-0.05049470067024231,0.062141384929418564,-0.24002322554588318,0.40900498628616333,-0.5604839324951172,-0.11109243333339691,0.14460498094558716,0.0015178058529272676,0.036185406148433685,-0.2080954611301422,-0.10720042884349823,0.07441067695617676,0.23958656191825867,-0.18628060817718506,0.1437525749206543,-0.3072245121002197,-0.028814688324928284,-0.2418113797903061,1.2796138525009155,-0.04624714329838753,-0.18706828355789185
0.0027705191168934107,3.5060460567474365,0.8355358839035034,-0.013711409643292427,0.014723212458193302,0.6813761591911316,0.7316568493843079,-0.012217090465128422,0.1880495399236679,-0.05423939973115921,-0.33747896552085876,0.047633856534957886,0.026933690533041954,-0.051736582070589066,0.07922334969043732,-0.245801642537117,0.4091993570327759,-0.5848463177680969,-0.13137541711330414,0.13572369515895844,0.0017840296495705843,0.0397166907787323,-0.11212704330682755,-0.11654172092676163,0.07274748384952545,0.13595516979694366,-0.17557096481323242,0.14319626986980438,-0.43006083369255066,-0.016433319076895714,-0.21745236217975616,1.3156932592391968,-0.06617280095815659,-0.1729545295238495
0.0024380094837397337,3.535090923309326,0.8356790542602539,-0.016215898096561432,0.017479117959737778,0.679926335811615,0.7328926920890808,-0.04913701117038727,0.1991431564092636,-0.06422365456819534,-0.3584674894809723,0.06320492178201675,0.022237282246351242,-0.05460524931550026,0.09381117671728134,-0.2517773509025574,0.3974822759628296,-0.6090022921562195,-0.1599530130624771,0.13041825592517853,0.0038426665123552084,0.04204300045967102,-0.0459456630051136,-0.12502963840961456,0.06974134594202042,0.07997864484786987,-0.1789429783821106,0.1478888839483261,-0.5412330031394958,-0.007251301314681768,-0.2033500224351883,1.2901486158370972,-0.09123025834560394,-0.16630391776561737
0.0026143458671867847,3.563890218734741,0.8338985443115234,-0.019615398719906807,0.02114480547606945,0.6798131465911865,0.7328179478645325,-0.09259301424026489,0.2103704959154129,-0.07752592116594315,-0.3730478286743164,0.07543912529945374,0.01843263767659664,-0.05256648361682892,0.1024349257349968,-0.25669920444488525,0.390139639377594,-0.6194863319396973,-0.18335965275764465,0.13000714778900146,0.0011325167724862695,0.04163407161831856,-0.0002778352645691484,-0.1306694597005844,0.06594238430261612,0.05826222151517868,-0.19467848539352417,0.1581338346004486,-0.6292572021484375,0.005568954162299633,-0.19471150636672974,1.196868658065796,-0.12277979403734207,-0.1658579707145691
0.003284387057647109,3.593141555786133,0.8310313820838928,-0.022890698164701462,0.024540748447179794,0.6817110180854797,0.730851411819458,-0.1402040421962738,0.21862295269966125,-0.09395389258861542,-0.37838858366012573,0.08412091434001923,0.014078809879720211,-0.04321901872754097,0.10329709947109222,-0.2579382658004761,0.3929148316383362,-0.6056260466575623,-0.18529927730560303,0.1288398802280426,-0.011506828479468822,0.03847798332571983,0.03914662450551987,-0.13288500905036926,0.06232687085866928,0.05274055153131485,-0.21603864431381226,0.15942071378231049,-0.6843327879905701,0.026037108153104782,-0.18120276927947998,1.035841464996338,-0.14592711627483368,-0.16237740218639374
0.004283421207219362,3.623655319213867,0.8270484209060669,-0.025241350755095482,0.026913432404398918,0.6836196184158325,0.7289051413536072,-0.1825324296951294,0.2226870208978653,-0.10809111595153809,-0.3785538375377655,0.08094165474176407,0.013507063500583172,-0.0330471433699131,0.10577403008937836,-0.2558867633342743,0.3970961272716522,-0.581585705280304,-0.1732151359319687,0.13175249099731445,-0.015134643763303757,0.029704220592975616,0.08730011433362961,-0.13416121900081635,0.06570833176374435,0.04222670570015907,-0.2374422699213028,0.15895581245422363,-0.6931763887405396,0.051494572311639786,-0.16289331018924713,0.8005961179733276,-0.1647757589817047,-0.13898815214633942
0.005492997355759144,3.655564308166504,0.8216655850410461,-0.026825692504644394,0.028525883331894875,0.6845386028289795,0.727924108505249,-0.21039827167987823,0.22234250605106354,-0.10603763908147812,-0.3848894536495209,0.07728225737810135,0.014864342287182808,-0.034072332084178925,0.10640028119087219,-0.2520483136177063,0.3994854688644409,-0.5548537969589233,-0.15446294844150543,0.13776879012584686,-0.01165100745856762,0.019809097051620483,0.14222843945026398,-0.1379781812429428,0.08055408298969269,0.02833259291946888,-0.25536301732063293,0.15810167789459229,-0.6569142937660217,0.07034380733966827,-0.16577370464801788,0.5003136992454529,-0.17292167246341705,-0.09615335613489151
0.006745173130184412,3.6893582344055176,0.8149599432945251,-0.028042837977409363,0.029705338180065155,0.6858925819396973,0.7265552282333374,-0.22029796242713928,0.21860407292842865,-0.10616335272789001,-0.4075676202774048,0.08250348269939423,0.009829912334680557,-0.0378732867538929,0.11382405459880829,-0.25133419036865234,0.39556026458740234,-0.5443016290664673,-0.14551858603954315,0.14211039245128632,-0.008827468380331993,0.01667126640677452,0.19185854494571686,-0.14376381039619446,0.0957268476486206,0.0328323058784008,-0.27300825715065,0.1581173986196518,-0.5982920527458191,0.08026397973299026,-0.18326151371002197,0.2098633348941803,-0.1988634467124939,-0.045372143387794495
0.00994878076016903,3.725222110748291,0.8086200952529907,-0.02903720922768116,0.03058033436536789,0.6879611015319824,0.7245213985443115,-0.21573777496814728,0.2137463539838791,-0.10916677117347717,-0.4461284279823303,0.08799799531698227,0.011737200431525707,-0.04053175449371338,0.12498894333839417,-0.2514883279800415,0.3886851966381073,-0.5455813407897949,-0.14711961150169373,0.14111573994159698,-0.004825043026357889,0.016091348603367805,0.2254370152950287,-0.13830257952213287,0.11248129606246948,0.07716584205627441,-0.30880823731422424,0.14820308983325958,-0.5508229732513428,0.09444962441921234,-0.21715231239795685,0.029731111600995064,-0.23062823712825775,-0.02546478621661663
0.014305285178124905,3.7626590728759766,0.803236186504364,-0.027923043817281723,0.029204629361629486,0.6905055046081543,0.7221977114677429,-0.2023581713438034,0.20771239697933197,-0.11655980348587036,-0.46832889318466187,0.08940941095352173,0.005342595744878054,-0.03976660221815109,0.1383003443479538,-0.25074928998947144,0.38925793766975403,-0.5444272756576538,-0.15556542575359344,0.13766415417194366,-0.012952502816915512,0.0160210020840168,0.24407759308815002,-0.12323502451181412,0.11750460416078568,0.17284567654132843,-0.37193191051483154,0.1336730569601059,-0.529469907283783,0.09666046500205994,-0.21816247701644897,0.0365246906876564,-0.23493142426013947,-0.04399386793375015
0.021488336846232414,3.800931692123413,0.8013666272163391,-0.026853671297430992,0.028112730011343956,0.6902064681053162,0.7225673794746399,-0.17847296595573425,0.2039295881986618,-0.10141696780920029,-0.48128947615623474,0.07771778851747513,0.009354447945952415,-0.0408056378364563,0.14749620854854584,-0.24527707695960999,0.3965480327606201,-0.5458368062973022,-0.1535075306892395,0.1426069289445877,-0.015299934893846512,0.004432082176208496,0.23624105751514435,-0.09015490859746933,0.14408554136753082,0.32036352157592773,-0.4617217481136322,0.09882510453462601,-0.529931366443634,0.11741940677165985,-0.18837440013885498,0.11414706707000732,-0.14407922327518463,-0.08591058850288391
0.02862580306828022,3.8405044078826904,0.8011499047279358,-0.022513611242175102,0.023714974522590637,0.688130259513855,0.7248499989509583,-0.14615845680236816,0.19985969364643097,-0.08921109884977341,-0.46188828349113464,0.07346688956022263,0.00959667656570673,-0.040318138897418976,0.15402677655220032,-0.23904260993003845,0.4046613872051239,-0.5370330214500427,-0.1503501683473587,0.147732213139534,-0.011104959063231945,0.0015002094442024827,0.2287733554840088,-0.06958062946796417,0.15060190856456757,0.47724223136901855,-0.553717851638794,0.0836077630519867,-0.5331205129623413,0.12640291452407837,-0.1664196252822876,0.23182924091815948,-0.07709531486034393,-0.121092788875103
0.03450929373502731,3.8800926208496094,0.804111897945404,-0.01639648899435997,0.017496177926659584,0.6836073994636536,0.7294559478759766,-0.10845889151096344,0.18922865390777588,-0.07054153829813004,-0.4023011028766632,0.06630797684192657,0.0010587824508547783,-0.03897700086236,0.1491888016462326,-0.230049729347229,0.4240555763244629,-0.5085746049880981,-0.12344666570425034,0.14473244547843933,-0.021992336958646774,-0.004504858516156673,0.1905822455883026,-0.056462351232767105,0.17743395268917084,0.6617497205734253,-0.5770926475524902,0.10331035405397415,-0.5013263821601868,0.1434229463338852,-0.14053916931152344,0.31948474049568176,-0.07052607834339142,-0.18657219409942627
0.03980182856321335,3.9171438217163086,0.8094530701637268,-0.011629343964159489,0.012517102994024754,0.6805503368377686,0.7325021028518677,-0.07082566618919373,0.1801494061946869,-0.05514967069029808,-0.35610470175743103,0.043537456542253494,0.01740565337240696,-0.045238200575113297,0.14625518023967743,-0.22668878734111786,0.43363237380981445,-0.5080236196517944,-0.10185327380895615,0.14987967908382416,-0.02106156200170517,-0.009682326577603817,0.0807037353515625,-0.007096335757523775,0.22852402925491333,0.8924102187156677,-0.31023579835891724,0.08040778338909149,-0.4331638813018799,0.16029049456119537,-0.12716811895370483,0.3434402048587799,-0.11077307909727097,-0.20668715238571167
0.04468665271997452,3.9504594802856445,0.8145992755889893,-0.01060077827423811,0.01132737286388874,0.6832193732261658,0.7300483584403992,-0.05409928783774376,0.18197399377822876,-0.0689188614487648,-0.3084089159965515,0.02731621265411377,0.03459136560559273,-0.05970168113708496,0.14810392260551453,-0.22518551349639893,0.43174847960472107,-0.5365502238273621,-0.1316416710615158,0.14440368115901947,-0.01901070959866047,-0.005502244457602501,-0.06899860501289368,0.06912758946418762,0.24413169920444489,1.0986729860305786,0.08271012455224991,0.019667383283376694,-0.3581196069717407,0.17799687385559082,-0.13528387248516083,0.31836357712745667,-0.14358434081077576,-0.215730682015419
0.04756929352879524,3.9829883575439453,0.8209457397460938,-0.01187928393483162,0.012489434331655502,0.6890836358070374,0.7244767546653748,-0.04553527384996414,0.1840488314628601,-0.10248114168643951,-0.2777242958545685,-0.02492835372686386,0.04630694538354874,-0.06343449652194977,0.14743058383464813,-0.23136411607265472,0.43114572763442993,-0.5689820051193237,-0.1745847910642624,0.134420707821846,-0.01688375510275364,0.0013602012768387794,-0.1924697905778885,0.0782599225640297,0.21213358640670776,1.2528681755065918,-0.0324089489877224,0.08399644494056702,-0.2689978778362274,0.1865435242652893,-0.1430967003107071,0.244264155626297,-0.15551786124706268,-0.21200932562351227
0.04882337898015976,4.013927459716797,0.8261454701423645,-0.013327349908649921,0.013808500953018665,0.6943318843841553,0.7193990349769592,-0.03006950207054615,0.18402042984962463,-0.11822270601987839,-0.27219974994659424,-0.048028819262981415,0.04915577173233032,-0.058116450905799866,0.14133286476135254,-0.24014700949192047,0.4333323836326599,-0.5932310819625854,-0.1922898292541504,0.12965872883796692,-0.01554148644208908,0.0008794825407676399,-0.31375986337661743,0.06788581609725952,0.17895077168941498,1.3368796110153198,-0.11529623717069626,0.08379316329956055,-0.1810477077960968,0.18957006931304932,-0.1555233746767044,0.16361983120441437,-0.15889552235603333,-0.20003724098205566
0.0495031476020813,4.043507099151611,0.8294861316680908,-0.015104936435818672,0.01549785491079092,0.6978070139884949,0.7159587740898132,-0.005573425907641649,0.1854783445596695,-0.11246815323829651,-0.29141199588775635,-0.02973056398332119,0.04261839762330055,-0.06220230460166931,0.13049328327178955,-0.24898408353328705,0.43889400362968445,-0.6086041927337646,-0.19455793499946594,0.12899711728096008,-0.01572313718497753,-0.003275141818448901,-0.4273551404476166,0.0435502752661705,0.1482313573360443,1.3516199588775635,-0.15956877171993256,0.08190858364105225,-0.10655705630779266,0.1886058747768402,-0.17369180917739868,0.10024882853031158,-0.16299915313720703,-0.18166793882846832
0.050177037715911865,4.0721211433410645,0.8313122391700745,-0.018018538132309914,0.018337447196245193,0.7006455063819885,0.7130462527275085,0.01671925000846386,0.1876991242170334,-0.10912192612886429,-0.3161388635635376,0.005166437476873398,0.0301191508769989,-0.06931470334529877,0.11414587497711182,-0.2563476264476776,0.4407117962837219,-0.6143976449966431,-0.1956714689731598,0.12935177981853485,-0.017707496881484985,-0.006750894244760275,-0.5272533297538757,0.01432088017463684,0.11443096399307251,1.3048866987228394,-0.21269774436950684,0.08522873371839523,-0.054525211453437805,0.18534095585346222,-0.188684344291687,0.06953780353069305,-0.1744460016489029,-0.16398075222969055
0.05065048113465309,4.100581169128418,0.8316399455070496,-0.021464485675096512,0.02164468541741371,0.70381760597229,0.7097263932228088,0.03415709733963013,0.18902930617332458,-0.11038503795862198,-0.3354959487915039,0.03470451012253761,0.019741419702768326,-0.0723002552986145,0.10030823945999146,-0.2620986998081207,0.4383974075317383,-0.6179152131080627,-0.19429580867290497,0.12974898517131805,-0.025580236688256264,-0.004949102643877268,-0.6028053164482117,-0.01260035764425993,0.07876704633235931,1.1908448934555054,-0.24340938031673431,0.08016302436590195,-0.0062417457811534405,0.18202580511569977,-0.2131468504667282,0.04112214967608452,-0.18997178971767426,-0.14337266981601715
0.05055127292871475,4.129398822784424,0.830822229385376,-0.024553760886192322,0.024657966569066048,0.7051805853843689,0.7081733345985413,0.04728216305375099,0.1886845827102661,-0.10653749108314514,-0.34321123361587524,0.035911597311496735,0.01754574105143547,-0.07159892469644547,0.08479758352041245,-0.26530689001083374,0.4393855333328247,-0.6119904518127441,-0.19092637300491333,0.12928920984268188,-0.03182803839445114,0.004795030690729618,-0.645740807056427,-0.03859506919980049,0.040096234530210495,1.0116291046142578,-0.24062292277812958,0.08157868683338165,0.04281271621584892,0.1808396875858307,-0.23354725539684296,0.015473876148462296,-0.20445269346237183,-0.130149707198143
0.050281818956136703,4.1589508056640625,0.829055905342102,-0.027205076068639755,0.027323737740516663,0.7050416469573975,0.708116888999939,0.054544754326343536,0.18578384816646576,-0.09621763974428177,-0.33390069007873535,0.028417885303497314,0.01651850715279579,-0.06936099380254745,0.07332257181406021,-0.26769623160362244,0.4407656788825989,-0.608748197555542,-0.18546336889266968,0.13035252690315247,-0.03280426561832428,0.0167851485311985,-0.6374577879905701,-0.05373893678188324,0.010316048748791218,0.7457316517829895,-0.20809176564216614,0.061967331916093826,0.08535931259393692,0.17854855954647064,-0.25213098526000977,0.00881560705602169,-0.22992418706417084,-0.11364222317934036
0.049678754061460495,4.189549446105957,0.8251221179962158,-0.02953435480594635,0.029749590903520584,0.7039155960083008,0.7090454697608948,0.05938444286584854,0.18332378566265106,-0.08367232233285904,-0.320058673620224,0.021812841296195984,0.01773720420897007,-0.06866516917943954,0.06667722761631012,-0.26696133613586426,0.43600642681121826,-0.6100134253501892,-0.1782967746257782,0.1337563395500183,-0.030560187995433807,0.025772036984562874,-0.6006805896759033,-0.05030573531985283,0.024937491863965988,0.4457985460758209,-0.1901421993970871,0.037661321461200714,0.12595976889133453,0.1777573674917221,-0.2631586790084839,0.011181224137544632,-0.25896480679512024,-0.10422458499670029
0.04837025701999664,4.221875190734863,0.8198056817054749,-0.031153978779911995,0.031612806022167206,0.7012273669242859,0.7115548253059387,0.06655959039926529,0.18226909637451172,-0.07236286252737045,-0.30814963579177856,0.010466356761753559,0.020771920680999756,-0.06658108532428741,0.06110932677984238,-0.265586793422699,0.4376274645328522,-0.6085320115089417,-0.17692804336547852,0.13419726490974426,-0.02952844277024269,0.030012400820851326,-0.5434204339981079,-0.04808361083269119,0.04495762288570404,0.1485188901424408,-0.1666371077299118,-0.004119849763810635,0.17335428297519684,0.17708055675029755,-0.25887224078178406,0.010740358382463455,-0.2863762080669403,-0.09372351318597794
0.04579581320285797,4.255783557891846,0.8136881589889526,-0.03159704431891441,0.032389648258686066,0.697579026222229,0.7150776386260986,0.07759960740804672,0.18174877762794495,-0.06261427700519562,-0.30144089460372925,0.009039036929607391,0.02271115593612194,-0.06777913868427277,0.05920311436057091,-0.2623409032821655,0.43918710947036743,-0.6039631366729736,-0.17374536395072937,0.13594582676887512,-0.03042500652372837,0.03677763044834137,-0.5232993364334106,-0.0514974482357502,0.06984803825616837,0.013803165405988693,-0.18000495433807373,-0.019361333921551704,0.21335290372371674,0.17151185870170593,-0.2508513331413269,0.039744146168231964,-0.3275262117385864,-0.08632878959178925
0.042428646236658096,4.291470527648926,0.8082537055015564,-0.030171262100338936,0.031196631491184235,0.6945399641990662,0.718143880367279,0.08650533854961395,0.18100440502166748,-0.06020830199122429,-0.29183998703956604,0.004498963709920645,0.022331755608320236,-0.06654906272888184,0.05892808735370636,-0.2587949335575104,0.44634056091308594,-0.5861895084381104,-0.17495864629745483,0.13685061037540436,-0.03471074998378754,0.04143238812685013,-0.5074467658996582,-0.052920956164598465,0.0842345654964447,0.011434013023972511,-0.17849846184253693,-0.023488320410251617,0.24383647739887238,0.15919944643974304,-0.23663675785064697,0.10564078390598297,-0.37709930539131165,-0.07451310008764267
0.03771386668086052,4.328474998474121,0.8055739402770996,-0.02803245559334755,0.0289862509816885,0.6946157813072205,0.7182498574256897,0.08863436430692673,0.1779562532901764,-0.06469199061393738,-0.28237178921699524,-0.008127760142087936,0.02795093134045601,-0.06418360769748688,0.07032370567321777,-0.2565046548843384,0.4363328814506531,-0.5722847580909729,-0.15565314888954163,0.14065556228160858,-0.037894878536462784,0.04309355840086937,-0.519594132900238,-0.06506650894880295,0.0687192752957344,0.13213327527046204,-0.16158871352672577,0.0036510222125798464,0.24988147616386414,0.13034069538116455,-0.24026350677013397,0.22678124904632568,-0.4496198892593384,-0.05016421154141426
0.031319282948970795,4.367560386657715,0.8052319288253784,-0.023829910904169083,0.024591470137238503,0.695491373538971,0.7177180051803589,0.09389065951108932,0.1737407147884369,-0.06271025538444519,-0.27994805574417114,-0.007222089916467667,0.030435742810368538,-0.06275175511837006,0.09340258687734604,-0.2594737708568573,0.4238432049751282,-0.5692264437675476,-0.14364199340343475,0.1445118933916092,-0.03500589355826378,0.037948861718177795,-0.5281814932823181,-0.07662088423967361,0.07551699876785278,0.24408598244190216,-0.056897036731243134,0.04135679826140404,0.2472904473543167,0.09237504750490189,-0.24291105568408966,0.37264591455459595,-0.5404643416404724,-0.01965685561299324
0.02621198631823063,4.406755447387695,0.8064928650856018,-0.0169176384806633,0.017285266891121864,0.699261486530304,0.7144567370414734,0.08877965807914734,0.17403529584407806,-0.05725695192813873,-0.26714834570884705,-0.016543108969926834,0.03190024569630623,-0.05918601155281067,0.11707323789596558,-0.2502458691596985,0.4151943325996399,-0.5462974905967712,-0.14911098778247833,0.1403205543756485,-0.04217267408967018,0.03925182297825813,-0.5357293486595154,-0.08864380419254303,0.0389179065823555,0.4081697165966034,-0.058964621275663376,0.11566043645143509,0.2178470492362976,0.07730550318956375,-0.247311070561409,0.5526349544525146,-0.5937938690185547,-0.028116337954998016
0.021710727363824844,4.4436750411987305,0.8094444870948792,-0.010669334791600704,0.010771499946713448,0.703648567199707,0.7103863954544067,0.08033512532711029,0.1734151691198349,-0.050927095115184784,-0.2661774456501007,-0.023658134043216705,0.03531460091471672,-0.056714195758104324,0.14531676471233368,-0.23812171816825867,0.39164942502975464,-0.5323805212974548,-0.1344209909439087,0.14292438328266144,-0.034767743200063705,0.040857065469026566,-0.4933665990829468,-0.10180099308490753,0.023661158978939056,0.4900358319282532,-0.11134065687656403,0.14967256784439087,0.11329842358827591,0.0401323065161705,-0.2658480703830719,0.8073074817657471,-0.3918772041797638,-0.04128533601760864
0.017176195979118347,4.476247787475586,0.8130111694335938,-0.010396052151918411,0.010588712990283966,0.700508177280426,0.7134900689125061,0.07365468889474869,0.17107689380645752,-0.04195689409971237,-0.2891726791858673,0.0026937846560031176,0.029590513557195663,-0.06136852130293846,0.15037067234516144,-0.24206216633319855,0.4040384888648987,-0.5384417176246643,-0.14630761742591858,0.14302489161491394,-0.018449852243065834,0.04017220437526703,-0.44255131483078003,-0.11575449258089066,0.03147556260228157,0.5101601481437683,-0.16782045364379883,0.16604851186275482,-0.0625113993883133,-0.03033548593521118,-0.2618391513824463,1.0555423498153687,0.11242188513278961,0.014978925697505474
0.013356663286685944,4.507599353790283,0.8201403617858887,-0.011702759191393852,0.012261873111128807,0.6903223395347595,0.7233033776283264,0.06503348797559738,0.17291651666164398,-0.04713993892073631,-0.3141157031059265,0.03160092234611511,0.02109132707118988,-0.059114985167980194,0.12951579689979553,-0.24878235161304474,0.4481665790081024,-0.5388311147689819,-0.13948741555213928,0.13754448294639587,-0.01465509831905365,0.034636639058589935,-0.3460634648799896,-0.12103429436683655,0.06671281903982162,0.42410552501678467,-0.18761856853961945,0.17882512509822845,-0.19696412980556488,-0.05903572589159012,-0.2304173856973648,1.202539324760437,0.09085837006568909,-0.037206582725048065
0.011904102750122547,4.537858486175537,0.8260253071784973,-0.011870002374053001,0.012676594778895378,0.6833995580673218,0.7298380136489868,0.043598078191280365,0.17760424315929413,-0.06175592541694641,-0.3198889195919037,0.03476759418845177,0.014032668434083462,-0.05350073054432869,0.11351639777421951,-0.2507687211036682,0.4706711173057556,-0.5398687124252319,-0.11986229568719864,0.13385438919067383,-0.01369758415967226,0.04121917113661766,-0.24964259564876556,-0.1316186934709549,0.061246585100889206,0.3357762396335602,-0.1970236450433731,0.1805664300918579,-0.32426780462265015,-0.06061263382434845,-0.21708190441131592,1.2993710041046143,-0.009019249118864536,-0.12168662250041962
0.011329073458909988,4.567172527313232,0.8306376934051514,-0.01241103745996952,0.013336533680558205,0.6811368465423584,0.7319294810295105,0.008381620980799198,0.18431109189987183,-0.07627292722463608,-0.3162541389465332,0.02810492180287838,0.015938011929392815,-0.052000295370817184,0.11103491485118866,-0.24989727139472961,0.4581122398376465,-0.5521642565727234,-0.12897665798664093,0.13168826699256897,-0.007876339368522167,0.04360782727599144,-0.14167355000972748,-0.13956740498542786,0.05210580304265022,0.21343038976192474,-0.18440602719783783,0.18396037817001343,-0.4355328679084778,-0.04628543183207512,-0.20500895380973816,1.3098235130310059,-0.07037939131259918,-0.1463300883769989
0.011107668280601501,4.594794750213623,0.831769585609436,-0.014798167161643505,0.015943316742777824,0.680133581161499,0.7327654361724854,-0.03587114438414574,0.1916549652814865,-0.076621413230896,-0.31505149602890015,0.026155998930335045,0.01855616830289364,-0.053647514432668686,0.11065550893545151,-0.2522723376750946,0.44433096051216125,-0.5739575028419495,-0.16438215970993042,0.12895944714546204,-0.004225005861371756,0.04327205568552017,-0.06518752127885818,-0.14277462661266327,0.05138061195611954,0.1337256282567978,-0.18249744176864624,0.1824532002210617,-0.5457295775413513,-0.013111208565533161,-0.18185515701770782,1.261296033859253,-0.10664861649274826,-0.16483449935913086
0.010757077485322952,4.622453689575195,0.8302721381187439,-0.018412385135889053,0.01986461691558361,0.6795406341552734,0.7331377267837524,-0.08210780471563339,0.20022913813591003,-0.07616574317216873,-0.31865862011909485,0.03373922035098076,0.01393702533096075,-0.05086866766214371,0.10639465600252151,-0.25460344552993774,0.43470245599746704,-0.5884897708892822,-0.18534794449806213,0.12466834485530853,-0.005612843204289675,0.03801431134343147,-0.010344361886382103,-0.14416779577732086,0.05767540633678436,0.0886809304356575,-0.19285686314105988,0.18284378945827484,-0.6332952976226807,0.02701462060213089,-0.1527700573205948,1.144227147102356,-0.13143515586853027,-0.15330420434474945
0.012357494793832302,4.647927761077881,0.8210985064506531,-0.01608254201710224,0.01730051450431347,0.6806651949882507,0.7322137355804443,-0.11006287485361099,0.16790874302387238,-0.08476768434047699,-0.32576340436935425,0.046397142112255096,0.012728078290820122,-0.04197360575199127,0.11633026599884033,-0.2968892753124237,0.4354575276374817,-0.5933687686920166,-0.18384523689746857,0.12532629072666168,-0.013977067545056343,-0.00005565375613514334,0.03359299898147583,-0.197794109582901,0.09569594264030457,0.10550902038812637,-0.22907964885234833,0.204196497797966,-0.7571834325790405,0.033779144287109375,-0.10060206800699234,1.1207412481307983,-0.1938682198524475,-0.1500624120235443
0.011609774082899094,4.677552223205566,0.8170668482780457,-0.01944049820303917,0.020738013088703156,0.6836387515068054,0.7292667627334595,-0.15340697765350342,0.17226004600524902,-0.09071386605501175,-0.3320716619491577,0.056199438869953156,0.004994542337954044,-0.033614013344049454,0.11003134399652481,-0.2954567074775696,0.4400941729545593,-0.5839637517929077,-0.17556937038898468,0.1270401030778885,-0.01963750272989273,-0.021546555683016777,0.08217516541481018,-0.19989334046840668,0.10162746161222458,0.08907981961965561,-0.26294490694999695,0.20283950865268707,-0.7536293864250183,0.07593033462762833,-0.07517477124929428,0.8481668829917908,-0.18775762617588043,-0.11125744134187698
0.010884392075240612,4.708746433258057,0.8118771314620972,-0.021964093670248985,0.023298973217606544,0.6856030821800232,0.7272710204124451,-0.18346145749092102,0.17627348005771637,-0.09889105707406998,-0.3467317223548889,0.06613398343324661,-0.00025334558449685574,-0.030144134536385536,0.10492546111345291,-0.2904708981513977,0.44510966539382935,-0.5712659955024719,-0.15876667201519012,0.13215680420398712,-0.018384311348199844,-0.043467555195093155,0.13488326966762543,-0.20331889390945435,0.11635720729827881,0.07499473541975021,-0.29217979311943054,0.20003347098827362,-0.6914697885513306,0.1015387624502182,-0.08387341350317001,0.4973650276660919,-0.17511628568172455,-0.0632532462477684
0.009346227161586285,4.743957042694092,0.8085037469863892,-0.027712466195225716,0.029102874919772148,0.6890386343002319,0.7236095666885376,-0.21085907518863678,0.2045542448759079,-0.10844168812036514,-0.3699561357498169,0.06783097237348557,-0.001843908685259521,-0.0336066409945488,0.09466789662837982,-0.25702959299087524,0.4421178102493286,-0.5652133822441101,-0.14495134353637695,0.13424818217754364,-0.014668745920062065,0.004311149008572102,0.17673391103744507,-0.1550857126712799,0.08664017170667648,0.0681312158703804,-0.31386759877204895,0.17996376752853394,-0.584628164768219,0.11635550856590271,-0.16518747806549072,0.1404639184474945,-0.20731356739997864,-0.03220074996352196
0.010929156094789505,4.778568267822266,0.8024162650108337,-0.02820436656475067,0.02946409210562706,0.6909201741218567,0.7217795252799988,-0.21074944734573364,0.1997123658657074,-0.11402503401041031,-0.3928437829017639,0.07817818969488144,-0.0026460548397153616,-0.03681878745555878,0.10295408964157104,-0.25660401582717896,0.43933919072151184,-0.5718070268630981,-0.14816874265670776,0.136205792427063,-0.013779686763882637,0.008351222611963749,0.21313302218914032,-0.15070945024490356,0.10243196040391922,0.10872185975313187,-0.3564772605895996,0.17131993174552917,-0.5399065017700195,0.13083280622959137,-0.2284659743309021,-0.002140699652954936,-0.2159341424703598,-0.007457909639924765
0.013305602595210075,4.814632415771484,0.797671377658844,-0.026866354048252106,0.027958687394857407,0.6923598051071167,0.7205098271369934,-0.197389617562294,0.19139884412288666,-0.11885703355073929,-0.4092126786708832,0.07657156884670258,-0.008487269282341003,-0.0326719768345356,0.11330106109380722,-0.25479909777641296,0.43389710783958435,-0.5733340382575989,-0.1502518206834793,0.13767248392105103,-0.01223489549010992,0.007998721674084663,0.22848179936408997,-0.14209921658039093,0.1059030294418335,0.2087361067533493,-0.422091543674469,0.15982171893119812,-0.5263067483901978,0.13336551189422607,-0.19939877092838287,0.03861897811293602,-0.22348953783512115,-0.06539604067802429
0.018425626680254936,4.851831912994385,0.7964988946914673,-0.025812799111008644,0.026921086013317108,0.6916114687919617,0.7213061451911926,-0.1731688529253006,0.189130038022995,-0.11337998509407043,-0.4233701527118683,0.06619403511285782,-0.005108411889523268,-0.031092101708054543,0.12256722152233124,-0.2466307282447815,0.4341006577014923,-0.5758525729179382,-0.14681865274906158,0.14295464754104614,-0.012836444191634655,-0.0020179557614028454,0.22527404129505157,-0.11236175149679184,0.13405798375606537,0.3433065116405487,-0.5118153691291809,0.12203741073608398,-0.5271109938621521,0.1568140685558319,-0.16858220100402832,0.11099150031805038,-0.1325787901878357,-0.14162515103816986
0.0232352577149868,4.889888286590576,0.7969245910644531,-0.022081805393099785,0.023191042244434357,0.6892212629318237,0.723842978477478,-0.13962283730506897,0.18425118923187256,-0.1068807914853096,-0.4081573486328125,0.06766755133867264,-0.004775721114128828,-0.0359480194747448,0.1292983889579773,-0.2351788878440857,0.4331369996070862,-0.5597023963928223,-0.1431407481431961,0.1452046036720276,-0.016333336010575294,-0.0048205675557255745,0.21392984688282013,-0.09415217489004135,0.14261701703071594,0.4979035556316376,-0.5992386341094971,0.09791529923677444,-0.5375632047653198,0.16224345564842224,-0.1473008245229721,0.24530598521232605,-0.10669023543596268,-0.1708049476146698
0.02674271911382675,4.928555488586426,0.7994665503501892,-0.01666157692670822,0.017691221088171005,0.685402512550354,0.7277587652206421,-0.09372670948505402,0.17381717264652252,-0.10336846113204956,-0.3787911832332611,0.05204364284873009,-0.0016577141359448433,-0.03385019302368164,0.1269446611404419,-0.22303146123886108,0.4397486448287964,-0.5251462459564209,-0.11617682129144669,0.14700783789157867,-0.016008488833904266,-0.003940288908779621,0.17111298441886902,-0.07264146953821182,0.1719219833612442,0.689087986946106,-0.6307976245880127,0.07570674270391464,-0.5127853751182556,0.16981209814548492,-0.13505880534648895,0.3383583426475525,-0.09751850366592407,-0.2156519889831543
0.030378879979252815,4.965267658233643,0.8028020262718201,-0.012307778932154179,0.01317660789936781,0.6824921369552612,0.7306705117225647,-0.05555960163474083,0.16771674156188965,-0.10148698836565018,-0.34820279479026794,0.02797619439661503,0.008076033554971218,-0.04679465293884277,0.13204722106456757,-0.22073303163051605,0.4471501410007477,-0.5287997126579285,-0.10500931739807129,0.15305191278457642,-0.009120894595980644,-0.00814979150891304,0.057458557188510895,-0.014294546097517014,0.22044068574905396,0.9365445971488953,-0.38788148760795593,0.01397447194904089,-0.4599493145942688,0.19104641675949097,-0.10296042263507843,0.38497641682624817,-0.1433025300502777,-0.24887040257453918
0.03335586190223694,4.998301029205322,0.8055065870285034,-0.011726493015885353,0.012459591962397099,0.6852587461471558,0.7280986905097961,-0.041587330400943756,0.17175768315792084,-0.1268043965101242,-0.3150269687175751,0.01190097164362669,0.022499987855553627,-0.06065652519464493,0.14066703617572784,-0.22357168793678284,0.447794109582901,-0.5618372559547424,-0.1304081380367279,0.14594532549381256,-0.005924200173467398,-0.011219817213714123,-0.10667581856250763,0.060645055025815964,0.23063533008098602,1.161043643951416,0.057827334851026535,-0.05258234590291977,-0.4082946181297302,0.20892637968063354,-0.096315898001194,0.40132853388786316,-0.19467242062091827,-0.2605910897254944
0.035052090883255005,5.0308518409729,0.8109013438224792,-0.012373154982924461,0.012915609404444695,0.6916692852973938,0.7219929099082947,-0.037562400102615356,0.1729123890399933,-0.1511864811182022,-0.2874431908130646,-0.032598525285720825,0.03015916608273983,-0.05423768237233162,0.14306935667991638,-0.2274131178855896,0.443136066198349,-0.582148551940918,-0.15228794515132904,0.13340239226818085,-0.006164408288896084,-0.0073043289594352245,-0.23233629763126373,0.08373880386352539,0.20389308035373688,1.314462661743164,-0.0015355143696069717,0.01093926653265953,-0.3296123445034027,0.216267928481102,-0.10477904975414276,0.35541707277297974,-0.2226240336894989,-0.260738343000412
0.03518007695674896,5.062414646148682,0.8159564733505249,-0.012826274149119854,0.013160002417862415,0.6978503465652466,0.7160078287124634,-0.026369735598564148,0.17225861549377441,-0.159087672829628,-0.2764960825443268,-0.05066266283392906,0.02927929349243641,-0.044022735208272934,0.13835522532463074,-0.2310473471879959,0.4422670602798462,-0.5854611396789551,-0.156513050198555,0.13381576538085938,-0.00670077046379447,-0.014233795925974846,-0.3553881347179413,0.0873829573392868,0.17723369598388672,1.4041223526000977,-0.07559216022491455,0.029781265184283257,-0.24371719360351562,0.22044746577739716,-0.10831450670957565,0.2916337549686432,-0.23987390100955963,-0.26052147150039673
0.034384775906801224,5.092843532562256,0.8199344873428345,-0.01387441623955965,0.014121942222118378,0.7006902694702148,0.7131908535957336,-0.0033656901214271784,0.17424893379211426,-0.1475858986377716,-0.291096568107605,-0.028643254190683365,0.027171744033694267,-0.054298292845487595,0.12234283238649368,-0.23825989663600922,0.45646142959594727,-0.5823876261711121,-0.14953050017356873,0.13560864329338074,-0.010244373232126236,-0.0225669015198946,-0.46746498346328735,0.07216034829616547,0.15273571014404297,1.4206722974777222,-0.15049351751804352,0.05345480516552925,-0.16340476274490356,0.2206343561410904,-0.1107272058725357,0.22747743129730225,-0.2487233728170395,-0.25510913133621216
0.03337232023477554,5.1225199699401855,0.8223573565483093,-0.015447376295924187,0.01565534994006157,0.702193021774292,0.7116468548774719,0.023878922685980797,0.17840227484703064,-0.1409643292427063,-0.3183620572090149,-0.001034290762618184,0.021475428715348244,-0.06940171122550964,0.10061486810445786,-0.24864163994789124,0.47139379382133484,-0.5809325575828552,-0.14166389405727386,0.1361204981803894,-0.01118010189384222,-0.027459006756544113,-0.5638286471366882,0.055166225880384445,0.12772411108016968,1.3691686391830444,-0.20715294778347015,0.0528729222714901,-0.09441272914409637,0.21665917336940765,-0.10768761485815048,0.1770009994506836,-0.2554580867290497,-0.2399703413248062
0.03224099054932594,5.152261257171631,0.8231922388076782,-0.01761172153055668,0.01781766675412655,0.7027639746665955,0.7109817862510681,0.04942786321043968,0.18265122175216675,-0.1415622979402542,-0.3429999351501465,0.019858870655298233,0.011620237492024899,-0.07237453013658524,0.07892685383558273,-0.26073265075683594,0.4792703092098236,-0.5863144397735596,-0.14176584780216217,0.13581931591033936,-0.013162870891392231,-0.021509043872356415,-0.6363248229026794,0.03404071554541588,0.10047005116939545,1.2457817792892456,-0.23609408736228943,0.06515136361122131,-0.027362212538719177,0.2109503298997879,-0.11549827456474304,0.12294752895832062,-0.25122424960136414,-0.22251614928245544
0.03096913732588291,5.182100296020508,0.8224670886993408,-0.020103944465517998,0.020332934334874153,0.7028037309646606,0.7108089327812195,0.06768064945936203,0.18419302999973297,-0.1440940797328949,-0.35257840156555176,0.028987176716327667,0.007490776479244232,-0.06746334582567215,0.059621695429086685,-0.27285683155059814,0.47482916712760925,-0.5972456336021423,-0.14835472404956818,0.13497115671634674,-0.011868578381836414,-0.009883873164653778,-0.6714826822280884,0.007055527996271849,0.06641653925180435,1.0422674417495728,-0.22786588966846466,0.06889970600605011,0.03289646655321121,0.203237384557724,-0.13367189466953278,0.08130737394094467,-0.2535681128501892,-0.20410823822021484
0.02965100295841694,5.212567329406738,0.8198404312133789,-0.023027818650007248,0.02331196889281273,0.7023802995681763,0.7110472321510315,0.07735439389944077,0.18486586213111877,-0.14497140049934387,-0.34755125641822815,0.023224785923957825,0.008589276112616062,-0.06350769102573395,0.04149901866912842,-0.2820620536804199,0.46321141719818115,-0.6095273494720459,-0.15384948253631592,0.13507629930973053,-0.012260316871106625,0.0046004862524569035,-0.6704922914505005,-0.01494076568633318,0.02999000810086727,0.7765613794326782,-0.21114268898963928,0.05418100580573082,0.08221086859703064,0.1973169893026352,-0.152182474732399,0.06050639972090721,-0.26689839363098145,-0.18711747229099274
0.028302742168307304,5.244261741638184,0.8149521350860596,-0.02548849955201149,0.025880057364702225,0.7012333869934082,0.7120058536529541,0.08109229803085327,0.18464834988117218,-0.13931898772716522,-0.3314368426799774,0.011656366288661957,0.01666276901960373,-0.06490052491426468,0.025905704125761986,-0.2868405282497406,0.4474841356277466,-0.6181243658065796,-0.15988105535507202,0.13387209177017212,-0.014607728458940983,0.020199667662382126,-0.6370427012443542,-0.01867958903312683,0.035548917949199677,0.47358736395835876,-0.20588375627994537,0.02567354030907154,0.1278257668018341,0.19514571130275726,-0.17335866391658783,0.05514422059059143,-0.29234981536865234,-0.1744348406791687
0.026637090370059013,5.278006553649902,0.8083277940750122,-0.02693166583776474,0.0274750255048275,0.6994917392730713,0.7136043310165405,0.08329875022172928,0.18486110866069794,-0.1267215758562088,-0.30966922640800476,0.00016675610095262527,0.02292274497449398,-0.0642099529504776,0.015402755700051785,-0.2854612469673157,0.43312427401542664,-0.6222259402275085,-0.1693834662437439,0.1355939507484436,-0.022875532507896423,0.037167489528656006,-0.5960239768028259,-0.02168290689587593,0.04289880394935608,0.2045372575521469,-0.20303981006145477,-0.020317887887358665,0.1735096573829651,0.1965728998184204,-0.19364996254444122,0.0650729387998581,-0.3211263418197632,-0.16183538734912872
0.023492902517318726,5.3137125968933105,0.8019589185714722,-0.027470119297504425,0.028201796114444733,0.6972123384475708,0.7157828211784363,0.08840487152338028,0.18334850668907166,-0.11975857615470886,-0.2920627295970917,-0.00690105278044939,0.024728087708353996,-0.05946573615074158,0.008694908581674099,-0.28336280584335327,0.4264205992221832,-0.6181816458702087,-0.17785438895225525,0.13578243553638458,-0.024575388059020042,0.0461401604115963,-0.556374192237854,-0.02814994938671589,0.05150020495057106,0.027286771684885025,-0.19083409011363983,-0.028888816013932228,0.21462160348892212,0.18954460322856903,-0.20272567868232727,0.09818588197231293,-0.3607501685619354,-0.14170701801776886
0.019525298848748207,5.351142406463623,0.7962878346443176,-0.026105426251888275,0.027023140341043472,0.6942983269691467,0.7187058329582214,0.09662888944149017,0.1800130009651184,-0.11183564364910126,-0.28059422969818115,-0.01579064130783081,0.030281776562333107,-0.06065041944384575,0.0037431884557008743,-0.2802598476409912,0.4378308057785034,-0.6019162535667419,-0.17863886058330536,0.137274831533432,-0.030429640784859657,0.04427487775683403,-0.5400594472885132,-0.026771852746605873,0.06551802158355713,0.022880975157022476,-0.18981169164180756,-0.02006678096950054,0.2364967167377472,0.1731516271829605,-0.197536438703537,0.1866489201784134,-0.4187685251235962,-0.12520484626293182
0.013455378822982311,5.389446258544922,0.7943902611732483,-0.025074025616049767,0.026083508506417274,0.6925649046897888,0.7204475998878479,0.10391581803560257,0.17441366612911224,-0.10341319441795349,-0.2804470360279083,-0.021710442379117012,0.032571617513895035,-0.06341879069805145,0.010320896282792091,-0.2797357141971588,0.4407600164413452,-0.5962021350860596,-0.15561139583587646,0.1416085958480835,-0.028253361582756042,0.044258952140808105,-0.5593001246452332,-0.0348980613052845,0.057097867131233215,0.1414221227169037,-0.13933609426021576,-0.010783430188894272,0.23515455424785614,0.1382189244031906,-0.20811104774475098,0.31478655338287354,-0.4925961196422577,-0.09557699412107468
0.006236819550395012,5.429385662078857,0.7940572500228882,-0.022436659783124924,0.023336943238973618,0.6927019357681274,0.7204970121383667,0.10979937762022018,0.16911734640598297,-0.09104643017053604,-0.2840189039707184,-0.022295210510492325,0.030548401176929474,-0.06254779547452927,0.028658317402005196,-0.28288623690605164,0.4459627568721771,-0.6001785397529602,-0.15000978112220764,0.1454523503780365,-0.02451062574982643,0.03976636379957199,-0.5903030037879944,-0.04113060608506203,0.06368532031774521,0.2896314263343811,-0.032407648861408234,0.010607654228806496,0.22196894884109497,0.1078130453824997,-0.209492489695549,0.46725764870643616,-0.5938301086425781,-0.0885133445262909
0.000754473963752389,5.469497203826904,0.7960335612297058,-0.017239313572645187,0.017690317705273628,0.6977056860923767,0.7159585952758789,0.10211992263793945,0.1688389778137207,-0.08705998212099075,-0.27619677782058716,-0.030287783592939377,0.030900975689291954,-0.05897989496588707,0.05466332659125328,-0.2686389088630676,0.43684011697769165,-0.5799917578697205,-0.15541568398475647,0.140021413564682,-0.027365682646632195,0.037439122796058655,-0.5981805324554443,-0.054350435733795166,0.033832062035799026,0.44198524951934814,-0.02413155697286129,0.08508612215518951,0.17734435200691223,0.0961516723036766,-0.22693052887916565,0.6531193852424622,-0.605501651763916,-0.12123484909534454
-0.004178723786026239,5.506748676300049,0.7997664213180542,-0.012427156791090965,0.012575747445225716,0.7027822136878967,0.7111853361129761,0.08502571284770966,0.17033183574676514,-0.08757835626602173,-0.2736737132072449,-0.03398545831441879,0.03384561091661453,-0.05859536677598953,0.08509011566638947,-0.25122910737991333,0.4181313216686249,-0.5614625811576843,-0.14719955623149872,0.141769677400589,-0.02258763276040554,0.03807353600859642,-0.5652716159820557,-0.07452632486820221,0.016553260385990143,0.5343427062034607,-0.08535939455032349,0.1255768984556198,0.06806214153766632,0.053059861063957214,-0.2726362347602844,0.8936168551445007,-0.33686015009880066,-0.14786547422409058
-0.009207657538354397,5.539877414703369,0.8048631548881531,-0.010971925221383572,0.011145928874611855,0.7014363408088684,0.7125604748725891,0.06700301170349121,0.1691887229681015,-0.07844831794500351,-0.2899150848388672,-0.016474008560180664,0.02952096424996853,-0.05765586346387863,0.09276500344276428,-0.24805058538913727,0.4345925450325012,-0.5551835298538208,-0.14693789184093475,0.14435744285583496,-0.010707537643611431,0.035731375217437744,-0.5146282911300659,-0.09538628906011581,0.022079989314079285,0.5662429928779602,-0.15305113792419434,0.14717887341976166,-0.062082529067993164,-0.021330317482352257,-0.290304571390152,1.0792112350463867,0.0784728154540062,-0.06557034701108932
-0.00922372005879879,5.567583084106445,0.8067081570625305,-0.0031169222202152014,0.0031801608856767416,0.699963390827179,0.7141647934913635,0.07278450578451157,0.14474621415138245,-0.0932539626955986,-0.3149638772010803,0.009239114820957184,0.01726532354950905,-0.05043380707502365,0.10767898708581924,-0.2777545750141144,0.4690845012664795,-0.5567912459373474,-0.12425614148378372,0.1404421031475067,0.0019834493286907673,0.04918310046195984,-0.47157204151153564,-0.13838574290275574,0.05257696285843849,0.620274543762207,-0.20624274015426636,0.16955514252185822,-0.1855914294719696,-0.08925784379243851,-0.3064613938331604,1.3289473056793213,-0.09812906384468079,-0.1781095266342163
-0.01389106921851635,5.601749420166016,0.8203215599060059,-0.01063021831214428,0.011005209758877754,0.6946653127670288,0.719170331954956,0.030733389779925346,0.1786145120859146,-0.0904555469751358,-0.3375047445297241,0.030509019270539284,0.011390302330255508,-0.04654116556048393,0.08076317608356476,-0.2522982656955719,0.4872243404388428,-0.565520167350769,-0.09981023520231247,0.13637405633926392,0.011231700889766216,0.02538984641432762,-0.3295665681362152,-0.10814881324768066,0.0452762246131897,0.42433059215545654,-0.19581203162670135,0.1671600043773651,-0.2662525475025177,-0.02294512465596199,-0.24407467246055603,1.254488468170166,-0.08196201175451279,-0.180773064494133
-0.012082858011126518,5.626121520996094,0.8181043863296509,-0.004947642795741558,0.005121160298585892,0.6948003172874451,0.7191674709320068,0.024029668420553207,0.15320149064064026,-0.11735925823450089,-0.35725900530815125,0.048674535006284714,0.0035920911468565464,-0.05019720271229744,0.10285898298025131,-0.28902000188827515,0.4729432165622711,-0.5889341831207275,-0.11942781507968903,0.1321006864309311,0.011896741576492786,0.03911804407835007,-0.28887712955474854,-0.15609724819660187,0.057250089943408966,0.45409899950027466,-0.2216581553220749,0.17844022810459137,-0.4185040295124054,-0.08648547530174255,-0.25220787525177,1.4322160482406616,-0.1876569241285324,-0.21688944101333618
-0.01644132100045681,5.6582770347595215,0.8268003463745117,-0.014574028551578522,0.015186451375484467,0.6922556757926941,0.7213453054428101,-0.03188866376876831,0.1960502713918686,-0.12413955479860306,-0.37058350443840027,0.0532200001180172,0.0020473897457122803,-0.05095042288303375,0.08402784168720245,-0.2566756308078766,0.45049381256103516,-0.6024709939956665,-0.1640038639307022,0.12810228765010834,0.004052870906889439,0.035002585500478745,-0.18123246729373932,-0.12414044141769409,0.04690728709101677,0.28884217143058777,-0.21134062111377716,0.17382121086120605,-0.47694164514541626,-0.00710446247830987,-0.2162381112575531,1.254202127456665,-0.1695748120546341,-0.19265301525592804
-0.014474260620772839,5.682570934295654,0.8214510083198547,-0.009895293042063713,0.01026025228202343,0.6941187977790833,0.7197193503379822,-0.05339225009083748,0.16625960171222687,-0.14325787127017975,-0.37163791060447693,0.04824938252568245,-0.001433768542483449,-0.04295478016138077,0.10575249791145325,-0.29592907428741455,0.4311191439628601,-0.6103832125663757,-0.19248653948307037,0.12736468017101288,-0.004711284767836332,0.020670227706432343,-0.13654887676239014,-0.17017284035682678,0.06785106658935547,0.3107549548149109,-0.2384008914232254,0.1810595989227295,-0.6187716126441956,-0.039162371307611465,-0.18727277219295502,1.3257570266723633,-0.24212172627449036,-0.2059849351644516
-0.015109870582818985,5.710715293884277,0.8209524154663086,-0.012563852593302727,0.012955864891409874,0.6960492730140686,0.7177671194076538,-0.09447191655635834,0.17138750851154327,-0.1468411535024643,-0.37236282229423523,0.051258813589811325,0.0018188490066677332,-0.03393459692597389,0.1043081060051918,-0.2970067858695984,0.4227388799190521,-0.6010544300079346,-0.1864784210920334,0.1216772049665451,-0.01251735258847475,0.004334347788244486,-0.06786464154720306,-0.17158694565296173,0.0757506862282753,0.2517131567001343,-0.25220391154289246,0.18323944509029388,-0.6813716292381287,0.003298697993159294,-0.1474449634552002,1.1843657493591309,-0.24559374153614044,-0.19377300143241882
-0.015602556057274342,5.7392706871032715,0.8193233013153076,-0.01522140298038721,0.015591279603540897,0.698402464389801,0.7153735160827637,-0.12779001891613007,0.17531023919582367,-0.15000072121620178,-0.37726593017578125,0.05219722166657448,-0.00028947144164703786,-0.029591383412480354,0.10346706956624985,-0.29759252071380615,0.4227714538574219,-0.5880830883979797,-0.17546270787715912,0.12338395416736603,-0.017284706234931946,-0.015502727590501308,-0.01676000840961933,-0.17151448130607605,0.08769950270652771,0.22817984223365784,-0.2694297134876251,0.18332701921463013,-0.7089092135429382,0.04189233109354973,-0.10930285602807999,0.985836386680603,-0.2476070523262024,-0.16991859674453735
-0.016017457470297813,5.768712997436523,0.8165817856788635,-0.01763790473341942,0.01798384077847004,0.699984610080719,0.7137135863304138,-0.15115134418010712,0.17768020927906036,-0.15444821119308472,-0.3867112994194031,0.062335725873708725,0.00023404613602906466,-0.030540894716978073,0.10510418564081192,-0.29677724838256836,0.42308861017227173,-0.5751446485519409,-0.16664239764213562,0.1264282912015915,-0.015113860368728638,-0.03450204059481621,0.031347040086984634,-0.17299649119377136,0.10016968101263046,0.21680229902267456,-0.2922556698322296,0.18391533195972443,-0.6966016292572021,0.07225137948989868,-0.07001320272684097,0.7289355993270874,-0.234670951962471,-0.14711952209472656
-0.01748945564031601,5.802122116088867,0.8161118626594543,-0.024753181263804436,0.02505805529654026,0.7023296356201172,0.7109799385070801,-0.18149976432323456,0.20761525630950928,-0.1667516529560089,-0.39928996562957764,0.05224543437361717,-0.001732496079057455,-0.028075730428099632,0.09726285189390182,-0.2679760158061981,0.4197083115577698,-0.5655704736709595,-0.16186952590942383,0.12642811238765717,-0.012183637358248234,0.004869022406637669,0.09856830537319183,-0.1304119974374771,0.06578241288661957,0.14090141654014587,-0.28781646490097046,0.16122247278690338,-0.603874921798706,0.08534005284309387,-0.13162577152252197,0.35098209977149963,-0.2243395745754242,-0.11651922762393951
-0.016907863318920135,5.834682464599609,0.8102766871452332,-0.02516578696668148,0.025336867198348045,0.7042579054832458,0.7090455293655396,-0.18499533832073212,0.20368972420692444,-0.18263481557369232,-0.4109795391559601,0.05511457845568657,-0.0016729686176404357,-0.02939736098051071,0.1110880896449089,-0.27347955107688904,0.4146941006183624,-0.5697702169418335,-0.1576003134250641,0.12706735730171204,-0.010762432590126991,0.005699442233890295,0.1527116745710373,-0.131690114736557,0.07380450516939163,0.13848444819450378,-0.31135013699531555,0.15932539105415344,-0.5715295672416687,0.08949466794729233,-0.1746528297662735,0.13532613217830658,-0.23114809393882751,-0.0751345083117485
-0.015311792492866516,5.868692398071289,0.8043524026870728,-0.025368884205818176,0.025423942133784294,0.7058841586112976,0.7074161171913147,-0.18295317888259888,0.19892896711826324,-0.19536802172660828,-0.4202359914779663,0.05233364179730415,0.001822299207560718,-0.033486660569906235,0.13054272532463074,-0.2778789699077606,0.40611881017684937,-0.5847182273864746,-0.16844327747821808,0.12905988097190857,-0.008742732927203178,0.0046050152741372585,0.19668562710285187,-0.12484128028154373,0.08726293593645096,0.16428466141223907,-0.3506307899951935,0.14841443300247192,-0.5558304190635681,0.09887628257274628,-0.23425769805908203,0.0017455804627388716,-0.24888314306735992,-0.0159565769135952
-0.012470489367842674,5.9041852951049805,0.7983514070510864,-0.02439376525580883,0.024393722414970398,0.7066864967346191,0.7066853046417236,-0.17991770803928375,0.1930656135082245,-0.21164366602897644,-0.4090452790260315,0.04725591465830803,0.0019059241749346256,-0.03538993373513222,0.14982901513576508,-0.27932029962539673,0.4002077877521515,-0.5931210517883301,-0.17743916809558868,0.1279948651790619,-0.006276959553360939,0.00268397550098598,0.23278051614761353,-0.1137252226471901,0.09759554266929626,0.2184097170829773,-0.40212032198905945,0.12531957030296326,-0.5679103136062622,0.10272431373596191,-0.26610496640205383,0.0007322364835999906,-0.2864375114440918,-0.005942265968769789
-0.009320594370365143,5.94132661819458,0.792500913143158,-0.02185918390750885,0.021893734112381935,0.7062099575996399,0.7073261737823486,-0.17101360857486725,0.18431687355041504,-0.21679683029651642,-0.3870794475078583,0.0335138663649559,0.007825084961950779,-0.0370185486972332,0.16557005047798157,-0.27790719270706177,0.3983842432498932,-0.5900367498397827,-0.1746511459350586,0.13043345510959625,-0.0008893859921954572,0.005221441388130188,0.25945037603378296,-0.10155989974737167,0.10102516412734985,0.3050825893878937,-0.4702167212963104,0.10761474072933197,-0.5453197360038757,0.1053241714835167,-0.2413252741098404,0.010170191526412964,-0.2869029939174652,-0.038237929344177246
-0.004172849468886852,5.980339527130127,0.7889497876167297,-0.01997348666191101,0.020016899332404137,0.7060562968254089,0.7075909376144409,-0.15847371518611908,0.17853493988513947,-0.20718646049499512,-0.3621070981025696,0.007316026836633682,0.015457927249372005,-0.03586459159851074,0.18250040709972382,-0.2731223702430725,0.3973240256309509,-0.5930005311965942,-0.17332132160663605,0.13391482830047607,0.0033538290299475193,0.003951110877096653,0.26395750045776367,-0.0673561692237854,0.12624259293079376,0.42949777841567993,-0.5497923493385315,0.07098264247179031,-0.5384856462478638,0.1146782785654068,-0.21941876411437988,0.09638151526451111,-0.2888413965702057,-0.06957562267780304
0.003031499683856964,6.0199480056762695,0.7880396246910095,-0.01786583848297596,0.017903881147503853,0.7061283588409424,0.7076319456100464,-0.146254763007164,0.1767512410879135,-0.19240406155586243,-0.33458212018013,0.0014788093976676464,0.02344573102891445,-0.03372175246477127,0.20263592898845673,-0.27012601494789124,0.40086081624031067,-0.6067382097244263,-0.18409454822540283,0.1379077136516571,0.004834654740989208,0.0017119497060775757,0.24915261566638947,-0.02040693536400795,0.14786522090435028,0.5772091746330261,-0.6336038708686829,0.026123614981770515,-0.5528364181518555,0.1336425542831421,-0.19414684176445007,0.19734397530555725,-0.15645311772823334,-0.12278766185045242
0.007956190034747124,6.05850887298584,0.7892919182777405,-0.013051086105406284,0.013339288532733917,0.6992211937904358,0.7146617770195007,-0.1200709342956543,0.16625510156154633,-0.16210535168647766,-0.3001628816127777,0.013155040331184864,0.021221453323960304,-0.021870598196983337,0.187554731965065,-0.2659826874732971,0.42714375257492065,-0.5619603395462036,-0.17205461859703064,0.1376349776983261,-0.0031028843950480223,-0.012878203764557838,0.20628030598163605,-0.013939019292593002,0.16761378943920135,0.7473105192184448,-0.5980698466300964,0.013188567012548447,-0.5656962394714355,0.14782148599624634,-0.1375742405653,0.34703415632247925,-0.14778807759284973,-0.1418885588645935
0.011688243597745895,6.095274925231934,0.7921414971351624,-0.00804184377193451,0.008472034707665443,0.6884058713912964,0.7252315878868103,-0.07692447304725647,0.1549205780029297,-0.13295988738536835,-0.28318941593170166,-0.007862330414354801,0.024698078632354736,-0.023522300645709038,0.15647491812705994,-0.2577248513698578,0.4480958580970764,-0.5063377618789673,-0.10487094521522522,0.14459194242954254,-0.01133924163877964,-0.015084942802786827,0.10691551119089127,0.00578628946095705,0.18899108469486237,0.9440324306488037,-0.299375981092453,-0.013319361954927444,-0.5353665351867676,0.17283783853054047,-0.09850677847862244,0.42415109276771545,-0.14956751465797424,-0.20168910920619965
0.015307537280023098,6.127817630767822,0.796345591545105,-0.007384666707366705,0.00785933155566454,0.6847173571586609,0.7287289500236511,-0.06210378184914589,0.15432937443256378,-0.14207512140274048,-0.26708489656448364,-0.010370222851634026,0.03044319897890091,-0.04914091154932976,0.15121498703956604,-0.24961674213409424,0.4242531955242157,-0.5189105272293091,-0.10849276185035706,0.1501932293176651,-0.025145260617136955,-0.011010050773620605,-0.026054805144667625,0.05416068434715271,0.18313215672969818,1.1146808862686157,0.12005271762609482,-0.12565618753433228,-0.49293309450149536,0.19331631064414978,-0.09543074667453766,0.45134997367858887,-0.185019850730896,-0.23812703788280487
0.017944585531949997,6.1594743728637695,0.804325520992279,-0.007399093359708786,0.00782438088208437,0.6870449185371399,0.7265351414680481,-0.06482931226491928,0.15606676042079926,-0.1735168844461441,-0.251703143119812,-0.034807413816452026,0.024792613461613655,-0.05939927324652672,0.15750229358673096,-0.24564039707183838,0.3941803276538849,-0.5509172677993774,-0.1878296583890915,0.1317668855190277,-0.02992316335439682,-0.002027349779382348,-0.12568069994449615,0.07057232409715652,0.16711823642253876,1.2435026168823242,-0.02195197530090809,-0.022524448111653328,-0.41579240560531616,0.20212149620056152,-0.10939454287290573,0.4096424877643585,-0.2050059586763382,-0.24770964682102203
0.019357794895768166,6.190038681030273,0.811135470867157,-0.0075485967099666595,0.007929413579404354,0.6894593238830566,0.7242416739463806,-0.06412618607282639,0.15787558257579803,-0.1816140115261078,-0.2566452920436859,-0.05747039243578911,0.026400361210107803,-0.04766356945037842,0.16335561871528625,-0.24392467737197876,0.37593942880630493,-0.5743017792701721,-0.2307596355676651,0.11550974100828171,-0.02245688997209072,-0.0015172597486525774,-0.22842207551002502,0.08906252682209015,0.17036166787147522,1.3219434022903442,-0.12008131295442581,0.027788406237959862,-0.33783474564552307,0.20945875346660614,-0.10912736505270004,0.3573373854160309,-0.211817666888237,-0.2504320740699768
0.019925128668546677,6.21923303604126,0.8164246082305908,-0.007829578593373299,0.00820554606616497,0.6902934908866882,0.7234405279159546,-0.05591905489563942,0.1608213484287262,-0.16399440169334412,-0.27862387895584106,-0.032899804413318634,0.02172238565981388,-0.047695092856884,0.1615474373102188,-0.2467060536146164,0.38174569606781006,-0.5897881984710693,-0.222475066781044,0.11646001040935516,-0.01899135671555996,-0.0019009344978258014,-0.3253544569015503,0.09095209091901779,0.16707418859004974,1.3444044589996338,-0.19856713712215424,0.06893609464168549,-0.26431024074554443,0.21195809543132782,-0.11502368003129959,0.3043375611305237,-0.20320849120616913,-0.2496316134929657
0.020137768238782883,6.247267246246338,0.8198916912078857,-0.008468893356621265,0.008864274248480797,0.6907456517219543,0.7229939103126526,-0.04821549728512764,0.16567561030387878,-0.15524935722351074,-0.3020845949649811,0.0074029769748449326,0.012796148657798767,-0.05603979900479317,0.14965695142745972,-0.2532067894935608,0.4024233818054199,-0.5897330045700073,-0.20502422749996185,0.11922092735767365,-0.01765359565615654,-0.0010971083538606763,-0.4134374260902405,0.07903271168470383,0.15500007569789886,1.3181623220443726,-0.27558788657188416,0.09373532980680466,-0.2046005129814148,0.21066059172153473,-0.11652614921331406,0.2691296339035034,-0.19287601113319397,-0.23920217156410217
0.020010747015476227,6.27470064163208,0.8219406008720398,-0.009296045638620853,0.009740030393004417,0.6903643012046814,0.7233365774154663,-0.043132852762937546,0.1695117950439453,-0.15185345709323883,-0.3182009756565094,0.029438884928822517,0.00707689393311739,-0.05336061865091324,0.1362082064151764,-0.2601555287837982,0.42198312282562256,-0.5812714099884033,-0.19080863893032074,0.11429452151060104,-0.018523268401622772,0.004013907164335251,-0.4893287122249603,0.06507796794176102,0.13806162774562836,1.2439044713974,-0.31283360719680786,0.09502818435430527,-0.1546722799539566,0.20781871676445007,-0.11940566450357437,0.25111818313598633,-0.19773688912391663,-0.23186446726322174
0.019635334610939026,6.301595211029053,0.8233938217163086,-0.009665854275226593,0.010137977078557014,0.6899856328964233,0.7236875295639038,-0.040203757584095,0.16920354962348938,-0.15239234268665314,-0.3230306804180145,0.031112706288695335,0.0028560278005898,-0.04512414336204529,0.12816302478313446,-0.265436053276062,0.426317423582077,-0.5715931057929993,-0.18309444189071655,0.11076972633600235,-0.021814335137605667,0.011435375548899174,-0.5368770360946655,0.04488510265946388,0.11845338344573975,1.1030552387237549,-0.30548280477523804,0.100990429520607,-0.10276935249567032,0.20159603655338287,-0.12154410034418106,0.23276108503341675,-0.21107947826385498,-0.22536595165729523
0.019042089581489563,6.327456951141357,0.823003888130188,-0.011057109571993351,0.011625356040894985,0.6890872120857239,0.7245007753372192,-0.040750812739133835,0.16998325288295746,-0.15154321491718292,-0.32161077857017517,0.024519193917512894,0.005414293613284826,-0.04160485044121742,0.12159120291471481,-0.26723238825798035,0.42304956912994385,-0.5680021643638611,-0.18653927743434906,0.11244892328977585,-0.023947661742568016,0.020082086324691772,-0.5753741264343262,0.03266523778438568,0.10216192901134491,0.9379203915596008,-0.2886776030063629,0.09429319202899933,-0.07536616921424866,0.19751088321208954,-0.12656694650650024,0.25074857473373413,-0.2359021157026291,-0.21966290473937988
0.017947984859347343,6.353133678436279,0.8220164775848389,-0.012699298560619354,0.013408947736024857,0.6875156760215759,0.7259346842765808,-0.040593747049570084,0.168609157204628,-0.14715297520160675,-0.3177928924560547,0.020717695355415344,0.0039103589951992035,-0.04214630648493767,0.1187206283211708,-0.26894962787628174,0.41763994097709656,-0.5704910159111023,-0.18950767815113068,0.113102987408638,-0.021848449483513832,0.028109638020396233,-0.5899338126182556,0.01986808143556118,0.09314918518066406,0.7353724241256714,-0.2640824615955353,0.0859035924077034,-0.060872212052345276,0.1915774941444397,-0.1343371421098709,0.292947381734848,-0.2702218294143677,-0.21495962142944336
0.016301950439810753,6.3790788650512695,0.8196802139282227,-0.014011598192155361,0.014925802126526833,0.684282660484314,0.7289294600486755,-0.034990448504686356,0.16633157432079315,-0.13909921050071716,-0.31560149788856506,0.016128087416291237,0.0038969984743744135,-0.04356444999575615,0.11511024087667465,-0.2690587341785431,0.4159766137599945,-0.5711374282836914,-0.18908853828907013,0.11511576175689697,-0.02059364691376686,0.035169295966625214,-0.5929139852523804,0.015526327304542065,0.09783294796943665,0.5299532413482666,-0.22589513659477234,0.056034497916698456,-0.06172509491443634,0.18096475303173065,-0.14181430637836456,0.3687552809715271,-0.316397100687027,-0.20283228158950806
0.013955636881291866,6.405562400817871,0.8166770935058594,-0.014662200585007668,0.015823932364583015,0.6795096397399902,0.7333493232727051,-0.023933134973049164,0.1628001481294632,-0.12994956970214844,-0.3158576786518097,0.016916867345571518,0.004607906099408865,-0.04388909786939621,0.10981317609548569,-0.27009907364845276,0.4166649878025055,-0.5710636973381042,-0.18437965214252472,0.11856324970722198,-0.018326424062252045,0.03985953330993652,-0.5700546503067017,0.010105949826538563,0.10009195655584335,0.3012940585613251,-0.15528669953346252,0.025227172300219536,-0.06431549042463303,0.16673021018505096,-0.13479700684547424,0.45539340376853943,-0.36925211548805237,-0.18675477802753448
0.010892506688833237,6.43352746963501,0.8121405839920044,-0.0147372642531991,0.0161436740309,0.6740431189537048,0.738368570804596,-0.008285148069262505,0.1620282232761383,-0.12442969530820847,-0.31707489490509033,0.017907317727804184,0.0004055374884046614,-0.04708006978034973,0.1083894595503807,-0.26904287934303284,0.4157256484031677,-0.5766925811767578,-0.1853947788476944,0.12059041857719421,-0.019640041515231133,0.04409129545092583,-0.5366741418838501,0.005765858106315136,0.09427689760923386,0.10916927456855774,-0.15569064021110535,0.009379945695400238,-0.05717383697628975,0.1557476818561554,-0.12342870235443115,0.5321060419082642,-0.4289555847644806,-0.17737333476543427
0.006941363215446472,6.463149547576904,0.806850790977478,-0.01373960915952921,0.015304919332265854,0.6678876280784607,0.7439779043197632,0.011457540094852448,0.16250477731227875,-0.12278443574905396,-0.3201480507850647,0.023030785843729973,-0.0014925554860383272,-0.052714135497808456,0.10669215023517609,-0.26956707239151,0.4200402498245239,-0.5815338492393494,-0.1897004395723343,0.123374342918396,-0.014754344709217548,0.04615021124482155,-0.5265166759490967,0.007712068967521191,0.10457010567188263,0.02798629365861416,-0.16959138214588165,-0.0034532062709331512,-0.03556828945875168,0.14174361526966095,-0.11070682108402252,0.594218373298645,-0.4905034303665161,-0.16166025400161743
0.0026881657540798187,6.494214057922363,0.8016349673271179,-0.011434001848101616,0.012993298470973969,0.6605256795883179,0.750603973865509,0.03339926898479462,0.1638336181640625,-0.11809375137090683,-0.32251784205436707,0.018740572035312653,0.0010032994905486703,-0.0537940077483654,0.10247508436441422,-0.2699384093284607,0.43237632513046265,-0.58042311668396,-0.18856967985630035,0.12608817219734192,-0.016733800992369652,0.045940056443214417,-0.520699679851532,0.016350416466593742,0.10509099066257477,0.030772725120186806,-0.1739303171634674,0.0015107134822756052,0.007450654171407223,0.12303384393453598,-0.0956612080335617,0.6272245645523071,-0.543468713760376,-0.14182116091251373
-0.002802192699164152,6.526761531829834,0.7979317307472229,-0.00887325033545494,0.01027317438274622,0.65360027551651,0.7567181587219238,0.05290304496884346,0.16148266196250916,-0.10924229770898819,-0.31969568133354187,0.01745234616100788,0.003528015222400427,-0.054575785994529724,0.10344929993152618,-0.27086952328681946,0.4327445328235626,-0.5803672075271606,-0.17556434869766235,0.1259947121143341,-0.015387766994535923,0.03654499351978302,-0.5097253918647766,0.024037213996052742,0.09758296608924866,0.08563193678855896,-0.1666293442249298,-0.006648806855082512,0.059214554727077484,0.08867734670639038,-0.08371806889772415,0.6440314650535583,-0.5892557501792908,-0.11344621330499649
-0.01085230614989996,6.560519218444824,0.796148419380188,-0.006265109870582819,0.007387232035398483,0.6467763185501099,0.7626182436943054,0.07384980469942093,0.15599098801612854,-0.09967561066150665,-0.3204681873321533,0.019227029755711555,0.006137174554169178,-0.054281383752822876,0.11455506086349487,-0.2761659324169159,0.42115700244903564,-0.5984839797019958,-0.17265044152736664,0.13753369450569153,-0.019078051671385765,0.020130837336182594,-0.5061039924621582,0.017270918935537338,0.14854134619235992,0.13629931211471558,0.027224425226449966,-0.02035346068441868,0.09833478182554245,0.03352373465895653,-0.07597178965806961,0.6780476570129395,-0.6405754089355469,-0.07802782207727432
-0.019411802291870117,6.591936111450195,0.7959570288658142,-0.004941601771861315,0.005930278450250626,0.6401426196098328,0.7682173252105713,0.08309167623519897,0.1552077978849411,-0.08819164335727692,-0.31339704990386963,0.028339922428131104,0.008230047300457954,-0.0568339042365551,0.11306019872426987,-0.2773771286010742,0.41873106360435486,-0.5990504622459412,-0.18952682614326477,0.13707002997398376,-0.02692054770886898,0.009988745674490929,-0.5362635254859924,0.000179788883542642,0.17619866132736206,0.25631555914878845,0.14198584854602814,0.11553329229354858,0.08013547211885452,-0.008464843034744263,-0.07041582465171814,0.7830267548561096,-0.6867589354515076,-0.07591091096401215
-0.024581700563430786,6.61922550201416,0.7985180616378784,-0.004258112516254187,0.005119442008435726,0.6394529938697815,0.7688013315200806,0.06853029131889343,0.1631220579147339,-0.09546681493520737,-0.2839403450489044,0.0048653376288712025,0.012414206750690937,-0.04587775841355324,0.09821878373622894,-0.2526035010814667,0.40750348567962646,-0.5533681511878967,-0.18654222786426544,0.13231627643108368,-0.04217017814517021,0.018867291510105133,-0.5619955658912659,-0.00002699633660085965,0.1413559466600418,0.3935292065143585,0.09088082611560822,0.11696460843086243,0.015757562592625618,-0.0008902562549337745,-0.08077134937047958,0.9194979071617126,-0.5832293629646301,-0.13242071866989136
-0.02841794304549694,6.643681526184082,0.8045129179954529,-0.005197961814701557,0.00627167196944356,0.6381010413169861,0.7699095606803894,0.04699072614312172,0.17118722200393677,-0.10793402791023254,-0.26184582710266113,-0.012147237546741962,0.022631356492638588,-0.035792212933301926,0.09329553693532944,-0.22597607970237732,0.40259480476379395,-0.5211802124977112,-0.179203599691391,0.13430733978748322,-0.05620608851313591,0.0194746945053339,-0.5374586582183838,-0.004540802910923958,0.14828510582447052,0.4239864945411682,0.044098373502492905,0.12640249729156494,-0.0780993178486824,-0.014221394434571266,-0.11833298951387405,1.0458652973175049,-0.304045170545578,-0.15940968692302704
-0.032902348786592484,6.6651530265808105,0.8115747570991516,-0.00635100994259119,0.007760109845548868,0.6333152055740356,0.7738289833068848,0.029981423169374466,0.1798931062221527,-0.11773907393217087,-0.2631065249443054,0.0064241522923111916,0.020446883514523506,-0.04002043977379799,0.09570536017417908,-0.22575743496418,0.4350799024105072,-0.5385742783546448,-0.17575085163116455,0.1309208869934082,-0.027925098314881325,0.01608092337846756,-0.48538288474082947,-0.026088077574968338,0.15663067996501923,0.39111319184303284,0.017130596563220024,0.14283333718776703,-0.15722858905792236,-0.06298931688070297,-0.16145558655261993,1.1188952922821045,0.014375239610671997,-0.10520517081022263
-0.0358060747385025,6.684455394744873,0.8186556696891785,-0.007758729625493288,0.009571433067321777,0.6296615600585938,0.7767719030380249,0.011886452324688435,0.19238942861557007,-0.12146260589361191,-0.2755531072616577,0.026150565594434738,0.009519275277853012,-0.03406432271003723,0.09962813556194305,-0.23116172850131989,0.45892465114593506,-0.5728998780250549,-0.15275004506111145,0.12374474853277206,0.010862955823540688,0.020099947229027748,-0.41806235909461975,-0.041875820606946945,0.16237221658229828,0.310960978269577,0.022251883521676064,0.15161898732185364,-0.20570196211338043,-0.0672459602355957,-0.1917703002691269,1.1677463054656982,-0.04715709760785103,-0.13267135620117188
-0.03772816061973572,6.701979160308838,0.8231880068778992,-0.009848766960203648,0.012118272483348846,0.6306187510490417,0.7759356498718262,-0.010790368542075157,0.20238107442855835,-0.122774139046669,-0.2883623540401459,0.0485076829791069,-0.0012025702744722366,-0.02618558704853058,0.10616298764944077,-0.23057986795902252,0.45013564825057983,-0.5929327011108398,-0.15671178698539734,0.1221364438533783,0.012410860508680344,0.024979015812277794,-0.36371126770973206,-0.05546875670552254,0.14366742968559265,0.23955194652080536,0.030514247715473175,0.15107060968875885,-0.25862541794776917,-0.06935569643974304,-0.22686044871807098,1.1975456476211548,-0.06422288715839386,-0.10981085151433945
-0.03756421431899071,6.7141852378845215,0.8199597597122192,-0.006597126834094524,0.008074408397078514,0.6326742768287659,0.7743477821350098,-0.02184532955288887,0.1779254525899887,-0.1330418586730957,-0.29388806223869324,0.07040902972221375,-0.0035267858766019344,-0.033111847937107086,0.12627899646759033,-0.25940176844596863,0.43174123764038086,-0.598068356513977,-0.1760953813791275,0.12100397795438766,-0.011961692944169044,0.04912363737821579,-0.3335249423980713,-0.10891398787498474,0.13753829896450043,0.21787628531455994,0.04869626834988594,0.16041837632656097,-0.3530433773994446,-0.13535793125629425,-0.26400718092918396,1.3609132766723633,-0.18659549951553345,-0.10453224182128906
-0.04164757579565048,6.732600212097168,0.8268439173698425,-0.012901018373668194,0.01606149598956108,0.6260947585105896,0.7794747948646545,-0.06406310200691223,0.21414639055728912,-0.13025638461112976,-0.29745015501976013,0.06359793990850449,0.002928156405687332,-0.031158452853560448,0.10296447575092316,-0.2293250560760498,0.436763197183609,-0.5862621665000916,-0.18007515370845795,0.11691931635141373,-0.026414113119244576,0.034998152405023575,-0.27246782183647156,-0.07899598032236099,0.14335623383522034,0.1252235323190689,0.042647186666727066,0.1530238389968872,-0.36799702048301697,-0.07342232018709183,-0.23519423604011536,1.22538161277771,-0.2082916647195816,-0.07872436195611954
-0.042994704097509384,6.746275901794434,0.8297825455665588,-0.012511152774095535,0.01573604717850685,0.6222101449966431,0.7825920581817627,-0.09231903403997421,0.21962766349315643,-0.1423780918121338,-0.2857971489429474,0.05810695141553879,0.002490054117515683,-0.023521196097135544,0.09800051897764206,-0.22597290575504303,0.439214825630188,-0.5703396201133728,-0.16980735957622528,0.11967090517282486,-0.024247504770755768,0.030493589118123055,-0.2236865609884262,-0.07840202748775482,0.15284472703933716,0.07867991924285889,0.040443308651447296,0.15083810687065125,-0.3794914484024048,-0.05011874437332153,-0.20558705925941467,1.135728359222412,-0.23873217403888702,-0.053888749331235886
-0.043495889753103256,6.756765365600586,0.8300473093986511,-0.014510001055896282,0.018292836844921112,0.6212749481201172,0.7832447290420532,-0.13092724978923798,0.212192103266716,-0.14924335479736328,-0.26887616515159607,0.02759021520614624,0.008927064016461372,-0.006598558276891708,0.09121004492044449,-0.2271646112203598,0.4294881820678711,-0.5584740042686462,-0.16329462826251984,0.1245247945189476,-0.023769143968820572,0.04528655856847763,-0.22018982470035553,-0.08681097626686096,0.1411791741847992,0.08240339905023575,0.035613007843494415,0.16130365431308746,-0.42037510871887207,-0.04549514502286911,-0.18884751200675964,1.0905147790908813,-0.3339231014251709,-0.05231991782784462
-0.04322884976863861,6.766339302062988,0.8315246105194092,-0.015913598239421844,0.01998804323375225,0.6226562261581421,0.7820783257484436,-0.16817060112953186,0.2027113139629364,-0.16072867810726166,-0.25408920645713806,0.019549863412976265,0.016009261831641197,-0.003672795370221138,0.09327606856822968,-0.2246430665254593,0.41667604446411133,-0.5527974367141724,-0.16852913796901703,0.11957905441522598,-0.02641141414642334,0.053698789328336716,-0.21272729337215424,-0.08578086644411087,0.1291377693414688,0.08618968725204468,0.022283541038632393,0.15986131131649017,-0.4299340844154358,-0.02770492620766163,-0.16682074964046478,0.9738723039627075,-0.36436498165130615,-0.050676751881837845
-0.042794909328222275,6.775253772735596,0.8330474495887756,-0.016883116215467453,0.021091358736157417,0.6246932744979858,0.7804027199745178,-0.20280803740024567,0.19078263640403748,-0.18452922999858856,-0.24609650671482086,0.011600490659475327,0.02066783793270588,-0.0020323204807937145,0.09890146553516388,-0.22384926676750183,0.41167256236076355,-0.5518404245376587,-0.1809881329536438,0.11726193130016327,-0.02709881402552128,0.056628476828336716,-0.19538113474845886,-0.08514019846916199,0.12309987843036652,0.0717083066701889,0.01899692229926586,0.15866881608963013,-0.42219164967536926,-0.005423859227448702,-0.12726515531539917,0.8307452201843262,-0.39785686135292053,-0.03705894947052002
-0.03971773386001587,6.780759811401367,0.8313889503479004,-0.014706134796142578,0.018169842660427094,0.6289543509483337,0.7770907282829285,-0.22082984447479248,0.1494927555322647,-0.20917746424674988,-0.24882036447525024,0.009916644543409348,0.02022049017250538,-0.000037709913158323616,0.11225565522909164,-0.2498956322669983,0.41303470730781555,-0.549540638923645,-0.17844684422016144,0.11693288385868073,-0.02231219783425331,0.058884743601083755,-0.17516936361789703,-0.11818148195743561,0.12089549005031586,0.05586129054427147,0.030244244262576103,0.16042742133140564,-0.4507889151573181,-0.016616228967905045,-0.0718115046620369,0.7929744720458984,-0.43903714418411255,-0.024177532643079758
-0.03849707543849945,6.788336753845215,0.8321762084960938,-0.016030317172408104,0.01962512731552124,0.6324055194854736,0.7742229700088501,-0.24131733179092407,0.13201121985912323,-0.22900019586086273,-0.2636256217956543,0.011950726620852947,0.018171900883316994,-0.0021554373670369387,0.10992792248725891,-0.24977517127990723,0.42406779527664185,-0.54346764087677,-0.16855789721012115,0.12008548527956009,-0.021608341485261917,0.05576193332672119,-0.16243672370910645,-0.11612270027399063,0.11122831702232361,0.04680657759308815,0.01987837441265583,0.15782201290130615,-0.437014639377594,0.0017047967994585633,-0.03478894382715225,0.6770442128181458,-0.4496282935142517,-0.016730012372136116
-0.03681424260139465,6.795816898345947,0.8324801325798035,-0.01600019633769989,0.019400769844651222,0.6360530257225037,0.771235466003418,-0.24956730008125305,0.11410388350486755,-0.25432366132736206,-0.28760284185409546,0.01674671471118927,0.01524577010422945,-0.006713550072163343,0.10740294307470322,-0.24650385975837708,0.4319317042827606,-0.53221595287323,-0.1595756709575653,0.12048480659723282,-0.023359259590506554,0.04993806034326553,-0.14738191664218903,-0.1119564101099968,0.0976627841591835,0.045272886753082275,0.0029744624625891447,0.15395846962928772,-0.415418416261673,0.01711314357817173,-0.02108556218445301,0.5898079872131348,-0.42538976669311523,0.002602396532893181
-0.034876152873039246,6.802947521209717,0.8315182328224182,-0.014773628674447536,0.017734570428729057,0.639881432056427,0.7681269645690918,-0.24906036257743835,0.09071512520313263,-0.2860485315322876,-0.3134320378303528,0.0167232695966959,0.013356389477849007,-0.011524924077093601,0.10644989460706711,-0.24770042300224304,0.43555888533592224,-0.523471474647522,-0.1581728756427765,0.12076068669557571,-0.023686053231358528,0.04775722324848175,-0.1329071819782257,-0.1137358695268631,0.08779174089431763,0.05414237454533577,-0.020535310730338097,0.1533496081829071,-0.417312890291214,0.02666560374200344,-0.035193100571632385,0.5963782072067261,-0.33988624811172485,-0.06571151316165924
-0.032944947481155396,6.809545516967773,0.8308351039886475,-0.014968687668442726,0.017791850492358208,0.6436112523078918,0.764999270439148,-0.24696984887123108,0.06613021343946457,-0.3162071704864502,-0.3381801247596741,0.014283064752817154,0.011404620483517647,-0.014422371052205563,0.10166098177433014,-0.25264596939086914,0.44055992364883423,-0.5203580856323242,-0.16235576570034027,0.11593146622180939,-0.02036685310304165,0.04176896810531616,-0.12851649522781372,-0.11469248682260513,0.08605953305959702,0.06898000091314316,-0.04132319986820221,0.15059302747249603,-0.41558417677879333,0.023076295852661133,-0.04178187996149063,0.6176484823226929,-0.36233967542648315,-0.06733895093202591
-0.031108343973755836,6.81561803817749,0.8311041593551636,-0.013971344567835331,0.016446063295006752,0.6472875475883484,0.7619403600692749,-0.23555059731006622,0.044291213154792786,-0.3550831079483032,-0.359242707490921,0.011328544467687607,0.010214014910161495,-0.015334870666265488,0.10227611660957336,-0.2552153766155243,0.44645464420318604,-0.5222503542900085,-0.16211625933647156,0.11527152359485626,-0.021994631737470627,0.03884563967585564,-0.11701545119285583,-0.11502152681350708,0.08202479034662247,0.0788193941116333,-0.06556796282529831,0.14911849796772003,-0.3956153392791748,0.02149088680744171,-0.04045650735497475,0.6116468906402588,-0.37013715505599976,-0.061721280217170715
-0.028898747637867928,6.8217010498046875,0.8329315781593323,-0.01197060290724039,0.013974840752780437,0.6504358649253845,0.7593382596969604,-0.21445918083190918,0.030884576961398125,-0.39612889289855957,-0.37477636337280273,-0.022244734689593315,0.016452977433800697,-0.03314634785056114,0.10794464498758316,-0.2510601878166199,0.45189350843429565,-0.5279502868652344,-0.16005750000476837,0.1177871823310852,-0.019002776592969894,0.033083342015743256,-0.08822669833898544,-0.10602080076932907,0.0826820358633995,0.06191395968198776,-0.07957406342029572,0.1406494528055191,-0.33948346972465515,0.03235437348484993,-0.03764071315526962,0.5350359082221985,-0.34019985795021057,-0.0632639229297638
-0.025398679077625275,6.826167106628418,0.8330259919166565,-0.009328141808509827,0.010772119276225567,0.65455561876297,0.7558795213699341,-0.1866976022720337,0.006651819683611393,-0.4437892735004425,-0.3899983763694763,-0.0788278728723526,0.028197268024086952,-0.08109059184789658,0.11477341502904892,-0.26670190691947937,0.4545305669307709,-0.5340975522994995,-0.15508326888084412,0.12110919505357742,-0.014203359372913837,0.02045224979519844,-0.07457666099071503,-0.12019849568605423,0.09429366141557693,0.07310885936021805,-0.09094606339931488,0.1515037715435028,-0.3457966446876526,0.02011992037296295,-0.03029814176261425,0.5829707384109497,-0.35485583543777466,-0.06868932396173477
-0.02245471626520157,6.830868244171143,0.8341402411460876,-0.009396352805197239,0.010774043388664722,0.6572110056877136,0.753571093082428,-0.17200040817260742,0.01217349711805582,-0.4897691011428833,-0.4035947024822235,-0.11988282203674316,0.047118641436100006,-0.16231366991996765,0.11112850159406662,-0.26688987016677856,0.4594782590866089,-0.5385763645172119,-0.1560479998588562,0.1199897900223732,-0.010638316161930561,0.02322041615843773,-0.06270088255405426,-0.11362659186124802,0.08907124400138855,0.06550614535808563,-0.09644481539726257,0.14529700577259064,-0.31669726967811584,0.023921703919768333,-0.041776709258556366,0.543303370475769,-0.34221333265304565,-0.0728754997253418
-0.02172793447971344,6.83881139755249,0.8378012180328369,-0.016104446724057198,0.01842069812119007,0.6579912304878235,0.752627968788147,-0.18883243203163147,0.05661332979798317,-0.5211132764816284,-0.4054810702800751,-0.13192300498485565,0.06883630901575089,-0.21504445374011993,0.08577454090118408,-0.23292787373065948,0.45989757776260376,-0.5365930795669556,-0.15449024736881256,0.1200590506196022,-0.0138883450999856,0.03490089252591133,-0.04946684092283249,-0.06789389997720718,0.07727682590484619,0.02244751714169979,-0.10395660251379013,0.12239877879619598,-0.2203007936477661,0.061494048684835434,-0.07335489243268967,0.3339332342147827,-0.2811209559440613,-0.06136046350002289
-0.01868811994791031,6.8435139656066895,0.838827908039093,-0.015495565719902515,0.017643632367253304,0.6597056984901428,0.7511571049690247,-0.18867136538028717,0.06524824351072311,-0.5268202424049377,-0.3907442092895508,-0.13932733237743378,0.07589305192232132,-0.2023874670267105,0.08234582841396332,-0.23094825446605682,0.456449955701828,-0.5345641374588013,-0.15292063355445862,0.12123659998178482,-0.01709437184035778,0.03382539004087448,-0.032225459814071655,-0.06618481129407883,0.07546541094779968,0.009297003038227558,-0.1041538342833519,0.11653699725866318,-0.17262911796569824,0.06597591191530228,-0.07371705770492554,0.2562195658683777,-0.24209603667259216,-0.06608771532773972
-0.01590580865740776,6.8478240966796875,0.8394138813018799,-0.01486650574952364,0.01685120165348053,0.6613994836807251,0.7496970891952515,-0.18660582602024078,0.07182908058166504,-0.5053442120552063,-0.3709253668785095,-0.15608803927898407,0.07150030881166458,-0.13827896118164062,0.07859165966510773,-0.22853323817253113,0.4549359977245331,-0.5303901433944702,-0.15445642173290253,0.12168706953525543,-0.02218332327902317,0.0307172778993845,-0.020919105038046837,-0.0660930797457695,0.07438188046216965,0.00747296679764986,-0.11044695228338242,0.11487800627946854,-0.14173799753189087,0.06806616485118866,-0.07140006124973297,0.2134856879711151,-0.22674167156219482,-0.0700005292892456
-0.01289303507655859,6.851691246032715,0.8398597836494446,-0.014403173699975014,0.016250738874077797,0.663128137588501,0.7481908202171326,-0.18281914293766022,0.08330121636390686,-0.4684087038040161,-0.35641250014305115,-0.14526063203811646,0.058937568217515945,-0.07727348059415817,0.0756150633096695,-0.22595757246017456,0.455436110496521,-0.5289937257766724,-0.1561218798160553,0.12196443974971771,-0.02274211496114731,0.02930757962167263,-0.012275907211005688,-0.06518466025590897,0.07519686222076416,0.007653267588466406,-0.11664427071809769,0.11148583889007568,-0.11317426711320877,0.0687684565782547,-0.08100021630525589,0.17331279814243317,-0.21248579025268555,-0.06999741494655609
-0.009949577040970325,6.855358123779297,0.8401123285293579,-0.01435251533985138,0.01610029861330986,0.6652738451957703,0.7462878227233887,-0.17468658089637756,0.09609782695770264,-0.4154590368270874,-0.3482119143009186,-0.10287530720233917,0.048543743789196014,-0.05073132365942001,0.07617046684026718,-0.2220333367586136,0.45387011766433716,-0.5323991775512695,-0.15610209107398987,0.12128888815641403,-0.023220060393214226,0.026574844494462013,-0.005103108938783407,-0.06295404583215714,0.07691121846437454,0.007015813607722521,-0.12117677927017212,0.10868894308805466,-0.08726715296506882,0.0715203508734703,-0.08990610390901566,0.13449904322624207,-0.19828832149505615,-0.07032372057437897
-0.0070325215347111225,6.858584880828857,0.8402890563011169,-0.01443213876336813,0.016114607453346252,0.6669931411743164,0.7447497844696045,-0.16664913296699524,0.11315637081861496,-0.37158894538879395,-0.34272101521492004,-0.06066255271434784,0.04447653144598007,-0.04716767370700836,0.0767117440700531,-0.21808624267578125,0.4580952525138855,-0.5361213088035583,-0.16051353514194489,0.1218290627002716,-0.022911086678504944,0.02289630100131035,0.0009926431812345982,-0.06077554449439049,0.07745011150836945,0.0066098785027861595,-0.12614122033119202,0.10628121346235275,-0.06215948238968849,0.07553234696388245,-0.09076837450265884,0.0947352796792984,-0.18394877016544342,-0.07317759841680527
-0.004311843309551477,6.861807346343994,0.8403456211090088,-0.01436933409422636,0.015973465517163277,0.6686358451843262,0.7432795166969299,-0.1566680669784546,0.12992240488529205,-0.34617504477500916,-0.3376956582069397,-0.03610731288790703,0.04364077001810074,-0.04486021026968956,0.07911159098148346,-0.213654562830925,0.46518751978874207,-0.5389000177383423,-0.1578657180070877,0.12123435735702515,-0.022986991330981255,0.01873149164021015,0.006456781178712845,-0.058756373822689056,0.07873895764350891,0.008816531859338284,-0.1325313001871109,0.10395880043506622,-0.038405414670705795,0.07892574369907379,-0.0932963490486145,0.05703136697411537,-0.17017312347888947,-0.07378990948200226
-0.0018749855225905776,6.864573955535889,0.8402957916259766,-0.014710841700434685,0.016282102093100548,0.6702359318733215,0.7418236136436462,-0.14637558162212372,0.14491070806980133,-0.3375982940196991,-0.33214911818504333,-0.03844575211405754,0.04010334238409996,-0.035935141146183014,0.08031369000673294,-0.21035173535346985,0.47744086384773254,-0.5412750840187073,-0.1566629558801651,0.12137430906295776,-0.022930346429347992,0.016087736934423447,0.010004907846450806,-0.05649183318018913,0.07792796194553375,0.00967091042548418,-0.13890276849269867,0.10093185305595398,-0.01631142385303974,0.08193318545818329,-0.10071633011102676,0.021021749824285507,-0.15936051309108734,-0.07212869822978973
0.0003697341599036008,6.86718225479126,0.8401409387588501,-0.015020339749753475,0.016577355563640594,0.6712805032730103,0.7408657670021057,-0.13520094752311707,0.154756560921669,-0.3300352394580841,-0.3214694857597351,-0.04111052304506302,0.039299532771110535,-0.028419392183423042,0.08268236368894577,-0.20687365531921387,0.48879876732826233,-0.5457404851913452,-0.15306356549263,0.12216411530971527,-0.022914238274097443,0.012781023979187012,0.014077218249440193,-0.05475188046693802,0.08022591471672058,0.008984453976154327,-0.14361786842346191,0.09877509623765945,-0.005640027578920126,0.08399050682783127,-0.10715586692094803,0.0049271732568740845,-0.15527692437171936,-0.07013484090566635
0.0023165331222116947,6.869550704956055,0.8400030136108398,-0.015440195798873901,0.017023589462041855,0.6716421842575073,0.7405191659927368,-0.12190207839012146,0.15841032564640045,-0.31802335381507874,-0.3091750144958496,-0.04245102405548096,0.04247480258345604,-0.02669808641076088,0.08454498648643494,-0.20424388349056244,0.49909496307373047,-0.5508303046226501,-0.14830195903778076,0.12330073118209839,-0.02065272070467472,0.009360461495816708,0.01732742041349411,-0.05433981865644455,0.08280979096889496,0.00938087422400713,-0.14811405539512634,0.09792646765708923,-0.003773720934987068,0.08388237655162811,-0.11103712022304535,0.006596963852643967,-0.16249272227287292,-0.0678388774394989
0.0041129859164357185,6.871614933013916,0.8398658633232117,-0.015916254371404648,0.017568664625287056,0.6712068915367126,0.7408909201622009,-0.10675206780433655,0.1558590531349182,-0.30432793498039246,-0.2953127920627594,-0.05181189626455307,0.044833775609731674,-0.024788876995444298,0.0841168612241745,-0.2017701417207718,0.5091570615768433,-0.5530645251274109,-0.13936057686805725,0.12446597218513489,-0.02225765958428383,0.008022895082831383,0.02047799527645111,-0.0542132742702961,0.08703634142875671,0.008392815478146076,-0.1516205072402954,0.09549692273139954,-0.0019415891729295254,0.08318135887384415,-0.1140291839838028,0.007445537950843573,-0.16929353773593903,-0.06477458775043488
0.005647777579724789,6.873427391052246,0.8398034572601318,-0.016286853700876236,0.01801191084086895,0.6704972982406616,0.7415144443511963,-0.09195800870656967,0.1486912965774536,-0.303608775138855,-0.2821509838104248,-0.05820228531956673,0.049809779971838,-0.024297723546624184,0.08297765254974365,-0.20003686845302582,0.5135483741760254,-0.5536921620368958,-0.13181015849113464,0.12603823840618134,-0.025507483631372452,0.008035925216972828,0.022329485043883324,-0.05586044862866402,0.09037694334983826,0.008402404375374317,-0.1539009064435959,0.09467446058988571,-0.0009757649386301637,0.0809754878282547,-0.11391089111566544,0.008919667452573776,-0.1729155033826828,-0.061889518052339554
0.006933344528079033,6.875184535980225,0.8397205471992493,-0.016615785658359528,0.018405809998512268,0.6698843836784363,0.7420512437820435,-0.07590276002883911,0.13804885745048523,-0.31138187646865845,-0.27540120482444763,-0.06715940684080124,0.05354900658130646,-0.027704110369086266,0.08256590366363525,-0.2003033608198166,0.5143406987190247,-0.554957389831543,-0.13510000705718994,0.12684281170368195,-0.025897618383169174,0.009394432418048382,0.02484918385744095,-0.05825250968337059,0.09223419427871704,0.007849056273698807,-0.15564917027950287,0.0942399725317955,-0.0003190687857568264,0.0784122571349144,-0.11383175849914551,0.010855545289814472,-0.1750737428665161,-0.06214866787195206
0.008060933090746403,6.877024173736572,0.8396250009536743,-0.016825100407004356,0.018643682822585106,0.6697601079940796,0.742152750492096,-0.06060028821229935,0.12706810235977173,-0.32729294896125793,-0.2766665518283844,-0.07531522214412689,0.05566290020942688,-0.03796068951487541,0.08442894369363785,-0.20197167992591858,0.5120751857757568,-0.5580204725265503,-0.13708548247814178,0.12735329568386078,-0.022192485630512238,0.010608377866446972,0.024782592430710793,-0.059939906001091,0.09490867704153061,0.011420407332479954,-0.1577605903148651,0.0928264781832695,0.0018499313155189157,0.07640552520751953,-0.11573933064937592,0.011586152017116547,-0.1764252483844757,-0.06291510909795761
0.008985490538179874,6.878802299499512,0.8394762277603149,-0.016848232597112656,0.018654730170965195,0.6700481176376343,0.7418919205665588,-0.04568303003907204,0.11650659888982773,-0.34148281812667847,-0.28841108083724976,-0.09026196599006653,0.059388209134340286,-0.05378362536430359,0.0871061235666275,-0.2041017860174179,0.5109432935714722,-0.5602515935897827,-0.13814163208007812,0.1262231469154358,-0.02145417034626007,0.009627307765185833,0.027316072955727577,-0.06254781782627106,0.09646570682525635,0.01271514780819416,-0.15870748460292816,0.09369257837533951,0.003751987824216485,0.07391636818647385,-0.1159694641828537,0.01273728534579277,-0.17574003338813782,-0.06293034553527832
0.00988845992833376,6.880373477935791,0.8393122553825378,-0.016621973365545273,0.018386103212833405,0.6704172492027283,0.741570234298706,-0.033630456775426865,0.10941735655069351,-0.36206483840942383,-0.3070020377635956,-0.09854951500892639,0.06051946058869362,-0.07076351344585419,0.0887235552072525,-0.20573946833610535,0.512651801109314,-0.5595187544822693,-0.13864800333976746,0.12677741050720215,-0.02257797308266163,0.008906465023756027,0.029657643288373947,-0.06444112956523895,0.0958714410662651,0.015504988841712475,-0.16068066656589508,0.09403637051582336,0.006632412318140268,0.07226750254631042,-0.11505546420812607,0.013648499734699726,-0.17388421297073364,-0.06507393717765808
0.010913674719631672,6.881711959838867,0.8392040133476257,-0.016408445313572884,0.018117016181349754,0.6710919141769409,0.7409710884094238,-0.02352352999150753,0.10546186566352844,-0.3842594623565674,-0.3303452134132385,-0.10613634437322617,0.056887924671173096,-0.08029259741306305,0.0889769196510315,-0.2060636430978775,0.5119920372962952,-0.5557576417922974,-0.13883180916309357,0.12663164734840393,-0.0227985680103302,0.00815318152308464,0.03218395635485649,-0.0652085617184639,0.09479480236768723,0.015568947419524193,-0.16062383353710175,0.09378176182508469,0.009524800814688206,0.07160316407680511,-0.1165856271982193,0.013856678269803524,-0.17363858222961426,-0.06645263731479645
0.011996319517493248,6.8826751708984375,0.8390796184539795,-0.016098912805318832,0.017727121710777283,0.6720991730690002,0.7400738596916199,-0.018852366134524345,0.1056545078754425,-0.40578320622444153,-0.35207313299179077,-0.10441918671131134,0.05413108319044113,-0.0791536197066307,0.0903654396533966,-0.20482085645198822,0.5103142857551575,-0.5521923899650574,-0.13933701813220978,0.1276465803384781,-0.022818496450781822,0.007232757285237312,0.039427582174539566,-0.06487074494361877,0.09471526741981506,0.011263260617852211,-0.16059565544128418,0.09279792010784149,0.01192591991275549,0.07199812680482864,-0.1194269135594368,0.015479408204555511,-0.17580807209014893,-0.06626725196838379