-0.00274813604635,0.0120539682387,0.800120332951,0.0392383821309,0.0394315756857,-0.704275965691,0.707743525505,-0.133554080282,-0.0112430473855,0.0173182933356,0.141992987357,-0.243845667267,0.0570616601612,-0.144066424491,-0.00099158331907,-0.15190190698,0.168233220416,-0.313389873855,-0.0990841099636,-0.0351919382811,0,0,0.299750215062,0.484660893359,-0.686542114463,0.138767422878,-0.000153628549434,-0.112904165965,4.53025109412e-22,0.339842560128,-0.333796161236,0.521824240359,0.131980128174,-0.000206051784067,-0.064922405205,0
-0.0027502064377,0.0119936665924,0.799964483344,0.0401255264878,0.0402806214988,-0.704599916935,0.707323372364,-0.14300266852,-0.0108562283621,0.0187801867993,0.155401405943,-0.254265901199,0.0581766938874,-0.152223832819,-0.000965484157057,-0.148929638431,0.177470355941,-0.326369906952,-0.099326104664,-0.0356737710536,0,0,0.298779255979,0.483347127338,-0.685922523942,0.139192563719,-0.000148839417205,-0.114477338579,1.05602613988e-21,0.33652121424,-0.33446910599,0.523379199887,0.132528386602,-0.000211406469524,-0.0659322635718,0
-0.00287114280809,0.0120502966762,0.799515621131,0.0411937050521,0.041221126914,-0.705670118332,0.706139922142,-0.155821822191,-0.0106190006122,0.018645859236,0.176000567676,-0.267726614444,0.0592624372509,-0.169109292826,0.00255380032524,-0.135684941822,0.205891806602,-0.350966074995,-0.104602550108,-0.0370396561921,0,0,0.29971915994,0.482881466936,-0.683299193737,0.139095390395,-0.000150743238128,-0.115200406967,3.47477723322e-21,0.332263743517,-0.335020931018,0.526344772772,0.132879183057,-0.000216561261355,-0.0669702042225,0
-0.00315651538717,0.011987762809,0.798631322568,0.0425223596394,0.0424033366144,-0.706819176674,0.7048407197,-0.17271871899,-0.0109435867375,0.0154260716539,0.208727802954,-0.288772773384,0.065135583999,-0.196771938173,0.00812056104511,-0.117327255946,0.255754741161,-0.387458251637,-0.111223454146,-0.0383029170334,0,0,0.30085021547,0.482753514339,-0.679378910377,0.138970369118,-0.000154482790748,-0.116604980944,1.35614976266e-21,0.326945945038,-0.335033400711,0.528443965815,0.133665105516,-0.000229399335142,-0.0691841173439,0
-0.00363306972661,0.0112706521997,0.797224785341,0.0436955168843,0.0434350520372,-0.707870066166,0.703650534153,-0.191351341815,-0.0105925843412,0.0105212275501,0.248264493735,-0.317580481245,0.0719626447784,-0.220780986352,0.0176242142435,-0.0980348918231,0.306038621645,-0.43686675319,-0.121108912356,-0.0370571687818,0,0,0.301804354552,0.481740219316,-0.67362346737,0.138910100877,-0.000153877709271,-0.11937768662,2.85725088121e-20,0.320490045442,-0.337253880425,0.532642210054,0.134525981487,-0.000236676002593,-0.0731597182016,0
-0.00431307340887,0.00964776849649,0.79546643571,0.0445347316563,0.0441300272942,-0.708929479122,0.702487170696,-0.209256401032,-0.00939993642075,0.00500926605438,0.288827712015,-0.350900837383,0.0755135841124,-0.238446002503,0.0294310858237,-0.0824519817016,0.350136458044,-0.491019560913,-0.140845315887,-0.0355108678341,0,0,0.302413240989,0.479508524189,-0.66394217053,0.13857537416,-0.000152630100244,-0.124243875437,9.27127132976e-21,0.312498713427,-0.342547621807,0.540019424266,0.135496979415,-0.000239384989102,-0.0788418718925,0
-0.0051291201259,0.0073447158565,0.793328051962,0.0457332581282,0.0451254397631,-0.710350513458,0.700909614563,-0.22790597045,-0.00895379183133,-0.00164479659284,0.332109596592,-0.383609129538,0.0821633710783,-0.25786468209,0.0392942618104,-0.0680413145775,0.395096051451,-0.527438236208,-0.149904190309,-0.0370118804276,0,0,0.304774683451,0.470222968884,-0.641309553732,0.137856423583,-0.000144824356039,-0.135738209693,6.40741128252e-21,0.302261808455,-0.350096241167,0.548632218414,0.136648104721,-0.000247219858939,-0.0858517682714,0
-0.00614661343746,0.00484453250599,0.790668854336,0.0471404418349,0.0463148802519,-0.711766004562,0.69930100441,-0.250135269558,-0.00969709136004,-0.0101566779704,0.382047795465,-0.41812043374,0.0908525272313,-0.282198831391,0.0492899545776,-0.0562434113553,0.446360525282,-0.560446615916,-0.162262110754,-0.0397962406278,0,0,0.305024063986,0.457234195985,-0.611359640227,0.135362479293,-0.000130693926567,-0.152536077879,-1.17244711564e-20,0.291352596556,-0.359563559496,0.555569036796,0.137693289639,-0.000258191039489,-0.0946952724661,0
-0.00747712585964,0.00159890306151,0.787346912284,0.0491846427321,0.0481827892363,-0.712649405003,0.698133289814,-0.277880261443,-0.0107046482918,-0.0216415648099,0.441180397574,-0.453425561525,0.099780242673,-0.307778595177,0.0595267072639,-0.0487007922893,0.495731478406,-0.585670622256,-0.178581241534,-0.0417992733419,0,0,0.302589517016,0.44168265363,-0.576129970429,0.13071347135,-9.60948874121e-05,-0.174765313641,6.3456498913e-22,0.283271313627,-0.372648819626,0.55602651849,0.138295914029,-0.000273761725346,-0.108909884794,0
-0.00945841331277,-0.00213947374287,0.783413134483,0.0520764328539,0.0510126426816,-0.712464809418,0.697910964489,-0.311059537258,-0.00964573829701,-0.0341582981933,0.51055331019,-0.491825667235,0.106222011037,-0.329267247512,0.0718436460358,-0.0451881848518,0.538220036994,-0.613076577679,-0.188129063627,-0.0419949740171,0,0,0.290850371085,0.429587210074,-0.542768524299,0.121551091608,-3.74419542158e-05,-0.206356205458,-2.18621622931e-21,0.279483400011,-0.384235377869,0.5412524664,0.136602429053,-0.000347025962775,-0.137839896688,0
-0.0116061412213,-0.00691594406001,0.779219388139,0.0552661977708,0.054296374321,-0.711193859577,0.698713719845,-0.346707510527,-0.00532835767456,-0.0461371460662,0.582124652633,-0.529468097223,0.109398319884,-0.351960914849,0.0839850820992,-0.0474543877574,0.575876029947,-0.624911587828,-0.200489629539,-0.042354632169,0,0,0.274183128564,0.421221858042,-0.513713799648,0.105478918403,5.58051117696e-05,-0.249395039321,-2.73138974723e-22,0.282572907267,-0.404728558346,0.517687186293,0.130794167067,-0.00042744802757,-0.17349099042,0
-0.0140687484245,-0.0128234457066,0.775173655083,0.0589103363454,0.0579761452973,-0.710296630859,0.699032902718,-0.380194160579,0.00394019778275,-0.0543731668445,0.651702345724,-0.561722745637,0.105956092233,-0.365988135181,0.100996995387,-0.0486715776738,0.601570984824,-0.645013062226,-0.216119607607,-0.0417877584696,0,0,0.259813623841,0.407409919659,-0.474391455968,0.0792608849958,0.000273585116142,-0.304049549144,5.63780478405e-22,0.282744119981,-0.449887998711,0.515206110567,0.121264307281,-0.000387470870157,-0.210411078468,0
-0.0159192219082,-0.0201773301944,0.771999616718,0.0630057454109,0.0620343498886,-0.709787607193,0.698844432831,-0.407343538069,0.014498806169,-0.06164399806,0.706624411859,-0.590543047478,0.101885858874,-0.374617252689,0.115517938811,-0.0533968920061,0.618335375582,-0.665427817397,-0.225716546482,-0.042731963098,0,0,0.250842847368,0.384771286164,-0.426697584927,0.0415298196293,0.000658573249302,-0.367207712514,4.04805072906e-21,0.279740455187,-0.516027693357,0.533481982067,0.109651557195,-0.000233971268873,-0.244395210112,0
-0.0168543281148,-0.029026379728,0.770212223384,0.066988542676,0.065815538168,-0.710172116756,0.697736620903,-0.430269049603,0.0223435115255,-0.0693246168978,0.747992552437,-0.611852540396,0.0947842627612,-0.374514441267,0.126835491914,-0.0590350939667,0.623711403104,-0.686469522929,-0.225837883288,-0.0434627532959,0,0,0.242814228875,0.354785653543,-0.382446074663,-0.0061992157489,0.00119163023788,-0.432277298748,2.88380028736e-20,0.284492648407,-0.580347493342,0.550191699689,0.0979292096642,-8.63392684361e-05,-0.274634177813,0
-0.0168701788528,-0.0386523089352,0.76916939004,0.0712984129786,0.0704897940159,-0.707544624805,0.699520111084,-0.464014635456,0.0206930536148,-0.0800269246335,0.805914380942,-0.622140928945,0.109029501117,-0.368991070286,0.130179528868,-0.0735975433531,0.619237116976,-0.706782111117,-0.218945553242,-0.0480424687266,0,0,0.230568889546,0.324344072151,-0.352840083799,-0.0566107136659,0.00157074482685,-0.489466625493,3.30581972977e-22,0.305282332384,-0.625240225338,0.544189685026,0.0860537072107,-3.62399897458e-05,-0.301168123638,0
-0.0162280167526,-0.0484328410625,0.76724850527,0.0769312083721,0.0773207768798,-0.701110601425,0.704660892487,-0.523460029952,0.0143406570941,-0.083372692675,0.902039984602,-0.626305269968,0.148812440132,-0.370252444203,0.127954032706,-0.0943177775913,0.62044842996,-0.722201415952,-0.212878127986,-0.0522670373321,0,0,0.210940875541,0.2969697881,-0.344008696081,-0.102404091235,0.00172017987079,-0.533158970712,-1.39565386814e-21,0.340076094447,-0.643650541096,0.521210132377,0.077126209539,-4.61008533867e-05,-0.317881712906,0
-0.0152433324652,-0.0578241293425,0.761903258293,0.0838570669293,0.0859508663416,-0.693281650543,0.710591971874,-0.613365090385,0.010947295178,-0.0726746114545,1.04154214267,-0.610271140126,0.196823931307,-0.393023782984,0.130784136575,-0.112389392678,0.653592476262,-0.741047555998,-0.223047376794,-0.0547790713608,0,0,0.185824085569,0.272631580106,-0.349150401228,-0.13663722352,0.00168569652924,-0.558689090468,7.60423150391e-23,0.365063871188,-0.64879653352,0.512705208459,0.0758538522221,-3.17235557647e-06,-0.317806674536,0
-0.014054932972,-0.0667699735244,0.750746914301,0.0916306450963,0.0960883274674,-0.68401068449,0.717286705971,-0.730579509074,0.0113247983278,-0.0559019809256,1.21273889982,-0.593217719407,0.246263473583,-0.444348309281,0.130208769395,-0.131673749404,0.738810832184,-0.766626603258,-0.237574026944,-0.0606101229787,0,0,0.164283132278,0.257662806974,-0.363924190751,-0.149947118612,0.00134297155414,-0.565271771864,5.26394017719e-23,0.355032911311,-0.655425161849,0.538413581627,0.085769623256,0.000145044695594,-0.29565796336,0
-0.0131736458091,-0.0760888374945,0.734193647459,0.100423902273,0.107234112918,-0.676132321358,0.721984028816,-0.865187736034,0.0143278259053,-0.0430877774988,1.40193813118,-0.590850251303,0.261789999999,-0.503532279745,0.133427007746,-0.147456475391,0.846068243928,-0.84015174111,-0.250908224714,-0.0725280940533,0,0,0.164770410439,0.258969341435,-0.366479389319,-0.13631493067,0.000832799815663,-0.552007756814,3.4104319184e-22,0.286221270883,-0.666130720985,0.600640293532,0.102790453264,0.000241876363062,-0.25895734195,0
-0.0111816587653,-0.0867171477833,0.718044197691,0.108461260796,0.117313601077,-0.670140028,0.724835157394,-0.998359491709,0.00814481181523,-0.0340012222008,1.56730590481,-0.583886987189,0.26179,-0.555489512299,0.119067316328,-0.169741115082,0.94811287683,-0.87266,-0.24460178424,-0.100993841887,0,0,0.225488984132,0.280596171577,-0.342622753259,-0.095372096282,0.000144411587736,-0.512932800349,9.56711823993e-23,0.168183718784,-0.651154677237,0.663861407244,0.113067365273,5.25433950534e-05,-0.232166694219,0
-0.00479426086972,-0.100884357958,0.709433232887,0.116649530828,0.125546917319,-0.670601308346,0.721751153469,-1.10571267475,-0.0100482649136,-0.0226118400339,1.65735473004,-0.568317664713,0.26178999994,-0.569801427998,0.0790287684818,-0.187144562665,0.986246481036,-0.87266,-0.196557580085,-0.140173733234,0,0,0.359384898991,0.323325670356,-0.312679062337,-0.0576799312797,-0.000142302645396,-0.476316108539,2.09928572787e-23,0.0331160006931,-0.570132089119,0.673970771013,0.103856635529,-0.000945765670735,-0.255698344293,0
0.00537325634044,-0.121941837371,0.710392825881,0.122367478907,0.130547568202,-0.67284232378,0.717820823193,-1.16749452816,-0.0360000077159,-0.0189524339168,1.67084051397,-0.561583265657,0.261789999997,-0.527595382062,0.0409883665021,-0.199210396225,0.949129496158,-0.87266,-0.138683589258,-0.16823323071,0,0,0.534663954378,0.364982158693,-0.273715477996,-0.0607544536433,0.000870337579806,-0.482385619313,3.28834718456e-23,-0.113296807451,-0.472725492399,0.696649897134,0.0604527134786,-0.00329793419493,-0.341617011968,0
0.0172552562302,-0.150640098602,0.720972131771,0.120296835899,0.13030436635,-0.667576313019,0.723112225533,-1.17601119285,-0.0852852477575,-0.0460661104994,1.61316985097,-0.562409881587,0.26179,-0.404596557902,0.0394172036548,-0.196795624848,0.806129105979,-0.87266,-0.11070269589,-0.183171108365,0,0,0.707736385309,0.409253187048,-0.250224686025,-0.0840250123009,0.00271045479552,-0.513786003559,-3.45658050732e-22,-0.250750805554,-0.413271068102,0.76591465597,-0.0151707501438,-0.00617020727486,-0.455113189571,0
0.0301721469694,-0.186708706415,0.737904227141,0.110593810678,0.125532254577,-0.651733458042,0.739766299725,-1.13739665388,-0.139889856554,-0.0982872501357,1.49098085357,-0.513934053801,0.193191265404,-0.187044106695,0.0685851733854,-0.202590232698,0.513086853722,-0.794371416437,-0.10316575738,-0.181843698025,0,0,0.85073116227,0.450305930203,-0.234418237244,-0.112929183719,0.00463896426005,-0.546849490004,1.03480743525e-21,-0.351552237614,-0.392933955457,0.839666443578,-0.105206410935,-0.00797287459296,-0.55200932685,0
0.0447593229273,-0.225281950033,0.753282374791,0.0995964929461,0.119426421821,-0.632675647736,0.758643090725,-1.07967993721,-0.172670130135,-0.143735035705,1.34241008337,-0.47815437188,0.0913982740509,-0.015254328362,0.100028932393,-0.227457273015,0.318472140015,-0.680523788048,-0.100480325613,-0.16813185811,0,0,0.952505499694,0.483752070809,-0.214059311074,-0.146211244606,0.00615628043589,-0.57847389967,6.4610594151e-22,-0.429316369924,-0.398868816985,0.920600682785,-0.194437371755,-0.00840110255162,-0.621701801552,0
0.0613664062438,-0.264568216565,0.766035903262,0.091135263443,0.114304207265,-0.616711676121,0.773495733738,-1.02009733783,-0.180890795292,-0.147958743198,1.21941830362,-0.440710349465,0.0537316254124,0.0833737691356,0.0880216634083,-0.303550130082,0.257801306134,-0.586944007635,-0.084593076773,-0.163224086165,0,0,1.00575414011,0.501164330605,-0.196932331849,-0.169922944261,0.0070325293985,-0.597448140277,-3.70910397808e-21,-0.460344504323,-0.383562422348,0.997906759707,-0.258761446214,-0.00864405999968,-0.660631958107,0
0.0789254825567,-0.305855649046,0.775514178803,0.0828010365367,0.107664093375,-0.603980541229,0.785340607166,-0.96129279551,-0.160010042687,-0.109356677882,1.09382340387,-0.436871864054,0.0143542440767,0.139603241944,0.067436894338,-0.341560290659,0.266539980084,-0.444525639728,-0.124860435276,-0.14001339674,0,0,0.99633748054,0.504609069782,-0.189186861224,-0.168664948865,0.00660511127397,-0.593769729329,-5.63008094811e-20,-0.422185774411,-0.366166601862,1.04356410962,-0.279448464178,-0.00779413296759,-0.674615646287,0
0.092921965076,-0.347295615769,0.772375047682,0.0704446062446,0.0949059873819,-0.591835618019,0.797346234322,-0.913173474377,-0.1073589685,-0.0386403683021,1.11531046202,-0.466354825684,-0.0239193413391,0.126282474614,0.0460367195429,-0.321049789083,0.453875750009,-0.241698208741,-0.21220530007,-0.0753995552659,0,0,0.942232260825,0.490725208231,-0.187909615734,-0.139249470534,0.00513334082796,-0.566785922283,-7.47570416915e-21,-0.346225399036,-0.39485536854,1.06423858488,-0.256981793886,-0.0048036080256,-0.666485484705,0
0.110508790455,-0.385823403252,0.762983190858,0.0648861154914,0.0883577391505,-0.58833271265,0.801153719425,-0.866249951816,-0.0882807616297,0.0213700017763,1.1427446045,-0.493569681703,0.0208733532796,0.0390630971823,0.00406371721767,-0.287303072537,0.717973110525,0.00593491676485,-0.238547097496,-0.0249257497489,0,0,0.857537351743,0.437952457513,-0.175434459833,-0.0993793827643,0.00414929503589,-0.527953202812,-4.64805012963e-20,-0.29307626767,-0.440565466424,1.08714225799,-0.203786321406,-0.00246844502613,-0.637122221034,0
0.1289552752,-0.420202790928,0.744063026604,0.0601737909019,0.083084911108,-0.583471775055,0.805628120899,-0.826031193992,-0.117993949611,0.0549459097206,1.22827686374,-0.643100376676,0.217623655082,-0.0835062770429,-0.0970562165689,-0.288488950815,1.07089112047,0.0787225448076,-0.179368836553,-0.00124534184579,0,0,0.763148249149,0.362754730687,-0.168729345853,-0.0585380752067,0.00385483301156,-0.48311311169,-6.48650647109e-22,-0.234566890807,-0.513824001506,1.09403840634,-0.129496661738,-0.00122702160853,-0.583212513535,0
0.146102362473,-0.452205691288,0.718475633682,0.0599541738629,0.0843539014459,-0.576215267181,0.810719370842,-0.809162114345,-0.150977578176,0.0741622593826,1.36216330678,-0.799509095032,0.257073650772,-0.234575688265,-0.193852488164,-0.278716034186,1.43642205226,-0.0303199495245,-0.164146051921,0.028444327414,0,0,0.636319171442,0.271824246733,-0.149981924274,-0.0402337404873,0.00448314699312,-0.459006666978,2.33743278351e-20,-0.179088061254,-0.610847783485,1.07616605808,-0.0537933030153,-0.000314575558266,-0.513192409008,0
0.160484804298,-0.481521692907,0.696237527735,0.0625117570162,0.0921968594193,-0.557699084282,0.822534918785,-0.804376279387,-0.189417382052,0.0725460966768,1.46372292115,-0.85657142012,0.25490118575,-0.421973960716,-0.267457578565,-0.264100986749,1.75161024392,-0.142135237422,-0.222019334624,0.0568439848721,0,0,0.444751122835,0.197842648004,-0.162089392956,-0.0375656661559,0.00569763537907,-0.453729948902,2.69583667695e-21,-0.0746095658192,-0.7288265384,1.01229963068,0.039359016189,0.000103367828902,-0.397681857849,0
0.1745759186,-0.51340104793,0.683706210993,0.0665380209684,0.105148494244,-0.530574798584,0.838455080986,-0.773991601778,-0.212716774518,0.0595848354446,1.49199418066,-0.864568843587,0.253508696812,-0.632403571825,-0.314291701166,-0.243967844686,1.96863253635,-0.230883065659,-0.261789999993,0.113814987242,0,0,0.195553462599,0.122351805884,-0.219662479515,-0.0315286665884,0.0085183689326,-0.453614589072,-6.1232399117e-21,0.0869511153652,-0.87425526122,0.955255096325,0.104416116905,-0.000436727002738,-0.267108451493,0
0.190916344417,-0.550140072092,0.680510800847,0.0677815899253,0.112474419177,-0.511687517166,0.84907656908,-0.696457246571,-0.218120779675,0.0371155418248,1.46132238809,-0.87266,0.253741138107,-0.836742195946,-0.313075947567,-0.205111325123,2.07194123011,-0.308958520345,-0.26179,0.19222599268,0,0,-0.0446849625874,0.0615748551436,-0.320191469529,-0.0440522395192,0.0134868047048,-0.481542909183,-1.35987456488e-20,0.25703528993,-1.00848813007,0.950699119331,0.111430309341,-0.00203059851279,-0.241411294985,0
0.209504643262,-0.591441423632,0.686350229173,0.0674979761243,0.113788947463,-0.505695104599,0.85250723362,-0.570472846558,-0.202681292006,0.0253677150213,1.37504438018,-0.87266,0.254786627506,-1.0222966851,-0.264506011705,-0.150862108358,2.07751039674,-0.384640914116,-0.26179,0.281404137611,0,0,-0.257016352189,0.0156479681804,-0.436638614789,-0.0789871459098,0.0202917430841,-0.531349616865,6.95656845412e-21,0.398562385475,-1.09873833384,0.971412055939,0.0929447647918,-0.00473053208847,-0.289523589617,0
0.23110858269,-0.638602040895,0.700763194287,0.0651263967156,0.107059396803,-0.515616178513,0.847606480122,-0.405414582828,-0.187187162265,0.032605590297,1.23103434728,-0.870161440034,0.254636829628,-1.1414925622,-0.158688085932,-0.101136336432,1.98286893674,-0.448323783114,-0.26179,0.330428361893,0,0,-0.389223595941,0.00281609162619,-0.488048402115,-0.145242250315,0.0255848126098,-0.592392085091,4.56567804956e-25,0.533588251846,-1.14002462161,0.91680436818,0.065429566849,-0.00708728167047,-0.355582279623,0
0.256109840801,-0.690549115246,0.71994864263,0.0585751533508,0.0925899744034,-0.531409025192,0.840000271797,-0.235482683954,-0.183015713083,0.0407612650972,1.08866939136,-0.843636440619,0.253059295522,-1.17201662628,-0.0146761853316,-0.0513439660977,1.8060962814,-0.4736427651,-0.26179,0.281842142344,0,0,-0.434803948683,0.0660682587533,-0.469667551209,-0.242343450493,0.0242238469255,-0.648035633815,7.54432665288e-22,0.65119438568,-1.1413958801,0.768753633244,0.0350181162537,-0.00654334760877,-0.411272203113,0
0.283015872647,-0.7453629675,0.737879402994,0.0464981943369,0.0721144005656,-0.539904236794,0.837341547012,-0.114737491239,-0.167656053287,0.0374177316841,1.03618759768,-0.822890559275,0.252817200847,-1.12495711796,0.127501402589,0.00479130349773,1.5885992954,-0.507122165474,-0.261789996368,0.164370521903,0,0,-0.415053499924,0.172558323889,-0.434253672854,-0.335599140435,0.0171817232088,-0.686808754765,-3.89028569015e-22,0.737616343611,-1.09067024506,0.593117459493,0.00699566157634,-0.00344028202137,-0.444760039501,0
0.314232976438,-0.799010523273,0.748930860859,0.0350273437798,0.0549667067826,-0.536262631416,0.84153085947,-0.0676807517029,-0.135774468416,0.0667407631414,1.1378097321,-0.676610522407,0.254303195754,-1.0493779475,0.240456255017,0.108857219756,1.36324706908,-0.469650930077,-0.193352246681,0.093820720911,0,0,-0.371152475368,0.221418243885,-0.450791837029,-0.39123680444,0.0124412734868,-0.709313080749,8.30388884641e-22,0.821101302597,-0.999486121252,0.446017126779,-0.0131731817819,-0.00172704268361,-0.461914511652,0
0.347089405477,-0.851915765832,0.754990582934,0.0290174949914,0.0474551804364,-0.520866274834,0.851824104786,-0.0572282311381,-0.131940513096,0.0464028353244,1.15631056509,0.0140510532358,0.169199870263,-0.971163141331,0.270834597902,0.190648938055,1.15398616378,-0.389912073622,-0.143974225557,0.0168232955039,0,0,-0.302866446699,0.245945624116,-0.48018602322,-0.411833765988,0.00651920746189,-0.716783196762,8.6666919575e-22,0.86223583209,-0.893880152532,0.322780016486,-0.0348953620533,-0.000713995658305,-0.475571118117,0
0.379023121545,-0.903501109079,0.753174145897,0.0268578771502,0.045632507652,-0.50652217865,0.860599577427,-0.0668733926631,-0.120547372152,0.0510340734827,1.26381323858,0.0784271095561,0.126914574047,-0.906549596645,0.264624343142,0.222795727728,1.0161747608,-0.367043913188,-0.158139607164,0.00427403859794,0,0,-0.233182574373,0.233621376869,-0.539656390424,-0.390700350045,0.00502260089598,-0.711874675243,3.55160733283e-21,0.849330212371,-0.824761744083,0.290426670673,-0.0328743917491,-0.000757432463643,-0.469777392697,0
0.412333043349,-0.954535334358,0.745899520236,0.0249931029975,0.0447592251003,-0.486891806126,0.871956586838,-0.111249048854,-0.0837627157804,0.0634401287606,1.4124267716,0.0737957403949,0.0957305892899,-0.823176774035,0.234887421597,0.216634838895,0.934727631633,-0.305909042048,-0.102178844504,0.00179368536919,0,0,-0.154170123237,0.241391712553,-0.60844000525,-0.341170999483,0.00411286904228,-0.694827829955,1.01132693839e-20,0.790671303176,-0.765443356463,0.310703091446,-0.0183838573237,-0.00068751375917,-0.452610424303,0
0.43520495962,-1.0015025096,0.728153324386,0.0206109471619,0.0386747047305,-0.46985989809,0.881652534008,-0.226671276218,-0.0274095993325,0.0931838557766,1.67752923302,0.119782708944,0.10344177663,-0.71848969937,0.204161593381,0.235834293538,0.93840490314,-0.361336126721,0.0207758867993,-0.00543025555089,0,0,-0.0423484279186,0.265662878992,-0.642677029278,-0.258026428379,0.00290284710061,-0.655405668926,6.00602128788e-21,0.688417941892,-0.761349761097,0.367468368253,0.0102233042282,-0.000159531601204,-0.417775320601,0
0.460063876185,-1.04569365481,0.706975149206,0.0220523010939,0.042884670198,-0.456772178411,0.888275742531,-0.411821479176,0.0133227749684,0.114244761086,1.9280805258,0.123754472694,0.158086323108,-0.70088606576,0.205662630277,0.213565105854,1.09067099789,-0.511463070653,0.0290883186357,-0.0291781369597,0,0,0.0938291081329,0.317849966051,-0.63245094894,-0.167557014064,0.00139025364632,-0.595934713686,1.67118990694e-20,0.487937176694,-0.773761533729,0.470445286194,0.0364300898677,0.000234673212657,-0.378910834014,0
0.490818363104,-1.08787793492,0.697051683015,0.0302455592901,0.0601566918194,-0.448179811239,0.891404092312,-0.619254331304,0.021921354365,0.140199244874,2.06281537771,0.0649424700186,0.22531649537,-0.675545721801,0.231458041962,0.204066517684,1.20055466426,-0.680429671427,0.00612545725201,-0.0411443188787,0,0,0.245111613931,0.369091886933,-0.582122961562,-0.0838245698582,0.000950872024175,-0.523646392688,7.81859878403e-23,0.218349658078,-0.771836676903,0.593619415192,0.0603392237594,0.00014695920057,-0.338875207176,0
0.525394946564,-1.12131940278,0.693295291002,0.0320753790438,0.0668868422508,-0.431207686663,0.899198114872,-0.804671006488,-0.0174238264308,0.168561864362,2.11443712216,-0.0301894042984,0.225958242232,-0.592772677103,0.183596250381,0.187069778815,1.22294210809,-0.811557993692,-0.00146609129697,-0.0607937499881,0,0,0.41512125003,0.429567509497,-0.532656071426,-0.0669318471216,0.00100641726747,-0.500329628368,4.32234242734e-21,0.0221508723091,-0.714273708653,0.634838143802,0.0526267003073,-0.000524047493947,-0.344225679767,0
0.566038759623,-1.15028079723,0.700539119376,0.0225810166448,0.0520134940743,-0.397587776184,0.915810406208,-0.908720407316,-0.0918336995538,0.183326328558,2.03318745825,-0.14495204591,0.171798969619,-0.367532713335,0.0831945218451,0.159171763519,1.06324333952,-0.837197587526,0.00283112511458,-0.0997147783637,0,0,0.567916237818,0.517038933829,-0.529359406614,-0.0954231449764,0.00139754624489,-0.526039829705,9.09250104807e-23,-0.102708669301,-0.618597461289,0.654756146859,0.0134126451705,-0.00224227232327,-0.404917743639,0
0.617942323218,-1.18409544927,0.729383133418,0.0228785779327,0.05862820521,-0.362811893225,0.929734826088,-0.909446454593,-0.180475133712,0.162684988688,1.72404964718,-0.297607665383,0.15947029553,-0.125010301798,0.037777386092,0.13525693134,0.751827473849,-0.763791846226,0.000544674176543,-0.150971353054,0,0,0.651465146759,0.576012033448,-0.509786610103,-0.127839185824,0.00213074412024,-0.559396791706,-7.46902383827e-22,-0.237112560274,-0.523251020365,0.665699356324,-0.0305438333283,-0.00539220295549,-0.466022112106,0
0.668981535246,-1.21723091706,0.752317740248,0.0171840991825,0.048642128706,-0.332657337189,0.941635668278,-0.843774685512,-0.239730519785,0.123065560492,1.39728806683,-0.40294349642,0.20585318879,0.0611034936052,0.00910730289357,0.0694552240517,0.581486078891,-0.696537686768,-0.0337351367348,-0.152408629656,0,0,0.743650629991,0.591703940495,-0.479639190767,-0.144780027521,0.00321740829563,-0.57605535797,3.87466281224e-21,-0.315402372924,-0.476169955659,0.706047074333,-0.075432798381,-0.00673669660657,-0.517553231859,0
0.720682450512,-1.24974802797,0.770491755327,0.0118144135922,0.0366576835513,-0.306524813175,0.951083183289,-0.729744207951,-0.282012535388,0.0729373332493,1.02821312099,-0.493005375151,0.212946296776,0.176417554381,-0.0351304497533,-0.0289060897499,0.503523289363,-0.516468259919,-0.0438984262173,-0.125665321946,0,0,0.806585485636,0.575416003013,-0.443888423819,-0.151446262465,0.00379342523232,-0.581104085682,-1.45404421565e-22,-0.357895497135,-0.470698170974,0.746730664194,-0.121694910868,-0.00642149518786,-0.562201544561,0
0.772846256647,-1.28504730644,0.782234124531,0.00691855326295,0.0232187192887,-0.28548142314,0.958077967167,-0.59676532114,-0.302858882723,0.0420716533664,0.619130158263,-0.561300143068,0.261789839824,0.230362572585,-0.0375713261382,-0.0469538332692,0.488442131202,0.0374952238871,0.0359431308673,-0.0993178710341,0,0,0.852699260248,0.554238448283,-0.408556470592,-0.162537508867,0.00416186398041,-0.588346803452,5.68463447144e-24,-0.355521994948,-0.465623527276,0.780976470892,-0.172594162462,-0.00594778905524,-0.602572992665,0
0.822125365461,-1.31894437684,0.780045708895,0.00353330257349,0.0123210027814,-0.275637179613,0.961176276207,-0.50592423202,-0.290905246356,0.0662431817831,0.419461231964,-0.616421894782,0.201173598201,0.177016752876,-0.0291659653905,-0.0291691592422,0.684420865485,0.417784681036,0.0899353164804,-0.0669857114553,0,0,0.874264794208,0.520742727759,-0.37970303826,-0.172922087508,0.00422187045929,-0.594032041255,3.56526859543e-22,-0.336223753209,-0.470000280572,0.819598712745,-0.208457479907,-0.00483941592319,-0.627700279981,0
0.869423255322,-1.35038226758,0.771507353349,0.00259346398525,0.00933291763067,-0.267725884914,0.963446438313,-0.468113521672,-0.301766681656,0.103476034001,0.310613986615,-0.611498655835,0.135093157127,0.0878720907341,-0.0730446864079,-0.0626727481081,0.937232379966,0.52359,0.240923024844,-0.0565136931837,0,0,0.861469070569,0.485950765089,-0.365831396596,-0.1772262849,0.00421164695818,-0.596040901853,-1.62574529256e-23,-0.317166240428,-0.465089528767,0.848742921307,-0.225038372111,-0.00445423907664,-0.639283974365,0
0.911585012869,-1.38005758913,0.751103110661,0.000933566363528,0.00357957696542,-0.252360343933,0.967626273632,-0.508559215598,-0.316177764216,0.178394794494,0.447075059059,-0.524922993481,0.170437967566,-0.0616389985928,-0.192618377218,-0.109386943976,1.3293770371,0.52359,0.220931396581,-0.00272646429949,0,0,0.803690282519,0.441315492869,-0.391397931653,-0.17729943193,0.00368854696936,-0.593106268935,-4.62356004796e-22,-0.250922218153,-0.525360834818,0.841107973692,-0.234642979644,-0.00235653357927,-0.645970725696,0
0.955841424211,-1.40759518452,0.725392747796,0.00121380772907,0.00492775440216,-0.239168673754,0.970964789391,-0.604907249832,-0.322883149559,0.216246322441,0.809057824002,-0.48372985125,0.253922995118,-0.220163294606,-0.282815251302,-0.105356544869,1.62876259106,0.52359,0.163411949499,0.048246152699,0,0,0.690951923314,0.399264091591,-0.41938588195,-0.164067992587,0.00359208672713,-0.580834767163,3.00495159586e-22,-0.189430677655,-0.588813905674,0.811094131192,-0.2100765468,-0.000410706383944,-0.631451439686,0
1.00230367741,-1.43622602874,0.708325736205,0.00451358174905,0.0198787953705,-0.221373274922,0.974976062775,-0.683993943296,-0.31953699798,0.218328265651,1.04989147793,-0.481583659159,0.251894138686,-0.369641246161,-0.271309066449,-0.118807233565,1.77387805654,0.523589999998,0.0508276427804,0.0723405182362,0,0,0.514437845536,0.38810115428,-0.437626666524,-0.138128234851,0.00406768375838,-0.560452709676,-8.52298969414e-23,-0.101888600259,-0.581160323841,0.715757171911,-0.139401031774,0.000794673719811,-0.579659579664,0
1.04041723593,-1.46618828015,0.685483082835,0.00281120534055,0.0130657218397,-0.210326343775,0.977539896965,-0.703692597105,-0.301619322768,0.235225956777,1.3310329457,-0.651111358372,0.245157749321,-0.594109351766,-0.337430275819,-0.0660276533462,2.02610120712,0.403955842105,-0.112822892615,0.113271147013,0,0,0.381699340794,0.309959403298,-0.4681727439,-0.137404884307,0.00578601789401,-0.558567776416,6.17837308638e-22,0.0430927853273,-0.649361864685,0.62679778488,-0.0413116252552,0.00182099086777,-0.485581884183,0
1.08527441353,-1.49125529759,0.680540940539,0.00360824400559,0.0176970753819,-0.199746489525,0.979681134224,-0.647965573454,-0.32086464821,0.212774994477,1.3981525241,-0.789395516267,0.24307408385,-0.77989876555,-0.275774648687,-0.0439238178985,2.10542386758,0.121395953386,-0.248066266747,0.114173062146,0,0,0.204212649452,0.297921783044,-0.490302541325,-0.161851869109,0.00717504928235,-0.576092337708,-5.03614352798e-21,0.186866214798,-0.664974786974,0.514535634443,0.00672158979083,0.00141995860039,-0.419732189549,0
1.131123461,-1.51497885196,0.685643864392,0.00360798696056,0.0194796007127,-0.18208540976,0.983083128929,-0.531568408126,-0.338117574406,0.169875368458,1.36675306493,-0.832981509267,0.242755934678,-0.923949208709,-0.20662350425,-0.0181070000116,2.094290084,-0.179256975116,-0.26179,0.138053968549,0,0,0.0460360077067,0.276735174103,-0.521079292012,-0.191656138839,0.00950590670306,-0.599013198095,9.55058307954e-22,0.366424478808,-0.700765160992,0.402340411872,-0.00500904164681,0.000941808396005,-0.430826898903,0
1.18107643852,-1.53717481714,0.700123465624,0.00358777237125,0.0197439827025,-0.178750887513,0.983689725399,-0.383393874972,-0.332320891947,0.15673864892,1.26208702779,-0.830853177579,0.242759616036,-1.00706811407,-0.127333167268,-0.00440504605437,1.96538841981,-0.368486325181,-0.26179,0.199024230242,0,0,-0.0554290909636,0.236235869143,-0.540054740247,-0.23983986309,0.014240928728,-0.634229348066,1.50960983285e-23,0.52453587214,-0.753584281802,0.347420349504,-0.0331835360398,0.000482711440116,-0.472136144943,0
1.23421698988,-1.55818437444,0.71919706831,0.00244674249552,0.0130710229278,-0.183976277709,0.982840716839,-0.2337602016,-0.32905244786,0.130648030401,1.14529574803,-0.818648586813,0.244762575448,-1.01234704025,0.0242876611129,0.0348628064501,1.74504954838,-0.462193574668,-0.261789999978,0.177330672741,0,0,-0.100666211192,0.254843599199,-0.512034296996,-0.3124113649,0.0149667842463,-0.673645007083,-2.16369863177e-22,0.634017726419,-0.762501900712,0.309344431746,-0.0576427288556,-0.000854250823184,-0.502872769322,0
1.28982965357,-1.57883652979,0.737190080839,0.00201965286396,0.0109650194645,-0.181132167578,0.983395576477,-0.114275199173,-0.294052351082,0.116032180878,1.08800574247,-0.810347237268,0.247636915503,-0.972426004708,0.15840223907,0.0928263234367,1.46993250459,-0.512204869907,-0.26179,0.125769123435,0,0,-0.130752554444,0.295764851241,-0.493909695862,-0.370924563045,0.0132269197074,-0.699209507934,-2.52815460764e-23,0.73208237811,-0.730965561324,0.246702110454,-0.0709629529488,-0.00205724065261,-0.511644676401,0
1.34873466762,-1.59661434492,0.751677134795,0.000864528119564,0.00525232730433,-0.16241133213,0.986708760262,-0.0477855096058,-0.207619447739,0.175905680624,1.07195984581,-0.683531924433,0.251742771975,-0.848288555716,0.247409625581,0.193815142868,1.1215493678,-0.56246037859,-0.255572631229,0.124554991722,0,0,-0.149721546572,0.298889235774,-0.541632201838,-0.396167017611,0.013155184904,-0.709628398024,4.48167188271e-23,0.86503941949,-0.681823298696,0.179537894482,-0.0780571251876,-0.00345880722978,-0.516505075975,0
1.40415487567,-1.61225783146,0.749060461535,0.00091897812672,0.00716267898679,-0.127254441381,0.991843819618,-0.0504874884179,-0.0751425639496,0.270957625868,1.26169325693,-0.232765240761,0.220578240508,-0.812605334044,0.247637872184,0.282225019367,0.977943867973,-0.724194809172,-0.077922896702,0.114403732121,0,0,-0.167778101855,0.285207855048,-0.606569706328,-0.40696984692,0.011850137583,-0.711163458663,1.93784301135e-21,0.975622338707,-0.624387548989,0.101574348992,-0.0912946769003,-0.00490053524451,-0.525658659849,0
1.45823457983,-1.62993492522,0.744361573953,0.00165112921968,0.0174903906882,-0.0939697250724,0.9954200387,-0.0853227381353,0.0647314980763,0.353079155917,1.4214308556,-0.0760290744134,0.238327564334,-0.772824255265,0.214159210437,0.298247330732,0.864736121802,-0.802918240124,0.0314180883463,0.0936014354229,0,0,-0.158470966702,0.271459055347,-0.657364088514,-0.421062370411,0.0100320128998,-0.713515801342,-5.70799646199e-22,1.00674030581,-0.593647504115,0.0765732609864,-0.0951579999385,-0.00520871590011,-0.525221754912,0
1.50989302553,-1.64674750301,0.731583604931,0.00227482011542,0.0308222956955,-0.0735690146685,0.9968110919,-0.17424145713,0.136713057793,0.34813430423,1.63791175451,-0.0198071095135,0.261789999988,-0.780766625197,0.140946180331,0.204164097613,0.890526748475,-0.728543836952,0.120103009692,0.0324613824487,0,0,-0.0977163366543,0.281644419132,-0.667351074708,-0.438572895749,0.00612898832426,-0.717961133251,-1.11576770551e-22,0.93304654553,-0.6194545333,0.11621156473,-0.0901888844591,-0.00382686295574,-0.513565655142,0
1.55595129726,-1.65963337213,0.710512233861,0.00232760491781,0.0375651568174,-0.0617993846536,0.997378706932,-0.335260852329,0.127983235087,0.316078604711,1.89154572666,0.0418266603903,0.26179,-0.836558610818,0.102118433947,0.135251068538,1.05136174472,-0.606618601795,0.161308113603,-0.0358897447586,0,0,-0.00464951795017,0.30235411846,-0.640859404824,-0.434526515272,0.00224192552399,-0.718310483517,1.85642158855e-20,0.743575762279,-0.688911849048,0.249510181644,-0.0553963132758,-0.00167666800156,-0.475776520051,0
1.59952704476,-1.66868295165,0.691467729677,0.00252590025775,0.0500485897064,-0.050341475755,0.997474074364,-0.564450335256,0.0594442384149,0.273764304777,2.14017569765,0.063176070022,0.261789998345,-0.91411556984,0.0990725605162,0.105119497788,1.27136770832,-0.611262246292,0.108813960156,-0.10626809299,0,0,0.122170069674,0.341200994607,-0.592657350888,-0.314524690698,-0.00135066348538,-0.671045666786,5.90593808543e-20,0.484993464588,-0.764857961689,0.456699173428,0.0159031501844,0.000110400997853,-0.395864041573,0
1.64708495796,-1.67411796011,0.683523893256,0.0014001732925,0.0657970160246,-0.0212292522192,0.997606217861,-0.772156586353,-0.0143652875989,0.242769240324,2.25194563285,0.0513113347928,0.26179,-0.88560990714,0.0784995022121,0.0697275724892,1.36873622252,-0.722890672451,0.0767312838057,-0.150355428457,0,0,0.249352189299,0.397281023636,-0.578567013588,-0.209508451389,-0.00203120747971,-0.610609568567,3.72029476225e-21,0.21708478533,-0.804337053174,0.660582832267,0.058646596744,0.000257848707207,-0.340276698533,0
1.69596518165,-1.67045571353,0.694183754322,-0.000251858873526,0.0641586557031,0.00391744542867,0.99793201685,-0.887793039154,-0.0488502047711,0.235526288292,2.18338878491,0.0160704336797,0.252345199942,-0.677572680079,0.0470649553405,0.0443160564532,1.21163126114,-0.793927350703,0.0400856322376,-0.13539673388,0,0,0.415591794977,0.448310542768,-0.534882902325,-0.194004959879,-8.58083441632e-05,-0.593733794884,-3.11350776948e-21,0.00384422709194,-0.812911148531,0.810735923888,0.0523690930001,-0.000210578183251,-0.352200986115,0
1.74441402415,-1.65815959599,0.711503336533,-0.0028766929172,0.0754830390215,0.0379739999771,0.996419608593,-0.968876545252,-0.107004778885,0.221424509815,2.04925630103,-0.0502591721317,0.261789997277,-0.53215212082,-0.0147582684189,-0.00296901601642,1.09441894635,-0.804417835876,0.0538071901831,-0.183711066842,0,0,0.540627717195,0.517553372145,-0.464093323461,-0.237759114564,0.000460544603392,-0.622679842194,6.96746336687e-22,-0.145138629108,-0.731566484132,0.784556736254,0.0192371190887,-0.00203375803092,-0.403222040104,0
1.7934058195,-1.64426180041,0.734396898582,-0.00509372353554,0.0672091022134,0.0754005983472,0.994872748852,-0.979364300067,-0.154929762443,0.211436355052,1.7889036674,-0.152667531476,0.239228032442,-0.257408820645,-0.0499712119043,-0.0502371814477,0.770536891724,-0.701951597419,0.0551496753199,-0.219488024712,0,0,0.692853785844,0.547041195095,-0.39863833684,-0.285259708242,0.00242593589278,-0.657054773686,-5.44252319486e-22,-0.23725041056,-0.64932870695,0.749611531545,-0.0446541255702,-0.00532189257083,-0.484967356571,0
1.84489482533,-1.62591933185,0.758678366049,-0.00772206671536,0.0749851316214,0.102148070931,0.991908967495,-0.932128142161,-0.192604569545,0.198024160971,1.51422003402,-0.273767181506,0.257649728073,-0.127717437661,-0.0569197574055,-0.114399711341,0.643042702893,-0.644709513144,0.0513800668318,-0.22197444737,0,0,0.798214069987,0.524871089051,-0.315748028898,-0.31032361118,0.00414216014696,-0.673177954659,2.46385211373e-21,-0.34072099587,-0.61996292237,0.735954116327,-0.109781728599,-0.00801976745047,-0.546342250199,0
1.89467375984,-1.6084866436,0.776300715165,-0.00742442486808,0.0562240183353,0.130703598261,0.989798128605,-0.819578703161,-0.212791588109,0.184857931119,1.13037202796,-0.393733164736,0.261789999998,0.0174687527636,-0.110779373232,-0.19485428867,0.561075040515,-0.510608782993,0.0232161225209,-0.170931681991,0,0,0.875362738193,0.474941314035,-0.284315345398,-0.31613040467,0.00576321504194,-0.675890998984,-1.70739613026e-23,-0.365708026168,-0.644906720087,0.739631015442,-0.204734492255,-0.0083181775616,-0.621489749987,0
1.95024170719,-1.58848517679,0.790723160581,-0.00804846175015,0.0536081939936,0.148252621293,0.987462699413,-0.701858089489,-0.255829174803,0.145323558203,0.783109015028,-0.485368555332,0.26151529774,0.0501506669132,-0.105729326996,-0.205324846823,0.586958845469,-0.259968138507,0.0287955209452,-0.140624001622,0,0,0.895613712336,0.431760270939,-0.249008826004,-0.312391793311,0.00604731964418,-0.672402801726,3.782771634e-23,-0.395398810285,-0.642416697796,0.751363467293,-0.28027304742,-0.00870142496656,-0.668239033736,0
2.00143468644,-1.57729239117,0.784460187383,-0.00617340533063,0.0361875891685,0.168051734567,0.985094368458,-0.640145416603,-0.252021033657,0.158024777893,0.680959376509,-0.562741639924,0.216787866133,-0.0216093453212,-0.119635535538,-0.159551216145,0.878510801169,0.102382482082,0.0491302300698,-0.0599825046957,0,0,0.890613296341,0.39137237172,-0.260080285081,-0.313855533982,0.00586250704521,-0.668118862918,-7.96548229944e-21,-0.35387311008,-0.687503257406,0.753715722855,-0.364531941165,-0.00663253804527,-0.711557690738,0
2.04931536835,-1.562709493,0.775554017996,-0.0060542691499,0.0316403359175,0.187839403749,0.981671333313,-0.613859510702,-0.263506018151,0.189228159082,0.640534043765,-0.568037357816,0.193445338811,-0.0930433193548,-0.143194050339,-0.141143458135,1.11188832082,0.283287962124,0.116614822084,-0.0109141487628,0,0,0.842947022087,0.359702919047,-0.29051864144,-0.317435848812,0.00544871636362,-0.667073000919,4.42515000156e-21,-0.28119060072,-0.720482228176,0.751347552001,-0.389514008125,-0.00499884964246,-0.720439670508,0
2.09680697423,-1.54827334772,0.758182266718,-0.00792854093015,0.0364888980985,0.212183654308,0.976516127586,-0.614000133133,-0.255590366082,0.219058925113,0.726272713753,-0.544143857663,0.20355346266,-0.181492973893,-0.204570418218,-0.159406941163,1.36855274507,0.323026510699,0.213574749783,0.0334465429187,0,0,0.733438981249,0.331141498579,-0.327783560776,-0.307437604558,0.00535675706536,-0.660635010412,4.03792613142e-21,-0.171439990264,-0.732020498542,0.745839410421,-0.40961774157,-0.00381265251838,-0.725396471131,0
2.14669616521,-1.52961556319,0.740575042247,-0.012950450182,0.0535783693194,0.234587445855,0.970530986786,-0.645054876108,-0.288672435027,0.199365258432,0.82826866633,-0.486600971031,0.255490573076,-0.256700681588,-0.193406069802,-0.180014170946,1.50595861563,0.355226430906,0.221917124015,0.0333444699645,0,0,0.55689546659,0.315493545274,-0.33492706365,-0.282509585864,0.00549998357139,-0.64786481149,-2.71933916423e-21,-0.0791835241966,-0.664354637942,0.73856293286,-0.415836559929,-0.00414790126873,-0.72478888398,0
2.187699079,-1.52090541139,0.709101477077,-0.0151135353372,0.0542169511318,0.268096774817,0.961746454239,-0.704207612601,-0.309004635173,0.205070477798,1.14257230641,-0.578786388117,0.251187522297,-0.438256368072,-0.289531079207,-0.142650594246,1.84061219893,0.383613053894,0.109478235327,0.0828694924712,0,0,0.349985936984,0.217050058567,-0.415499274055,-0.230617366025,0.00675559519978,-0.619982955333,-8.15736321225e-22,0.0955807709762,-0.651828110604,0.657782903998,-0.40604319546,-0.00259783553924,-0.72746527349,0
2.23002748164,-1.50604457046,0.692676221728,-0.0200979448855,0.0628345608711,0.303986757994,0.950389385223,-0.71347499243,-0.335911652874,0.189971722277,1.33195810008,-0.755281243748,0.247834921034,-0.608174562317,-0.382430201595,-0.129363969022,2.01425483117,0.381774881728,-0.032764491173,0.103865221143,0,0,0.116776550237,0.111338441507,-0.457326443628,-0.20604520373,0.00883404512496,-0.606673848888,5.7201414429e-20,0.273774345486,-0.602055686304,0.498908366957,-0.271028603308,-0.000573202388723,-0.677062787416,0
2.27251699464,-1.48629572907,0.691055363891,-0.0229006949812,0.0667966753244,0.323501825333,0.943589091301,-0.636686291338,-0.334746264827,0.159144125812,1.35028868928,-0.853745745368,0.246531652634,-0.791884056192,-0.373544547136,-0.0723258678844,2.10245282131,0.225842390459,-0.15749668279,0.138411536813,0,0,-0.0743158116927,0.0042192290626,-0.485583702068,-0.227004954844,0.0122974777934,-0.622780719448,-6.20408269667e-21,0.416531274839,-0.595809029253,0.406870478619,-0.168173814108,-2.35033849441e-05,-0.614289037844,0
2.31630722715,-1.46136384705,0.702688791809,-0.0258686635643,0.0724339261651,0.335333228111,0.938954591751,-0.504791342287,-0.330706401579,0.114638553607,1.26130345659,-0.853834926304,0.247931514016,-0.943348047925,-0.276331348327,-0.0369633362398,2.09059394025,-0.0127558994229,-0.26179,0.195663616061,0,0,-0.264392525141,-0.046014206516,-0.542448802589,-0.256956147851,0.0169472731627,-0.646424508887,-3.55756185339e-23,0.552275196423,-0.614354212524,0.35702528935,-0.154231843586,-0.000389649287944,-0.602403043699,0
2.36178287123,-1.43033388335,0.722036665692,-0.0248187687248,0.0683578699827,0.340370118618,0.937475025654,-0.348357771215,-0.318318207692,0.0934744285141,1.12747310409,-0.851320009557,0.249575953873,-1.02220327127,-0.22327425007,-0.0120132394665,1.99963371176,-0.208301153264,-0.26179,0.265914708376,0,0,-0.393101796938,-0.07271055127,-0.605962094921,-0.300534025597,0.0224982976849,-0.67574351761,-3.06421858029e-20,0.679272833336,-0.644296488972,0.332594938214,-0.180716378791,-0.00173580596932,-0.624935384747,0
2.40839132933,-1.39569099257,0.745116874634,-0.0218004435301,0.0604965649545,0.338316231966,0.938832819462,-0.191791256529,-0.293824611359,0.0779588350776,1.02161795385,-0.835252251373,0.250396776139,-1.03960530569,-0.144130161918,-0.00453621775562,1.82700418332,-0.302473076885,-0.26179,0.273766964674,0,0,-0.465042984619,-0.0350922238291,-0.616915079759,-0.360348576333,0.023532489424,-0.700790232584,2.49143251362e-22,0.762899927655,-0.640664936051,0.313620246369,-0.207167699146,-0.00347024260454,-0.643313002697,0
2.45778666776,-1.35636833921,0.772147410808,-0.020370727405,0.0564727894962,0.338704913855,0.938975393772,-0.0607789219939,-0.248321864203,0.0787630674599,0.85320734518,-0.747972635159,0.252401113957,-0.969675514963,-0.0055166428485,-0.0177646981726,1.53033575351,-0.306352684653,-0.26179,0.243707537651,0,0,-0.485265222904,0.0603109396006,-0.62397482183,-0.386916337566,0.0213170107951,-0.705077828109,2.3900675901e-22,0.796148274976,-0.595712471298,0.302967873358,-0.206936341321,-0.0042276718292,-0.641038186813,0
2.50327195654,-1.3168052259,0.787423357502,-0.0156286768615,0.0417122654617,0.350511014462,0.935498714447,-0.00159886846805,-0.219672493934,0.0750679041376,0.855059709781,-0.402181137994,0.253779835102,-0.91191785803,0.0716023908138,0.056182407436,1.31564983644,-0.301191121087,-0.260522219842,0.180710464716,0,0,-0.414445246793,0.131809052274,-0.628869469417,-0.409235818188,0.0165765975474,-0.707864695195,-2.60566134001e-24,0.830302223934,-0.581828518391,0.265230184257,-0.19970322206,-0.00481294271072,-0.634299787796,0
2.54693198558,-1.27710873076,0.792036483961,-0.0134374601766,0.0335681885481,0.371390461922,0.927772462368,0.0181487362929,-0.204403649336,0.0655558495008,0.919605658858,0.170949677516,0.21746476571,-0.849669345208,0.139035857574,0.154868698033,1.12102930485,-0.268994110374,-0.213731403517,0.125562027097,0,0,-0.322442265369,0.197210745068,-0.648612721461,-0.423261210342,0.0122502526086,-0.711209842281,-9.88906328868e-23,0.833524033097,-0.571476867725,0.239076946781,-0.197326120416,-0.00485611211215,-0.630050402233,0
2.59036909049,-1.23678697401,0.794514459838,-0.0144744934514,0.0337833948433,0.393558889627,0.918564379215,0.0286245285633,-0.181947855323,0.0479384067799,0.906276348565,0.450160615057,0.114860395817,-0.736267243398,0.145934703389,0.21045725549,0.851167371814,-0.230267347693,-0.19548209586,0.0916214883327,0,0,-0.220048722221,0.255351157312,-0.673726731092,-0.420266244804,0.00958661881619,-0.71360110202,-4.03801423046e-23,0.789453512214,-0.573819158591,0.233706723757,-0.185213470289,-0.00437081485337,-0.618750759272,0
2.63164271352,-1.19503462308,0.785749125011,-0.0162764433771,0.0356632918119,0.414875596762,0.909033238888,-0.00356426854308,-0.145478772733,0.0383637301816,1.07299000928,0.52359,0.0470373349738,-0.643507728891,0.136374054862,0.214491234165,0.696454216752,-0.202823056367,-0.243632208185,0.0652568712831,0,0,-0.0998234659095,0.326993889054,-0.692671313006,-0.379199100207,0.00714768032521,-0.701521075082,7.1974646104e-23,0.713327379913,-0.590858484878,0.25059601332,-0.165891641342,-0.00368543980642,-0.601415336918,0
2.67481283556,-1.15974827728,0.769218216342,-0.0161593724042,0.0336404815316,0.432689458132,0.900770246983,-0.0896232390424,-0.112118362391,0.038341647589,1.30754715448,0.52359,-0.0561994062231,-0.542980632251,0.0875109594879,0.193772997898,0.660317852072,-0.224074377795,-0.0501394063074,0.0343198142946,0,0,0.041825020853,0.401899619727,-0.686230822772,-0.320746847169,0.00464144534665,-0.676531436932,1.6892309091e-21,0.59744540422,-0.648156615685,0.301072240247,-0.140351950422,-0.00283525917706,-0.576764720136,0
2.71294031313,-1.12651581448,0.740436180467,-0.0184232890606,0.0365641787648,0.449593096972,0.892294645309,-0.240040942861,-0.135143030565,0.0169268634867,1.62719965438,0.52359,-0.119302592005,-0.529337280571,0.0692059150967,0.190261603667,0.835530280681,-0.41850293126,0.0495419064565,-0.00738159706816,0,0,0.18386114351,0.481015402796,-0.659873598361,-0.250493845742,0.00241417629762,-0.637751362632,3.95782318441e-22,0.402616353853,-0.72117592015,0.408034976455,-0.094469118067,-0.00178279152649,-0.530777714501,0
2.74864280589,-1.09552596397,0.714376964367,-0.0231217034161,0.0439940728247,0.464650332928,0.884098410606,-0.429920226454,-0.276627577764,-0.0319996961112,1.89804588298,0.52359,-0.261789969318,-0.570150890307,0.0724610530969,0.147918506544,1.10332740437,-0.67764450645,0.0391633515769,-0.0454321056604,0,0,0.327741127169,0.532098691227,-0.612377631222,-0.198827540901,0.00131269422548,-0.602755834211,-7.20587884654e-21,0.1557904798,-0.755312412165,0.548481175407,-0.0374262146276,-0.00114460699306,-0.464571652428,0
2.77936315275,-1.05939625478,0.709244996811,-0.0274002924562,0.0495509244502,0.483138203621,0.873711287975,-0.619007504342,-0.298383716411,-0.0173270945212,2.00267233037,0.52359,-0.26179,-0.488946556579,0.0542533413109,0.111374333052,1.13792030325,-0.833016624,0.0178377615894,-0.0830058380961,0,0,0.457691081931,0.549341423715,-0.541820011261,-0.201958261012,0.00121852982405,-0.60243972845,-2.03639630631e-22,-0.0537095933962,-0.700247697668,0.642154105684,-0.0125544058067,-0.00185384245436,-0.423244824807,0
2.80698185132,-1.01913729819,0.717544043202,-0.0309743061662,0.0516896173358,0.513080060482,0.856222867966,-0.780049109877,-0.278986013758,0.00395127685851,2.0156879038,0.462236365382,-0.108553624874,-0.338232706584,0.0242549542144,0.0464987725547,1.02008926672,-0.853191994759,0.00235024930476,-0.140278324485,0,0,0.550467188957,0.577786441045,-0.488333711961,-0.244482961925,0.0014124182969,-0.632575545104,-2.86727346946e-22,-0.210897123612,-0.575412447574,0.689838915894,-0.0333074121823,-0.00438443484724,-0.446512015195,0
2.83376781759,-0.969894083006,0.739919312148,-0.0329756364226,0.0506967641413,0.544254601002,0.836737334728,-0.855943407416,-0.277194964995,0.0190212148218,1.89930778219,0.156911426425,0.0260827455095,-0.0925995137836,0.036763848282,0.0057502298841,0.715785307582,-0.779120772913,-0.0368316897462,-0.181853815913,0,0,0.626430725368,0.592065513937,-0.442573155895,-0.295278525922,0.00222802070457,-0.665967853513,-6.3891128972e-21,-0.315667339183,-0.451310647537,0.724443141727,-0.0681824998182,-0.00757703814804,-0.490707213757,0
2.85667661388,-0.917784692714,0.763993747331,-0.0341612994671,0.0488110631704,0.572371244431,0.817827403545,-0.858457420707,-0.322280859678,0.0121094567636,1.68371781374,-0.0872807436071,0.0682151955782,0.0917840546822,0.0377740136343,-0.06706487453,0.48862882982,-0.67760556389,-0.0570742308327,-0.210909545422,0,0,0.693477921934,0.58764477894,-0.396195781015,-0.341654749064,0.00324605666082,-0.691318037768,-4.22982061978e-21,-0.376381886954,-0.357025941404,0.771856163755,-0.107908822184,-0.0103852994674,-0.534919282087,0
2.87788268198,-0.86417840092,0.785842667655,-0.0340922214091,0.0457680597901,0.596400976181,0.800655245781,-0.796824463247,-0.366660463302,-0.00647370776526,1.37153489702,-0.254579863387,0.15915167385,0.203720660146,0.0213550596314,-0.176466109829,0.363267151707,-0.517986722356,-0.0700174530755,-0.218335583806,0,0,0.74297061845,0.555014269952,-0.364574978781,-0.370430935186,0.00411621907419,-0.704657220669,3.01014929937e-21,-0.414391959252,-0.30753302907,0.832451348097,-0.147109304274,-0.0115858550744,-0.572179593246,0
2.90037850969,-0.809274513185,0.801352279162,-0.0312958583236,0.0400139130652,0.615276217461,0.786673128605,-0.6682528032,-0.379383439903,-0.0227943601653,0.994034685198,-0.371773881206,0.204197709343,0.256771663471,0.0164042307124,-0.21490852062,0.321083766145,-0.0246487799829,0.0133748404806,-0.193261310458,0,0,0.773201202232,0.508256031084,-0.353371759584,-0.386649540678,0.00475861366116,-0.709882307308,2.2602887857e-21,-0.426432767163,-0.295959489564,0.888162322101,-0.185488243328,-0.0107726723146,-0.60441295567,0
2.92391925313,-0.755638684492,0.807790391371,-0.0264218896627,0.0328827388585,0.625808537006,0.778835237026,-0.492323019722,-0.390801043006,-0.0381669291514,0.444528331765,-0.43428707975,0.26179,0.254465711487,0.0381610143001,-0.153143018766,0.385699377296,0.492542394694,0.0949801055516,-0.187356248498,0,0,0.792998384946,0.468152740048,-0.347086397283,-0.393427324439,0.00487582427701,-0.712032250498,-1.07785719555e-23,-0.437551845701,-0.291582898536,0.964579836422,-0.211666574523,-0.010273259716,-0.625072986528,0
2.94756762267,-0.704436279732,0.799241952728,-0.0209691561759,0.0258577670902,0.629514455795,0.776275217533,-0.38591145227,-0.382662133271,0.00458572849036,0.208622431271,-0.51389789014,0.261789999994,0.156055474007,0.0215416153591,-0.154919949348,0.736403333359,0.519340328371,0.162773362014,-0.14184319973,0,0,0.77753138197,0.431529333938,-0.341990808296,-0.388067112942,0.00491354637375,-0.707239477116,-1.4859974418e-23,-0.434123534289,-0.325093823747,1.00788403118,-0.225835742744,-0.00794813273033,-0.635092676099,0
2.96832433535,-0.655531560692,0.781626837137,-0.0200721938163,0.0243186932057,0.636241316795,0.770845413208,-0.296117597132,-0.411300499348,0.00968163908672,0.0091539058322,-0.46720417199,0.243283713571,0.0347230122415,-0.0852967564549,-0.222335880416,1.11636970179,0.523589992188,0.23334361446,-0.118650279939,0,0,0.730058086648,0.408876740961,-0.351849657198,-0.376860053302,0.00454452523186,-0.701165647455,-1.95572743513e-23,-0.423251285555,-0.372408187191,1.0193122372,-0.231042374963,-0.00666301903443,-0.638320351945,0
2.98785397898,-0.607510701819,0.759147175258,-0.0244643706828,0.0286103393883,0.649430155754,0.759488880634,-0.395658447181,-0.435966717455,0.0746243772598,0.227430412406,-0.467937931277,0.261789978173,-0.0762084660794,-0.231535511976,-0.286846649702,1.44248008711,0.52359,0.209315671078,-0.0786907970905,0,0,0.631619939673,0.401513614735,-0.371679272528,-0.358500730111,0.00421746630245,-0.691241360981,-1.72936756385e-23,-0.378501649885,-0.451418368208,0.964410606529,-0.223450181723,-0.00490854589441,-0.632396472398,0
3.00486262916,-0.563347613924,0.730198220289,-0.0291535891593,0.0327260792255,0.664536714554,0.745969176292,-0.535313898973,-0.447118011469,0.120163971436,0.650593079433,-0.377428739627,0.259364121225,-0.215684669065,-0.401816860975,-0.30850118339,1.759831995,0.52359,0.0228679803122,-0.0180103015155,0,0,0.482121635695,0.396889190082,-0.409087651466,-0.317592063671,0.00442600895652,-0.669683621036,-2.055098563e-25,-0.296878800308,-0.556580589793,0.859387576883,-0.177558430054,-0.00231049799235,-0.599202210994,0
3.02198307021,-0.518253867139,0.70877728359,-0.0355237349868,0.0377315729856,0.684562981129,0.727109313011,-0.63271006092,-0.45079623814,0.146472249754,0.952760228239,-0.4657954726,0.255397700631,-0.381204752051,-0.494609090996,-0.278335916688,1.96751530307,0.483781280414,-0.15954681175,0.0328753776848,0,0,0.294039077442,0.402844663634,-0.458709103689,-0.25863470122,0.00506828921474,-0.638354517209,8.13567655429e-21,-0.126855009151,-0.611038245882,0.688803798102,-0.0893507189551,-0.000234865231155,-0.520661767254,0
3.04218214379,-0.477304163606,0.6890288806,-0.0293241981417,0.030555088073,0.691803872585,0.720842480659,-0.642510334208,-0.434293467483,0.174730884239,1.19439777462,-0.647496135671,0.248921933833,-0.644485124937,-0.485860256203,-0.118413811771,2.19639299398,0.272942657463,-0.261787415875,0.0713970065117,0,0,0.198413736618,0.373142420919,-0.466440460971,-0.271871955126,0.00691032858017,-0.642683411688,3.22249654127e-24,0.0564546350314,-0.682860982334,0.57134218741,-0.0376422989611,0.000691247117215,-0.458298568121,0
3.05600694652,-0.42810152741,0.688178174094,-0.0336172692478,0.035533413291,0.686426579952,0.725552082062,-0.563277961987,-0.412290157563,0.162354902069,1.22103701815,-0.768563019505,0.246571557619,-0.860807379338,-0.242214353706,-0.00513407387311,2.22271045059,0.041426303317,-0.26178999999,0.0873632356524,0,0,0.124639303034,0.415984175764,-0.410092230851,-0.33177149816,0.00991161999692,-0.67000105745,-1.75787372668e-21,0.180369498177,-0.708360031542,0.486109512782,-0.058178577836,0.000516606459741,-0.477228776819,0
3.06670379721,-0.375338598997,0.699619365576,-0.0355305336416,0.038408242166,0.678141772747,0.73306620121,-0.420142795492,-0.377183397384,0.142468287724,1.1393386315,-0.828041265169,0.246076031743,-0.987867719932,-0.0868387764301,0.0709580239191,2.12422354899,-0.176585094196,-0.26179,0.12873506546,0,0,0.116010659708,0.446899571395,-0.353279473448,-0.4162566201,0.0150148319984,-0.702202445137,8.02420535991e-21,0.310657449048,-0.758177647928,0.414537834111,-0.10640460536,0.000557669596914,-0.532292591355,0
3.07344916988,-0.317511462535,0.7203625428,-0.0333351232111,0.0368989147246,0.669535219669,0.741113901138,-0.236626216968,-0.368678925798,0.113627741849,0.965484537222,-0.808086000131,0.247648783119,-1.01588052257,0.0305198712791,0.141106120362,1.90777218885,-0.342524806833,-0.261789999953,0.136514544487,0,0,0.182735855991,0.496232488024,-0.286047183017,-0.4494557476,0.0165836643283,-0.703438949214,3.12386598897e-22,0.456855452915,-0.777014007209,0.337342367116,-0.159865563637,-0.000742613849443,-0.583817724275,0
3.07676760476,-0.255924728293,0.744926117784,-0.0278011150658,0.0307979546487,0.669491648674,0.741659998894,-0.0506958448268,-0.361240164495,0.0831785881705,0.756193082357,-0.727104906353,0.250829245995,-0.942097527952,0.12654069438,0.22324534815,1.59847112588,-0.444143108777,-0.26179,0.106374204159,0,0,0.269588063081,0.53509793669,-0.263608521326,-0.47769378472,0.0146537526213,-0.705944795873,2.52004146725e-22,0.610100909811,-0.75737460106,0.245605633939,-0.207133895875,-0.00313868669736,-0.617134647938,0
3.07927851511,-0.192303167545,0.767092052869,-0.0219020470977,0.0236416496336,0.679249286652,0.73319965601,0.0708617217552,-0.324983355032,0.086038221818,0.660510950808,-0.610990285905,0.253801582109,-0.810155481724,0.176196502,0.283759116425,1.23606415468,-0.539497433826,-0.26179,0.0871734917164,0,0,0.333110395249,0.535320656311,-0.305004657016,-0.494849178369,0.0124490905393,-0.708947437392,1.87974952667e-22,0.766837081108,-0.719529295546,0.158693833665,-0.233616024925,-0.0052363871467,-0.632535772516,0
3.07942274723,-0.12743750881,0.777409417435,-0.0212936587632,0.0218285378069,0.697957515717,0.715489625931,0.108900951842,-0.2689494455,0.132116979536,0.732645213328,-0.325632574306,0.256243814795,-0.721471671253,0.220468648721,0.359166868056,0.974868813516,-0.64139878895,-0.261789999765,0.0891899242997,0,0,0.345690656034,0.500731903919,-0.381860250763,-0.496453995387,0.0116906593687,-0.710446890962,-1.318374016e-21,0.896792419214,-0.678098333024,0.0936163916181,-0.238793429074,-0.00659194528287,-0.63610271107,0
3.07874827572,-0.0698851298905,0.779536731696,-0.0188490208238,0.0181707963347,0.719693779945,0.693797767162,0.0810392011381,-0.198051224343,0.183257847441,0.929620085691,-0.0909332206443,0.258732627235,-0.621477301632,0.188516533886,0.4209977249,0.714065105136,-0.706109173967,-0.154432906604,0.0687249973416,0,0,0.347936581612,0.460901163784,-0.45197385362,-0.489987795583,0.0102177552771,-0.713435856594,2.96235976625e-22,0.969527005322,-0.654042761559,0.0640703376903,-0.231194525105,-0.00707165918132,-0.629808186158,0
3.07954900514,-0.0132334405606,0.772582847158,-0.027671309188,0.0251826252788,0.739064395428,0.672594964504,0.00101134354582,-0.124125751019,0.21758448773,1.18724674975,-0.018210913778,0.261774945372,-0.608845168166,0.16384114543,0.370330212978,0.654951263625,-0.752165904857,-0.0729335127289,0.0287839341909,0,0,0.310197417194,0.432553336663,-0.490350735496,-0.478584498135,0.00824226522793,-0.716647584594,1.57985886084e-22,0.917052205622,-0.639280695629,0.0871325880759,-0.205248286987,-0.0060556719158,-0.609929667999,0
3.08147706864,0.0377840905826,0.755338559378,-0.0327604673803,0.0286568142474,0.751961231232,0.657768845558,-0.148420264861,-0.0843202009899,0.195498682076,1.52474320545,0.0688277392459,0.261789999162,-0.620396521538,0.0955452016436,0.228916537316,0.707720686895,-0.709292795728,-0.0954235741732,-0.0426292270422,0,0,0.304532797911,0.398567807688,-0.47472948582,-0.436913006343,0.00465992272571,-0.712191879855,-1.20196076626e-20,0.773109422431,-0.667845089717,0.16235613532,-0.166495191262,-0.00451432092713,-0.577467212874,0
3.08576348084,0.0865029367723,0.729141413088,-0.0432166680694,0.0365035459399,0.762724041939,0.64424520731,-0.354780537573,-0.0757247026549,0.187719128698,1.90650045101,0.0857356766742,0.258426190297,-0.705412268932,0.105430157087,0.186235039281,0.917616160042,-0.581265248974,-0.038519623239,-0.0646373778582,0,0,0.342000649864,0.352641223512,-0.436306826556,-0.307344082504,0.00270245000176,-0.663665186919,-4.2515889392e-21,0.574551638396,-0.707443212717,0.289074193616,-0.151784090631,-0.0038108332215,-0.564186504898,0
3.08413462228,0.134980843524,0.707474755701,-0.052548520267,0.0434526726604,0.768858194351,0.63577324152,-0.588320829462,-0.111995029659,0.168248233979,2.16778065548,0.108670335858,0.233680198023,-0.75351362804,0.104093970819,0.150680195956,1.11528316078,-0.606852814993,0.0274488374924,-0.0841262564063,0,0,0.439537654597,0.311333870924,-0.389763503542,-0.179516781271,0.0017953741185,-0.587528767781,-7.70412947708e-21,0.273351547031,-0.71100053615,0.451197282266,-0.1749573707,-0.00449157022937,-0.579322068648,0
3.07312957954,0.185637925357,0.700001098475,-0.067375831306,0.0544473826885,0.774856925011,0.626173079014,-0.797557073884,-0.133379549809,0.169166809839,2.28491707287,0.060711694853,0.214799335138,-0.733123635571,0.100031608158,0.124006259515,1.22030145787,-0.726814695204,0.0405739454089,-0.0904714763165,0,0,0.54737472785,0.291416561519,-0.364673098587,-0.153703014285,0.00214921877223,-0.563836744821,-4.17248316651e-21,-0.0544719330376,-0.643196471176,0.573836896352,-0.202475002345,-0.0058781738773,-0.599799442313,0
3.05716869465,0.233307300622,0.702070325329,-0.0711175575852,0.0534430965781,0.796263933182,0.59837269783,-0.95365909252,-0.168088930956,0.15792861957,2.28974066174,-0.0265094196779,0.206419853063,-0.615497002566,0.023194110947,0.0616972922988,1.21225728308,-0.840161301985,0.0507652324682,-0.146194621921,0,0,0.651303041774,0.332847731243,-0.352548240189,-0.188465198505,0.00223537248949,-0.58693714971,-7.48622455247e-21,-0.266374620284,-0.499301640323,0.636371988594,-0.238122187819,-0.0100166366657,-0.624026444292,0
3.03017076414,0.28630753801,0.726377384134,-0.0702776387334,0.0475551262498,0.825217723846,0.55840420723,-0.999169157625,-0.235630638444,0.129333040107,2.07360423752,-0.132477531925,0.180767115136,-0.298229473417,-0.0390097221964,-0.00938453087815,0.853549085272,-0.79596472725,0.0597137793348,-0.211789935827,0,0,0.74360712172,0.36812475049,-0.33161015601,-0.239610337057,0.00294278792996,-0.626506454838,3.39334907044e-22,-0.388568268173,-0.35150352328,0.681209426684,-0.286562960196,-0.0155574806645,-0.658542821017,0
3.00178158545,0.339840343755,0.750126475041,-0.0687864348292,0.0426579043269,0.847057282925,0.52530246973,-0.978263668157,-0.298553901571,0.0864110613288,1.80746559218,-0.22386504853,0.171130055962,-0.0623264613128,-0.0281536989267,-0.05781254385,0.593411089219,-0.70478968049,0.0286648943442,-0.247863888741,0,0,0.829698024439,0.370480007691,-0.291924159223,-0.291907094111,0.00419433981622,-0.662865757108,-4.44612944015e-20,-0.468917822048,-0.252438795431,0.748539550231,-0.327227531041,-0.0186422369186,-0.682685056015,0
2.9719597302,0.393522149178,0.772756780581,-0.063839122653,0.0364689528942,0.865954935551,0.494688361883,-0.904918778685,-0.328085880092,0.0584204733632,1.45482788789,-0.322138242511,0.201272431718,0.114625358656,-0.0148701513109,-0.151704022216,0.413962072895,-0.583200138498,-0.0267877848549,-0.244602128863,0,0,0.882254658052,0.361401004718,-0.262740997231,-0.34387035327,0.00533394255599,-0.692463921132,8.93037665181e-21,-0.514650158775,-0.205968333753,0.81313727572,-0.358486690362,-0.0185536820546,-0.700300197459,0
2.94111400222,0.446546306522,0.785114876293,-0.0566132776439,0.029692158103,0.883778333664,0.463518232107,-0.792128801426,-0.332688107485,0.0539718625358,1.13374082893,-0.43507659059,0.254833874967,0.191684653552,-0.0354127779823,-0.25919845087,0.41343194477,-0.283626943989,-0.0238592455389,-0.201109975576,0,0,0.881821497555,0.352771881628,-0.254281108316,-0.388969140442,0.00575261056976,-0.711886220768,-2.75020524953e-21,-0.522410391483,-0.221832762616,0.848796823171,-0.3702761439,-0.0155932439332,-0.705444887894,0
2.9111025409,0.500681111516,0.791284361647,-0.0464321710169,0.022668890655,0.897422730923,0.438135385513,-0.639647014378,-0.348336660012,0.0491580331471,0.659045412671,-0.49103004526,0.255890142361,0.216187685027,-0.0194844228596,-0.238852275573,0.471098160663,0.290331034026,0.0316546472512,-0.167491644621,0,0,0.846571809396,0.345865869672,-0.261252696599,-0.427283910368,0.00562058071094,-0.724622153029,-5.83497845596e-23,-0.4974409889,-0.252380775228,0.893362205746,-0.376641339958,-0.0130605956016,-0.708807745806,0
2.88427733823,0.554249043702,0.784647491869,-0.0382557287812,0.0177104640752,0.906664907932,0.41973990202,-0.524847494743,-0.345913237423,0.0693831847131,0.429227859378,-0.565843943447,0.153448399127,0.162356187821,0.0146380809582,-0.207856441901,0.724728332362,0.447390404966,0.0976150217571,-0.129849180579,0,0,0.787355062867,0.343770028255,-0.27165124113,-0.43770630258,0.00521093823766,-0.723814583002,6.07525948704e-22,-0.460070383829,-0.291307490344,0.924509002213,-0.375667651659,-0.0103069921829,-0.711695337029,0
2.85752490922,0.603295528894,0.770198961919,-0.0371141657233,0.0164883472025,0.913120031357,0.405662953854,-0.468500488025,-0.367028612917,0.0913816677003,0.297840102623,-0.548280900008,0.131452889411,0.0462181811881,-0.0531537048115,-0.253953915642,1.08588643372,0.523589987064,0.249221935455,-0.109213903546,0,0,0.708346590741,0.33399690769,-0.287651265349,-0.446492937652,0.00451052932995,-0.722831712601,-9.73613236379e-23,-0.425945725289,-0.336193311924,0.946758088215,-0.345218572795,-0.0083205814815,-0.701954949784,0
2.83053859619,0.647602794116,0.745361115738,-0.0439791642129,0.0189146008343,0.917588889599,0.394637495279,-0.528732043521,-0.387164159577,0.154636290264,0.453927094649,-0.431275741542,0.260642620994,-0.113744809829,-0.227069056295,-0.302235193181,1.51036435943,0.516483384937,0.208582997304,-0.0458478741348,0,0,0.595415893744,0.290565315035,-0.320654705113,-0.448487649535,0.00504715233935,-0.719396763585,-2.08295901281e-21,-0.376196158252,-0.431043307138,0.928581733946,-0.31525223667,-0.00481951473921,-0.689762309089,0
2.81077353417,0.692597463513,0.71605881398,-0.0484140701592,0.0194810498506,0.926447927952,0.372787892818,-0.661462967593,-0.410306386693,0.191248056782,0.837732874981,-0.373068180508,0.256449543545,-0.267132460162,-0.388255783296,-0.301213628669,1.85684673712,0.523589998063,0.0775263993587,0.0258655678481,0,0,0.430956666919,0.245858796758,-0.383093956924,-0.411665798152,0.00658826127664,-0.707377761633,-2.92561076603e-25,-0.251118403678,-0.555371055411,0.847357148104,-0.264371437612,-0.00154795265648,-0.663319380867,0
2.78787043702,0.735834002477,0.693163114752,-0.0601634159684,0.0218250658363,0.938129603863,0.340318799019,-0.754129146353,-0.414867258373,0.20174191704,1.17881974595,-0.540819484578,0.2517970048,-0.441302545615,-0.622634983769,-0.318138463315,2.1092065267,0.518634327572,-0.261789999998,0.0885238796473,0,0,0.227914933226,0.225666524477,-0.45558294993,-0.323252480775,0.00892096272628,-0.673992678099,-4.51895004141e-25,-0.056263244058,-0.634507246307,0.691867929701,-0.170880556605,0.00084307538586,-0.600206922367,0
2.75951852195,0.777801550809,0.681100881217,-0.0630124360323,0.022028170526,0.94187515974,0.329264938831,-0.734263696029,-0.421914926825,0.186513998593,1.33448714125,-0.748683391597,0.24788154623,-0.762998082595,-0.506484079703,-0.11078758729,2.26149181524,0.393954028306,-0.26179,0.103797413409,0,0,0.114915287645,0.203390284427,-0.478097535251,-0.330333207546,0.011156661846,-0.676060796105,-5.36035984943e-21,0.114063129579,-0.673786878297,0.567593445788,-0.104250692548,0.000962671836918,-0.539033644176,0
2.72605031196,0.819242202525,0.685014273626,-0.0677951946855,0.0235809814185,0.942060291767,0.327673792839,-0.626903251317,-0.399554710063,0.163601834137,1.32803308961,-0.847576703616,0.245858223233,-0.996784941674,-0.283012280428,0.00830021973055,2.27504519578,0.209961634679,-0.26179,0.15636703372,0,0,0.0225025870532,0.209761061874,-0.501866043107,-0.39377933729,0.0159114969749,-0.701928199977,8.00722758395e-21,0.281507329087,-0.679901509469,0.4460516699,-0.133198411099,0.00129723875274,-0.562027056726,0
2.68729899756,0.860250267461,0.700957677499,-0.0678778514266,0.0232382453978,0.943653821945,0.32306355238,-0.472575569175,-0.389792263206,0.125901613354,1.22744903717,-0.850922892974,0.246661405288,-1.11894683975,-0.159514270361,0.0701400343814,2.18823964921,-0.0439616468093,-0.26179,0.214397639036,0,0,-0.010887859525,0.229093225313,-0.528617659396,-0.419206236349,0.0205439709546,-0.705720581965,3.73252600262e-20,0.447548275084,-0.676906361415,0.351579203631,-0.18068011806,0.00118977736898,-0.603210047986,0
2.64230843812,0.900666169649,0.723639549312,-0.0602913722396,0.0204121768475,0.945267140865,0.320028573275,-0.305374873512,-0.381676571957,0.101844585541,1.09932752295,-0.837915875635,0.247125999476,-1.13890427321,-0.100098059785,0.101885888093,1.98978965558,-0.190785252165,-0.26179,0.235385477543,0,0,-0.000200665856827,0.25890185019,-0.542901567623,-0.438759643452,0.0221010451562,-0.704062687504,3.64391478909e-24,0.597110606027,-0.649042582584,0.269762027324,-0.211235672309,-0.000444091850491,-0.628522596639,0
2.59457746829,0.94105050736,0.7464902582,-0.0514655038714,0.0171511992812,0.947308242321,0.315696358681,-0.155861479439,-0.359442139257,0.0630528473022,1.02319474417,-0.818337273764,0.24756579977,-1.09369762433,-0.0230719146584,0.112225498798,1.73015194565,-0.273797824101,-0.261789999912,0.160413146019,0,0,0.0265299159616,0.330639711361,-0.524116992821,-0.467197688571,0.0174740708087,-0.707740514464,-5.5367246899e-23,0.675579259562,-0.593518238483,0.223483275299,-0.219274036901,-0.00309580805811,-0.627880460054,0
2.54337111797,0.980719931576,0.76800594313,-0.0424746833742,0.0136065287516,0.951381206512,0.304769694805,-0.0570250928849,-0.297885401959,0.0701437669241,0.913866023704,-0.5546787281,0.251720220007,-0.982472391783,0.057136731225,0.130276032023,1.39632789587,-0.298227717859,-0.26179,0.106883622706,0,0,0.06766359225,0.365504695091,-0.525114843362,-0.481826550426,0.0140412139153,-0.71148633348,-3.53305434738e-22,0.750269125842,-0.551011175635,0.190626823484,-0.216385018158,-0.00468039386757,-0.62079516902,0
2.49540933289,1.01704472677,0.771792639233,-0.0423051789403,0.0123042976484,0.959279119968,0.279002606869,-0.0358826899539,-0.236037347774,0.0987623135874,1.07491043769,-0.264154064143,0.252274900277,-0.941711092087,0.114804260009,0.212928735627,1.19775546156,-0.313971104542,-0.223058533879,0.0834024846554,0,0,0.102592589186,0.339172404058,-0.565264994284,-0.486391727585,0.012071737816,-0.714281032866,2.45999914602e-20,0.812634644332,-0.545343550157,0.144553635637,-0.215635549922,-0.00552781485617,-0.618250134253,0
2.44704027838,1.0524073534,0.769448702786,-0.0457074940205,0.0115163847804,0.968616187572,0.244050934911,-0.0510579641315,-0.191537761096,0.0995610845245,1.23638531899,-0.215416364041,0.252803644774,-0.882655165259,0.121922291961,0.281368712794,1.02228449837,-0.278435227804,-0.0893158511906,0.0496384613216,0,0,0.127430070983,0.31925811328,-0.599003808421,-0.484126752518,0.0090825975665,-0.716991047886,6.05770478129e-21,0.821255375534,-0.533929057226,0.114930368182,-0.193720564136,-0.0055579104773,-0.600603900993,0
2.40175533635,1.08558260558,0.756989556907,-0.0457207635045,0.00966253876686,0.977320492268,0.206545040011,-0.10166420814,-0.151498682956,0.0620087110123,1.5020589748,-0.239010260456,0.217278826544,-0.824813811949,0.0769031061234,0.291583928621,0.9468658849,-0.260141003361,-0.107651137022,-0.000616254284978,0,0,0.147621183501,0.307093167884,-0.605715172901,-0.472339813559,0.00532689164306,-0.719656702151,6.03607337233e-21,0.78263722293,-0.539995320562,0.0943698442649,-0.158085281962,-0.00511864904584,-0.569796571642,0
2.35331043941,1.11937281708,0.745045196967,-0.0583610497415,0.010169618763,0.983424901962,0.171365246177,-0.193263503323,-0.11021207668,0.0270004596412,1.70000682051,-0.19739197783,0.204237096155,-0.713526448856,0.0349750155624,0.249810714545,0.875047923082,-0.275033300786,0.080835357077,-0.0349849797785,0,0,0.167884914058,0.326706455541,-0.587195252378,-0.439440004998,0.00335692763195,-0.716056390479,-1.19494154181e-21,0.660689555895,-0.55663513736,0.107368312381,-0.120573362831,-0.00457493273842,-0.534966610159,0
2.31339650009,1.15126378958,0.720596974804,-0.0659305229783,0.00960568338633,0.987353861332,0.143851563334,-0.359228817361,-0.0973564546413,0.00575207795689,1.98200508444,-0.107676757501,0.221525047471,-0.644960943529,0.00752554990246,0.228015781819,0.932508771434,-0.430951958774,0.16829970484,-0.0701814815402,0,0,0.246792431406,0.338324798804,-0.548462960998,-0.367881170129,0.00138782252315,-0.692236694506,-7.31343119667e-20,0.45847121957,-0.631617791616,0.140014089179,-0.0859546660656,-0.00438034140615,-0.498531371592,0
2.27610964593,1.18067936178,0.698924453877,-0.0788702741265,0.00990583281964,0.989065170288,0.124223157763,-0.588590314284,-0.118206897169,0.0280158636095,2.22443530873,-0.0562453696309,0.246733539239,-0.638128918351,0.0318712141351,0.19771107664,1.09297630337,-0.649677170278,0.142416488568,-0.0989547148347,0,0,0.351630081927,0.345554397938,-0.487097423759,-0.265833910398,0.000594594579209,-0.643503973805,2.81605935385e-22,0.164246616204,-0.670220546624,0.209656394203,-0.0514726090252,-0.00482753152422,-0.459785019029,0
2.23949901685,1.20110881221,0.684151292044,-0.0874466374516,0.00966379418969,0.990094840527,0.109416127205,-0.823207571475,-0.176228584972,0.0733689598883,2.30728708215,-0.0525793896877,0.235511983416,-0.652327024726,0.0150300871839,0.167345841117,1.27275126159,-0.852149637498,0.119343215607,-0.137133345008,0,0,0.496984803079,0.341684668083,-0.414797563443,-0.229381853205,0.000722059344578,-0.619542739191,-6.19952054445e-23,-0.115623496604,-0.626720772553,0.273497977898,-0.0327197120204,-0.0068496848132,-0.436362973702,0
2.19502992888,1.21082475292,0.689774262583,-0.095415443182,0.00736279925331,0.992459893227,0.0765838623047,-1.00627853424,-0.246382895211,0.116446021314,2.28855911229,-0.102385744414,0.197401862704,-0.471240250391,-0.0354847075847,0.0984204233823,1.09345841611,-0.871158419932,0.0976529639676,-0.167266979814,0,0,0.615855024921,0.385026413925,-0.368558589022,-0.263293617474,0.00129928631752,-0.637774777101,6.36359254418e-21,-0.319996201038,-0.562566430918,0.324159492008,-0.0633219296663,-0.0101575350729,-0.468500573216,0
2.1427538935,1.21614851852,0.706919746973,-0.0958484560251,0.00353963766247,0.994711577892,0.0367342233658,-1.07718260595,-0.308171691315,0.129261489004,2.09803538488,-0.204212576149,0.198143886323,-0.246969467403,-0.0546395834585,0.0352632025505,0.862518500763,-0.845069573807,0.0714223388767,-0.206468835473,0,0,0.725707084723,0.435546511216,-0.347586263165,-0.306192195927,0.00265430264462,-0.667097243373,8.76168883012e-22,-0.47652952623,-0.506200690218,0.396488454996,-0.10873763431,-0.0139765623294,-0.518785158172,0
2.08256942212,1.21807669162,0.738000619356,-0.106719076633,0.000347871216945,0.994283854961,0.00324105797336,-1.03079545392,-0.352976326358,0.112111022982,1.70850096427,-0.281223664901,0.230777832393,-0.0239262060779,-0.0414743481893,-0.0441498205126,0.546929927418,-0.722727378636,0.0379972501034,-0.23067907989,0,0,0.806364870064,0.454725243774,-0.31159481685,-0.338045494076,0.00426329801188,-0.686987146421,7.19257946182e-22,-0.595489792423,-0.477331547505,0.481263966473,-0.171312635237,-0.0167848482477,-0.573975331155,0
2.0239653666,1.21857503772,0.76104635945,0.101355090737,0.00265232217498,-0.994506299496,0.0260248500854,-0.917528477077,-0.37972284155,0.0761258833324,1.30403692622,-0.364601901291,0.251216219832,0.123510334817,-0.0619727903479,-0.185309214739,0.385443557708,-0.572488358455,0.0234644700761,-0.221856236458,0,0,0.877664714696,0.449291238495,-0.286635079621,-0.348355747903,0.00598494985707,-0.693687713246,-1.24580382616e-22,-0.632435045504,-0.469120293215,0.569040347159,-0.236161289737,-0.0168599316834,-0.622192868204,0
1.96234208113,1.22037487053,0.777647849799,0.0902462601662,0.004730112385,-0.994543075562,0.0521273724735,-0.755675728192,-0.38941868575,0.0373961513397,0.871592364269,-0.420374664489,0.232525900259,0.228168666512,-0.0620509357942,-0.268435082758,0.294301352795,-0.209807990154,0.0176620843678,-0.187618046999,0,0,0.909866622673,0.438925634393,-0.276748917737,-0.345607263756,0.0067703592202,-0.69164802266,-1.00922126124e-20,-0.602522182223,-0.471511160497,0.64304234763,-0.294368073518,-0.0149923787821,-0.658784067268,0
1.90090182579,1.22462116954,0.783213883719,0.0762942284346,0.00514720985666,-0.994810640812,0.0671151578426,-0.595003511063,-0.370001347803,0.0300285086818,0.464866576962,-0.476227631512,0.197913730571,0.247916970016,-0.0343357572647,-0.208961678767,0.339713094072,0.424205270964,0.0618511577548,-0.134178593755,0,0,0.913378269648,0.427606075804,-0.274127668113,-0.342944733577,0.00679285908407,-0.687241542966,1.50459126398e-21,-0.535728614048,-0.481718810999,0.711646821424,-0.347548524349,-0.011811170649,-0.688587317086,0
1.84252222878,1.22761102698,0.780250165605,0.0696135014296,0.00503725837916,-0.994959890842,0.0719956606627,-0.499203583094,-0.366697340898,0.0307318803844,0.284736140114,-0.522078849363,0.201937419489,0.17567747432,-0.00995802075379,-0.134412543306,0.605374692786,0.523589999993,0.120547743667,-0.109647929668,0,0,0.89412834617,0.408409254679,-0.272302211804,-0.336102814974,0.0064253554191,-0.682566861297,-2.89030715972e-21,-0.470415343291,-0.4685154773,0.785241312227,-0.375367678231,-0.010041373667,-0.70421171015,0
1.78950914092,1.22918793567,0.767254752406,0.073469415307,0.00589952105656,-0.994080305099,0.0798236578703,-0.509286000376,-0.374380600036,0.0556291987349,0.33253224568,-0.483655381833,0.189599590546,0.00556626844281,-0.069398879857,-0.157164344482,1.03104862637,0.52359,0.204386915749,-0.0696223527193,0,0,0.819911597466,0.375667947301,-0.281328552576,-0.323185607315,0.00576764945513,-0.674131458885,4.23098883027e-21,-0.385165197603,-0.483283776145,0.821446306121,-0.389300054233,-0.00767427422956,-0.713000222452,0
1.73825807426,1.23081021829,0.743473713426,0.0796258673072,0.00771385291591,-0.992150187492,0.0961157530546,-0.592479953813,-0.386809287017,0.0895099394922,0.631026657703,-0.431485434723,0.261789865054,-0.147298921681,-0.197365813207,-0.216996073608,1.41844255466,0.52359,0.162269957577,-0.0142820244655,0,0,0.687828929958,0.340063526345,-0.293176291835,-0.301535065158,0.00552794597268,-0.660239147173,-2.13856170737e-22,-0.259417427346,-0.528063638833,0.796850357644,-0.381096856517,-0.00491227955361,-0.711877855799,0
1.68639698023,1.23289752896,0.72059637201,0.0870300903916,0.0101483929902,-0.989449739456,0.115377619863,-0.677263282162,-0.405149359828,0.102725507592,0.916875566826,-0.452468297086,0.260008455372,-0.274612287614,-0.330493063142,-0.258813246976,1.69396254415,0.52359,-0.024163102189,0.0278960373253,0,0,0.502464111283,0.301449084546,-0.31212075976,-0.266245895537,0.0060110350457,-0.640514064467,2.31549333238e-23,-0.0933740373417,-0.548775264195,0.729452140997,-0.32508885446,-0.00264864627048,-0.688663241258,0
1.63807921799,1.23768382165,0.70097428173,0.0899973958731,0.0120448162779,-0.987068295479,0.132104441524,-0.71730183522,-0.406001885598,0.120846038201,1.15922394659,-0.600511164974,0.255777782244,-0.473642141407,-0.487561865688,-0.24274882607,1.96388348882,0.52359,-0.261781986587,0.0760028809309,0,0,0.318334867886,0.219297889551,-0.338923804637,-0.250135939219,0.008093458559,-0.631361133731,3.96379595438e-23,0.0954909654176,-0.589381002046,0.634614020198,-0.206916142185,-0.00031684929262,-0.621954591827,0
1.58855981363,1.23905227327,0.690608036063,0.0934405997396,0.0128942131996,-0.986195921898,0.136088818312,-0.685693867536,-0.390600309946,0.125422748022,1.31159695055,-0.793218011457,0.250947986905,-0.771703377836,-0.375098250603,-0.091884517144,2.17362831555,0.303078494969,-0.261789998029,0.115875430405,0,0,0.153374193473,0.149563641224,-0.359200031279,-0.291872469467,0.0112285539208,-0.653396284834,-5.5767819849e-21,0.248756641739,-0.644079270901,0.548809990535,-0.135479632735,0.000290585170716,-0.565257738391,0
1.53414298332,1.23558018075,0.698153590154,0.0991319566965,0.0134934131056,-0.985891699791,0.134195312858,-0.558440641615,-0.357251441329,0.101698454705,1.2669169203,-0.853070617523,0.249524095371,-0.981330872752,-0.218468271319,-0.0384530167504,2.20223295137,0.0482048565113,-0.26179,0.151630431414,0,0,-0.000559803320514,0.167083424444,-0.39459997101,-0.34045525177,0.0144883400696,-0.677957728309,-3.69173932559e-21,0.376523962584,-0.67121910912,0.479038546498,-0.160608580351,-0.0001681491276,-0.582319542399,0
1.47449510806,1.2262684407,0.719570142898,0.0924219563603,0.0118305571377,-0.987591445446,0.126417547464,-0.343416716329,-0.326836033249,0.057509021994,1.05435657356,-0.844361329569,0.251099968102,-1.06409355831,-0.117481772959,-0.0283629133566,2.06552651926,-0.144302333152,-0.26179,0.163693904877,0,0,-0.0876090519406,0.220431213601,-0.416381832236,-0.396142245487,0.0165081775276,-0.701620383822,5.68802049702e-23,0.487465192195,-0.697861104827,0.425241130491,-0.204304212702,-0.00130997915136,-0.61578521341,0
1.41055402548,1.21289091101,0.748616695669,0.0865924060345,0.0103322956711,-0.989173471928,0.118029206991,-0.114098480646,-0.292979250877,0.0276708815114,0.713382114971,-0.717098092496,0.254497943529,-1.04630327461,-0.020809707774,-0.0150406993752,1.79105142211,-0.309844555652,-0.261789999441,0.158787772059,0,0,-0.144100945504,0.286447547502,-0.423957243459,-0.421900380068,0.0169247183269,-0.706499948291,-5.82664841513e-23,0.578198469413,-0.713011369288,0.343352041664,-0.248349466738,-0.00278936362851,-0.647922970645,0
1.34700201892,1.19743330417,0.771852589821,0.0845244005322,0.00991914514452,-0.989581286907,0.116129785776,0.0243215022354,-0.249964712817,0.0579160676588,0.557436888293,-0.575580761486,0.255550387323,-0.983957363007,0.0786636582233,0.0359553731835,1.44871509387,-0.408259524047,-0.26179,0.157710671425,0,0,-0.190302086048,0.330638968225,-0.437684763008,-0.434027266006,0.0171242029436,-0.705525951615,-6.46569589734e-22,0.653605695964,-0.715639754894,0.277027781481,-0.277393600031,-0.00395873661606,-0.665947470366,0
1.28516337165,1.18130429459,0.779601559434,0.074712023139,0.00936032179743,-0.989426255226,0.123960606754,0.0666524966293,-0.214792181896,0.0983024353777,0.662632490215,-0.205541923461,0.253777471216,-0.967483447354,0.120282989125,0.11351137825,1.24734289807,-0.509510838483,-0.261789999774,0.125995412469,0,0,-0.164579988073,0.331900439913,-0.445660617008,-0.446586226101,0.0147956676543,-0.708331637708,-1.74553386019e-21,0.710993232199,-0.736116475486,0.233304695651,-0.29232787594,-0.00533912013345,-0.671721592226,0
1.22461251123,1.16482884296,0.786593693981,0.0617571249604,0.00934652425349,-0.986810088158,0.149347051978,0.0698280806111,-0.159700739123,0.148231326795,0.79433456469,0.0334722202462,0.253480430074,-0.773198852658,0.12556776046,0.205544956394,0.794912828067,-0.577472579309,-0.253637449171,0.108395174146,0,0,-0.118377947617,0.315955999303,-0.493271664897,-0.454527664592,0.0129048910357,-0.710578215119,-7.62394717465e-22,0.76138512809,-0.734173670679,0.220685112782,-0.283115578933,-0.00590154013403,-0.664661584593,0
1.1621043244,1.1490402475,0.776407574073,0.064319640398,0.0121624860913,-0.980479836464,0.18540327251,0.0180941276352,-0.0689916419373,0.161506597282,1.10004974756,0.0415643026678,0.26089250819,-0.738318186946,0.110051405637,0.251718549427,0.656571788705,-0.681861921537,-0.153984368308,0.0728322193027,0,0,-0.0883750262585,0.315731593623,-0.542332937888,-0.457440166557,0.00978689988455,-0.713799304395,-1.55549365191e-23,0.741852430084,-0.711934333432,0.224908636794,-0.254735347217,-0.00550900740469,-0.645833816839,0
1.10079131336,1.13097002256,0.764212616294,0.0692582577467,0.0155901648104,-0.973127007484,0.21905271709,-0.0698463850455,0.0244550561895,0.156912680977,1.37243852143,0.12770300973,0.261789891388,-0.646026550188,0.09386901236,0.27079378018,0.542150456527,-0.73086535439,-0.138912690486,0.0427247472107,0,0,-0.0346061856617,0.321182746602,-0.575032557172,-0.454522420426,0.00735526435323,-0.716338780042,9.58225662464e-22,0.673026641192,-0.707513819653,0.266493292259,-0.213424225278,-0.0044860026078,-0.617874481588,0
1.0443141337,1.11959957716,0.742438826001,0.0748494416475,0.0183953978121,-0.968213498592,0.237953320146,-0.213889052785,0.0590873017398,0.113633990382,1.68434691995,0.266233916752,0.255409787462,-0.661700333543,0.0440849532278,0.179959425267,0.634889650066,-0.605186259704,0.00237576533481,-0.0267674010247,0,0,0.0696924150653,0.347024944672,-0.547395162837,-0.452632252374,0.00364213941528,-0.720671989821,5.16330034201e-22,0.515350054949,-0.743598213645,0.363151156271,-0.16315220592,-0.00338558392189,-0.577563758325,0
0.996119012612,1.1049466453,0.713694766138,0.0795941874385,0.0203422214836,-0.965583503246,0.246778234839,-0.404107632626,0.00232289001309,0.0840668786967,1.97811826114,0.405456346314,0.24752990339,-0.776120427263,0.0085294428755,0.115272842935,0.928046417687,-0.496518468591,0.100193733322,-0.0951368659735,0,0,0.217772141721,0.378790079513,-0.480076767871,-0.390828975943,0.000467698019464,-0.702541859131,1.48376513896e-20,0.240572202032,-0.805056216928,0.561535162917,-0.079911255507,-0.00183313874654,-0.504462884361,0
0.9484738587,1.08640393959,0.69265545274,0.0856981128454,0.0231692232192,-0.961530447006,0.259958058596,-0.629403834175,-0.175131850897,0.0685556261865,2.20606315603,0.439274642456,0.144724191894,-0.824425840178,-0.0283834318461,0.0692027556988,1.18466553622,-0.631444198357,0.11570858781,-0.140718504786,0,0,0.384794538938,0.386523858499,-0.433869183555,-0.2593920875,-0.000249351100116,-0.640581785922,-3.21813453481e-22,-0.0392073831836,-0.800390245026,0.78209913028,0.00455614987816,-0.00107591324497,-0.409164561546,0
0.900062225021,1.06365044491,0.683088347307,0.0874520987272,0.0270436126739,-0.951351642609,0.294195204973,-0.843359790364,-0.328531735458,0.07147864029,2.29900267116,0.376121856907,0.0498521685824,-0.755726535721,-0.0775540977777,0.0197818076753,1.31048111969,-0.815430819029,0.119560018627,-0.193521752954,0,0,0.543616882425,0.411218445214,-0.395469690076,-0.234738030892,0.000394752905542,-0.622546045741,-2.36899908199e-23,-0.220579600447,-0.723207979565,0.884395742002,0.00926696388007,-0.00221352346615,-0.399252840253,0
0.853762890556,1.03399616634,0.690446925709,0.0832937657833,0.0296105258167,-0.938543856144,0.333647727966,-0.983872358541,-0.315648892251,0.0931966312329,2.26335953313,0.264366470351,0.113497523842,-0.548091903933,-0.120207593469,-0.0661903567807,1.19300889881,-0.87266,0.118485340756,-0.243481710553,0,0,0.689204731078,0.438815149179,-0.350819407063,-0.274644441216,0.00174827772916,-0.646914530658,-3.97639316894e-22,-0.349200743657,-0.594021951017,0.918401471025,-0.0188338085514,-0.00483009052355,-0.439836003111,0
0.808141041568,0.997215659005,0.708562140989,0.0795320644975,0.0319861955941,-0.92436248064,0.371759980917,-1.03851129922,-0.334966291784,0.0966780787727,2.08317535253,0.0951327858209,0.1563033571,-0.304640086265,-0.110523332377,-0.134964687899,0.961595701492,-0.854704739949,0.111350819944,-0.281514465809,0,0,0.810538933743,0.440811859513,-0.299015933182,-0.310636285555,0.00368764294303,-0.672377694384,-5.02291760917e-23,-0.41552460776,-0.461023450384,0.895910787367,-0.0592005185401,-0.00886409293339,-0.492221257438,0
0.761755836381,0.955668367579,0.731564425127,0.0751103684306,0.0334615521133,-0.910360574722,0.405564248562,-1.01569815869,-0.372543791452,0.0791981099861,1.80188075414,-0.0747657976031,0.199182060153,-0.0761425759513,-0.0557482558984,-0.185190665999,0.714354384754,-0.78192679834,0.0832434331849,-0.294669359922,0,0,0.898702802538,0.418295093847,-0.2593307763,-0.342636570652,0.00557319486462,-0.692207150891,6.55908780612e-23,-0.455730337792,-0.376892934149,0.892574330958,-0.117937553985,-0.0122664584281,-0.550418368346,0
0.716600769022,0.912376809978,0.753514066823,0.0679519996047,0.03301718086,-0.896875619888,0.435782670975,-0.921053980697,-0.397316698235,0.0601806605011,1.43932462785,-0.224750776769,0.231689623642,0.0942320846427,-0.0172820190096,-0.259312707374,0.545194956246,-0.695712698003,0.0319678656293,-0.28701877594,0,0,0.940403400604,0.388598203087,-0.245670664794,-0.367233604643,0.00654847037237,-0.704526802242,2.10025068673e-21,-0.484214796182,-0.34411176248,0.916520214575,-0.17627121027,-0.0136742622624,-0.598118953296,0
0.671097396424,0.869658399719,0.766159804796,0.0496096946299,0.02601319924,-0.884241521358,0.463658392429,-0.784707326865,-0.404506419192,0.0621300157515,1.00790364915,-0.333234937088,0.244743162848,0.207056545325,-0.0115612608653,-0.304728446578,0.496022772301,-0.378339766756,0.01193911947,-0.243791654706,0,0,0.949557560768,0.355511682314,-0.266114376883,-0.383781321898,0.00689187783286,-0.709554903592,-6.25139614542e-23,-0.469670474999,-0.355253902754,0.943860527217,-0.235627470261,-0.012662045048,-0.639817198091,0
0.623411362129,0.827317557602,0.76577483873,0.0352056734264,0.0193294733763,-0.875862181187,0.480887115002,-0.667190637669,-0.39496542858,0.09536835416,0.725663340017,-0.472199223744,0.245456032025,0.166577549217,-0.0133998683394,-0.275634348003,0.712831360355,0.109994302671,0.0930075277855,-0.167842045426,0,0,0.915626137743,0.318736400987,-0.281597893829,-0.387411772491,0.00628366021558,-0.706532571435,-5.6519698193e-21,-0.43607641969,-0.397118651651,0.969111672176,-0.283608722203,-0.0097288134995,-0.668348214589,0
0.580259159504,0.785406452694,0.761640933374,0.0276332497597,0.0155450999737,-0.871118545532,0.490048199892,-0.564223667812,-0.412307615414,0.122147110723,0.431694071348,-0.540192074445,0.210217779526,0.112719954108,-0.00391509970484,-0.223082500965,0.919457488779,0.369367042654,0.16567501492,-0.122386515141,0,0,0.859110816927,0.275514106906,-0.292182498104,-0.383050710978,0.0054207112906,-0.701550799671,2.49201219829e-22,-0.403718055828,-0.427785246657,1.00198049074,-0.307826637992,-0.00772380979806,-0.682900243661,0
0.540431200508,0.747634130291,0.743596409372,0.0211345851421,0.0121947564185,-0.865897059441,0.499626755714,-0.536962787179,-0.429773870053,0.173479035967,0.424149049172,-0.569634134277,0.199715517283,-0.00967773650076,-0.131677124575,-0.260015508896,1.34256990214,0.379997605168,0.238349886208,-0.073638483882,0,0,0.783709895648,0.226750506771,-0.312731572668,-0.377262149317,0.00481920817629,-0.695990035079,-2.5015690598e-21,-0.342912136472,-0.489047114952,1.01257983702,-0.306583658378,-0.00543320099033,-0.684388264039,0
0.500296255049,0.709018608905,0.720586836908,0.0252947155386,0.0151558388025,-0.857433795929,0.513748764992,-0.583091757006,-0.457756241713,0.204900792267,0.590214198188,-0.515087533631,0.257416440944,-0.103556400832,-0.319295012605,-0.316418080828,1.67775217096,0.373928095963,0.190948977694,-0.0444505400956,0,0,0.664324784512,0.201222138472,-0.32038742313,-0.365291821277,0.00447780720113,-0.689147998165,-8.26149162366e-22,-0.253394693337,-0.550407701194,0.966418749998,-0.277296941866,-0.00395378694394,-0.669817049334,0
0.46230818725,0.67164966518,0.694815701464,0.0282299164683,0.0177764631808,-0.845733821392,0.532561123371,-0.678174168625,-0.465041000691,0.226571487855,0.896371784486,-0.412545279891,0.254024172712,-0.228146687035,-0.454258289304,-0.292269461692,1.9457261131,0.409006525287,0.0529540277806,-0.00172830582596,0,0,0.502913675048,0.182012957979,-0.327907457088,-0.339862664041,0.00503129130326,-0.676703351495,-1.4229211269e-23,-0.136294357112,-0.63505979114,0.878292625276,-0.211034949184,-0.00194263367452,-0.630841360993,0
0.428542032708,0.636206812172,0.673779566434,0.0355292707682,0.02401073277,-0.827778458595,0.559413909912,-0.735427621858,-0.469459200968,0.22725231693,1.1974048885,-0.561127786877,0.248702829773,-0.424151887104,-0.665806143032,-0.24527943012,2.18070222489,0.407947198247,-0.26179,0.0183820798993,0,0,0.294775915077,0.168637280736,-0.338150813691,-0.295536340082,0.00553228132833,-0.655462354921,-1.09627942044e-23,0.044376918258,-0.695470121818,0.720379767641,-0.0902953512277,-0.000565676238887,-0.532603541323,0
0.397788422581,0.595486115499,0.665218743117,0.0409206338227,0.0288032498211,-0.816713750362,0.574869155884,-0.691005710486,-0.46484940152,0.207056139089,1.29826264438,-0.73083393628,0.24519217321,-0.726477574323,-0.54495301143,-0.0485457697176,2.29366109032,0.276218121188,-0.26179,0.0329504460096,0,0,0.111863197255,0.139560058668,-0.309712792516,-0.320084965773,0.00676380703884,-0.665067913106,1.47013456449e-22,0.220728457127,-0.74516658707,0.582563750368,-0.0295635181712,-0.000244683278297,-0.459534221265,0
0.370500986633,0.551296175878,0.670210643305,0.0446458980441,0.0320051722229,-0.811512827873,0.58174675703,-0.572343732827,-0.441420767755,0.168963785468,1.28556318256,-0.831747141471,0.243664281296,-0.94356415795,-0.325227275236,0.0565220689155,2.28733448197,0.0762070818943,-0.26179,0.0872222408652,0,0,-0.0770260846099,0.136963970614,-0.298174273872,-0.358407219415,0.010952457617,-0.684109816432,-1.64203922279e-20,0.396535928317,-0.7807388741,0.476158076558,-0.045295950742,-0.00032186643504,-0.473828738598,0
0.346134169038,0.502953589493,0.683081606976,0.0478116907179,0.0345978066325,-0.808726847172,0.585216164589,-0.419795757409,-0.440719183384,0.109632712817,1.18050900983,-0.832449212508,0.245050397883,-1.11521139628,-0.219835770383,0.11709506678,2.23919440711,-0.148203028472,-0.26179,0.14244773984,0,0,-0.243248534826,0.138848363112,-0.29576558637,-0.392601084809,0.0162031947422,-0.702066740473,4.34418952714e-21,0.554551015582,-0.805498611541,0.394743104661,-0.0750256918297,-0.000931999571269,-0.5100419599,0
0.323601406502,0.447367037735,0.704864219978,0.0461330674589,0.0333850383759,-0.808808207512,0.585308849812,-0.260831126744,-0.437119673311,0.07976965338,1.0518598128,-0.828646116925,0.246160257628,-1.16128590083,-0.128800088624,0.131501431969,2.04223612644,-0.302662716115,-0.26179,0.197166934609,0,0,-0.340730240677,0.132620992547,-0.306443536262,-0.406252011022,0.0210157798742,-0.707647290426,1.74679155641e-20,0.71401187685,-0.80895198056,0.325927931052,-0.0920548130296,-0.00227289195377,-0.535099084698,0
0.301483667524,0.388796190673,0.728322983452,0.0377477928996,0.0277342125773,-0.804985642433,0.591442286968,-0.127633023972,-0.419524801425,0.0604537103633,0.979551556046,-0.804986430255,0.246065030544,-1.10928186942,-0.032625646155,0.121193284956,1.7864616807,-0.41289119907,-0.261789999919,0.168167769909,0,0,-0.377152805511,0.178907866919,-0.301358356536,-0.428564130248,0.0186260500093,-0.708326207709,-6.4502541156e-22,0.829535189384,-0.760899082496,0.264809348317,-0.107982413345,-0.00371642891959,-0.547138099983,0
0.28189612829,0.327932178845,0.747277671353,0.0282882619649,0.0216554570943,-0.793538630009,0.607476115227,-0.0547453951774,-0.370772160715,0.0531212607792,0.997760554072,-0.56306579034,0.248146841525,-1.01231441787,0.0567181447241,0.137946684515,1.50545963567,-0.468426234974,-0.261789999964,0.0777161046863,0,0,-0.377285469566,0.239255648906,-0.293605200242,-0.462733393411,0.011213293081,-0.712817288644,2.14017156396e-23,0.909387885347,-0.689050722694,0.193704575929,-0.131051901174,-0.00450891238198,-0.556602964416,0
0.265444404811,0.266772907635,0.757080359579,0.0239104665816,0.0193689297885,-0.776672840118,0.62915211916,-0.0269596660913,-0.309833727022,0.081498303033,1.07051108779,-0.109474834359,0.221940321552,-0.914983525739,0.144465098687,0.214618571,1.23662044951,-0.471365119058,-0.19837200995,0.0351354777813,0,0,-0.36196395441,0.236388763432,-0.334233384455,-0.482328075354,0.00769363710616,-0.715396852701,-4.69838910233e-22,0.970545610733,-0.619178820988,0.13205494358,-0.147967681188,-0.00516126218464,-0.565453592333,0
0.249083593603,0.207385535217,0.75697459666,0.0250651594251,0.0213003177196,-0.76160299778,0.647208571434,-0.0395813775017,-0.258132470567,0.11701547372,1.2373261492,-0.0875217219259,0.221093812211,-0.856991435554,0.204650611688,0.296262633683,1.05740022603,-0.443108232013,-0.0752158033286,0.0294068641961,0,0,-0.319681472035,0.203856002071,-0.391488741144,-0.484533085558,0.0070893687214,-0.715797794427,5.46615044214e-22,0.981832581334,-0.561716862926,0.0918366813007,-0.148896465719,-0.00557665064222,-0.564994399914,0
0.233473534723,0.152000248102,0.746292706218,0.0242251548916,0.021577514708,-0.746341764927,0.664771795273,-0.0938542614291,-0.205732661108,0.134902095213,1.49827241534,-0.0353555768901,0.192034647338,-0.817207898512,0.205162397992,0.290520008111,0.98869164607,-0.432828520569,-0.0928406557274,0.0015884678578,0,0,-0.247118559961,0.182854734282,-0.440150459458,-0.478059909551,0.00448086312771,-0.717192654888,-2.95657021203e-23,0.929521676205,-0.558919372461,0.0797345722832,-0.148957136847,-0.00531217589344,-0.561788630984,0
0.216764541573,0.0981190343669,0.728155023168,0.0254417769611,0.0236578509212,-0.731872677803,0.680555224419,-0.194762848673,-0.134711198383,0.157893160468,1.7658763203,0.000347857574637,0.184638975102,-0.791183929038,0.147693985663,0.222140122484,1.03043664011,-0.37982266175,0.055128111744,-0.039168227464,0,0,-0.15610326428,0.191287288377,-0.457448567476,-0.44751669936,0.00147367907395,-0.712997692375,5.38595152198e-21,0.820425172474,-0.599328492855,0.0996273720711,-0.149009766584,-0.00496910494023,-0.557983366724,0
0.201657678551,0.0494843772418,0.705432106575,0.0305743310601,0.0296885631979,-0.71677082777,0.696005284786,-0.364521734309,-0.0704071638612,0.175177908717,2.06105379309,0.0344675493446,0.223915162786,-0.799228849249,0.126787980065,0.172692053015,1.19310789135,-0.503352559403,0.0920251656488,-0.0869468674064,0,0,-0.0219128460172,0.22510989644,-0.445287423186,-0.365371796537,-0.00112388862115,-0.686640305575,-4.92021880892e-21,0.63474245167,-0.657034009633,0.156186825528,-0.137674156381,-0.00500760173196,-0.545618728043,0
0.192738412097,0.00165475150408,0.691408546282,0.0384531356394,0.0384662523866,-0.705939650536,0.706180512905,-0.585190915202,-0.046757593989,0.19672275727,2.27171390156,0.0601162717197,0.260755086166,-0.804275777157,0.128631265553,0.140750389003,1.36550141389,-0.696486062295,0.0753981775333,-0.130657911301,0,0,0.190281855342,0.225627848896,-0.417424304374,-0.2941914377,-0.00208653393756,-0.655150042406,-4.26466898387e-23,0.349786133064,-0.705276301248,0.277567194106,-0.10068354963,-0.00524082834945,-0.514014743269,0
0.191619434932,-0.0464409122431,0.688511299889,0.0402155518532,0.0418195575476,-0.691980838776,0.71958065033,-0.794117610713,-0.0864876767539,0.204895661132,2.31271769742,0.048306729946,0.254508515351,-0.737149720167,0.100505060957,0.125950001956,1.45925992256,-0.87266,0.0728360684166,-0.179411947727,0,0,0.401520103103,0.231115793404,-0.394217181946,-0.288962283414,-0.0021438526067,-0.651795627395,-3.40522258918e-21,0.0997490964519,-0.698967227989,0.400545108562,-0.0844884133147,-0.00664999074847,-0.498612392512,0
0.19738136315,-0.0966993795244,0.701776381133,0.040381193161,0.0457792878151,-0.660274684429,0.748539209366,-0.95024869207,-0.158198035804,0.186008420862,2.29441744482,-0.00974185578495,0.223029041762,-0.502888118068,0.0829459146064,0.0828408213992,1.22378128657,-0.868873649231,0.00967388447617,-0.194070219994,0,0,0.534326466268,0.302383395897,-0.395436148577,-0.316160102904,-0.000661271143907,-0.667796997843,1.13003812483e-21,-0.0242759573166,-0.636119561422,0.461576158424,-0.109947482446,-0.00855824665654,-0.523421914115,0
0.210195636801,-0.151138198112,0.725509908999,0.0364560484886,0.0455422960222,-0.623862922192,0.779353559017,-0.995960842383,-0.243201383853,0.140988058722,2.07920709098,-0.103138129086,0.188307075391,-0.252647997663,0.0589688898379,0.0231320878956,0.960479489872,-0.833974915119,-0.032781704114,-0.209478512406,0,0,0.650558331833,0.353470653429,-0.374786761179,-0.336862557374,0.00113457520838,-0.680893647113,-8.61430179259e-22,-0.110975299721,-0.588906012588,0.513406670047,-0.15056276184,-0.0107152435959,-0.559548340036,0
0.224357401281,-0.205998150395,0.750690854474,0.0310554020107,0.041916936636,-0.594488978386,0.802409768105,-0.969044295149,-0.286076958546,0.10553767749,1.79930641491,-0.214476157216,0.189296498025,-0.0587124579271,0.0425880817259,-0.0501936305033,0.762560720245,-0.756052964592,-0.0615552680217,-0.198486000299,0,0,0.752066148569,0.345262435185,-0.344237440546,-0.33942563749,0.00312367407159,-0.683909062889,-1.37976016849e-21,-0.171378886733,-0.573660245281,0.577293612521,-0.185671770598,-0.0110079652305,-0.590069163505,0
0.238231359102,-0.261026857554,0.771790830852,0.0254369284958,0.0367028862238,-0.56905400753,0.821086704731,-0.901840452909,-0.283093414584,0.0876752530693,1.4630047778,-0.340585637456,0.229973678506,0.0691192358139,0.0412305814429,-0.126506551253,0.649029382818,-0.623299267115,-0.114562998875,-0.159066483378,0,0,0.814739370907,0.309530267378,-0.318751657455,-0.336261959955,0.004655531187,-0.682725322941,4.18218958195e-23,-0.183930530978,-0.581612051429,0.618126229901,-0.219012859177,-0.00969057234456,-0.615788371338,0
0.250910415134,-0.316723939783,0.780286223637,0.0205828044564,0.0311551783234,-0.550838053226,0.833776414394,-0.839319930486,-0.281446081848,0.0848227541089,1.19412443455,-0.468561659836,0.228559735661,0.0678249418566,0.0229922784879,-0.187731250154,0.762804783302,-0.341546191789,-0.073372870399,-0.115937948227,0,0,0.852379392549,0.276802373941,-0.296817168934,-0.343549451138,0.00542563528617,-0.684693976959,-9.63716015182e-22,-0.163174530507,-0.5933484497,0.64470109986,-0.249298783396,-0.00811604429518,-0.637077498276,0
0.261789309563,-0.368715237281,0.774703585486,0.0131849553436,0.020404972136,-0.542561173439,0.839664936066,-0.790413121171,-0.236929687419,0.128874686496,1.0169927671,-0.645636192176,0.159439185902,-0.0396264381587,-0.0395572927394,-0.194248705649,1.07212444107,0.0282617269794,0.0306826405319,-0.0320109464228,0,0,0.862794910392,0.237830539241,-0.298833308261,-0.355714236324,0.00576494575395,-0.686582174297,-4.22657668045e-21,-0.118415066561,-0.653921952267,0.667981496369,-0.284904172207,-0.00490465936782,-0.661643966023,0
0.275567861559,-0.421047551695,0.768915285037,0.0113257095218,0.0175616629422,-0.541859984398,0.840208947659,-0.744417268378,-0.207967217314,0.160827978786,0.893703773036,-0.675982672449,0.0612841989419,-0.0749173520369,-0.0446639071499,-0.160251877403,1.18731272064,0.260499881865,0.150311235772,0.0132085951045,0,0,0.834480422218,0.212625919001,-0.298362047196,-0.357386660037,0.00593740796167,-0.685788200275,-2.88090383271e-21,-0.0864386615174,-0.682141047174,0.684288538562,-0.301325290751,-0.00328517590925,-0.674210618511,0
0.288743948512,-0.470591506203,0.754934687506,0.00946797337383,0.0149247134104,-0.535600423813,0.844286561012,-0.720718475758,-0.222888000512,0.157475056974,0.904337442915,-0.649999002505,0.026966462663,-0.137805648664,-0.0869878400187,-0.159675345439,1.35762767893,0.419394682609,0.217686864685,0.0302417930216,0,0,0.767906110302,0.205281282661,-0.318567215259,-0.344957597127,0.00603277411191,-0.68029826689,2.62927823819e-21,-0.0159803982665,-0.702986816975,0.662989583543,-0.300787015911,-0.00279543199808,-0.675098748931,0
0.301680479713,-0.518293432335,0.731125865209,0.00861444789916,0.013946371153,-0.525444924831,0.850669682026,-0.744463354673,-0.273729168,0.145800553019,1.06698826109,-0.566878873073,0.255452878548,-0.250609540897,-0.139440505068,-0.157538528151,1.58126660854,0.495011253342,0.183622741899,0.0557084642351,0,0,0.655007134976,0.205351797112,-0.346799261832,-0.31346963254,0.00633316599779,-0.665736854722,5.88191197461e-22,0.0839673408701,-0.734694918868,0.606977483039,-0.279759369121,-0.00202848796835,-0.665443080484,0
0.313000701431,-0.562494167445,0.704513832359,0.0110752880573,0.0186703223735,-0.510070502758,0.859858572483,-0.786848929494,-0.315497730231,0.139754587067,1.28812763065,-0.604485019709,0.254183070732,-0.440570480926,-0.227956965035,-0.142349112129,1.83282769617,0.523318763351,0.0374344100702,0.105450160801,0,0,0.477801752712,0.188794776115,-0.394974665291,-0.245542513892,0.0075450621454,-0.630687523887,-2.20987315666e-21,0.209474622084,-0.778758929944,0.522390681711,-0.207444405121,-0.000335541027554,-0.62646309185,0
0.32500975211,-0.606786417621,0.687291519154,0.0150518203154,0.0262473113835,-0.497239977121,0.867085278034,-0.785335518932,-0.328253130074,0.133607816465,1.42918690037,-0.730541765134,0.251626168607,-0.655142845379,-0.301324063366,-0.119355838441,1.98875080912,0.52196851394,-0.153090608637,0.143260255456,0,0,0.28497343833,0.145558242239,-0.430650287314,-0.204326266499,0.0098350539959,-0.606189165013,-9.95296512973e-22,0.342883717912,-0.800385494201,0.44910987597,-0.130908766084,0.000380881854545,-0.570427471879,0
0.338438163084,-0.652189781241,0.679718017348,0.0177625063807,0.0313913524151,-0.492147922516,0.86976402998,-0.72644519735,-0.329452633794,0.111362504617,1.48872393674,-0.856341386055,0.249339468989,-0.870777239716,-0.160173870866,-0.0259379804767,2.06303011093,0.385849397387,-0.124709551997,0.142963573337,0,0,0.108544530035,0.0959294513283,-0.417269851158,-0.228432035614,0.0117011651835,-0.619045756937,9.08976155974e-23,0.428596223053,-0.826071681152,0.437029173149,-0.106557606098,-0.000263900425729,-0.544510749864,0
0.353080217256,-0.698212104537,0.684792281094,0.0217415299267,0.0386147685349,-0.490134447813,0.870519638062,-0.617752969748,-0.30555081227,0.0833926331739,1.44358587238,-0.852935398896,0.249066396559,-1.03217328225,-0.0914126576468,0.00432231502748,2.04130934323,0.137946115586,-0.216422768335,0.176064625382,0,0,-0.0757949201629,0.0480165256288,-0.424568248793,-0.254743669874,0.0151633291709,-0.638380512944,-1.31033629044e-21,0.504373556469,-0.862516497759,0.429438582851,-0.122288230892,-0.000773855259254,-0.559832493164,0
0.37112950881,-0.747913333438,0.700486785911,0.0213397797197,0.03789139539,-0.490248888731,0.870496928692,-0.463664227114,-0.286923566906,0.0461831670223,1.32468081214,-0.847150700514,0.250559089058,-1.09455067033,-0.0143562876479,0.0187837540845,1.92365236079,-0.123941623809,-0.26179,0.215199500322,0,0,-0.220331326088,0.0140060179564,-0.442094631083,-0.284119032299,0.0189164061872,-0.659748740088,4.98453110972e-22,0.590016171574,-0.886205945848,0.414953247218,-0.141566972029,-0.00160310878356,-0.58126747959,0
0.392285873812,-0.800231783593,0.722122317217,0.017340220511,0.0304226726294,-0.494884192944,0.868253052235,-0.289160705658,-0.270832914495,0.0133564853751,1.17694471589,-0.834413303732,0.251786034369,-1.07681994219,0.0484555786365,0.0264352427502,1.71919729704,-0.266364192849,-0.261789999999,0.218209505081,0,0,-0.30047919523,0.0169676516782,-0.437209220916,-0.33200707063,0.0201796894294,-0.684061592755,1.28772260287e-23,0.659414442894,-0.892130881921,0.394745114548,-0.150820269419,-0.0025039423724,-0.590147337062,0
0.414794332797,-0.854533863877,0.744707139221,0.0119263390079,0.0209715794772,-0.49419978261,0.869013547897,-0.139102201612,-0.234101149666,0.00160405441328,1.07887388738,-0.821086193402,0.251807222886,-1.00294436079,0.132973331369,0.0460704208436,1.46522313961,-0.339841279456,-0.26179,0.174737885594,0,0,-0.336319699212,0.0557026967438,-0.424944368266,-0.399003462781,0.0177587666824,-0.708802134543,2.00017241333e-23,0.717739447714,-0.871063721576,0.355033547024,-0.155168564592,-0.00313391403559,-0.589004597226,0
0.439984484577,-0.909425531337,0.762057135121,0.00594870327041,0.0107906321064,-0.482745200396,0.875674188137,-0.032418537373,-0.169110015221,0.0105998895301,1.0789617037,-0.81209331934,0.253013668978,-0.906512908661,0.208058392493,0.0838046751882,1.21694756227,-0.388033795546,-0.261789999289,0.105639912188,0,0,-0.32705522708,0.107220678849,-0.420192081941,-0.429089480705,0.0124477693241,-0.711744356361,-1.43571623095e-21,0.771675359199,-0.826571488804,0.297312506408,-0.150926082347,-0.00342263710926,-0.577841674674,0
