-0.0351596495019,-0.0323386668046,0.796576055168,0.00867948867381,0.0862491354346,-0.0997501462698,0.991229355335,-0.29933956037,0.10940819604,0.00222417930046,0.277166202607,-0.231708390949,-0.0437101379529,-0.234096401184,0.00730464017273,0.00152726289617,0.171329749096,-0.224283471661,-0.0568687501165,0.0263953395188,0,0,0.226273520922,0.462110970414,-0.535810488069,0.126871638382,6.48231507794e-05,-0.0811340818487,-3.95971989647e-21,0.316524004831,-0.466080776899,0.416664937156,0.123826366623,0.000144346026198,-0.084592597595,0
-0.0332798266369,-0.031322191992,0.796581261115,0.00884686317295,0.0877970829606,-0.0998660996556,0.991080284119,-0.300887603529,0.107844337211,0.00197032726349,0.279148366039,-0.236336195086,-0.0416200352561,-0.236376349497,0.00574733806861,0.000878366662963,0.174481993391,-0.227171522107,-0.0552373378763,0.0258962847292,0,0,0.225268530243,0.465720198364,-0.529396336991,0.126599853721,5.06796664636e-05,-0.0788809773935,2.13028945453e-21,0.31818835718,-0.458739377432,0.416758688212,0.124216265993,0.000128699110972,-0.086258983655,0
-0.0312992173268,-0.0300478344397,0.796506021483,0.00901491194963,0.0894139036536,-0.0999078005552,0.990930020809,-0.302231504914,0.104698559379,0.000146896087245,0.280940328945,-0.241044810322,-0.0387474711682,-0.240916610587,0.00301334839005,-0.00111193104374,0.18149100441,-0.231121988264,-0.0539132951048,0.0264081768692,0,0,0.224375815183,0.468933228737,-0.525097329696,0.126470015174,4.30207446037e-05,-0.0776796297721,-1.43838991939e-20,0.317836750598,-0.454305124974,0.418628048581,0.124862358079,0.000122397927996,-0.0895906428249,0
-0.0289019815743,-0.028730860048,0.796428809073,0.00921634025872,0.0914500057697,-0.0998477190733,0.990748405457,-0.304584288993,0.101074228604,-0.000140917518628,0.284313630075,-0.248990468957,-0.0353538710421,-0.243911913014,-0.000553793037509,-0.000998986651089,0.185361192201,-0.236946943181,-0.0507139412873,0.028354646638,0,0,0.224868670158,0.469387632617,-0.520597734137,0.126633338012,4.30518605574e-05,-0.077088606658,-2.01511997235e-20,0.316882041604,-0.452739522921,0.424368953938,0.125443452112,0.000127234915481,-0.0924188565849,0
-0.0263245823878,-0.0271966315638,0.796235147852,0.00936282426119,0.0934673175216,-0.0992326140404,0.990620553493,-0.308867024288,0.0974903781645,-0.00171497656723,0.291498438986,-0.258027325989,-0.0322716214036,-0.247722362236,-0.00355429829943,-0.00212838604273,0.19140966158,-0.242526525494,-0.0503902766905,0.0289946198463,0,0,0.226182832634,0.469679747293,-0.51768253601,0.126398954005,4.72352654214e-05,-0.0772882630449,4.12792049129e-20,0.313908205063,-0.453595276056,0.432069595748,0.125816718455,0.000130746399496,-0.0953031880442,0
-0.0232288198861,-0.0255244129523,0.796050254541,0.00945494882762,0.0953656435013,-0.0982063785195,0.990541040897,-0.31564835197,0.0928264791466,-0.00410914361474,0.305505275601,-0.271023301406,-0.0274340450437,-0.24813277388,-0.00725509415238,-0.00305096028438,0.19379383399,-0.24740301415,-0.0460536238305,0.0298003107309,0,0,0.229301718202,0.469540529365,-0.517267118078,0.126500678649,4.74888081652e-05,-0.0772348920319,-4.52935059749e-20,0.309862716053,-0.457019986416,0.441504875595,0.125853212659,0.000139718528222,-0.0972045354682,0
-0.0196702161766,-0.0235722171519,0.795861196473,0.00952966045588,0.097443126142,-0.0968651622534,0.990470170975,-0.322025745643,0.0861679504758,-0.00858389113057,0.318873526825,-0.284395175468,-0.0210003627636,-0.247732501911,-0.0117864995564,-0.00393767863517,0.195017532986,-0.252514571047,-0.0434151453854,0.0292263086885,0,0,0.23384695617,0.467414892938,-0.516584044113,0.126384841581,4.89391032505e-05,-0.0772651567946,2.1003585545e-20,0.306398586401,-0.460234394165,0.447712449471,0.12646512652,0.00014802436979,-0.0984709438002,0
-0.0156873106781,-0.0212648182313,0.795330189899,0.00954868271947,0.0992780774832,-0.0952620059252,0.990443229675,-0.332949027836,0.0781117696821,-0.0125813260428,0.344665187352,-0.307763457903,-0.0129113125569,-0.247160507905,-0.0181016380407,-0.00510018691746,0.198933043417,-0.261046387462,-0.0396187911449,0.026506729424,0,0,0.2410024171,0.463629543017,-0.51503040058,0.126143503701,5.03476663989e-05,-0.0773386210875,6.02328022212e-21,0.303217466953,-0.462616603183,0.452050795817,0.126505161047,0.000145147797081,-0.0978549361391,0
-0.0109883254848,-0.0185876172772,0.794594343019,0.00953852478415,0.10103238374,-0.0935073569417,0.99043315649,-0.34662181782,0.0686992999583,-0.0170313791445,0.37859995813,-0.336733343793,-0.00268606844249,-0.244017549644,-0.0252453059963,-0.00547597000449,0.200571614952,-0.268064951799,-0.0311545936807,0.0221362058073,0,0,0.250255028924,0.458404661662,-0.511582096119,0.125848563444,4.94375809547e-05,-0.0774639747669,6.94702641436e-22,0.301470674581,-0.463003245855,0.451849199431,0.126813784095,0.000133816641126,-0.0975968321266,0
-0.00535370407149,-0.015568082509,0.793753116816,0.0095425369218,0.102691806853,-0.0920320227742,0.990400671959,-0.354051020564,0.0562752543865,-0.021553030328,0.405872857942,-0.370285468449,0.00997642597051,-0.238491672393,-0.0349534815893,-0.00700796125213,0.201142788944,-0.278414414025,-0.022960220105,0.0171807464212,0,0,0.260241587838,0.452742079285,-0.509719424385,0.125710767557,4.74411383149e-05,-0.0778226360637,4.81167415528e-23,0.300314721078,-0.464146232983,0.450384153252,0.126852871388,0.000122768872061,-0.0962949162103,0
0.00144873129691,-0.012076173143,0.79289156002,0.00947899278253,0.103949166834,-0.0903158783913,0.990428090096,-0.352403229864,0.0401301217168,-0.0253281925323,0.420721279676,-0.398789447094,0.0253475634425,-0.231875639675,-0.0478232580009,-0.00816907965835,0.204651125799,-0.290832592678,-0.0161413510947,0.0118008675054,0,0,0.268955743376,0.448997552522,-0.513756847722,0.125342681733,4.4064867992e-05,-0.0782223727777,-9.41510345092e-21,0.300643275794,-0.467435303337,0.447809532703,0.127248227115,0.00011485013989,-0.096777087716,0
0.00908677806678,-0.00828503742856,0.791991643616,0.00945094693452,0.104720488191,-0.0893857032061,0.99043148756,-0.341839608275,0.0225138701954,-0.0251941270808,0.423439635367,-0.421710595803,0.0392454272513,-0.229274879053,-0.0657469313002,-0.0116227814254,0.219984126431,-0.309752090816,-0.00452896006648,0.00649944646284,0,0,0.276733799324,0.446336618396,-0.520455219666,0.125259962747,3.70161759211e-05,-0.07908799833,2.39175626163e-20,0.303739575699,-0.46999119209,0.439551401372,0.12726158176,0.000101440901001,-0.098133486985,0
0.0175387885328,-0.00423539734327,0.790820086388,0.00953308586031,0.105776965618,-0.0892529338598,0.990330398083,-0.327440913678,0.00297759342282,-0.0243903552114,0.419867293484,-0.442067671727,0.0523769389825,-0.238663865249,-0.0869380763049,-0.0162888455018,0.258488482647,-0.338165914768,0.00454665968687,0.00427832780406,0,0,0.282114732318,0.441081775547,-0.524211055036,0.125856889563,3.98107625302e-05,-0.081325454257,5.78456612756e-21,0.31429294946,-0.466480355906,0.418022011314,0.127526692969,7.94875228824e-05,-0.1038254594,0
0.027881561202,-0.000401816385421,0.790635521874,0.00998686160892,0.110062837601,-0.0898130238056,0.989808082581,-0.27464194694,-0.00745780926934,-0.0296847578447,0.332217900557,-0.429272964197,0.0596806528949,-0.237106828711,-0.0992193253412,-0.0260590072529,0.267130620686,-0.359445802654,0.0109274897066,0.00649761362001,0,0,0.28087333257,0.436845332597,-0.514126807249,0.126938267843,4.79848111168e-05,-0.0851761952927,-1.82788484436e-21,0.320199539067,-0.454204783002,0.389310086873,0.126602515123,3.37590270349e-05,-0.112826529753,0
0.0376799545217,0.0028251581577,0.788232292433,0.010267467238,0.111487686634,-0.0911304056644,0.989525318146,-0.25694684488,-0.0223507931141,-0.0310550197041,0.326433732039,-0.444491737888,0.0709235684934,-0.270857857387,-0.10791287293,-0.0148735100443,0.350994535666,-0.394471375737,-0.00247737739579,0.00845715031028,0,0,0.280673801596,0.438729258892,-0.513875769852,0.127356456251,5.25461308062e-05,-0.088409475368,-8.27120956897e-21,0.344956830163,-0.434641850244,0.343012172616,0.125187549347,-4.60474352741e-05,-0.1201459853,0
0.0478220259544,0.00531920482717,0.784678329551,0.0108313579112,0.114933900535,-0.0931968763471,0.98893237114,-0.257801045075,-0.0343743279429,-0.026754002841,0.348852393836,-0.469775752076,0.0782754968193,-0.336295109987,-0.106705997251,0.00368222440111,0.484313914309,-0.429881415067,-0.04771822865,0.00841829087585,0,0,0.26817703119,0.454344475619,-0.52731285575,0.127979905626,2.06719035599e-05,-0.0922375089336,-1.05326283117e-20,0.371673701272,-0.4131800207,0.294873684904,0.123628375399,-0.000151542571844,-0.124950061757,0
0.0577743029516,0.00545944044722,0.778721630423,0.010978711769,0.112579584122,-0.0964362174273,0.988890945911,-0.262895932908,-0.060206908684,-0.0061977774039,0.4077310601,-0.505375181585,0.08964621567,-0.456493324874,-0.118665541138,0.0257454625917,0.744831559335,-0.499820906379,-0.110562622933,-0.000299872102914,0,0,0.263707478208,0.459644003275,-0.548428678206,0.128849751,-1.97432952529e-05,-0.0972619111881,-7.73157583122e-22,0.411358152936,-0.419076660623,0.263775853795,0.122121834825,-0.000179610422949,-0.126636939613,0
0.0699374017063,0.0041580706241,0.774077213485,0.0124825611711,0.119236379862,-0.103367567062,0.987391531467,-0.270299299268,-0.0685701758839,0.0100163058406,0.443947713103,-0.541927519434,0.097584587606,-0.574056486837,-0.107186345154,0.0311917328718,0.944663594206,-0.501918063426,-0.222612157685,-0.00195816159248,0,0,0.244530150949,0.469734835767,-0.55525298705,0.129585144931,-5.53842845152e-05,-0.0994008838351,-6.11183587609e-21,0.443548286588,-0.413890719758,0.242218869858,0.120941771722,-0.000215069869728,-0.127587523707,0
0.0843327830492,0.00147603832879,0.771119084914,0.014332940802,0.12506569922,-0.112952284515,0.985593676567,-0.245296966001,-0.0707719499456,0.0273795918869,0.426646771148,-0.558309457993,0.100599168954,-0.667879675632,-0.0964073652026,0.027086295343,1.07872427712,-0.470680538966,-0.26167718259,0.00723326858133,0,0,0.229559832007,0.465918302181,-0.549686506144,0.13145974929,-3.33043135314e-05,-0.100038683788,9.8274266172e-24,0.488238561526,-0.413344063823,0.231998226004,0.120847364167,-0.000200432939538,-0.128748171362,0
0.100232929615,-0.00337612328673,0.768712786704,0.0165948607028,0.130136877298,-0.125400930643,0.983393907547,-0.201057812299,-0.0620835459319,0.0466995969985,0.380275198853,-0.555133774833,0.0922774035733,-0.745187142768,-0.0697008455077,0.0208864108806,1.15398525289,-0.469311153813,-0.261789924523,0.0200251992792,0,0,0.214353438256,0.456437159985,-0.538393609336,0.134858224963,-5.11591553296e-06,-0.101552298786,-1.64481527768e-23,0.538164908687,-0.413849650559,0.235385780582,0.121589689898,-0.000189172221384,-0.129815812679,0
0.116995859114,-0.0094054308167,0.765160961,0.0193941295147,0.135856732726,-0.139984473586,0.980597376823,-0.166527106177,-0.0526020879038,0.066177835312,0.359199185865,-0.573308669346,0.0836642705633,-0.823213578465,-0.0442312818798,0.00765478766647,1.18587115812,-0.474446706835,-0.25807689445,0.0340252891183,0,0,0.189469348652,0.44330378535,-0.532880576539,0.138135409526,5.72425889909e-05,-0.10584471202,2.3225086216e-22,0.587558659499,-0.418282882853,0.242392039589,0.121924818736,-0.000183854070184,-0.12894796382,0
0.134715943031,-0.0164273856778,0.760971872609,0.0225994456559,0.141967311502,-0.155575379729,0.977307975292,-0.122513220222,-0.0433462073177,0.0877902356926,0.320475614383,-0.586679912128,0.0745188606047,-0.897702904143,-0.0210371460935,-0.0060599940843,1.17403153636,-0.470698693304,-0.231981183904,0.052440777421,0,0,0.147763688999,0.429586436229,-0.542824349989,0.141194948912,0.00019478489461,-0.113763264414,-2.87692501409e-21,0.640855517664,-0.418097126205,0.240997208268,0.124367411692,-0.000218946625986,-0.124578356839,0
0.153483271647,-0.0251035994901,0.756473386579,0.0262346174568,0.150017946959,-0.170252889395,0.973560631275,-0.0805954386442,-0.0315456860589,0.113848347834,0.277953294553,-0.595619438449,0.0631474121852,-0.973800872646,0.00408472541539,-0.0242403012784,1.13309221044,-0.460259696502,-0.220103928476,0.0742397010326,0,0,0.0846728421487,0.418276716561,-0.571210302822,0.14326738125,0.000436166222638,-0.123546597134,1.38527990178e-20,0.692560254765,-0.411667330255,0.235267013219,0.126890226596,-0.000309758224253,-0.119962749659,0
0.173878376529,-0.0359702736431,0.751365475977,0.0294244717807,0.156887978315,-0.181973233819,0.970260858536,-0.0537530804834,-0.0258858764318,0.141613833258,0.279851401499,-0.629041863853,0.0542126952398,-1.04608155956,0.0247430645802,-0.0350670861749,1.08716074644,-0.460954002052,-0.19742977559,0.0819386392832,0,0,0.018380154654,0.407079098848,-0.60671056831,0.14347614803,0.000651882940496,-0.134683752727,1.23445711595e-20,0.741880334408,-0.403102923445,0.218610118313,0.128229664813,-0.000398791313562,-0.114259061003,0
0.196304252757,-0.0487731044853,0.747012427661,0.031959824264,0.161915764213,-0.190993621945,0.967617332935,-0.0424823313353,-0.00848039295555,0.167899815167,0.328925521329,-0.679532958077,0.0370632159056,-1.09251834619,0.0475045130885,-0.0501992830817,1.01139631817,-0.453917199944,-0.171445768017,0.087992399931,0,0,-0.042188481694,0.394330729604,-0.630709075248,0.14309098507,0.000890860144104,-0.146570874514,-1.6860880977e-20,0.790140667571,-0.377563787883,0.186468602205,0.128942878064,-0.000529400666494,-0.106530246344,0
0.221393902365,-0.0638152767686,0.744100001823,0.0336464159191,0.164063766599,-0.198062524199,0.965775430202,-0.018288227025,0.010748613992,0.190732074754,0.368601892579,-0.717713216542,0.00468089451122,-1.10355598122,0.0749980888687,-0.0539237413267,0.922718489338,-0.451256888883,-0.155427908863,0.0976155176759,0,0,-0.0823181241402,0.366510005516,-0.632029187187,0.142767330188,0.00126377358027,-0.158290512773,2.63992238939e-21,0.838293050721,-0.337014805007,0.141636690275,0.129999787682,-0.000681372414351,-0.0963742736618,0
0.249723541463,-0.0809759337531,0.741350768718,0.0332889445126,0.158860698342,-0.202373921871,0.965763926506,0.0121144431447,0.0116933401122,0.197387814645,0.435668547215,-0.779509746901,0.00823727578497,-1.08679778018,0.09657284912,-0.0468607262926,0.892417805719,-0.470612541757,-0.151042808533,0.0753749981523,0,0,-0.0816433702504,0.337896018571,-0.604822236067,0.136638144478,0.00138999484801,-0.176641322846,-2.74151828808e-21,0.873929448378,-0.316512426184,0.107993663018,0.129763976101,-0.000657026811295,-0.0890128021854,0
0.281092083507,-0.10028039963,0.739617024035,0.0320160277188,0.151339054108,-0.204479679465,0.966571033001,0.0374879762755,0.0125745040279,0.199639183483,0.510546420166,-0.840078744627,0.0346463475646,-1.04926459826,0.126949525095,-0.0272565069064,0.926921913625,-0.434696619233,-0.188022037408,0.0534190312028,0,0,-0.0647326656164,0.311729913842,-0.572155905208,0.12594314734,0.00154165236946,-0.206413706731,8.04321314368e-21,0.886834961141,-0.323001794449,0.102189451952,0.129681180637,-0.000528199003204,-0.0848777987244,0
0.313817103488,-0.121405583751,0.738426725399,0.0305291134864,0.144275069237,-0.204756096005,0.967640221119,0.00649838618024,0.02551091828,0.184481087535,0.653727194226,-0.85078575342,0.0868815072163,-0.987349930975,0.138754258233,-0.0256461579871,0.956700127831,-0.448306029318,-0.19931164601,0.0563290379941,0,0,-0.0464464344402,0.294902913714,-0.558235933574,0.111540072125,0.00204096210928,-0.242426698725,-3.1283551712e-22,0.875674738969,-0.328520597244,0.112568459406,0.130509482582,-0.000468725522807,-0.0816273995771,0
0.346412988589,-0.142220507142,0.735165939521,0.0287857428193,0.135398522019,-0.205950498581,0.968722343445,-0.136620399036,0.0679873364004,0.173130917437,0.95014452621,-0.613765708748,0.118010957569,-0.926954735249,0.157250077548,-0.033286406495,0.999749724509,-0.462531901851,-0.239084078756,0.0353896804154,0,0,-0.00177765705451,0.3031496937,-0.537857461418,0.0890838151868,0.00197071001938,-0.27717088012,-7.87935889289e-22,0.826404275091,-0.331583563137,0.117045394128,0.128815705053,-0.000358403194446,-0.0806278890197,0
0.377146048926,-0.162542016375,0.72623954914,0.0283515267074,0.132749810815,-0.20692768693,0.96889346838,-0.349874506384,0.154803842016,0.164597305362,1.22975767776,0.0470370427706,0.108125867166,-0.900768303191,0.183557898627,-0.0498196920923,1.08863784449,-0.539969711805,-0.259106319539,-0.0123420786113,0,0,0.0448722864388,0.345489667645,-0.50858902826,0.0649070342108,0.00105704230551,-0.307896802552,-9.77396280439e-22,0.724820679445,-0.327141594808,0.127820797776,0.127453571277,-0.000293711766424,-0.0843932783059,0
0.408138749011,-0.182481587212,0.71971052466,0.0284516755491,0.132989034057,-0.207262143493,0.968786239624,-0.530041450036,0.154069045035,0.130730028659,1.46347278281,-0.0279793910839,0.13629206931,-0.85230923242,0.192472563823,-0.0532546141403,1.13214500846,-0.619864699309,-0.26156899497,-0.0348282679915,0,0,0.0869373102053,0.367666336602,-0.481470554101,0.0473142514932,0.000688103004815,-0.329963216765,3.65131886667e-23,0.599440184461,-0.34674842547,0.157907127441,0.128725490665,-0.000289328163307,-0.0901795967063,0
0.439533320788,-0.201893905237,0.715362024698,0.0286723542958,0.136502698064,-0.203554391861,0.969077169895,-0.730668641761,0.127297025413,0.102977587637,1.62989107176,-0.130837306608,0.16140918797,-0.793514200913,0.186402200478,-0.0552520367252,1.14765360844,-0.687925472512,-0.259295097025,-0.0649918988347,0,0,0.13172485136,0.394356052715,-0.442806750253,0.0316288039184,0.000103987094738,-0.352497780903,-1.13254497003e-20,0.455895743727,-0.35644149144,0.184824908957,0.131574420697,-0.000478681621868,-0.102774579595,0
0.472513158165,-0.221664091004,0.714890694714,0.0284182243049,0.143554285169,-0.192102387547,0.970402598381,-0.924910639435,0.0772630273723,0.0817142617285,1.69624660088,-0.229020169612,0.191851254412,-0.718553752379,0.16363338781,-0.0680317791213,1.12293197568,-0.747769089448,-0.255965140805,-0.111394383013,0,0,0.174553079681,0.433044052274,-0.396914068155,0.0101090390201,-0.000981943622386,-0.387646957968,3.47435698458e-22,0.31109054544,-0.314964088507,0.161633995388,0.133378745242,-0.00144662053522,-0.133089703659,0
0.5061822081,-0.240191343273,0.716799797605,0.0240693613887,0.133982107043,-0.175169676542,0.975082099438,-1.06289739738,0.0203860974386,0.0592569667511,1.68210453863,-0.304570474217,0.214759774541,-0.595172753451,0.146503906544,-0.101279429234,1.082288017,-0.805114112281,-0.251217837853,-0.178322911263,0,0,0.246486723499,0.49087803768,-0.348492388254,-0.0256526117936,-0.00259555055867,-0.44471133477,7.94156425885e-23,0.212289539637,-0.230648584635,0.112605904159,0.128659624796,-0.00376631963978,-0.17791796171,0
0.543839944874,-0.260277584811,0.725387801444,0.0211944468319,0.133508980274,-0.155346766114,0.978567063808,-1.13254340843,-0.0646977850744,0.0506324171244,1.52116023562,-0.35473327192,0.235731856921,-0.451646407545,0.131579168298,-0.12581796544,0.956171991999,-0.816447525868,-0.248881500154,-0.216683641076,0,0,0.291913686358,0.523012086527,-0.290760629235,-0.0652467183585,-0.0036706682989,-0.493686844638,-2.13958483378e-21,0.136383091357,-0.208033432377,0.108635944439,0.109813100874,-0.00613361817684,-0.228068237318,0
0.584558613968,-0.281740114284,0.73615145265,0.0182599108666,0.130097851157,-0.137788176537,0.981710493565,-1.12336407376,-0.16351834077,0.00649458565644,1.27371400409,-0.394251693266,0.206745420279,-0.298756204075,0.143952986404,-0.137033284455,0.8119570172,-0.797257388835,-0.249323786083,-0.217220917344,0,0,0.322701225946,0.533943330456,-0.245520035485,-0.097804073327,-0.0036560106997,-0.527707708281,-1.24906263163e-22,0.116950619012,-0.240437491662,0.145627084574,0.0741138792267,-0.00731945787234,-0.27874390891,0
0.628243193153,-0.305173889213,0.745917041655,0.0167448036373,0.125973746181,-0.130695715547,0.98324406147,-1.05478129814,-0.230676151559,-0.065527667896,0.994454980028,-0.441780685129,0.108869767025,-0.173809489508,0.16999048017,-0.123007925656,0.711635634155,-0.77347635329,-0.251500487366,-0.195756644011,0,0,0.345730732536,0.525604893756,-0.215577005725,-0.113207233197,-0.00274966746607,-0.543197173684,3.44933361865e-22,0.148590225729,-0.277358874908,0.179073824785,0.0407407970578,-0.00733706514581,-0.315709115602,0
0.674021878138,-0.330887074249,0.752638740965,0.0165546759963,0.119472391903,-0.136251449585,0.983304560184,-0.963659189886,-0.25768386054,-0.140282496106,0.793254362908,-0.51326142975,0.0414300495431,-0.102353272076,0.187822583428,-0.111741540194,0.705460945698,-0.748771844564,-0.253023814155,-0.162965342402,0,0,0.352366721869,0.507427048054,-0.22083972199,-0.108391973733,-0.00147471333724,-0.540234276782,-1.67285679606e-21,0.219752566661,-0.310215742925,0.200396214005,0.0211873246038,-0.00630563610785,-0.337556872803,0
0.718597715416,-0.35718195534,0.755540480912,0.0177707783878,0.113119438291,-0.154173284769,0.981386184692,-0.902492119169,-0.230129129138,-0.153179712601,0.752885545453,-0.51901631077,-0.00697782475377,-0.133358652713,0.172743696545,-0.127406388333,0.841336111825,-0.554434652227,-0.227250166285,-0.123582154512,0,0,0.321121015385,0.494555748903,-0.256475442218,-0.0994669686112,-0.00043915170336,-0.530756763932,1.21059896643e-21,0.308150776473,-0.34173825101,0.211865986509,0.0143126124781,-0.00473883389529,-0.347087702921,0
0.762917200913,-0.383421434198,0.750987962635,0.0188710466027,0.102592498064,-0.179919824004,0.978134691715,-0.833099065638,-0.177288528952,-0.113919298211,0.820267137024,-0.523805275274,-0.0376484316973,-0.219313698067,0.112863249183,-0.154958516055,1.03907656014,-0.115571855599,-0.159157900645,-0.0862937346101,0,0,0.250044892884,0.493547730569,-0.311800506469,-0.0919138596763,0.000177556178249,-0.516962777731,9.4911566073e-22,0.416260050304,-0.370874182285,0.213608290459,0.0184122122399,-0.00328094264151,-0.345842145646,0
0.803774622189,-0.407431480038,0.741970714782,0.0192991085351,0.0916078090668,-0.205240681767,0.974223673344,-0.804578203131,-0.137580989969,-0.0774293480602,0.947602151841,-0.46460739621,0.00643065940567,-0.332479301635,0.0427140156436,-0.193823488719,1.28752717495,-0.0987117437786,-0.184497262386,-0.0692759603262,0,0,0.127307608166,0.533674414665,-0.380245274159,-0.073320625482,-8.08434745619e-05,-0.497569419678,-7.92352247716e-22,0.541926792673,-0.369302200537,0.197775986887,0.0384843863879,-0.00239204357555,-0.320607846689,0
0.842948330671,-0.431400645496,0.730704223915,0.021163970232,0.0882687270641,-0.232196614146,0.968424201012,-0.764645684298,-0.0987424324276,-0.0429394938815,1.06602521569,-0.552473551233,0.0191542616219,-0.508975080198,-0.0123221730137,-0.199346804539,1.53635336911,-0.136661916148,-0.256905421719,-0.0162079315633,0,0,-0.0720683871309,0.529289255499,-0.456572394005,-0.0506004710226,0.00104359289402,-0.479926906432,7.6214010315e-25,0.68165250715,-0.370082854737,0.168168469138,0.0728786320347,-0.00150001653055,-0.263744648776,0
0.88027085927,-0.457858911118,0.727101708729,0.0244287122041,0.0883125141263,-0.265483230352,0.959751427174,-0.658820539713,-0.0457893338202,-0.00794992503303,1.06405337772,-0.644375267604,0.0148225159132,-0.688636318762,0.00534164360188,-0.166261254331,1.64890218722,-0.166747175916,-0.260577672067,0.0432680547237,0,0,-0.283232396481,0.466113023205,-0.487161938737,-0.0463728547224,0.00361839348892,-0.476753639572,-1.18135393496e-22,0.822109541364,-0.366964465286,0.14840347767,0.108111146027,-0.00130067507951,-0.207459374225,0
0.915289235815,-0.488174016126,0.729064076676,0.029197787866,0.0910126566887,-0.304076880217,0.94784039259,-0.529541565705,0.0130350074772,0.0459290968545,1.00764068912,-0.708633359393,-0.00498279632648,-0.851981882966,0.052226484719,-0.150596721808,1.65029108431,-0.209941049153,-0.261789998585,0.0993867069483,0,0,-0.481065176156,0.37260868816,-0.480622088905,-0.0493562770305,0.00728052038165,-0.482043003396,-1.30443835606e-24,0.933059643898,-0.374467078547,0.148837558869,0.123317635869,-0.00170706173809,-0.197567627347,0
0.950201246648,-0.52268177149,0.737964656521,0.0332707315683,0.089929677546,-0.345380276442,0.933551371098,-0.354149252133,0.0493445697732,0.11021265786,0.879481253875,-0.74151025218,-0.0202276313669,-0.93952555017,0.124809360878,-0.14508156057,1.51438425397,-0.258235718191,-0.261789987636,0.15157482028,0,0,-0.628115829374,0.27901700928,-0.475160780882,-0.0533957065696,0.011156900914,-0.493225766562,-2.27295309056e-23,1.01523515488,-0.390586375683,0.166273598393,0.125184508904,-0.00252726090554,-0.20922577891,0
0.986255990203,-0.560888708251,0.751385861369,0.035951025784,0.0867025926709,-0.381334722042,0.919659733772,-0.175407925181,0.0551988765341,0.164052177811,0.731648623014,-0.749570784051,-0.040282252477,-0.933229450361,0.197000811244,-0.141600853563,1.2432281537,-0.275607113289,-0.26179,0.180041268468,0,0,-0.717580948684,0.216699139943,-0.491824536872,-0.0737764661403,0.0136283128693,-0.518697521867,-7.89267694217e-25,1.07187814295,-0.391953835785,0.181564532113,0.124251239235,-0.00330962591717,-0.221669352743,0
1.02315026118,-0.602026976657,0.765589109025,0.0370442718267,0.0816415995359,-0.411532998085,0.906974613667,-0.0284755009621,0.0576909907439,0.212936246794,0.621346719441,-0.754038800568,-0.0376459985205,-0.830698428139,0.255379461929,-0.140643046033,0.844493470526,-0.275685766791,-0.261789205701,0.17767855525,0,0,-0.728204543138,0.176052755652,-0.508183222752,-0.117243919132,0.0145292220661,-0.551926349239,2.4114324754e-24,1.10073022802,-0.378510706059,0.190921882468,0.121429510492,-0.00369425190403,-0.23226155589,0
1.06050638183,-0.644603511166,0.774599561747,0.0344511829317,0.0707572102547,-0.436403423548,0.896302700043,0.0491439050873,0.0723051727979,0.248300419887,0.623536676918,-0.618408930318,-0.057787015764,-0.665862609304,0.302425166865,-0.133004383349,0.431554881339,-0.295912275408,-0.261789983458,0.165675073862,0,0,-0.650148870696,0.134993812761,-0.532370605693,-0.161770623194,0.0145361715241,-0.581964366488,-7.64234359821e-24,1.11240253949,-0.350133742709,0.180395710209,0.118323622702,-0.00385763937707,-0.238719265427,0
1.09813649969,-0.685413256929,0.774868900994,0.0301489382982,0.0589980594814,-0.454043865204,0.88851249218,0.00318329297287,0.0859322195071,0.224648677224,0.791936486712,-0.179879782265,-0.10645791123,-0.557438736604,0.326752893553,-0.108630374727,0.239903029313,-0.303966278229,-0.261789999979,0.148357108235,0,0,-0.532047135871,0.102938818007,-0.565574603773,-0.187675540798,0.0135437916946,-0.599025894936,-8.09926952345e-24,1.10156046576,-0.304649027244,0.143128910163,0.11122412179,-0.0040435678245,-0.251036070168,0
1.1338728585,-0.723319947559,0.766433294398,0.0275920461863,0.0525958761573,-0.463739365339,0.88397860527,-0.091391234749,0.13247468947,0.21983997194,1.03714678599,-0.0373784098603,-0.121006154155,-0.543358684166,0.339723108174,-0.0855741401837,0.299818177847,-0.304961918241,-0.261789999962,0.124833598733,0,0,-0.423570797401,0.0956772056161,-0.589811922849,-0.187255279818,0.0118841160035,-0.596459023948,-2.69553445615e-23,1.04358692157,-0.276164896968,0.120799092286,0.0976895316591,-0.00400289930454,-0.275525741107,0
1.16923449874,-0.760579566401,0.752298984437,0.0261631384492,0.0490375570953,-0.469997495413,0.880916059017,-0.188014726103,0.216867966018,0.2586647196,1.26354814593,-0.109152106131,-0.0850153372554,-0.597847887864,0.313433551519,-0.127968337848,0.51974251174,-0.206276618064,-0.26179,0.10568267107,0,0,-0.335253656297,0.102480890665,-0.588378051386,-0.16034919613,0.0106676082066,-0.57292232843,-4.86725630341e-21,0.941352518456,-0.286232850854,0.109858703575,0.0786216886822,-0.00371974268097,-0.312741263074,0
1.19913482678,-0.800585075583,0.736701803426,0.0281993988901,0.0516939610243,-0.478056401014,0.876353025436,-0.359473374347,0.303672176912,0.228538807267,1.48258194755,-0.195430963121,0.00226330457571,-0.63753779685,0.339084054457,-0.120020153218,0.727857057842,-0.296803643476,-0.26178956041,0.0569725371897,0,0,-0.23919009766,0.161234839345,-0.550132541622,-0.11800380319,0.00735638857494,-0.530437179879,1.40467135838e-22,0.763889637256,-0.317702149291,0.127888517875,0.0544406131706,-0.00295879985764,-0.35521195176,0
1.22854448065,-0.839438810135,0.725627384596,0.03167520836,0.0565648041666,-0.487562835217,0.870677649975,-0.566477173176,0.316514472061,0.160034221295,1.62101947544,-0.259129040335,0.138934227184,-0.620286362104,0.346312721908,-0.116903397614,0.850914481459,-0.418925225499,-0.259910093773,0.00939287338406,0,0,-0.127856662249,0.230744715194,-0.49459837454,-0.0901870341457,0.00463146193648,-0.502752899202,3.87366542312e-24,0.528420769164,-0.336847178472,0.148078690911,0.0325762453294,-0.00294068484458,-0.390681337288,0
1.2566732524,-0.877985832221,0.720056309127,0.0331364870071,0.0580469481647,-0.494655847549,0.866514921188,-0.756817320386,0.279190264424,0.0958572305081,1.66546726544,-0.338426460628,0.251415527831,-0.553051041667,0.338376929143,-0.108674385477,0.906704918167,-0.527494245364,-0.257470790881,-0.0161268468946,0,0,-0.021491320308,0.299612638926,-0.450598274878,-0.111228278468,0.00413926857459,-0.51721123585,-2.59666240079e-24,0.302550475107,-0.329997399234,0.161046799926,0.00121514963821,-0.00389076292388,-0.4344694467,0
1.28331345216,-0.91605988034,0.71885921536,0.0272041950375,0.0478090271354,-0.493809878826,0.867828309536,-0.911822006584,0.218329687263,0.0158296249708,1.64802238723,-0.396887330014,0.261789956904,-0.447577302289,0.328092335685,-0.123456522274,0.940446116058,-0.628454745743,-0.254009378714,-0.0420892387629,0,0,0.0819696525411,0.406046608217,-0.432065137684,-0.142845907289,0.0031666464461,-0.541520036595,6.71517348113e-25,0.131238463306,-0.300469415701,0.183230277294,-0.0466989042436,-0.00576006603871,-0.489819256062,0
1.30999782027,-0.959193725153,0.72698125956,0.0231150202453,0.041486479342,-0.486171036959,0.872572243214,-0.970320740699,0.109095618015,-0.0252799746083,1.47804916804,-0.448736534011,0.261789999931,-0.292885814817,0.312571484333,-0.115642205497,0.86374851808,-0.679433777262,-0.253059123594,-0.0586350150406,0,0,0.16343627215,0.492346178271,-0.406223402925,-0.175488441913,0.00247900737333,-0.571237268176,-5.74504749667e-23,0.0123832751142,-0.283584727512,0.194520697541,-0.113548945215,-0.00779161952868,-0.548993110622,0
1.33785095084,-1.00578278426,0.739310037572,0.020261561498,0.0372582487762,-0.477311253548,0.877710223198,-0.949541277998,-0.0138816259892,-0.0844134486056,1.21325379936,-0.490277315282,0.169733489663,-0.137612494897,0.308712329621,-0.0930427828611,0.756748611545,-0.687996822592,-0.253509995362,-0.0650510713458,0,0,0.24368087309,0.543198688704,-0.360656209917,-0.196580546927,0.0024746681766,-0.591058151922,-5.78251787344e-22,-0.0513910605808,-0.290516070749,0.212686460845,-0.183243825312,-0.00919873657473,-0.59507263356,0
1.36539775253,-1.0558416343,0.751296209485,0.0171764474362,0.0319340378046,-0.473386228085,0.880108356476,-0.870380173774,-0.112250850341,-0.177875030578,0.931668989357,-0.536744581148,0.0293745532181,-0.0142524565908,0.30728700624,-0.079833709133,0.690109696859,-0.673134900956,-0.254111426096,-0.0638593733311,0,0,0.318311348392,0.558368168246,-0.311320506902,-0.190052984023,0.00255819828322,-0.590527360664,-8.34599673109e-21,-0.0671820131047,-0.313489443216,0.246494088367,-0.242373771991,-0.00958850423605,-0.628489913673,0
1.39106076868,-1.10727189514,0.758541846241,0.0150581896305,0.0273426938802,-0.482168346643,0.875522315502,-0.79418252312,-0.127140433535,-0.214290911444,0.748966046706,-0.613868024203,-0.0689559410043,0.0243502131265,0.298089442123,-0.0827856949382,0.738513679067,-0.570349200038,-0.254824889996,-0.0484808720648,0,0,0.353881050065,0.538016910538,-0.269691098055,-0.164303832666,0.00287438510276,-0.574863133424,9.51037035029e-21,-0.065769072321,-0.339978310044,0.290153320603,-0.291870917915,-0.00870923651281,-0.656025789442,0
1.41605961562,-1.15734389705,0.759070277241,0.0125262718648,0.0215367116034,-0.502612173557,0.864152908325,-0.726997970322,-0.0976238859185,-0.176257852599,0.693687631526,-0.636016029825,-0.0357346547092,-0.0183215434273,0.253793162938,-0.0912531373899,0.901578971885,-0.285942108686,-0.155759646941,-0.0286993477494,0,0,0.327567132915,0.513764683542,-0.263270967556,-0.142003725455,0.00317516408328,-0.557509885908,-1.23260566545e-20,-0.0374376362292,-0.348502406315,0.323801499392,-0.332767878757,-0.00736981258495,-0.677584333765,0
1.44033346596,-1.20464863684,0.752699787542,0.0121304718778,0.0193209126592,-0.531589984894,0.846694529057,-0.695035534719,-0.0517325914746,-0.144851450517,0.752308779406,-0.553465714419,-0.114271445536,-0.104616099813,0.163021565452,-0.116134948121,1.11176708017,-0.0940347559878,-0.0777990015683,-0.0129117369652,0,0,0.246394923886,0.504714407134,-0.284972569271,-0.131604040783,0.00342954129295,-0.547344631327,-4.84070720484e-21,0.00806599728554,-0.342516212455,0.343167472705,-0.352849828019,-0.00608583880476,-0.688420636974,0
1.46508593462,-1.25083623524,0.741577638399,0.01639871113,0.0238868035376,-0.565741121769,0.824073731899,-0.704960111952,-0.0241944470592,-0.114954336936,0.885212345458,-0.432325837864,-0.125256300245,-0.23430702562,0.0621736660729,-0.118374229628,1.32971889928,-0.102976227079,-0.173494089698,0.00797373056412,0,0,0.10342272679,0.496285789833,-0.314978125605,-0.128473451194,0.00416221159087,-0.543143109838,-1.03216841057e-20,0.0658228115798,-0.354113478265,0.329611467798,-0.343896095202,-0.00478094063681,-0.685378679068,0
1.48467552883,-1.29372370178,0.729675748025,0.0272916611284,0.0365718565881,-0.597450554371,0.800606310368,-0.725696938847,0.0402395011722,-0.0476755527074,1.03287283283,-0.481257668482,-0.106581916551,-0.464131833562,0.0504087365861,-0.0677667274566,1.56283435853,-0.137478833679,-0.261789998373,0.0854623094201,0,0,-0.116458809099,0.45289674914,-0.378479453354,-0.106919398337,0.00754256814604,-0.526219565027,-6.28198840999e-24,0.188464555228,-0.386464171464,0.261112360815,-0.308666249144,-0.00113077239768,-0.669431538147,0
1.50047146741,-1.33873596179,0.72348976804,0.0409759171307,0.0499962903559,-0.63255918026,0.771809697151,-0.67567284664,0.0975788801171,0.0184482789041,1.09334976702,-0.604879648483,-0.0949826570013,-0.69648514633,0.115713432903,0.00868647626087,1.69389869349,-0.177862665595,-0.261789999109,0.145526185632,0,0,-0.324580934669,0.386065561122,-0.411067769746,-0.0866264558437,0.011228790622,-0.511641954579,-6.68520808019e-22,0.333786981072,-0.415636652892,0.215399410406,-0.254046780053,0.000340990087981,-0.64577616377,0
1.51030840529,-1.38549774873,0.726816477644,0.0478416867554,0.053371399641,-0.665762245655,0.742713451385,-0.530096014793,0.139131932603,0.0881756760711,1.02720770576,-0.676488524205,-0.0863546918491,-0.851054435578,0.191973819189,0.0365058167901,1.68107159113,-0.227643345788,-0.26179,0.175591602921,0,0,-0.488767562309,0.329906735475,-0.43256018587,-0.0745073789393,0.0133725714649,-0.50505855786,5.03597244747e-20,0.495014810094,-0.42737989,0.18650516448,-0.223592201844,-0.000306904031732,-0.638520561475,0
1.51471986981,-1.43429511567,0.737279389523,0.0519700311124,0.0530926659703,-0.697577893734,0.712646722794,-0.331148996306,0.15776157227,0.175808892253,0.865453310406,-0.69202246398,-0.0870256469276,-0.934945719369,0.264387263809,0.0384306961781,1.54391959152,-0.263320122534,-0.26179,0.215857863426,0,0,-0.595529267323,0.243080359474,-0.453988312787,-0.0703061541112,0.0162316741081,-0.511446207969,-1.0819687332e-22,0.651585044039,-0.431890603413,0.143526905638,-0.19826032514,-0.00160437847141,-0.628166030795,0
1.51658622913,-1.48648193757,0.753072533332,0.0561181642115,0.0528344251215,-0.725921869278,0.683444738388,-0.124591674596,0.141719556766,0.25567483165,0.65925911197,-0.656894349066,-0.0998281962668,-0.935092983833,0.335946891413,0.0535275465221,1.28777897665,-0.270328512131,-0.26179,0.254019171,0,0,-0.649900457426,0.156364478034,-0.496820850077,-0.0779067130357,0.0188410104496,-0.530398534314,7.07474400526e-22,0.775920111135,-0.428324316836,0.0852284963634,-0.159754299797,-0.00321103164239,-0.607517997722,0
1.51598803845,-1.5415627179,0.769359639294,0.0576229356229,0.0505470857024,-0.749543190002,0.657502532005,0.0516210984704,0.122293096949,0.31984890581,0.490640498088,-0.625815250177,-0.0995698248279,-0.844029423184,0.392054678384,0.0890713189273,0.93333829214,-0.260790864353,-0.261789999787,0.265877217054,0,0,-0.638451418389,0.0885541113302,-0.545683950981,-0.10710265337,0.0201928565112,-0.556062983485,1.16333525697e-22,0.857729043283,-0.409231329465,0.0394361242622,-0.113849684775,-0.00465116734578,-0.57468318933,0
1.51516286848,-1.59826698643,0.780688546723,0.0541349127889,0.0447055846453,-0.769160866737,0.635186851025,0.162283871487,0.111792861703,0.36752507688,0.437023150277,-0.549454267912,-0.0959244357593,-0.693156307773,0.412227020678,0.119626156692,0.562428361533,-0.246485304232,-0.261789997548,0.253365814686,0,0,-0.553560450292,0.0345346014797,-0.564725201066,-0.143971835539,0.0203966462585,-0.579273993814,-2.21004920909e-22,0.895023991998,-0.392117425712,0.0123432650467,-0.0660223240743,-0.005422242252,-0.536120283154,0
1.51427741913,-1.65586338985,0.784443130355,0.0451719984412,0.0358005985618,-0.782409846783,0.620090842247,0.170003367584,0.116774677752,0.341559221876,0.542261891591,-0.224699033099,-0.098265792374,-0.544995136231,0.398515494806,0.0829544459548,0.301915297252,-0.250476936238,-0.26179,0.227608397603,0,0,-0.425843146334,0.00324603583275,-0.571241324164,-0.166563966055,0.0192526743947,-0.593444538707,4.73249936761e-22,0.911091523133,-0.379642400054,0.00250743207973,-0.0364268263326,-0.00596853823619,-0.512503218087,0
1.51451338552,-1.70991613269,0.778075490226,0.0407865978777,0.0320130139589,-0.785574913025,0.616590321064,0.0652670867024,0.137731873052,0.280549329163,0.783953762622,0.0886073710745,-0.094539655716,-0.497096779534,0.366034695379,-0.0369221663578,0.271905184956,-0.30127072483,-0.26178999992,0.188107863069,0,0,-0.304710720532,0.00458870096651,-0.580811909299,-0.175234011061,0.0166471210854,-0.595660878648,2.97093100451e-24,0.890770749933,-0.373377418201,0.00286933190925,-0.0342392833203,-0.00596029707279,-0.508234209772,0
1.51497600239,-1.7616706966,0.766860565632,0.0414748750627,0.0330159030855,-0.781275510788,0.621931195259,-0.0420897880781,0.200390364676,0.287676659555,1.03204259858,0.00112541902911,-0.0622965194941,-0.511693167192,0.315431675905,-0.134274345129,0.370795764422,-0.191210397834,-0.26179,0.170891806483,0,0,-0.2033371795,0.0143953828691,-0.602286856445,-0.164637553888,0.0150343060202,-0.584180080972,1.05791459387e-20,0.846340377791,-0.386531864737,0.00995185247224,-0.0491834275587,-0.00547205597802,-0.522027859932,0
1.51058207369,-1.81114067187,0.748536290488,0.0431477054954,0.0349376834929,-0.775970518589,0.628321051598,-0.212228599712,0.284033060575,0.25075745957,1.30665680642,-0.103252604196,0.00713226359173,-0.595382641295,0.303832039426,-0.159909831642,0.641825207779,-0.265337930236,-0.26179,0.110632620752,0,0,-0.120040389728,0.0937022507862,-0.579002560041,-0.15277273438,0.0105214438428,-0.567023966553,-2.4312208331e-22,0.729649639261,-0.399328624599,0.0366100400062,-0.0754357194749,-0.00485182120898,-0.54156695982,0
1.50608851961,-1.85696867635,0.72991401599,0.0478106960654,0.0390748158097,-0.772821187973,0.63161277771,-0.463849503975,0.345237383499,0.164338017856,1.5782223488,-0.194114826681,0.140126756255,-0.646399037371,0.298862116945,-0.198667192479,0.864996910327,-0.424280596577,-0.258103166667,0.0267498586327,0,0,-0.028635444261,0.209324825817,-0.517694225092,-0.145039531565,0.00580120696152,-0.552706194866,-3.64435026562e-24,0.521397967587,-0.38572943677,0.0868317812356,-0.0900118945826,-0.00542351001779,-0.552300768797,0
1.50119931357,-1.9022812373,0.717353984342,0.0488099530339,0.0398360416293,-0.773190677166,0.63103634119,-0.709682280191,0.312152861379,0.0636522626582,1.74138545641,-0.248936203674,0.26179,-0.624961629119,0.289471645266,-0.221446563963,1.00393876731,-0.588825261816,-0.253480489938,-0.0152080841362,0,0,0.0895176251233,0.297265473057,-0.46166174532,-0.139315304726,0.00445701097535,-0.546194588014,-1.09934532062e-22,0.275948159958,-0.337987356009,0.119020570125,-0.098199587691,-0.00679131769759,-0.562807908346,0
1.49371623084,-1.94773013925,0.71409067769,0.0489679202437,0.0397650748491,-0.77473372221,0.629133164883,-0.897574470478,0.204223957897,-0.0171909313853,1.76497722097,-0.300389618219,0.26179,-0.536297977581,0.278285716703,-0.219695643223,1.0244603506,-0.689049648085,-0.251634918803,-0.031730055809,0,0,0.201464400605,0.366541026881,-0.40889357464,-0.137194555331,0.00436126793273,-0.545182913568,7.83131969306e-20,0.0246268214679,-0.274252443705,0.15370743278,-0.104680029509,-0.00766906079592,-0.569987037097,0
1.48565205485,-1.99454223208,0.7182388309,0.0495936013758,0.0405408293009,-0.772640764713,0.631603598595,-1.02418009628,0.084402333038,-0.0537437058074,1.67757708795,-0.349047625884,0.261789992193,-0.417282865952,0.257131893724,-0.212592922258,0.983085664332,-0.756600913152,-0.250668541566,-0.0551325641572,0,0,0.295352851957,0.433473695087,-0.350081883627,-0.142803744862,0.00387689540878,-0.54904538683,1.93304052371e-23,-0.209605751762,-0.212720006584,0.198980503945,-0.117460655915,-0.00913233043249,-0.581411793675,0
1.4750491304,-2.04537046626,0.728635545055,0.0493700094521,0.0410364530981,-0.767440378666,0.637898027897,-1.06755992145,-0.0271087048493,-0.0779046505076,1.48136454214,-0.387009592089,0.26179,-0.275460762964,0.251158877782,-0.196258739342,0.886808690973,-0.77263991196,-0.250822609655,-0.0797951370478,0,0,0.378302432832,0.484267875395,-0.280051136344,-0.15449436275,0.00353505846747,-0.558641578326,-7.21916270361e-23,-0.384197758345,-0.172604318025,0.245899401274,-0.147810416559,-0.010648165602,-0.598577113244,0
1.46210166671,-2.10016793348,0.742148867762,0.0458396449685,0.038796748966,-0.761931777,0.644867062569,-1.01760740405,-0.113158037821,-0.113058132651,1.20530672891,-0.461781110546,0.207736787645,-0.124039137809,0.256380622247,-0.175650899933,0.774470231529,-0.773307194748,-0.251884513434,-0.0959454327822,0,0,0.44887168133,0.504630033497,-0.217648051167,-0.15779114412,0.00333090486513,-0.564291252913,6.38264348148e-21,-0.468659974474,-0.160489760478,0.298408984562,-0.202997761427,-0.012102358316,-0.622285546895,0
1.44593111916,-2.15778713347,0.754663799471,0.0389499887824,0.0332066826522,-0.759984731674,0.64792239666,-0.911370525514,-0.16727824243,-0.173585026344,0.919060556591,-0.514287293761,0.0760480193073,0.00656431681367,0.269269836267,-0.155891432722,0.69363343251,-0.740436112194,-0.253415707205,-0.099917165935,0,0,0.495509909896,0.504052544695,-0.185166895296,-0.145197225773,0.00304466909327,-0.559669932003,-3.00701563673e-21,-0.462044077606,-0.16958515012,0.359741981636,-0.261492326752,-0.0126879155889,-0.646014608797,0
1.42735542419,-2.21583924903,0.761872775402,0.0325471684337,0.0271529331803,-0.767179608345,0.640030384064,-0.804524978276,-0.167587960672,-0.217130691102,0.727213408747,-0.586914375523,-0.0559836664096,0.0545512685407,0.261660029873,-0.166416014526,0.730159009928,-0.56408085527,-0.255576337379,-0.0834874361753,0,0,0.497990824787,0.495032049935,-0.178057785067,-0.133289667268,0.0030960199945,-0.552413409279,1.57369147735e-20,-0.396204689764,-0.188216707191,0.414267828115,-0.311238751056,-0.01104036093,-0.667132589585,0
1.40835306077,-2.27146287261,0.762730386638,0.0288743823767,0.0230652745813,-0.780786693096,0.62370377779,-0.724142054809,-0.144819407737,-0.222514632118,0.664426790196,-0.604842916531,-0.0452216673249,0.0198465035505,0.205697761719,-0.216957769403,0.865701973884,-0.169982323535,-0.257152346364,-0.0684037283063,0,0,0.451858853666,0.497170529102,-0.198486607388,-0.132204768597,0.00300438365617,-0.551314761403,4.2793342039e-20,-0.290870825904,-0.194728805682,0.445117143539,-0.348304960734,-0.00934010202275,-0.683335701438,0
1.39109989548,-2.32457317468,0.758071502648,0.0269145388156,0.0202250704169,-0.798988044262,0.600403726101,-0.6883737512,-0.0978964601361,-0.19222021248,0.738731488669,-0.489882948379,-0.131746220319,-0.0337520454888,0.101291974532,-0.277952068124,1.04550802576,-0.0914322022861,-0.240361531283,-0.0512305535376,0,0,0.363058290292,0.517595984404,-0.248178049395,-0.13698440894,0.00281974133771,-0.555024909924,5.63554975559e-21,-0.157387438974,-0.204510909356,0.445424835558,-0.357755582152,-0.00767382788698,-0.687142035603,0
1.3760091161,-2.37441699172,0.748048137077,0.0322749391198,0.0225615128875,-0.818965196609,0.57249045372,-0.700590378124,-0.0506439052209,-0.133408292326,0.885100561104,-0.455983087162,-0.1389376676,-0.187423468249,0.0286486626213,-0.257396932191,1.29462083475,-0.117193435535,-0.261789999898,0.00891886651516,0,0,0.197828527861,0.517215255931,-0.334578750302,-0.13312580477,0.00398123353065,-0.552101845959,3.47772138201e-22,-0.00313457592842,-0.251788030424,0.37649292481,-0.327653674071,-0.00412809027684,-0.671738509698,0
1.35929057414,-2.42151557602,0.73854498259,0.0452026762068,0.0291206948459,-0.839438855648,0.540787518024,-0.686811688223,0.00236389800884,-0.0635007105708,0.993915621594,-0.505454608427,-0.101058394167,-0.414677889654,0.00329332152373,-0.197077665962,1.52569709454,-0.157694028497,-0.26179,0.0708960667253,0,0,-0.0122335861951,0.491473660345,-0.424700938827,-0.116127640564,0.00595710025041,-0.539925928675,-2.1033238651e-20,0.168680188918,-0.295584252326,0.293729425008,-0.261965821243,-0.00169995297667,-0.636375874126,0
1.33982559386,-2.46788247819,0.732294339266,0.0607505440712,0.0353877171874,-0.861950695515,0.502093732357,-0.633095297202,0.047461488806,-0.00325253633688,1.06214120587,-0.629702399961,-0.0882858331845,-0.654680262847,0.0375901077293,-0.13137675968,1.67069734705,-0.212561944572,-0.26179,0.126709356904,0,0,-0.228150076405,0.440719945744,-0.49582451916,-0.113359900661,0.00904235049129,-0.537242221943,-2.39126658387e-21,0.332434614974,-0.332916278231,0.207769786638,-0.244629728174,-0.0006214536714,-0.628464819857,0
1.31458256062,-2.5119263225,0.7351777762,0.0656084939837,0.0342359207571,-0.884123921394,0.461354851723,-0.467652887835,0.0800767863809,0.0729960093691,0.980252398762,-0.707375831692,-0.0700891043496,-0.80896728927,0.0904805850606,-0.10272887206,1.65932180628,-0.256658640653,-0.261789999999,0.158699333668,0,0,-0.404883635825,0.388116010469,-0.547426285935,-0.111191117373,0.0111495526124,-0.537781215144,4.47110378324e-23,0.492366256192,-0.359105566206,0.123631890071,-0.261544487166,-0.00105676063924,-0.642051106372,0
1.28325667994,-2.55563150628,0.746601870256,0.0737193971872,0.0340332426131,-0.904919862747,0.417764604092,-0.279412078847,0.0857896733514,0.15553008897,0.83286615888,-0.743159376013,-0.0669018929808,-0.891427964199,0.162222378535,-0.0854627902477,1.5089193217,-0.289190871058,-0.261789999228,0.211585983634,0,0,-0.543414675544,0.296940760663,-0.572385874343,-0.115421900868,0.0149837459887,-0.546668104591,-6.12995528431e-22,0.619358576089,-0.395582929967,0.0532930405478,-0.271646324201,-0.000905504228533,-0.654328220879,0
1.24912638312,-2.59788253211,0.757880143003,0.0660206004977,0.0269436929375,-0.923507928848,0.376893162727,-0.0585625869813,0.0765261492098,0.228597613852,0.650049998848,-0.719212796836,-0.0826994555283,-0.873199499835,0.243809757059,-0.0885121027483,1.24822913458,-0.301363401617,-0.26179,0.245024502277,0,0,-0.605289238377,0.216726801165,-0.601515728892,-0.125919939757,0.0175119723846,-0.561414522781,-9.62721153388e-22,0.752021114536,-0.411049534191,0.0229778701388,-0.27111781524,-0.0023359062002,-0.66018723157,0
1.20859222374,-2.64093253378,0.773979725281,0.0685898289084,0.0251547303051,-0.93634480238,0.343396425247,0.111331702745,0.0649208980124,0.292950894065,0.478014119418,-0.685158615732,-0.108063104166,-0.75804389763,0.327998254039,-0.0566943333759,0.829682986252,-0.289963742701,-0.261789886064,0.271239995956,0,0,-0.639599079929,0.147444543924,-0.624291025203,-0.148597772572,0.0200002173843,-0.580981930231,-2.65935623802e-23,0.831646762763,-0.395621107239,0.00941810808609,-0.266514660349,-0.00356130955655,-0.660791647105,0
1.16783612663,-2.68484573623,0.781627644726,0.0596239082515,0.0197060834616,-0.947611510754,0.3131916821,0.207639226069,0.0716031557384,0.33167239773,0.455037635254,-0.486030184964,-0.16646863532,-0.569813454874,0.39201531605,0.00154507684102,0.393556590596,-0.263134747445,-0.261789999961,0.27165555954,0,0,-0.587601102243,0.0923030189443,-0.622556785305,-0.1812851509,0.0213045048003,-0.603975602335,-5.84671753851e-23,0.887680846087,-0.375139259582,0.0242051521151,-0.262755817124,-0.00499648435999,-0.659388870998,0
1.12833099113,-2.72994940172,0.78069764343,0.0495264008641,0.0151241095737,-0.955116689205,0.291668474674,0.173619298417,0.0667026313628,0.28663888439,0.616361176094,-0.096258327209,-0.190324336797,-0.402300959854,0.407891156116,0.038756471826,0.0978114759729,-0.230534107946,-0.261789999989,0.24367402494,0,0,-0.505276104777,0.0620180807097,-0.610978481785,-0.214721888037,0.0202971392169,-0.624490988174,-2.45734106827e-22,0.905595931916,-0.357790689425,0.0413529685822,-0.263698772117,-0.00577275964415,-0.658167434517,0
1.09150434266,-2.77270743197,0.773059204288,0.0462653301656,0.0136196268722,-0.958180844784,0.282070100307,0.096598591333,0.0946541861094,0.285640125987,0.826313574259,0.0484899103423,-0.184759451648,-0.319925421019,0.401628957992,0.039280891365,0.00471841587675,-0.190566565858,-0.261789172687,0.224144011736,0,0,-0.435136614346,0.034244712019,-0.609304725977,-0.23290483737,0.0193036527109,-0.635195361691,4.46827195171e-24,0.887776885856,-0.348744169588,0.0545291958347,-0.26812194856,-0.00559957941306,-0.658961971077,0
1.05937795177,-2.81355098899,0.755242645956,0.0420524962246,0.012242292054,-0.959219813347,0.279247373343,-0.0362711571067,0.210730190562,0.322889239448,1.15885438614,-0.0649013965903,-0.146469938932,-0.474899977796,0.385476922075,-0.0628963185744,0.401291240128,-0.196777586972,-0.261789999704,0.192319616675,0,0,-0.355172759183,0.0363090271745,-0.600815888207,-0.235260324313,0.0171847699909,-0.633872301603,-7.53305252463e-22,0.824478355712,-0.355201359668,0.074818477054,-0.272066105298,-0.00481862477766,-0.657015343402,0
1.02466294492,-2.84886024096,0.734845198398,0.0463308058679,0.0134721649811,-0.959109663963,0.278891831636,-0.252328435607,0.344196890673,0.273165616473,1.49302747303,-0.197996816688,-0.0512370782671,-0.58855892727,0.397512344256,-0.107417040471,0.716246301653,-0.280011471851,-0.261789991903,0.132566705346,0,0,-0.274706161961,0.0991330035012,-0.564192033957,-0.222605274939,0.012964651243,-0.618847837672,2.15741828616e-21,0.674550509137,-0.355498963376,0.125741924924,-0.261895674194,-0.00372443932259,-0.645169961551,0
0.989221955093,-2.88427711903,0.720936881328,0.0549908727407,0.0160154756159,-0.958534240723,0.279162347317,-0.494315852413,0.381380539047,0.185030524659,1.68610599527,-0.276086448265,0.102629708654,-0.610253331715,0.378600135674,-0.137738881658,0.901199794318,-0.439956796899,-0.259832846634,0.0675703659654,0,0,-0.172547216088,0.178663960054,-0.514438598354,-0.202729436292,0.00869533982503,-0.600187411543,3.76305788814e-21,0.451934247232,-0.351588900312,0.18256098543,-0.241308220334,-0.00365559512602,-0.631425169045,0
0.952237155443,-2.91760285048,0.712853963928,0.056290179491,0.0165029335767,-0.957957327366,0.280850172043,-0.720019500328,0.356345086009,0.0968871131979,1.77994497788,-0.358948860576,0.234890129016,-0.551429345485,0.36053538163,-0.146975292679,0.985478533432,-0.584512416708,-0.256056412114,0.029262393713,0,0,-0.0401853458489,0.252863915371,-0.457773826469,-0.207104004191,0.00688394891907,-0.598222348918,3.01851199405e-21,0.219625072136,-0.31618921981,0.238304005401,-0.231026868302,-0.00417973716995,-0.625942854304,0
0.913636155908,-2.94969099137,0.713331102652,0.0537747479975,0.0158973429352,-0.957463502884,0.283053427935,-0.887089191864,0.284462384294,0.0364530094824,1.75270664083,-0.425716174,0.261789999019,-0.434822958055,0.336537707162,-0.141001064221,0.979607700017,-0.677689006263,-0.254004383876,0.00308740814216,0,0,0.0949984511295,0.320630430312,-0.390353271358,-0.234870360471,0.00580636499798,-0.613836954496,-3.62801507426e-25,-0.00116419108571,-0.260578518086,0.291161695525,-0.223656599386,-0.00497923867016,-0.621306435233,0
0.871190208466,-2.98132057054,0.721350343103,0.0535662770271,0.0162382386625,-0.955494165421,0.289651304483,-0.984252261607,0.176443306707,0.00301234307619,1.60854240574,-0.492724543562,0.261789952466,-0.288798518602,0.311448426918,-0.13130396204,0.898545131242,-0.725561604621,-0.253230342184,-0.0266572926193,0,0,0.210702748739,0.385451295904,-0.313214706881,-0.259639131876,0.00459451427647,-0.631984159446,4.39630937538e-23,-0.187659784647,-0.18529655667,0.341443604456,-0.21433324145,-0.00660352127736,-0.615445533785,0
0.824076828319,-3.01292757235,0.733523435906,0.0498604737222,0.0157145354897,-0.952447891235,0.300183206797,-0.995598427038,0.071876819317,-0.017390417949,1.36368194517,-0.522639177461,0.21012786534,-0.130917834956,0.306706191288,-0.109925560038,0.787359866251,-0.739286709318,-0.253572309297,-0.0403515510261,0,0,0.302198020524,0.425538272732,-0.233999687967,-0.277996012523,0.00462984349765,-0.64634442046,-4.89260972295e-20,-0.299900094619,-0.123003459686,0.386201106413,-0.217451159441,-0.00756946939742,-0.617690118914,0
0.773130062947,-3.04449555695,0.746399550724,0.0444736108184,0.0145205622539,-0.94957357645,0.310034245253,-0.938311412499,-0.00387212890978,-0.0436475534979,1.05825520129,-0.556533642051,0.0317454852709,0.00401418562454,0.310595191777,-0.0952902526704,0.694763407204,-0.714784668532,-0.254246756999,-0.0467154234648,0,0,0.360063917722,0.441776695337,-0.166025620798,-0.284814776912,0.00487366229301,-0.653054147652,7.61823958873e-21,-0.341353131005,-0.0978204399896,0.434916059344,-0.241178779199,-0.00799500435735,-0.629189822187,0
0.719120447274,-3.07566986238,0.755088330733,0.0367819443345,0.0122171035036,-0.94830673933,0.314979583025,-0.856753381459,-0.0463425050563,-0.0721736442866,0.802227245388,-0.610988391879,-0.157823961568,0.07843438858,0.313684887418,-0.101006569177,0.683623193434,-0.592986449842,-0.255245798856,-0.0442050844431,0,0,0.364715396317,0.446690663283,-0.143700388063,-0.277375314183,0.00492451342257,-0.651484529152,1.97156545505e-21,-0.299556782012,-0.107366947006,0.468564266429,-0.277510789707,-0.00791842714167,-0.643387860856,0
0.665372882523,-3.10588408162,0.757363384284,0.0291326586157,0.0095547195524,-0.949753582478,0.311493337154,-0.786923999901,-0.0726026399945,-0.093612530323,0.68806894986,-0.631384352243,-0.147110265211,0.0712914742609,0.286311962803,-0.136536560496,0.779838354711,-0.253535881345,-0.200168754162,-0.0387333855033,0,0,0.305394721397,0.45036739315,-0.156192273763,-0.272598922489,0.00490372863991,-0.648941770497,1.13111194207e-21,-0.211556653651,-0.146172154045,0.48011811152,-0.30605265388,-0.00799408140813,-0.653449396626,0
0.614198535076,-3.13513361152,0.753957160692,0.0257817804813,0.00806308817118,-0.954065442085,0.298377901316,-0.729010107233,-0.0817434371238,-0.125031035425,0.681760125853,-0.59712278792,-0.134717594043,0.0261402282592,0.19733786986,-0.210654237261,0.936701098409,-0.0562054501768,-0.153630025675,-0.0334222242236,0,0,0.201148311955,0.454781872406,-0.196706541706,-0.266836246839,0.00461421638455,-0.644253013753,-6.42413982425e-20,-0.110976842069,-0.205378861773,0.467398314035,-0.305636780336,-0.00824643565651,-0.650718833039,0
0.565660424289,-3.16463236927,0.744037146865,0.0205269344151,0.0058265151456,-0.961777925491,0.272998064756,-0.727487250875,-0.0629709496149,-0.127131220941,0.822533789594,-0.431937479497,-0.17357351675,-0.0571786978606,0.0640421500059,-0.280010391465,1.17382057476,-0.0783986384821,-0.243071711524,-0.0121926628053,0,0,0.0770503636919,0.447233260165,-0.262700081569,-0.248494789124,0.004907884649,-0.632172867891,-5.76456924109e-23,0.0113341449385,-0.276127396328,0.40362914516,-0.276181607913,-0.00760827712004,-0.632208796076,0
0.519190663566,-3.19128703608,0.733608046241,0.0325438678265,0.00820132903755,-0.969136238098,0.244230508804,-0.753257515226,-0.0191068141209,-0.0822330020032,0.98795958494,-0.430142659923,-0.117160357276,-0.258540360608,0.00723172189839,-0.226946242575,1.43386952791,-0.138101461746,-0.26179,0.0650990605354,0,0,-0.123103393924,0.404920396393,-0.370592672955,-0.206954517317,0.00809241105265,-0.60624904428,-1.60622051378e-22,0.166349881275,-0.343928105013,0.274730891416,-0.247826262283,-0.00493412278989,-0.612625329154,0
0.472451289598,-3.2142032851,0.726230945628,0.048854842782,0.0103774871677,-0.976954996586,0.207519605756,-0.72016706082,0.0455391777556,-0.0195329625307,1.08163989928,-0.53897002253,-0.0919550980332,-0.510928881758,0.0100468614311,-0.139610204141,1.64486285423,-0.183849070737,-0.26179,0.122234970331,0,0,-0.31725773905,0.347410837621,-0.47837694046,-0.175274137715,0.0107964600003,-0.585169278319,-1.23860485135e-20,0.340142058035,-0.382682179621,0.163897307115,-0.228957945311,-0.00424824222769,-0.599168108792,0
0.423904054704,-3.23295499588,0.725268229066,0.0589872039855,0.0097443247214,-0.984863638878,0.162693440914,-0.618951252333,0.0997214567016,0.03386615141,1.10565499565,-0.657524211132,-0.09193891464,-0.726660852186,0.0688311499512,-0.0706423403361,1.73206355382,-0.23973086284,-0.26179,0.161266952753,0,0,-0.474280537954,0.268751248564,-0.547508268524,-0.178423223086,0.0133557982796,-0.587322705747,-4.89016734461e-21,0.50734172424,-0.401801960542,0.101054748788,-0.232715086209,-0.00447833621565,-0.602874045988,0
0.37008831945,-3.24533901173,0.739237373515,0.0661466494203,0.00753129925579,-0.991376280785,0.112875729799,-0.404191456801,0.129407936534,0.119279312117,0.936710346833,-0.694848448861,-0.0874444699461,-0.834423428554,0.140465490219,-0.0276359425039,1.62058811606,-0.270756122062,-0.26178999998,0.195819556713,0,0,-0.595602512479,0.184334441845,-0.588252345504,-0.187973238615,0.0160547687073,-0.596277716268,-2.03388901895e-23,0.649820588611,-0.392848666279,0.06763907867,-0.237535652831,-0.00517863390222,-0.609809773634,0
0.314943286779,-3.25422441212,0.753059436266,0.0589193813503,0.00343904923648,-0.996560692787,0.0581679753959,-0.158880471438,0.131629607152,0.218718445945,0.741132729646,-0.692618389149,-0.0752281609115,-0.861813211511,0.229407308187,-0.0120266779735,1.41540737037,-0.288754104812,-0.26179,0.236643403769,0,0,-0.634591957198,0.0956375917328,-0.627558560152,-0.195331227769,0.0192127725844,-0.606922803462,-1.51277301238e-22,0.780075936913,-0.383673088373,0.0566429618584,-0.232258553725,-0.00646277511773,-0.609660378823,0
0.25526746381,-3.25936218842,0.770914025409,0.054234072566,0.000445750745712,-0.998494446278,0.00820664223284,0.0614643096358,0.116643252761,0.305366479335,0.541774699252,-0.657497937792,-0.0774362594203,-0.776993815413,0.32568882284,0.0220883889078,1.05994209121,-0.281194483204,-0.261789999868,0.262982100248,0,0,-0.648085794617,0.0371451711717,-0.661326887286,-0.215233547978,0.0212459748845,-0.623437519159,-4.95233738866e-24,0.864197054804,-0.349652561306,0.0466912493195,-0.22385662963,-0.00766469142012,-0.605376738768,0
0.194744071601,-3.26214490398,0.783832774192,-0.0401350446045,0.00147623801604,0.998517930508,0.0367272570729,0.225294102556,0.12417715888,0.387390862219,0.440042835199,-0.526591115447,-0.112269213577,-0.588980959783,0.415960351414,0.0910664672474,0.614159475606,-0.248149964344,-0.2617899998,0.280888140202,0,0,-0.60708374365,0.00214987920535,-0.685335449336,-0.237919809942,0.0227669857972,-0.639009799574,-1.70049004797e-24,0.92158407722,-0.314000480223,0.0490978936316,-0.213554035706,-0.00825780890532,-0.599202058815,0
0.133447993589,-3.26669523028,0.788219359765,-0.0200616363436,0.00143695471343,0.997242867947,0.0714295059443,0.274765269303,0.139515619784,0.400097041444,0.517357417346,-0.0941883141028,-0.164225713209,-0.338253170797,0.440965133062,0.175606600004,0.157179369547,-0.203483428745,-0.228132416379,0.291613906622,0,0,-0.529026632924,-0.0240469015374,-0.691822212669,-0.250449597973,0.0240350236551,-0.648159424587,1.94225267246e-23,0.965331710152,-0.284750024577,0.0370864072901,-0.211178948085,-0.00876950971078,-0.598719925016,0
0.0734256737595,-3.27145182168,0.786147557337,-0.0132888220251,0.00119873916265,0.995867371559,0.0898337885737,0.246759886695,0.147818916927,0.384901801767,0.686527636238,0.0437629452535,-0.135311517499,-0.248783010241,0.439599859635,0.159835667154,1.02005328959e-05,-0.130982197184,-0.223892693231,0.298721849918,0,0,-0.462983846903,-0.0433588972081,-0.688984704939,-0.245145803481,0.0247699620544,-0.647084017304,-6.91940277468e-22,0.965479766225,-0.260060905332,0.00397887386112,-0.210604247774,-0.00841676556946,-0.600364848774,0
0.018582892538,-3.27611262365,0.774222432001,-0.0129087697715,0.00127046718262,0.995108008385,0.0979374572635,0.146151002654,0.225478622164,0.385193780646,0.981761826626,-0.0635009634048,-0.128551904542,-0.237803198327,0.44095949658,0.0748714004084,1.00812681499e-05,-0.118261063079,-0.248762023536,0.267416805029,0,0,-0.388762274078,-0.0279908476452,-0.656325877538,-0.228718491632,0.0224827199734,-0.634896607805,-2.16471837426e-20,0.914405580149,-0.257390247491,-0.0125037996056,-0.214855272904,-0.00734969402603,-0.601427956553,0
-0.0316943658138,-3.28301165395,0.753848986598,-0.0158146675676,0.0016026875237,0.994778454304,0.100812673569,-0.0141251582675,0.32206588791,0.360778679636,1.30189198018,-0.183238653822,-0.044857265942,-0.35240843759,0.431880719449,-0.0204418791509,0.265962444337,-0.0617246113419,-0.261789999847,0.222946092486,0,0,-0.31890416228,0.0166205859583,-0.605150714469,-0.203788629542,0.0189846970392,-0.611471495994,5.060413898e-22,0.828327717734,-0.273796871925,-0.0199295580267,-0.229340610268,-0.0057659963229,-0.608150682955,0
-0.0794756689343,-3.28304168404,0.735160295178,-0.0292321704328,0.00302521581762,0.994257986546,0.102895028889,-0.256990487367,0.396170842141,0.259406022537,1.57710319545,-0.301389671418,0.104185945327,-0.487447750347,0.466367205819,-0.0406212414685,0.583109405263,-0.176901322418,-0.261789860741,0.140723645687,0,0,-0.235093384543,0.110471224575,-0.524513279546,-0.176521841458,0.0131567995228,-0.579690838284,1.51734914026e-23,0.653640472317,-0.289894859595,0.0115376117722,-0.242439986098,-0.0045613595958,-0.610652372703,0
-0.128211359102,-3.283182409,0.723012738915,-0.0458730049431,0.00456882175058,0.994018852711,0.0990014672279,-0.536290183086,0.384326935648,0.136354284988,1.74619277022,-0.36075396725,0.261786575013,-0.537384484011,0.440067981817,-0.0970802588123,0.775815848191,-0.342194351929,-0.259371124325,0.0447198152542,0,0,-0.119853798134,0.21628108897,-0.436857629428,-0.164671566633,0.00712502367127,-0.558975712753,3.45782429449e-23,0.415244614119,-0.280734036197,0.077740194923,-0.233087424521,-0.0055205014484,-0.601948516818,0
-0.175534278607,-3.28059762902,0.716904519335,-0.0465582832694,0.00422936677933,0.994810461998,0.0903688520193,-0.773872368167,0.284435851631,-0.00606616873518,1.81957782954,-0.432500251297,0.261789999993,-0.496009084638,0.406182853737,-0.147633435562,0.880860593555,-0.498104389202,-0.254342654654,-0.0171631444246,0,0,0.0185422955247,0.313234749756,-0.375720684992,-0.183148724027,0.00406816677839,-0.565577682737,1.37914794968e-22,0.213019854498,-0.231915867294,0.152449126257,-0.233993484138,-0.00739583250895,-0.603389303403,0
-0.2238956612,-3.2758829044,0.721284967371,-0.0502137355506,0.00387074821629,0.995776832104,0.076759904623,-0.927040842384,0.142849500057,-0.0669765953705,1.73113765468,-0.450152155219,0.261789999921,-0.390057302967,0.371251461841,-0.158730333075,0.850364729118,-0.574704240092,-0.252257111819,-0.055214330554,0,0,0.127635108889,0.380275799209,-0.316184961114,-0.220992695208,0.00273312557487,-0.592739444664,3.78251185999e-25,0.0273520089844,-0.191479522123,0.225619998657,-0.247892775781,-0.00932657912228,-0.61622368391,0
-0.275261724487,-3.26736838661,0.732063414426,-0.0537267848849,0.00324468384497,0.996734380722,0.0601950772107,-0.986212743026,-0.0108379374643,-0.112241367172,1.51979596723,-0.489939011043,0.261789999981,-0.252334497982,0.364760080222,-0.142600546146,0.74299638856,-0.597929756681,-0.251581836413,-0.0954212546349,0,0,0.239446808479,0.442732494904,-0.236583808339,-0.258122914127,0.00163001637273,-0.621047650763,7.06771904698e-22,-0.11271581693,-0.136694086051,0.287873531779,-0.260010994296,-0.0119882058456,-0.628654422159,0
-0.330569648493,-3.25671471788,0.746136951807,-0.0526615530252,0.00243913917802,0.997539997101,0.0462033264339,-0.948855498011,-0.128802529895,-0.152808594622,1.21124232478,-0.527123806161,0.245907430822,-0.0980163018623,0.363402434421,-0.124409365556,0.611864248862,-0.587869099438,-0.252061045154,-0.11591231823,0,0,0.349947343439,0.475925186461,-0.160600468202,-0.279788867811,0.00160284092007,-0.639084357511,3.17150647264e-22,-0.177702343282,-0.0991754182202,0.338484750354,-0.269476088425,-0.0133159085936,-0.638578143544,0
-0.388721855233,-3.24283774609,0.758424027445,-0.0474827811122,0.00197454774752,0.998007535934,0.0415016449988,-0.854227941654,-0.185466837423,-0.20560631441,0.880412252723,-0.564129514764,0.0821606409431,0.0448324478004,0.370677034123,-0.105667478055,0.499277642475,-0.533536699148,-0.253277617794,-0.114928670228,0,0,0.440435756931,0.477719363014,-0.105222042684,-0.284182267448,0.00234285543045,-0.645100816207,-5.22793353031e-21,-0.180400085041,-0.0878591794506,0.382653113418,-0.280149498889,-0.0129558604299,-0.645643760724,0
-0.446586748509,-3.22572629215,0.764355518831,-0.0402603074908,0.00200232118368,0.997953772545,0.0496326088905,-0.766176954707,-0.193861685192,-0.254667830923,0.66368222974,-0.606610729824,-0.0750918284346,0.115894606237,0.363394226374,-0.122701895376,0.502453324933,-0.383156270358,-0.254570031444,-0.104265481234,0,0,0.480772363392,0.473840207547,-0.0761246958486,-0.283396807129,0.0030834616897,-0.645645085081,2.34649949416e-21,-0.147310876464,-0.096798952847,0.413571295604,-0.289430794209,-0.0119457744994,-0.650298776377,0
-0.502099101825,-3.20869550299,0.764552906414,-0.034831572324,0.00247466843575,0.996877372265,0.0708248540759,-0.697912590586,-0.175625215877,-0.260495304271,0.584692638728,-0.610048434789,-0.0257186508984,0.107295654762,0.31934408372,-0.163495268122,0.621129660519,-0.121977350203,-0.182860343921,-0.0906372591853,0,0,0.451655985532,0.483576489752,-0.0824490244251,-0.291121584452,0.00346515381807,-0.648441677495,1.98960473353e-20,-0.0984513364226,-0.118877275909,0.427442497709,-0.297053915946,-0.0107183851956,-0.653467291547,0
-0.555286780698,-3.19357107674,0.759366303816,-0.0323544517159,0.00330745847896,0.994289278984,0.101641975343,-0.677708007395,-0.12422125576,-0.220019328774,0.647944820447,-0.481807732991,-0.104591731106,0.0569046663154,0.203043534454,-0.259404746075,0.827588352622,-0.0270775437054,-0.150738910138,-0.0774758309126,0,0,0.360718941561,0.506979318676,-0.136634994551,-0.293947769699,0.00349589136187,-0.647465609956,3.43016450212e-21,-0.0345113576834,-0.144179931914,0.413851209497,-0.287624223951,-0.00941337103246,-0.647482224087,0
-0.605016614906,-3.18088128002,0.746611460158,-0.0319803617895,0.00445249117911,0.989930331707,0.137823820114,-0.717609699283,-0.067332741955,-0.154558398468,0.847528392241,-0.398077470126,-0.142253936574,-0.0817126216668,0.0695399283856,-0.307326207333,1.1587877251,-0.0843466962748,-0.221522567888,-0.0330638326705,0,0,0.19888591685,0.515717131327,-0.265869829864,-0.274923997641,0.00473208389169,-0.633909994117,-1.6432834216e-21,0.060737691377,-0.192122106309,0.355831346942,-0.259096821332,-0.00687024743587,-0.626745683493,0
-0.652832962269,-3.16621848426,0.735656997303,-0.0500187017024,0.00893988925964,0.983128786087,0.175715535879,-0.734927467613,-0.00193004185291,-0.0793088545901,0.986262159864,-0.464589323681,-0.114178141867,-0.296054181933,-0.00710054121644,-0.261265755343,1.42464933404,-0.136131125367,-0.261789999992,0.026147166267,0,0,-0.0378305294927,0.508591529051,-0.437225062325,-0.225329737748,0.00599292687553,-0.605446326407,8.76867555894e-24,0.171583383525,-0.246563533142,0.265777841728,-0.231960785384,-0.00469959075877,-0.603380894446,0
-0.69961798417,-3.15000596034,0.727317125328,-0.0627368837595,0.0141218109056,0.973570466042,0.219146639109,-0.693860087994,0.0547203023161,-0.013238642621,1.08258430743,-0.585841644556,-0.0960042198417,-0.533823006386,-0.0171895476097,-0.176321100368,1.62841823683,-0.188594582474,-0.26179,0.0839666351676,0,0,-0.274705731147,0.472569150169,-0.596911440348,-0.205664360986,0.00812312715216,-0.591901799557,-1.2176089011e-20,0.309232482421,-0.318506307035,0.194254583007,-0.227833483624,-0.00309132735995,-0.595702838153,0
-0.744655780727,-3.12866179766,0.727463439833,-0.0648458451033,0.0179351437837,0.961630821228,0.26596903801,-0.554922892923,0.103372499129,0.0615949310261,1.05860034947,-0.679814393886,-0.0891967501723,-0.712689164177,0.0293400014945,-0.11148592213,1.68180494362,-0.215611183066,-0.26179,0.140033617616,0,0,-0.477294243355,0.390408288891,-0.702206502856,-0.204577183484,0.0113487076465,-0.590006646475,-2.90590174986e-23,0.472630658286,-0.382790890342,0.149101880199,-0.245020233694,-0.00212534537021,-0.608304225201,0
-0.787888922125,-3.1009839157,0.73651449894,-0.0623098984361,0.0208759494126,0.946148812771,0.316992253065,-0.339904383242,0.131688904429,0.162568186294,0.906220997949,-0.705082230427,-0.0864339176434,-0.814526936523,0.106926761268,-0.0802383847893,1.59170661646,-0.253098910278,-0.261789989543,0.197895631194,0,0,-0.602390602256,0.277059046622,-0.733094663856,-0.201935445745,0.0153558039233,-0.593130894365,-4.59606196647e-23,0.635315443369,-0.421399359387,0.122585986552,-0.250618045592,-0.00229556351171,-0.616511522851,0
-0.832748346505,-3.06820267149,0.750804987305,-0.0614778921008,0.0242049936205,0.928445219994,0.365546226501,-0.112872945742,0.115899686507,0.263214379395,0.702002911079,-0.689641377957,-0.0981474462642,-0.836872871804,0.200311982693,-0.0557806768846,1.37293785599,-0.269709506678,-0.261789999372,0.238174661994,0,0,-0.66955102142,0.176681582125,-0.720465342024,-0.211762476874,0.0188364118641,-0.606238767499,4.17181247171e-22,0.773448414085,-0.431624964465,0.100696322692,-0.245543390121,-0.00379132606463,-0.61764316397,0
-0.8774105477,-3.03020298621,0.768574856513,-0.0655727088451,0.0291385445744,0.911481142044,0.405034899712,0.0858171329049,0.0717876795593,0.332171285382,0.477610861311,-0.670864333976,-0.113714026933,-0.761272710937,0.28230653522,-0.0252404096599,1.00569313315,-0.310134211731,-0.261789997585,0.261374205351,0,0,-0.691142981114,0.103941675609,-0.694947753593,-0.231005281585,0.0213781932007,-0.623355979926,-3.27532867618e-23,0.871288818701,-0.399974201992,0.0807234575155,-0.235016232267,-0.00549315298169,-0.613249620473,0
-0.921089044147,-2.99194859313,0.776618921111,-0.0629732757807,0.0309353005141,0.895336449146,0.439829468727,0.203658993311,0.0504923430423,0.390701883051,0.407454831641,-0.60828612528,-0.137044164582,-0.651017361501,0.339016916353,-0.00948508443626,0.63647548913,-0.339865612908,-0.26179,0.263811886311,0,0,-0.639705543503,0.0548411835041,-0.662058617046,-0.252629432294,0.0226676809297,-0.639339648716,2.87898648341e-24,0.935494600559,-0.368950179133,0.0724003788073,-0.222735684949,-0.00671831405759,-0.60664984205,0
-0.96581897745,-2.95296054515,0.778841695996,-0.0562637187541,0.0297264121473,0.88238722086,0.466201126575,0.224159794846,0.0411086885456,0.374453500471,0.488464648183,-0.315028375301,-0.148015882736,-0.523178314628,0.355709462288,-0.0356060952744,0.341990277271,-0.348052343928,-0.26179,0.236680746078,0,0,-0.548698616952,0.0409085703868,-0.627675621445,-0.267994832834,0.0215253731642,-0.648655929976,-3.64256450204e-23,0.958946564517,-0.347277128865,0.0740870796298,-0.21951174293,-0.00716234482721,-0.603728086203,0
-1.00780751397,-2.9187944095,0.769541847432,-0.0484641231596,0.0267175920308,0.874397873878,0.482043296099,0.129455900391,0.071063950507,0.330162561616,0.739171316957,0.0476389837277,-0.173505809272,-0.466950138248,0.369977669844,-0.0878546617377,0.26245519199,-0.329775711316,-0.26179,0.190136581659,0,0,-0.447113918464,0.0603897969611,-0.599071097734,-0.265385711056,0.0182594581959,-0.644732213118,4.05404579527e-22,0.937647060744,-0.33640792791,0.091151569235,-0.219841055052,-0.00665715792931,-0.601568030866,0
-1.0490998784,-2.88575473113,0.756963019575,-0.0462064705789,0.0257426723838,0.872352600098,0.486007422209,0.0349296617271,0.155276595925,0.354957936522,1.01194457242,-0.000993202759073,-0.15756731743,-0.481945334093,0.36228161716,-0.115770483221,0.355182986792,-0.167423809389,-0.26179,0.186714470387,0,0,-0.361219931771,0.069809210478,-0.605879452185,-0.233041916922,0.0172000050617,-0.624753107706,-5.86892983225e-21,0.883593044921,-0.335922377812,0.107533759628,-0.22635927626,-0.00573878959696,-0.606236708045,0
-1.08493180743,-2.8523400054,0.736344565876,-0.0467233434319,0.0259673520923,0.872828662395,0.485090494156,-0.146866698065,0.296901767827,0.322783233434,1.3667931456,-0.131903175084,-0.110116715281,-0.582386195042,0.362210104364,-0.150992084796,0.660775877351,-0.255526961489,-0.261789999764,0.127720460296,0,0,-0.278438852667,0.154447265573,-0.579875463373,-0.199944529596,0.0124854794898,-0.594801840576,-2.71949344357e-23,0.752052478948,-0.326563176332,0.143285403924,-0.237256198743,-0.00447640468836,-0.609846595297,0
-1.1194384668,-2.81695732218,0.720566711111,-0.0536278486252,0.0300465971231,0.870752096176,0.487864762545,-0.36806741339,0.367508569656,0.241851948019,1.60158560878,-0.197580383232,0.0133447314694,-0.621607780811,0.35687262907,-0.164768412116,0.878899835115,-0.436356011471,-0.259634659447,0.0600512549281,0,0,-0.157078681703,0.242825110758,-0.519226405851,-0.1645203767,0.00813293634934,-0.56120702528,4.6207217912e-20,0.522024922199,-0.338444166074,0.200979166818,-0.236237665113,-0.00387826079183,-0.609310275935,0
-1.15238147896,-2.78060600405,0.712045124193,-0.0584269538522,0.0331524349749,0.867777526379,0.492391496897,-0.606343738899,0.357730687728,0.141453292352,1.73679876324,-0.246899086667,0.15579369442,-0.576710104511,0.333917747485,-0.172466132338,0.974363754235,-0.578672300283,-0.255518332909,0.00781977083534,0,0,0.00692693928583,0.324213127905,-0.453047634491,-0.160574160881,0.00535041566066,-0.552604241062,7.41358345203e-22,0.246606489837,-0.326742954677,0.250036985496,-0.247448740498,-0.00530650206611,-0.620128129159,0
-1.18281675914,-2.74344694218,0.710392866278,-0.0558060258627,0.0317031256855,0.867696225643,0.492933928967,-0.80554385125,0.305552112301,0.055417793395,1.77204245628,-0.330160502795,0.231089276101,-0.470338610314,0.310005397992,-0.172049192939,0.985833356437,-0.682055530647,-0.253546689498,-0.010639987886,0,0,0.157087406924,0.391104020751,-0.405501984372,-0.197646713146,0.00501691100523,-0.579774027796,-2.63920116577e-20,-0.00180804766508,-0.305329310147,0.278734430424,-0.283604890549,-0.00665743406813,-0.645451691971,0
-1.21236143882,-2.70326623919,0.717236823139,-0.0523152276874,0.0293204579502,0.87076574564,0.488027125597,-0.935195581236,0.205387867123,-0.00619023395937,1.6817681061,-0.388129879666,0.261789999872,-0.319997351197,0.295563701424,-0.157743442001,0.906361204687,-0.741878347924,-0.252910507589,-0.0321414060891,0,0,0.28839615375,0.455079705861,-0.337453044994,-0.245407226362,0.00514698005046,-0.613938934377,3.0515866392e-22,-0.228376181124,-0.298072206225,0.305370838077,-0.323492205918,-0.00859057748071,-0.669350045628,0
-1.24290302991,-2.65882696212,0.729899165342,-0.0506355501711,0.027523143217,0.877136349678,0.476770728827,-0.984405636667,0.0882250052069,-0.0476887149407,1.48097476446,-0.429264888139,0.26178999999,-0.164897435622,0.292625642555,-0.13433821025,0.786992697815,-0.738728648231,-0.253155909977,-0.0564180202782,0,0,0.405052285827,0.505050248165,-0.254679723877,-0.278420095357,0.00521546744052,-0.636973421563,4.96095775957e-21,-0.383919736787,-0.29006612044,0.32107126173,-0.363374847102,-0.0111633141563,-0.68837844281,0
-1.27453666425,-2.61081761113,0.74492034944,-0.0480769388378,0.0253553409129,0.883218407631,0.465801358223,-0.951197207558,-0.0240588604977,-0.103932671117,1.19863734161,-0.49526672516,0.164204157955,-0.020146019161,0.292334959354,-0.113586571196,0.669427422904,-0.718333854304,-0.254235043049,-0.065488897264,0,0,0.498682024199,0.523712853928,-0.185759593494,-0.283854570327,0.00536518385788,-0.644755825356,1.02206028852e-20,-0.449642467606,-0.293245775967,0.333983241007,-0.399520887873,-0.012318083019,-0.702836222203,0
-1.30505107482,-2.55932959169,0.756953922868,-0.0418312512338,0.0216994322836,0.886688947678,0.459958672523,-0.86878563332,-0.0953550811566,-0.173135628513,0.912970242216,-0.5556835127,0.0195655602476,0.0874180545953,0.293883445759,-0.114602517743,0.606418076101,-0.645267955872,-0.255703603597,-0.061264321208,0,0,0.55293003205,0.515045977486,-0.151640865521,-0.265730741725,0.00547562968495,-0.638518236903,-1.80570558596e-21,-0.435499890075,-0.301649454492,0.350894272937,-0.427386114594,-0.0119521783882,-0.712668568648,0
-1.33409236685,-2.50684224966,0.762712741219,-0.0343057960272,0.0179768353701,0.885091245174,0.463803261518,-0.793328836613,-0.120668650005,-0.223489012059,0.733807925695,-0.603181419974,-0.11773834682,0.108622465055,0.275800608609,-0.148888162759,0.670610023935,-0.38095584275,-0.257930910152,-0.0472470037639,0,0,0.551212606736,0.498025380923,-0.144797066318,-0.245312328102,0.00555081727193,-0.627557313666,-1.20261641638e-20,-0.369204429241,-0.307411305995,0.364711153933,-0.435461104179,-0.010470592072,-0.71394667647,0
-1.36196314283,-2.45567820451,0.761180548876,-0.0300509054214,0.0162095110863,0.879612267017,0.474464416504,-0.731944062685,-0.116805000785,-0.221309726108,0.673676339354,-0.615946207848,-0.0798041488213,0.0683495107164,0.224021019733,-0.206902163533,0.812307502104,-0.0649185634171,-0.260373637195,-0.0388294607401,0,0,0.493449364028,0.493202494267,-0.169475657413,-0.239587761636,0.00535613621944,-0.622835389465,-9.96389319634e-21,-0.281637124186,-0.30114838834,0.377329833914,-0.432818946688,-0.00917754066782,-0.713310489957,0
-1.39064911529,-2.40696522871,0.754586039066,-0.0298673696816,0.0170024130493,0.86853903532,0.494427800179,-0.686332857525,-0.0777591362164,-0.18030857887,0.698223936844,-0.570852336545,-0.10366617707,-0.0125368241322,0.131285334967,-0.249489690428,1.02314347347,-0.0382400951099,-0.261789988543,-0.0143887307495,0,0,0.379995105891,0.495189766844,-0.244290098629,-0.233832833552,0.00537155702896,-0.618119807716,-6.53969731792e-21,-0.167616929987,-0.306503060783,0.374153411451,-0.393837380989,-0.00652706486828,-0.699909415745,0
-1.41872615637,-2.36269758348,0.740775758194,-0.0267771556973,0.0163603592664,0.852910637856,0.521112978458,-0.701439985338,-0.0544087761111,-0.144352078481,0.86466531032,-0.455187736135,-0.132694679819,-0.177014571759,0.0406880091155,-0.23767771947,1.33676157153,-0.0582407633257,-0.26178999858,0.0298497565091,0,0,0.210453011432,0.493327772715,-0.381806049723,-0.22385608097,0.0058584560222,-0.610308856919,8.18981354461e-22,-0.00557446357106,-0.344179172287,0.341792776264,-0.317693633525,-0.00338858137677,-0.666917276158,0
-1.44252818354,-2.31804656137,0.72951672005,-0.0456030666828,0.0297362897545,0.83640897274,0.545395374298,-0.727855160006,-0.00836662072364,-0.0756743773453,0.995320309243,-0.487835634877,-0.110453867174,-0.444789342748,0.0113947927693,-0.170245290161,1.59916958287,-0.0919552101397,-0.261789999999,0.0901929736137,0,0,-0.0660867537639,0.464238093058,-0.563225755256,-0.202011763805,0.00751292457709,-0.594045102687,1.79556705752e-21,0.183655394381,-0.389745091894,0.290448045446,-0.235849114358,-0.000924235256375,-0.620778565507,0
-1.46264034521,-2.27208802462,0.722826256421,-0.0577479973435,0.0407031662762,0.815326094627,0.574675381184,-0.682417413898,0.0370302683543,-0.0225299316191,1.06603494246,-0.591998607463,-0.0954728829919,-0.710865721936,0.0372557809104,-0.112615949862,1.7676106614,-0.128528937582,-0.26179,0.140383273363,0,0,-0.325108408618,0.413241656475,-0.735499975961,-0.185577149931,0.00936292351705,-0.582626375383,4.50744523184e-21,0.390493073569,-0.433123614983,0.249697563365,-0.184917200455,-0.000158082718459,-0.590328123042,0
-1.47676698325,-2.22303660748,0.722921333449,-0.0618977472186,0.0474426858127,0.791264891624,0.606479763985,-0.569065726693,0.0782326327715,0.030198544161,1.06889320126,-0.707130936006,-0.0902480694844,-0.915375578058,0.0785679371626,-0.100236434802,1.79982061973,-0.190692540341,-0.26179,0.180300399661,0,0,-0.545674266384,0.342400784689,-0.867185667575,-0.173236091745,0.0106856944864,-0.574382715896,-7.10975959791e-21,0.58173889536,-0.464105963997,0.195666297749,-0.170908051649,-0.000953010821287,-0.586479254839,0
-1.48436799437,-2.16937633824,0.735662751244,-0.0552147440612,0.0468177348375,0.760720133781,0.645030498505,-0.309095874353,0.101304743191,0.115232696576,0.84848256528,-0.72467333733,-0.0735712130328,-0.980477510252,0.152076029186,-0.104144045061,1.63583124597,-0.244229991537,-0.26179,0.213773056865,0,0,-0.668118810751,0.258831163473,-0.922100697521,-0.167417641607,0.0125503663905,-0.571447468241,1.76560642646e-23,0.745731878797,-0.475882084908,0.143121258787,-0.16805264927,-0.00285104224952,-0.587447845138,0
-1.4891598766,-2.11113176704,0.752536759207,-0.0579150468111,0.0537962578237,0.73038738966,0.678443849087,-0.101178455896,0.0896631088911,0.191431167963,0.64980406602,-0.7046456552,-0.0673227414854,-0.987225271601,0.228135200969,-0.10669231301,1.36170842558,-0.28346895327,-0.261789999968,0.250507682562,0,0,-0.74352362778,0.170584020939,-0.929191111822,-0.169727396667,0.0152876834436,-0.575932814762,-1.99161540367e-21,0.859169283633,-0.45401363519,0.080683792614,-0.161249289155,-0.00455908037328,-0.583173238973,0
-1.49198117097,-2.05277496659,0.766156995622,-0.0480053648353,0.0483173280954,0.70317620039,0.707745850086,0.110177577295,0.0765959917213,0.259914522754,0.45483629828,-0.638142212169,-0.0204603028618,-0.863596937497,0.313900448052,-0.0919113341796,0.955813783437,-0.298161860543,-0.261789998811,0.261015444994,0,0,-0.723977220633,0.110004977791,-0.918103757344,-0.184193932526,0.0167765168215,-0.590601664797,-4.83420186569e-23,0.950886011281,-0.40161023097,0.0531260818488,-0.136956911447,-0.00639573310027,-0.563359688411,0
-1.49485090805,-1.99127706224,0.777312572422,-0.0461270958185,0.0492058135569,0.682357370853,0.727900743484,0.190108287371,0.0645886125078,0.315692578439,0.435573953368,-0.539218011077,-0.0055186068824,-0.725317792654,0.349834183421,-0.0538593542661,0.587109806303,-0.334133664458,-0.261789999724,0.268534034491,0,0,-0.668292316564,0.0610103050507,-0.888233704271,-0.202027534629,0.0184125751537,-0.605803566122,-7.73161470041e-23,0.980113701383,-0.34778562879,0.0283229405894,-0.114925719437,-0.00712175089132,-0.546297137748,0
-1.50013861561,-1.93278457838,0.77643890495,-0.0344403088093,0.0384861566126,0.665962219238,0.744195520878,0.156934696891,0.111032124013,0.34455581461,0.644245326156,-0.167817070611,-0.042590333637,-0.599443836271,0.345046601621,-0.0846629983345,0.374579359864,-0.340659302836,-0.26179,0.220969051123,0,0,-0.538652591974,0.0593518345451,-0.821833713118,-0.224330397452,0.0169324971587,-0.619867446318,-1.14979143422e-22,0.978720576771,-0.320476495381,0.0350864480952,-0.104977941293,-0.00697970287478,-0.532613261091,0
-1.50452224202,-1.87646061796,0.768981797155,-0.0279892180115,0.0318753607571,0.659221887589,0.750751018524,0.0824874487361,0.15746488052,0.329785617817,0.87545191344,0.015039552289,-0.0396676482434,-0.532000127649,0.329952649771,-0.119180328546,0.33171968864,-0.331123736284,-0.26178999887,0.182677686214,0,0,-0.401425405594,0.0665054743097,-0.746038728749,-0.22184767968,0.0150962891832,-0.616062022463,-2.60898697207e-23,0.93825756997,-0.311915401851,0.0680965644829,-0.0985921657851,-0.00604489863103,-0.525662333707,0
-1.5090638004,-1.82276823624,0.754750930581,-0.0272102579474,0.0309496596456,0.659718990326,0.75038164854,-0.0477904781275,0.253803919206,0.323750470518,1.17647552026,-0.0797566532831,-0.0393215750428,-0.569117650016,0.298069742704,-0.180207872618,0.49132079668,-0.194563307961,-0.26179,0.144874304533,0,0,-0.284842504193,0.0958283296788,-0.651020482992,-0.195947462065,0.0125112850573,-0.595315791893,1.64763769296e-20,0.846634915729,-0.317184494131,0.110610996638,-0.0968016837249,-0.0047344078164,-0.526503871982,0
-1.50830899292,-1.77159980714,0.736171509245,-0.0293101333082,0.0332455225289,0.660665392876,0.749370992184,-0.2442145067,0.344802956517,0.242906397807,1.45872915865,-0.168863189086,-0.0252779633304,-0.643096435009,0.301411505138,-0.196335141349,0.746128086896,-0.256328223988,-0.261752149671,0.0770442262292,0,0,-0.179179664346,0.183129863013,-0.532246784532,-0.167629563681,0.0080954699302,-0.567061821149,1.18008926145e-25,0.688801921687,-0.325141905558,0.171272209297,-0.109162769722,-0.00371471396364,-0.537325997499,0
-1.50659420884,-1.72176453881,0.720915619145,-0.0338680297136,0.038535553962,0.659283220768,0.750142395496,-0.496105170317,0.350925390167,0.117889313606,1.67043454075,-0.227919833604,0.0832646408872,-0.662554720389,0.297827611697,-0.216194585377,0.934547106143,-0.416264689654,-0.255703188131,-0.00214689015411,0,0,-0.0383679229271,0.284897825267,-0.414823908259,-0.146986781137,0.00401781482986,-0.542521184194,4.35904731767e-23,0.454152936741,-0.331737345238,0.245864955651,-0.115312215351,-0.00430387898102,-0.547737540002,0
-1.50284691354,-1.67260626276,0.712922627626,-0.0377914607525,0.0432572029531,0.656840443611,0.751838564873,-0.732838199457,0.304377887574,0.0196222137715,1.77289623847,-0.291478035225,0.184567944452,-0.609793919852,0.292287949932,-0.222318029766,1.00533275485,-0.543902542592,-0.252329831516,-0.0394393205643,0,0,0.102993616874,0.364320986831,-0.330314932168,-0.149590620264,0.00275036582613,-0.542208877814,1.21515055616e-20,0.209729432277,-0.307084658331,0.295782172481,-0.123494927157,-0.00584288858632,-0.562920260438,0
-1.49782794242,-1.62379015441,0.712926408788,-0.0373388305306,0.0429284051061,0.655213534832,0.753298163414,-0.907369930404,0.237758349563,-0.0326626909765,1.75687391262,-0.352915027547,0.244630438417,-0.503903427491,0.27984312408,-0.222036348748,1.00535441366,-0.629255739806,-0.250616183537,-0.0568271763623,0,0,0.230224554744,0.425216529244,-0.26076448698,-0.172007908799,0.00257324195709,-0.562055902313,-1.89756748148e-22,0.00441703447851,-0.24970362245,0.309377754685,-0.141679306526,-0.00751273864299,-0.582175660492,0
-1.49046289769,-1.57366653143,0.721141721635,-0.0359987765551,0.0410625971854,0.658236324787,0.750828146935,-1.00118221437,0.150016142938,-0.0515326147272,1.61441789391,-0.405504070221,0.261789999998,-0.361836080816,0.268460215112,-0.217289499122,0.933589026756,-0.673955540776,-0.249923820314,-0.0814675539732,0,0,0.340415210178,0.469351866876,-0.185726694676,-0.196157358243,0.0023524602384,-0.584708899686,6.0530337174e-24,-0.1444611379,-0.162624704977,0.282291932359,-0.174795161509,-0.0101489310901,-0.607276926401,0
-1.48158933397,-1.52035347144,0.734791056552,-0.0350438952446,0.039255194366,0.665036141872,0.744954943657,-1.00725663322,0.0301147854204,-0.0745769240932,1.3605910405,-0.444301679617,0.214219605179,-0.216035443013,0.264139056007,-0.20808608728,0.83111447969,-0.675864491378,-0.250440611604,-0.1036003232,0,0,0.435640627725,0.483977187131,-0.11599880823,-0.217588669532,0.00241342643513,-0.604846410388,-9.11719248826e-22,-0.242349447418,-0.0966269398385,0.256670728976,-0.215447425363,-0.0126815202874,-0.631929152101,0
-1.47028530548,-1.46347450228,0.749770264278,-0.0323207639158,0.035702843219,0.67034226656,0.740487575531,-0.930845541909,-0.092071831166,-0.157382026835,1.03869640723,-0.467496027539,0.00278143184395,-0.0841817733248,0.267490168408,-0.196221501137,0.740578537809,-0.63528213714,-0.251963031771,-0.113996490836,0,0,0.509402861035,0.466558648735,-0.0700466780295,-0.22514879038,0.00270293772277,-0.613848948168,1.02104103816e-21,-0.274500941623,-0.0785477875494,0.273831415112,-0.258288198011,-0.0137842661622,-0.653225041404,0
-1.45615483148,-1.40461113581,0.760680394387,-0.0279043037444,0.0309177711606,0.669421553612,0.74171435833,-0.830769266809,-0.150994825995,-0.225979347013,0.763520238239,-0.537303818539,-0.170041384543,-0.00110492723994,0.268131621635,-0.195942263086,0.713613527308,-0.526766429307,-0.253878930299,-0.108036786318,0,0,0.546009412643,0.426439997014,-0.0515979862102,-0.223337516319,0.00328775659704,-0.615125693745,-1.74481219328e-21,-0.253813456046,-0.10489154251,0.317110092872,-0.304793901592,-0.0132284066708,-0.672537110775,0
-1.44164317258,-1.34702185632,0.765342785542,-0.0249939449131,0.0284223649651,0.659890592098,0.75040781498,-0.762030364319,-0.161665204416,-0.22046915622,0.636587013191,-0.572277363386,-0.180271717742,-0.00399049042365,0.228934634592,-0.226630804708,0.795838668154,-0.250636068282,-0.211923686644,-0.100795149803,0,0,0.528665691907,0.399762536456,-0.0595278430298,-0.227266008168,0.00341799499498,-0.617930195013,-2.42880010026e-20,-0.212042608661,-0.141895006264,0.355133694889,-0.343835075625,-0.0126301391202,-0.688011564634,0
-1.42814059056,-1.29114845689,0.761937055145,-0.0213212650269,0.0253238435835,0.643710672855,0.764552593231,-0.695290237675,-0.141058361891,-0.154316646316,0.620379314205,-0.588223217511,-0.123339818399,-0.0466349414431,0.148611345826,-0.266567198115,0.953379318636,0.00362273029704,-0.133060419097,-0.0817162841558,0,0,0.45117483395,0.406580390971,-0.110728545372,-0.23685735113,0.00340848619996,-0.62247908124,2.24613202099e-20,-0.13615548113,-0.184047821247,0.367776077609,-0.372116073627,-0.0112042946182,-0.698044001726,0
-1.41571141998,-1.23773160676,0.753566385886,-0.0199849735945,0.0254285857081,0.617600977421,0.785826325417,-0.690250426084,-0.124394984088,-0.14348138207,0.723738172822,-0.393890249365,-0.15042723858,-0.133348362093,0.0373689056636,-0.303360298582,1.1751549022,-0.0189238510042,-0.186206467468,-0.0724250227213,0,0,0.341488210454,0.436296409846,-0.173314977874,-0.242827920773,0.00291681652678,-0.625092074788,-3.79542478684e-21,-0.048893518312,-0.220946748635,0.372458714624,-0.365483471844,-0.0101022448361,-0.69511473591,0
-1.40385610913,-1.18721978454,0.740388490551,-0.025004837662,0.0345187261701,0.586107730865,0.809111177921,-0.721653400204,-0.100288654805,-0.0962098834027,0.898454459512,-0.399999598015,-0.0745990724242,-0.316388089576,-0.0352583863307,-0.268609899486,1.42471442758,-0.0638453050486,-0.261789994217,-0.00868070032448,0,0,0.16540038214,0.454386594321,-0.270881273875,-0.227586810977,0.00454959683068,-0.613880351293,1.06119858731e-23,0.0633926005257,-0.290610215282,0.305098091745,-0.32347815294,-0.00607345754401,-0.676001980361,0
-1.38847960546,-1.13782477491,0.730098470905,-0.0364387594163,0.055006723851,0.551055967808,0.831855595112,-0.73057800435,-0.0379748155884,-0.0154904371284,1.02720230724,-0.495335318618,-0.046028793455,-0.555450329913,-0.02420575385,-0.180950957571,1.59551361368,-0.115152127387,-0.26179,0.0818688571453,0,0,-0.0532042578838,0.471411499174,-0.398371552767,-0.182355623321,0.00760364501478,-0.584586979595,-1.7877074586e-20,0.215507909409,-0.357564449007,0.221156606215,-0.256523640035,-0.00173448709949,-0.644305240175,0
-1.37039918783,-1.08960630926,0.72424813749,-0.0417033806443,0.0698261186481,0.511057555676,0.855689942837,-0.663731048017,0.00547785969053,0.0464558447113,1.07712776948,-0.61282348335,-0.0277823158003,-0.779000629887,0.0369711394175,-0.117027077545,1.68860957949,-0.173363779368,-0.261789999796,0.146015271544,0,0,-0.218082809258,0.476605339195,-0.486213658211,-0.151282109035,0.00997624026207,-0.56359075779,-1.36845128761e-20,0.393815561492,-0.421545455335,0.176959467254,-0.209610538374,-4.94441318327e-05,-0.629859196773,0
-1.34726439864,-1.04282380813,0.726850836893,-0.0401658639312,0.0755443498492,0.467733919621,0.879718542099,-0.507101528343,0.0240790547125,0.115327598545,1.00990029655,-0.700137056423,-0.00402177181164,-0.914855652444,0.116455837601,-0.0891739468344,1.64025834776,-0.238563248732,-0.26179,0.192892044783,0,0,-0.315053887478,0.445067475282,-0.514689325752,-0.145817508143,0.0124933226607,-0.562481225818,1.42598973318e-20,0.580656471108,-0.465065956133,0.130692295041,-0.215615777786,-0.00110437949807,-0.64589918487,0
-1.3186354176,-0.994669457825,0.737946572705,-0.0393650345504,0.0834974870086,0.42461553216,0.900655448437,-0.319666167292,-0.000451182050278,0.181408131328,0.859707659552,-0.740502610769,0.0116202934522,-0.966270471176,0.194696580523,-0.0685630167734,1.45910745593,-0.288416801945,-0.261789999955,0.239199146628,0,0,-0.372784409924,0.381750147933,-0.523067267086,-0.157102967591,0.015920543001,-0.575835397126,-5.26739022518e-22,0.744028718921,-0.498109840168,0.0663330662665,-0.221497551977,-0.00270623387841,-0.655144711869,0
-1.28707083056,-0.947814511838,0.751306073384,-0.0298549477011,0.0713314041495,0.384930253029,0.919700622559,-0.0633519487739,-0.0286255175464,0.234668805278,0.61955900205,-0.70421589759,0.0126743792053,-0.8840179331,0.286079679074,-0.0634465828964,1.13220898008,-0.289398879234,-0.26179,0.264430493116,0,0,-0.356424149459,0.317241377606,-0.538175218705,-0.181143606946,0.0181988273034,-0.598535799743,-3.05407926606e-21,0.915381818936,-0.502605260519,0.0311741408302,-0.220276770408,-0.00561460027583,-0.653436380009,0
-1.25068290641,-0.900451575042,0.76401214554,-0.0255690142512,0.0668772906065,0.356200039387,0.931662619114,0.10290751928,-0.0363373146479,0.282957140316,0.484356494285,-0.689614319619,-0.0192121111658,-0.726616233178,0.360549252395,-0.0230698845475,0.69795631789,-0.283324671472,-0.261789842397,0.264385551214,0,0,-0.340477131325,0.263492421687,-0.5490491759,-0.211265015266,0.019160373462,-0.620030468312,4.83099720783e-23,1.01416899541,-0.468684919666,0.0032857895532,-0.208450925094,-0.00773308110906,-0.643426510397,0
-1.21308468183,-0.852004760123,0.772464082369,-0.0234190095216,0.0642297789454,0.341751813889,0.937300264835,0.164451126213,-0.0313448551068,0.301052605856,0.488110307694,-0.548657308782,-0.0695071827517,-0.5550410772,0.37695523512,0.0328484127948,0.313548329086,-0.251202210745,-0.261789999621,0.258833050728,0,0,-0.320576443664,0.205586478173,-0.573916719676,-0.237889901009,0.0193892867227,-0.636401605145,-1.87100327735e-23,1.06016798182,-0.418026090472,-0.0185961297531,-0.198750836938,-0.00885048012667,-0.636669749667,0
-1.18079159103,-0.804866281833,0.768879760598,-0.0164515636861,0.0465116165578,0.333057433367,0.941614985466,0.106964099203,0.00215370412017,0.250081876784,0.71456701554,-0.172934915607,-0.153200089316,-0.449831883558,0.388664606936,0.0608089011182,0.187987389146,-0.2345033785,-0.26179,0.216940999031,0,0,-0.255026911992,0.177617579485,-0.585058975948,-0.263268748755,0.01698298564,-0.649378328105,4.51311837764e-23,1.07418478088,-0.382741248243,-0.0123701003916,-0.204898006793,-0.00908871228712,-0.635418984137,0
-1.14938373039,-0.760122210275,0.761225539216,-0.0152449449524,0.0429438576102,0.334194898605,0.941401720047,0.0150109212068,0.054471695209,0.229232078332,0.92019355586,0.0537524803497,-0.224089928369,-0.459647875394,0.377171841968,0.0200460247523,0.288062087262,-0.124900799463,-0.26179,0.187216117978,0,0,-0.214662679336,0.139202535423,-0.588175843907,-0.271421751683,0.0153099366744,-0.653553968905,1.92427925331e-20,1.02116566181,-0.365420463958,0.00155517729017,-0.212973751478,-0.00806994679842,-0.63599696497,0
-1.11917805987,-0.720095712907,0.744291580665,-0.0144083835185,0.0400074236095,0.338531881571,0.939993619919,-0.149633146759,0.185741668807,0.216313455102,1.26552196291,-0.0540182996157,-0.223298921649,-0.557400181379,0.382627436096,-0.0413973142298,0.58400729954,-0.135539863369,-0.261789999829,0.144035980105,0,0,-0.171248819465,0.131239807156,-0.560012142554,-0.256894975367,0.0127725728616,-0.642639122621,-1.20558907997e-20,0.907630233652,-0.354460378197,0.0393156643346,-0.22547600297,-0.00639634446,-0.636514845432,0
-1.08620775759,-0.682540505886,0.729695256626,-0.0177553724498,0.0487402006984,0.341821283102,0.93833220005,-0.362522042208,0.276207202829,0.14293424671,1.51532489098,-0.128899640546,-0.137098454865,-0.599049780391,0.398255765857,-0.0615595135949,0.783885120292,-0.295615393695,-0.261783603113,0.0980405062437,0,0,-0.125394970078,0.145096657661,-0.51710758937,-0.209800342709,0.00975301712325,-0.609963609512,3.27663916037e-23,0.69144988359,-0.368911380397,0.103928365384,-0.226556728633,-0.00440398308218,-0.630489610255,0
-1.0534254174,-0.645421283209,0.720761687518,-0.0187903065234,0.0507485643029,0.346716880798,0.936407446861,-0.581304953142,0.287535779688,0.0409991659315,1.67453556024,-0.220086596362,0.0220644904408,-0.564747842063,0.38612600709,-0.0871306051853,0.895907851027,-0.453869777522,-0.260127337051,0.0661155283451,0,0,-0.0484409276163,0.180990996602,-0.494240840346,-0.151327439244,0.00749092898904,-0.565460468803,1.09928672336e-23,0.439872994583,-0.3697836349,0.160600545862,-0.228955693363,-0.00343028298978,-0.629098000389,0
-1.01987621384,-0.609852884684,0.718716462819,-0.0181058328599,0.0478201769292,0.353629261255,0.933987021446,-0.760054126414,0.253520366411,-0.0323949011991,1.71282177954,-0.297216020851,0.148833154788,-0.469435370786,0.360173538684,-0.0982249062433,0.919661561454,-0.562202138027,-0.257445600661,0.0432978980243,0,0,0.0266784857684,0.244360892526,-0.472744570417,-0.137664923702,0.00617571999759,-0.554186357617,6.28885366927e-20,0.205024265002,-0.335503319638,0.190574408063,-0.246668354477,-0.00346217498302,-0.635989074404,0
-0.984477967572,-0.574385974722,0.723964002394,-0.0171668883413,0.0437147133052,0.36512452364,0.929773330688,-0.874860525597,0.175087271107,-0.0747764828184,1.62867021572,-0.37600556292,0.238764672449,-0.330059954522,0.335964829955,-0.098449664818,0.859511920656,-0.630791783446,-0.255218003353,-0.00155372393783,0,0,0.0825855643949,0.333645754812,-0.414135128779,-0.174858498483,0.00471166417985,-0.575713460169,9.65273644331e-20,0.0268244505775,-0.265942210591,0.206568569753,-0.272768254886,-0.0059917025636,-0.647855565996,0
-0.945476986925,-0.538269855795,0.734043920987,-0.0153263323009,0.0370921902359,0.381572604179,0.923467159271,-0.911192832911,0.0596294215069,-0.118120263319,1.43836836245,-0.434557596864,0.23349377244,-0.171460542435,0.327467473349,-0.0908838531098,0.754305011251,-0.653360685607,-0.253834854691,-0.0492798537016,0,0,0.144249010723,0.428308997015,-0.339712458958,-0.218488129475,0.0030950990066,-0.604772442251,-1.40741342009e-20,-0.0640555964167,-0.197296940124,0.224313141952,-0.301352988984,-0.00938374385417,-0.663350018315,0
-0.902994597855,-0.500816027737,0.746640887458,-0.0133949797601,0.0312264114618,0.393995791674,0.918483972549,-0.864426284027,-0.0821904140112,-0.216670623117,1.15340505154,-0.466696371165,0.0977630585207,-0.0234103918863,0.325046809981,-0.0818046237104,0.646900705957,-0.646271887538,-0.253744257716,-0.0811178013682,0,0,0.222194123147,0.491638084219,-0.264232806514,-0.245911697654,0.0021271846168,-0.627516533358,-1.97011291431e-20,-0.0865061739947,-0.164737234342,0.255757908167,-0.325614441446,-0.0113953557418,-0.677554634861,0
-0.856398360024,-0.462462228476,0.756218130787,-0.00992218591273,0.0229213796556,0.397132515907,0.917421340942,-0.764552672891,-0.168178076978,-0.343144506931,0.842160457323,-0.518646117376,-0.116916177621,0.0961663741552,0.32239403148,-0.0840435694874,0.587362359189,-0.603814965007,-0.254688556552,-0.0799369141459,0,0,0.305081590625,0.50763444857,-0.217492029846,-0.248831552458,0.00258097778142,-0.634769155869,-2.76204537519e-21,-0.0472223563504,-0.173337510823,0.276658127447,-0.346860632162,-0.0110547027876,-0.687930999032,0
-0.808219843163,-0.425478168618,0.759884377722,-0.00679779378697,0.016121795401,0.388466924429,0.921296536922,-0.679018916723,-0.193586551743,-0.428580570883,0.629091030685,-0.585802480414,-0.186047241219,0.138555272462,0.311467582422,-0.0842755515933,0.636563544889,-0.422659472973,-0.253753517555,-0.0635699927807,0,0,0.354047907748,0.496608187542,-0.192460148386,-0.239374848755,0.00344627143392,-0.632090351241,3.06982480044e-21,0.0229305182544,-0.203458897652,0.295025263258,-0.361228749622,-0.00980693452821,-0.694509221591,0
-0.762417868415,-0.388965274345,0.756459796318,-0.00359008158557,0.00904345884919,0.368953019381,0.929397106171,-0.606491583577,-0.17833919899,-0.408592565358,0.541643779291,-0.609909510783,-0.131258934976,0.110768657436,0.269305482722,-0.0633319604567,0.784128112054,-0.0958284145714,-0.0575001602579,-0.0254095122218,0,0,0.335741941261,0.48263628027,-0.205747318867,-0.231632042192,0.00475538672619,-0.627289823462,-7.91315907436e-21,0.116255114012,-0.248643986967,0.293517162133,-0.364908771283,-0.00739232399727,-0.696957288457,0
-0.719992635161,-0.354653591378,0.747654567499,-0.00212744763121,0.00591714726761,0.338329076767,0.941006839275,-0.593285966231,-0.11695163328,-0.330418400966,0.592259458648,-0.447183325276,-0.244223871093,0.0365558710275,0.208593738066,-0.0533667298333,0.996476341741,-0.0140380974749,0.0229241655967,0.00588708929718,0,0,0.264796566196,0.484208216473,-0.259622483752,-0.232816349104,0.00563522707458,-0.62668864496,4.53052482702e-20,0.210201831641,-0.284013701891,0.27829929574,-0.345722305463,-0.00557878604072,-0.690485456872,0
-0.680698148713,-0.32242242395,0.736367362443,-0.00474263587967,0.0149083342403,0.303112864494,0.95282626152,-0.628075767573,-0.0880431133826,-0.269463327205,0.75036982631,-0.392328676575,-0.233971585838,-0.127598835288,0.12115162924,-0.0428588303329,1.26154184373,-0.0330709567886,-0.0433124678318,0.0278042722493,0,0,0.12605058679,0.483243820804,-0.345248482739,-0.229282555544,0.00601852822947,-0.624551403875,1.21756444261e-20,0.293238525048,-0.313292605664,0.220699248255,-0.287624816126,-0.00458952438907,-0.663294127009,0
-0.64294544451,-0.295698381044,0.722616100568,-0.00881478469819,0.0320044085383,0.265390247107,0.963569402695,-0.693382042127,-0.0469377490715,-0.202857714748,0.98212287654,-0.487150217827,-0.194762448321,-0.38622454063,0.0799710811587,-0.0172410980885,1.55919397318,-0.0981286604595,-0.197718287351,0.0650668591261,0,0,-0.0726315878162,0.470969511769,-0.462791126641,-0.194460925885,0.00674288658338,-0.604050730322,-1.47619353211e-22,0.403959572418,-0.316102609418,0.15449638088,-0.19437839675,-0.00327767031839,-0.602372602234,0
-0.602080077315,-0.26937730582,0.716480042873,-0.0104087758809,0.046726372093,0.217181548476,0.97495663166,-0.649004528938,0.000327370483,-0.135149278691,1.07225570136,-0.614856075061,-0.15886814869,-0.618418609689,0.0894711967986,0.0510839614414,1.71938512571,-0.152234212658,-0.261789999927,0.106249161065,0,0,-0.280261722199,0.419163695577,-0.571470885471,-0.179349389443,0.00847600625968,-0.595808080261,-1.87495558123e-25,0.529465122839,-0.358593998216,0.176961874331,-0.141834371119,-0.00223822549411,-0.556841996426,0
-0.55887011608,-0.249337972603,0.719278376277,-0.00906798895448,0.0521140173078,0.171187072992,0.983817517757,-0.514824058783,0.0414505992066,-0.0653809354565,1.02862808644,-0.687488003419,-0.123095645145,-0.79073119521,0.138260639155,0.0926076053432,1.73787010059,-0.210183131959,-0.26178999918,0.136511042714,0,0,-0.504150327377,0.339282246365,-0.671785967835,-0.180946739005,0.0101293776802,-0.601059439094,7.55231869218e-23,0.677617778582,-0.404306487741,0.194090585834,-0.132461405293,-0.00152983719583,-0.547744062316,0
-0.511656398159,-0.234697425416,0.728737965209,-0.00654561072588,0.0520388074219,0.124628096819,0.990816295147,-0.326868218353,0.0756689597331,0.0102725439733,0.902694738565,-0.721995571341,-0.103199449192,-0.890669600486,0.191401364378,0.0798069644486,1.62533592528,-0.258920493086,-0.261789999729,0.181055963039,0,0,-0.685424993952,0.213307468741,-0.724927267313,-0.196604389304,0.0134255699567,-0.613011741221,-3.47968070832e-23,0.818081758585,-0.443072459314,0.2316957664,-0.119645542298,-0.00234674393042,-0.544221739882,0
-0.460292773446,-0.22219879654,0.744828724776,-0.00425078580156,0.0524137802422,0.0807232931256,0.995348393917,-0.110437154072,0.0787939874945,0.0831460871011,0.699931825004,-0.710795175928,-0.0894369720072,-0.899837827121,0.244798956871,0.0551877905949,1.3737034567,-0.287090334055,-0.26179,0.218271657825,0,0,-0.807153460647,0.084050519254,-0.743371931105,-0.215625973727,0.0164953205407,-0.627902756379,-5.40956439013e-23,0.92961346938,-0.455649363528,0.242631947809,-0.113372245501,-0.00395655532491,-0.542073560656,0
-0.406406894908,-0.212763017965,0.761190248377,-0.00205045333132,0.051083561033,0.0400544553995,0.997888743877,0.0638434570979,0.0806223677319,0.152545481262,0.542602060775,-0.690831820183,-0.0973776921313,-0.818399863259,0.294630296705,0.0252096938727,1.00374895565,-0.304988853933,-0.26179,0.234905064106,0,0,-0.857212707617,-0.00134942890676,-0.752179687176,-0.246132894517,0.0180514924714,-0.647712983973,-3.8900897922e-24,1.00695352645,-0.428737330256,0.223949144641,-0.105187374387,-0.00550255979688,-0.53748118043,0
-0.351428945731,-0.20404538605,0.772952235781,-0.000170978921233,0.0464095585048,0.00368013698608,0.998915731907,0.174243649519,0.0817849218189,0.219116435646,0.485266007665,-0.632594844217,-0.113193370694,-0.660988145786,0.339174795699,0.0107890535943,0.566519808384,-0.304687314413,-0.254672497214,0.234685659409,0,0,-0.814963216199,-0.0416320246378,-0.76107673898,-0.297078606766,0.0189231418402,-0.670617698571,-2.13500975813e-24,1.04508905665,-0.3807426823,0.19781004079,-0.0901557088634,-0.00660703965446,-0.52869114452,0
-0.294399880914,-0.196291059792,0.780233163377,0.00104519107845,0.0433840155602,-0.0240619387478,0.998768091202,0.196832755058,0.0675503323548,0.223533788436,0.51479834003,-0.295161713358,-0.129783216327,-0.465460371696,0.350069577129,-0.0237406235832,0.156190455635,-0.278142098225,-0.200835759882,0.241196349263,0,0,-0.731546812518,-0.0510998910373,-0.773647557208,-0.342137877931,0.0201818294718,-0.688256985301,-1.05204170838e-23,1.05111434265,-0.330815351722,0.168338708833,-0.0755047655886,-0.00745386976227,-0.521335236703,0
-0.24171917906,-0.1874734326,0.774937071498,0.00157791050151,0.0375852957368,-0.0419154837728,0.99841272831,0.10323331129,0.0650195511275,0.186607027575,0.726893487132,0.0990067570036,-0.169243998834,-0.396043041291,0.361974593284,-0.104089262499,0.0763662709653,-0.265224856908,-0.249897460963,0.199050351977,0,0,-0.628550560455,-0.00780325044796,-0.744987399415,-0.360318647977,0.0180730301234,-0.694870366856,-2.45754911029e-22,1.01909326108,-0.302372479366,0.146250495383,-0.0728859157922,-0.00691661771884,-0.518750055764,0
-0.19315203827,-0.177388198462,0.759673071081,0.00148205028381,0.0299981441349,-0.0493222884834,0.99833124876,-0.00440693032973,0.135175414199,0.213026953136,1.01985483311,0.033926067714,-0.190538033944,-0.393529834988,0.35651949154,-0.136798587806,0.177283136109,-0.276375809487,-0.22849615892,0.164592474699,0,0,-0.517475803609,0.0508205361244,-0.708700173314,-0.337154561495,0.0155063691438,-0.685632619149,-2.04722398949e-21,0.964309190185,-0.291942817877,0.133750294432,-0.0773467067665,-0.00628937941042,-0.522721800577,0
-0.143661376218,-0.168043756853,0.743609766033,0.0014617521083,0.0310982912779,-0.0469296574593,0.998412907124,-0.128771252763,0.238855125221,0.249754542646,1.2689141356,-0.0716810271822,-0.139558796233,-0.479496593509,0.322014287955,-0.185456053888,0.414897616728,-0.143478856202,-0.261789981166,0.136330381036,0,0,-0.430415076795,0.118156008699,-0.667027701623,-0.285136215857,0.0128246716603,-0.661144817197,-2.31931148277e-24,0.870906052121,-0.302505613157,0.120028149496,-0.0944967765593,-0.0053193039877,-0.535938081997,0
-0.0986258743875,-0.164925161822,0.724696232511,0.00177799502853,0.0390058234334,-0.0455008037388,0.998200893402,-0.367870452628,0.340967257775,0.173954061933,1.55887337345,-0.175890887904,-0.0322336703675,-0.59116469146,0.3577900671,-0.170299223184,0.698695183001,-0.24880347971,-0.261350780512,0.0657797679305,0,0,-0.314011348582,0.235931304068,-0.587656558058,-0.22691610492,0.0078697569983,-0.624969194454,-3.46415708076e-24,0.697052817682,-0.326676927193,0.157994918482,-0.110264657531,-0.0041743049212,-0.544567067944,0
-0.0544786749048,-0.161378418766,0.713922827005,0.00276208063588,0.0510892644525,-0.0539142750204,0.99723392725,-0.612237257805,0.339811636408,0.0936691024507,1.71566806558,-0.238047435098,0.133330244234,-0.615796099102,0.33353280432,-0.204211211346,0.872224128358,-0.412613493254,-0.256117856398,0.000610471062828,0,0,-0.133497030047,0.318201395741,-0.478318774575,-0.185372997421,0.00409410482319,-0.5964114663,-3.42724388886e-21,0.432366672337,-0.355754115897,0.2276191558,-0.0973641804601,-0.00425519178901,-0.533436550582,0
-0.0104178085149,-0.160773049353,0.710766817657,0.00323511264287,0.0523538850248,-0.0615906268358,0.996722221375,-0.804507620725,0.297233139176,0.0313235725776,1.76389950766,-0.308981464082,0.23427761865,-0.551591702594,0.318710440384,-0.207552566899,0.931568823805,-0.524468841421,-0.254183051672,-0.00977278314531,0,0,0.04166813307,0.35504546243,-0.392546266265,-0.172775413114,0.00366554352237,-0.590179470024,-5.94169588553e-21,0.216913190165,-0.330627967992,0.273302404694,-0.100709564389,-0.00449141517764,-0.537767031849,0
0.0336922506473,-0.162166325115,0.715487570215,0.00282809394412,0.0478925816715,-0.0588802061975,0.997111558914,-0.929887404929,0.199798448253,-0.0168098447636,1.69512875942,-0.369339981637,0.261789998973,-0.433643430071,0.303427961202,-0.200366140151,0.90292918429,-0.60053563952,-0.253196331056,-0.0246038734913,0,0,0.167993656852,0.394842294895,-0.327689148971,-0.194480038653,0.00343942050633,-0.60812638312,-8.66005057863e-26,0.0469618092491,-0.294169386567,0.296372664228,-0.130121229693,-0.00540947946678,-0.562822918462,0
0.0803717904768,-0.165659501718,0.727205224872,0.00204192218371,0.0437931455672,-0.0465311482549,0.997954308987,-0.978439682314,0.0805793058742,-0.0457165114425,1.51406830738,-0.406570134011,0.258694720959,-0.284907506428,0.294304020989,-0.191299946851,0.799156926524,-0.62989887674,-0.252133617171,-0.0648412182927,0,0,0.275476140093,0.442661887636,-0.256365520407,-0.228599548474,0.00266147885828,-0.630203382091,1.10493751055e-20,-0.0886032496821,-0.252265805947,0.310361596591,-0.165909347238,-0.00811674415725,-0.591140656592,0
0.130046880045,-0.170747068028,0.742471307667,0.00139644416049,0.039601713419,-0.0352126322687,0.99859392643,-0.946143023322,-0.0385137036337,-0.0859357514197,1.25257620456,-0.452211668152,0.188343332921,-0.131614742161,0.296051829035,-0.170822312782,0.672684006946,-0.621810007297,-0.252580825538,-0.0919208973646,0,0,0.377597516198,0.459223211816,-0.185822424199,-0.247888411403,0.00258342939228,-0.641546577969,-9.15050873559e-22,-0.178969726218,-0.232207286413,0.321216352536,-0.202592867299,-0.0104290544438,-0.614097601072,0
0.181907453479,-0.178310993631,0.756901699002,0.000987478764728,0.0331566557288,-0.0297526344657,0.999006748199,-0.856084721812,-0.136463531052,-0.1687557029,0.969716599849,-0.482181533706,0.0494067951521,-0.00360535653881,0.300040158201,-0.155500160201,0.581985491677,-0.594666730439,-0.25362918089,-0.104883037508,0,0,0.466716670608,0.442889730852,-0.142643838745,-0.239062383531,0.00270781582839,-0.639444400273,3.18945545956e-21,-0.219568271347,-0.228807179302,0.3387258732,-0.233735265105,-0.0117443238315,-0.629160905257,0
0.234259851887,-0.188345003993,0.766459269333,0.00110148976091,0.0260372813791,-0.0422521755099,0.998767018318,-0.749282739512,-0.169493127022,-0.255534700324,0.755976526281,-0.539286738863,-0.0949405292553,0.0507186630611,0.287474362414,-0.161145263503,0.609436680919,-0.523333708709,-0.254986553742,-0.096622414887,0,0,0.532966704094,0.387892910971,-0.116647711305,-0.220406816465,0.00341847145692,-0.630825152709,2.51243427646e-23,-0.233493563493,-0.236005167431,0.368964512977,-0.241170860025,-0.01075184502,-0.630090642201,0
0.285332190177,-0.199568422501,0.770083923492,0.00132527609821,0.0191772114486,-0.0689296498895,0.997436285019,-0.63979200574,-0.154612195605,-0.294282493576,0.629071126227,-0.567513069813,-0.0917202323533,0.0272560231898,0.253363040048,-0.17387198116,0.742624789944,-0.295000999817,-0.252554075162,-0.0816684737802,0,0,0.547094263463,0.349507362802,-0.112747553364,-0.207636403121,0.00386883389038,-0.624828646866,-1.51163055736e-20,-0.220511066829,-0.235951374719,0.395845151266,-0.23182607831,-0.00898684050652,-0.623990323076,0
0.33464763102,-0.209388893145,0.76553283,0.00160298682749,0.0156345050782,-0.101981505752,0.994662165642,-0.560268759527,-0.11422710788,-0.259727200236,0.608224333102,-0.573321408019,-0.0651746621493,-0.0481951520871,0.159623561166,-0.210514135456,0.937547874775,0.00696037689335,-0.126813266538,-0.0546401664615,0,0,0.483992683647,0.350335146244,-0.138738365797,-0.205599999451,0.0042036779454,-0.622332498444,5.23739865333e-21,-0.173451579932,-0.241086683294,0.396642083461,-0.225455088782,-0.00703336042912,-0.619874888304,0
0.382021281106,-0.216207587464,0.755161816782,0.00171292456798,0.0120961144567,-0.140200152993,0.990047812462,-0.551670026532,-0.0925951376954,-0.217171222259,0.724744647407,-0.44061246706,-0.1007939714,-0.151193767227,0.0438979332974,-0.242378987348,1.17209219846,0.0140200821205,-0.164352594853,-0.0311490204185,0,0,0.376834071177,0.378388770962,-0.190596769617,-0.203208486276,0.00435073544302,-0.617715442451,-2.64759511833e-20,-0.105651584047,-0.251856366262,0.389652913691,-0.219223589355,-0.0055838439019,-0.613772897585,0
0.425699010361,-0.223143785483,0.741268843555,0.00408145273104,0.0227202717215,-0.176761969924,0.983982920647,-0.587667709824,-0.0672810167427,-0.14211851169,0.896053918821,-0.464076946372,-0.0828699670149,-0.364757348117,-0.0133830562176,-0.197639534561,1.4397931437,-0.0585541844509,-0.261789998918,0.0304483044893,0,0,0.182986702741,0.406151585005,-0.280134228008,-0.176995051414,0.00581220055507,-0.598381574317,-1.03273783521e-24,-0.0087824031515,-0.292142683967,0.340291314722,-0.199654040032,-0.00244016982409,-0.59559634314,0
0.468061854453,-0.233857267801,0.729815431798,0.00869183894247,0.040640104562,-0.208962917328,0.977040112019,-0.593959360295,-0.0310719418388,-0.0754165931114,1.01271356504,-0.572357936642,-0.0646693507611,-0.606329474054,0.0153103550221,-0.118692204724,1.61604891538,-0.12856245781,-0.26179,0.0814377292991,0,0,-0.0591563838398,0.423647351731,-0.388640979611,-0.147742711654,0.00741463559364,-0.577301026287,6.86022731909e-21,0.130332168424,-0.324143008747,0.292026745171,-0.183004865061,-0.000628250390232,-0.583375395328,0
0.510987625793,-0.247915954535,0.723942082618,0.0141212502494,0.0562925003469,-0.242905855179,0.968312203884,-0.543186171229,-0.0068700867133,-0.01789085184,1.05211335025,-0.675186636328,-0.0439452875808,-0.811116729981,0.0620863289133,-0.0682629113,1.67812648741,-0.193440680942,-0.261789999999,0.111610740423,0,0,-0.285684934694,0.399887567371,-0.460391177408,-0.145734000124,0.00929341199905,-0.574659380904,-7.32365824325e-21,0.280611934356,-0.353730300455,0.248285270392,-0.183570636818,-0.00029080113362,-0.587176591999,0
0.551998047106,-0.26757388365,0.728133308188,0.0170329343528,0.0585992224514,-0.278596103191,0.958467662334,-0.387727935167,0.013597056269,0.0426448272678,0.943046946919,-0.711137253099,-0.0293114599827,-0.91545314565,0.113845468894,-0.0526969024034,1.59523193867,-0.264086770847,-0.26179,0.137553066015,0,0,-0.452379041126,0.327598557289,-0.490748589517,-0.152899331456,0.0115919996858,-0.580372813388,-2.19174887906e-23,0.444743148474,-0.383988291995,0.203088674372,-0.192599009414,-0.00072669944179,-0.595776026119,0
0.593596302011,-0.29192445321,0.738917618782,0.0187045875937,0.0556056089699,-0.318275898695,0.946181058884,-0.178080468781,0.0145991205439,0.11328315538,0.747105708641,-0.707528748613,-0.0114260084397,-0.934936290229,0.171373562341,-0.0531068542008,1.39611317328,-0.292289553866,-0.261789999999,0.185011148453,0,0,-0.559930866641,0.221234034238,-0.510188069122,-0.163161298073,0.0154472825278,-0.592387080604,2.18255787111e-22,0.600422949792,-0.422310264994,0.167755985487,-0.192520471251,-0.00121397493069,-0.599844852823,0
0.636146094393,-0.320804388285,0.752664989897,0.0198878571391,0.0524057969451,-0.354249179363,0.93346965313,0.0310885761951,0.00089110844876,0.172305182746,0.535423432391,-0.672697790709,-0.0246613748896,-0.872582871629,0.242896131746,-0.0478768132889,1.08582814144,-0.289723601165,-0.26179,0.229127898812,0,0,-0.632640520702,0.133677656911,-0.546846548174,-0.177002712552,0.0187881361445,-0.607416065012,-5.76754577199e-23,0.739370052861,-0.433992763533,0.132265000675,-0.19288454554,-0.00258186888176,-0.604133086071,0
0.678723012497,-0.352616394796,0.764585128485,0.0192615631968,0.0465932786465,-0.381554037333,0.922970533371,0.162740464311,0.00626767790934,0.228031373616,0.443307485917,-0.674212314606,-0.0521074877188,-0.738390398344,0.305050857099,-0.0344557447385,0.710900206237,-0.288998144546,-0.261789997271,0.244175821543,0,0,-0.654352607581,0.0833900257882,-0.591226904984,-0.201995258574,0.0200601412916,-0.623883382083,-1.23286776584e-22,0.851196759215,-0.400836804513,0.0954699576417,-0.185350857893,-0.00454866108953,-0.600326708201,0
0.722498503953,-0.386519575338,0.773684739895,0.0189031474292,0.043190728873,-0.400501221418,0.915082514286,0.22428416082,0.0174150849077,0.272965920077,0.440677436276,-0.57683372616,-0.091265217455,-0.577633549499,0.335831959579,-0.00812015760305,0.369296903748,-0.30071514235,-0.251939592878,0.260035812855,0,0,-0.637013905309,0.0470558498114,-0.638036218344,-0.231887860623,0.0213288172324,-0.640663785203,-6.95118152135e-23,0.924160133386,-0.35829769251,0.064254141901,-0.179247743619,-0.00598098400001,-0.598464097644,0
0.765832805118,-0.418424357301,0.773882182278,0.0146516403183,0.0321516618133,-0.414417535067,0.909400761127,0.169665480756,0.0307876988306,0.253961821211,0.632859026483,-0.270908635619,-0.106784667663,-0.468751566918,0.345581209312,-0.00263429527881,0.252220143138,-0.30407629363,-0.261789999632,0.228826522827,0,0,-0.565648176228,0.0516895192006,-0.653040695093,-0.267765011657,0.0195159169503,-0.656987608313,-2.85964456719e-22,0.958409341867,-0.342339181621,0.0458642828322,-0.18684400148,-0.00670921174745,-0.60349291791,0
0.807770542554,-0.446782272911,0.765513047402,0.0133203007281,0.0286647640169,-0.421204179525,0.906414866447,0.0448633869249,0.0701845904507,0.252541645012,0.874996377306,0.119207582626,-0.166215037943,-0.46095813226,0.336648536574,-0.02678677978,0.342277856101,-0.263316800961,-0.26179,0.190861195326,0,0,-0.487308732012,0.0700884928644,-0.650848508285,-0.292429625944,0.0170295503384,-0.666823659079,-2.01095114755e-20,0.933357897431,-0.357271582949,0.0393745365429,-0.199203032698,-0.00625336703453,-0.609919600203,0
0.845803710291,-0.473778696433,0.74853420811,0.0113524449989,0.0241795666516,-0.424842983484,0.904872894287,-0.0858437463996,0.180580162688,0.288399536698,1.18525016021,0.0175104684515,-0.146829918267,-0.535088400125,0.330536062095,-0.0675274722886,0.59389270952,-0.218254930904,-0.26179,0.155716881156,0,0,-0.389459363261,0.10469449948,-0.629129721518,-0.292689195768,0.0145745668932,-0.663925993007,-3.48553975799e-20,0.86477324102,-0.390103542681,0.0585382573756,-0.209813628761,-0.00534318502859,-0.613695423233,0
0.880224772941,-0.503397903353,0.732725610859,0.0162769667804,0.034495357424,-0.42642763257,0.90371710062,-0.296098142595,0.275243635606,0.249626852412,1.46451110358,-0.103496884617,-0.0503585962668,-0.593164256253,0.345647833683,-0.0765320815562,0.793431676673,-0.321307367925,-0.261788566135,0.101197816432,0,0,-0.279478521558,0.169262167403,-0.569046083403,-0.268199531213,0.0107183550883,-0.64657904699,9.01036881944e-24,0.693093435903,-0.421618082193,0.11366284538,-0.207288033948,-0.00398417788235,-0.607777522378,0
