0.730908738694,-0.7207955013,0.799483314746,0.0104991229,0.0097891819,0.643946206,0.764936092,-0.054388642501,0.00702757380353,0.161460881315,0.123021157561,-0.0406686590341,0.0386759239881,-0.0601058012816,-0.0491103983227,-0.194581462771,0.1804122435,-0.12913486486,-0.0138948911334,-0.0755999982,0,0,0.636244911122,0.111490554969,0.0725874360159,0.124062629119,0.00114848790693,-0.0914072589413,-4.27478378098e-20,0.549373818675,-0.241697918607,0.156633793706,0.130532488059,-0.000908412030418,-0.103134376883,0
0.732747478873,-0.7207955013,0.799483314746,0.0111956594,0.0100960857,0.647748889,0.761704735,-0.047397299086,0.00456454204893,0.155047209239,0.107664024014,-0.0319754924561,0.0349161012724,-0.0498003313626,-0.0505245236174,-0.209484455738,0.168578733279,-0.127378873983,-0.0120436517195,-0.079400003,0,0,0.646346325687,0.0972945649505,0.0769196314456,0.12442187503,0.00120090699103,-0.0910848490815,-1.63261176113e-20,0.546292800564,-0.234544170657,0.146788871866,0.130484673044,-0.000956118806176,-0.10279745596,0
0.734586274216,-0.7207955013,0.798563944656,0.0118940034,0.0100949098,0.653670407,0.756618546,-0.0490418093315,0.0034906192121,0.140074610358,0.106389754566,-0.0329807209307,0.032842237732,-0.0413794938426,-0.0523312350478,-0.228498987853,0.163746822577,-0.136566017428,-0.0126879161511,-0.0833000019,0,0,0.647473271279,0.101491275578,0.0658434637274,0.124756348924,0.00118421539371,-0.0912909996747,8.05261266069e-21,0.547016463664,-0.229102134431,0.13738377989,0.130337724994,-0.000990705113233,-0.102492564455,0
0.736425014395,-0.7207955013,0.797644574566,0.0123996838,0.0105997291,0.658983158,0.751980779,-0.0548828481621,0.00329181159583,0.131134036211,0.113119234838,-0.0374580094906,0.0292796314961,-0.038597494241,-0.0535895642465,-0.239326556422,0.165372385885,-0.145717734019,-0.0147465202025,-0.0841000006,0,0,0.644011914765,0.117946028497,0.0445407689703,0.125006557285,0.00112404657857,-0.0914167327712,5.02004274896e-22,0.547896422082,-0.227370545404,0.131915065548,0.130208062893,-0.00100356360595,-0.102526020188,0
0.737344384485,-0.719876131211,0.797644574566,0.0137019399,0.0104014726,0.661093608,0.750106197,-0.0548282767138,0.00444917717825,0.130063395522,0.116790430721,-0.0384410282446,0.0272068714284,-0.0378609638718,-0.0529036532372,-0.240231749122,0.169622734045,-0.144769014285,-0.0173835200235,-0.0798999965,0,0,0.638118558257,0.130589060995,0.0316205055002,0.125088405718,0.00108316673294,-0.0919033711956,1.51446741752e-21,0.552703302339,-0.227637188107,0.128256000024,0.129943420403,-0.000991151262534,-0.102341245158,0
0.738263754574,-0.719876131211,0.797644574566,0.0139938559,0.0105953474,0.662709002,0.748671283,-0.0553323382866,0.00625436034932,0.132010706399,0.117387140223,-0.0353392456269,0.0255209603245,-0.0412127155099,-0.051265932938,-0.239125806952,0.17350966928,-0.139024011764,-0.0202714956746,-0.0755999982,0,0,0.636588323668,0.126029365023,0.0391240425567,0.124924481861,0.00110675516768,-0.09194152432,5.55693741589e-21,0.553137022784,-0.226866265519,0.132605513149,0.130055883045,-0.000983435534507,-0.102362414595,0
0.739183179827,-0.7207955013,0.798563944656,0.0134041231,0.0115035389,0.66320401,0.748230205,-0.0592841417986,0.00828075882623,0.13240126669,0.118643198782,-0.0326293406217,0.0242840018572,-0.0464516052406,-0.0493186304328,-0.238594430865,0.17759729486,-0.136559191319,-0.0229267140123,-0.0737999976,0,0,0.64189805443,0.111347551343,0.0549527026967,0.124821052947,0.00116548198825,-0.091732827665,-1.17396313582e-20,0.545686661634,-0.225862433355,0.145078553637,0.130565228218,-0.00098171160098,-0.102231843637,0
0.741021920006,-0.7207955013,0.798563944656,0.0134939385,0.0120945667,0.662702282,0.74866369,-0.0626853298694,0.0106495809094,0.132017061694,0.12430282682,-0.0327004151063,0.0260120227137,-0.0487482736982,-0.0472976749018,-0.234807320038,0.17957155504,-0.13954349759,-0.0247343098989,-0.0697000027,0,0,0.648883265802,0.0972967184946,0.0669311663993,0.124797934145,0.00122191230096,-0.0911535773471,1.01869257547e-19,0.538826072017,-0.227416212124,0.159278527831,0.131009486154,-0.000962305887293,-0.102141081468,0
0.741941290096,-0.7207955013,0.798563944656,0.013102732,0.0129026907,0.662138057,0.749156213,-0.0671794301773,0.0134418913424,0.132886539542,0.129408471242,-0.0316952180005,0.0249767562589,-0.0531114497654,-0.0450989877211,-0.231735080869,0.183932580237,-0.142423575083,-0.0263599392682,-0.0662999973,0,0,0.654048272969,0.0925478482183,0.0696991253154,0.124852315931,0.00124316962182,-0.0908143556006,-1.38006168778e-20,0.530972285082,-0.229819795556,0.170533177148,0.131323169102,-0.000941354196692,-0.101761102348,0
0.743780085438,-0.7207955013,0.797644574566,0.0125929199,0.0148916274,0.661628015,0.749578566,-0.0721140452354,0.0157422363061,0.13791240808,0.13258619475,-0.0301123403133,0.0252751078548,-0.0619550012653,-0.0433176749315,-0.225530971042,0.190752965227,-0.147564862944,-0.0281834483209,-0.060899999,0,0,0.655268815781,0.0918531903793,0.0701730166176,0.124840004035,0.00125323139385,-0.0907661330174,6.97023742327e-21,0.521342828528,-0.231430357503,0.179903472346,0.131604422653,-0.000926613497865,-0.101729807888,0
0.745618826536,-0.722634296642,0.798563944656,0.010801659,0.018202796,0.662101674,0.749115048,-0.0811643797971,0.0178951712008,0.139822754785,0.135362957394,-0.0270150721792,0.0247369879887,-0.0741303373754,-0.0402481108975,-0.219622776216,0.197027199215,-0.148771760937,-0.0314277808752,-0.0555999987,0,0,0.657854154792,0.0900900466826,0.0744312141128,0.124694569296,0.00126422414239,-0.0904590376447,-1.12032182925e-20,0.508190490067,-0.234933158529,0.192860732794,0.131926019404,-0.00089913781876,-0.101364213414,0
0.748376991049,-0.723553666732,0.798563944656,0.00912081579,0.0222019863,0.662059246,0.749067045,-0.0914517004047,0.0201908701987,0.144923314643,0.139039067445,-0.0238054259009,0.0238680400511,-0.0859315536865,-0.036659727816,-0.211629011535,0.198915810027,-0.147720005291,-0.0347629498223,-0.0461000018,0,0,0.656626891818,0.0791362501227,0.0860729852227,0.12444892307,0.00130960097427,-0.0902038094526,-2.31649742344e-20,0.494921123145,-0.241549418265,0.207724817814,0.132111018769,-0.00085002907137,-0.101399258922,0
0.750215732147,-0.724473037741,0.798563944656,0.00767176611,0.0272062628,0.665153129,0.746171749,-0.103470271893,0.0195663899075,0.146573941862,0.141559943978,-0.0195844097691,0.0236754652491,-0.0930559085487,-0.0371132362499,-0.214049308008,0.193581739024,-0.145372485576,-0.0357186591152,-0.0364999995,0,0,0.656352567476,0.0675496866541,0.0966272714853,0.124267718271,0.00135641467971,-0.0899352381939,-7.27300278022e-20,0.482770421783,-0.251634475869,0.223760192517,0.13214321871,-0.000779349473522,-0.101165835366,0
0.752973897579,-0.726311832164,0.798563944656,0.00460913629,0.0341935926,0.671874062,0.739861338,-0.124571713087,0.020041094661,0.149306381695,0.149278655696,-0.0155396814653,0.0227330777636,-0.102129397581,-0.0375038497071,-0.22121183143,0.182602955963,-0.137504047952,-0.0360646727847,-0.0205000006,0,0,0.648451128523,0.0661777216388,0.0995629895488,0.123829762256,0.00136283188453,-0.0889735114078,-3.94963577963e-20,0.477586980845,-0.265451286268,0.231504681289,0.131567769874,-0.000676754161111,-0.100565460188,0
0.754812637758,-0.728150573262,0.798563944656,0.0011900266,0.0428009593,0.68101523,0.73101636,-0.152657714925,0.0176926564855,0.149109622991,0.162730100352,-0.017222941386,0.0248453655656,-0.112842599162,-0.0410395093847,-0.231087241358,0.171432033229,-0.132444254455,-0.0346108606767,-0.00270999991,0,0,0.640742367784,0.0701350427291,0.0960881124343,0.123196642561,0.00133192217522,-0.0864362332731,-8.2853161744e-22,0.476405069293,-0.282744800338,0.23746082052,0.130795997696,-0.000556056345312,-0.0997472851686,0
0.756651433101,-0.730908738694,0.799483314746,-0.00265011549,0.0524022856,0.694030272,0.718031308,-0.191239539612,0.0129594949351,0.142559902785,0.192520376768,-0.0322473422639,0.0257250450743,-0.124628160901,-0.0468555137061,-0.241966702165,0.160294456055,-0.129083337681,-0.0325224637263,0.0176999997,0,0,0.627205245209,0.0711256675061,0.0927583871435,0.12267407107,0.00131664256521,-0.0838705630574,6.41203227163e-22,0.487485258201,-0.294983698384,0.228489938398,0.129777053555,-0.00046425323637,-0.0993724294375,0
0.75940954337,-0.731828108784,0.799483314746,-0.00543226402,0.0597248938,0.713297295,0.698291055,-0.229194004352,0.0106919979463,0.147417088673,0.228668671518,-0.05850544131,0.0203979296933,-0.12846978487,-0.0550119781435,-0.266751300912,0.15101426711,-0.130881548819,-0.0312969627392,0.0350000001,0,0,0.61135491995,0.0699376734116,0.0889762881553,0.122560864493,0.00132280903475,-0.0821756493894,-6.59403974394e-21,0.506091775304,-0.304048499314,0.218792848438,0.129130565042,-0.000405619014112,-0.0998035675915,0
0.761248338712,-0.732747478873,0.800402739998,-0.00792886672,0.0651906807,0.735894791,0.673903677,-0.257697841877,0.0210171466026,0.207311997237,0.265617034408,-0.100194504838,0.0087955895256,-0.126755667217,-0.0667373058457,-0.31187589909,0.145770866586,-0.139440352451,-0.0332764328639,0.0416000001,0,0,0.598655823315,0.0633593997771,0.0919860002395,0.122710633252,0.00135444157901,-0.0818066955581,-1.3403261826e-20,0.504916161328,-0.321807505018,0.230246981948,0.129247543395,-0.000331855204834,-0.101796420061,0
0.764006448981,-0.732747478873,0.799483314746,-0.0071594807,0.0640953479,0.75894495,0.647953,-0.273101727247,0.0508314772692,0.294898519766,0.319402980489,-0.13907952794,0.00316894148638,-0.113703940136,-0.0768171738924,-0.362984706329,0.153927229023,-0.156635620583,-0.0383360413205,0.0386000015,0,0,0.598490940745,0.0590479253926,0.10049665797,0.12271418604,0.00138096824265,-0.0828140793933,1.31297907216e-20,0.512092354475,-0.338204494076,0.24805313077,0.129753408959,-0.000283791315215,-0.102909501665,0
0.765845244323,-0.733666848963,0.800402739998,-0.00765738303,0.063978137,0.779733479,0.622787174,-0.266345523704,0.0887339795025,0.416916231168,0.349613236701,-0.159211515002,0.0167469502547,-0.100209858648,-0.0861405234364,-0.416719628526,0.154378515191,-0.167384806523,-0.0404139376059,0.0342999995,0,0,0.601927292763,0.0566406055286,0.10158701009,0.122851505016,0.00139040730538,-0.0834588139896,1.31342616579e-21,0.502009857524,-0.347947764328,0.257684144566,0.13004335343,-0.000256239425642,-0.104709195879,0
0.767683985421,-0.732747478873,0.800402739998,-0.00688879353,0.0623890732,0.799859947,0.596895479,-0.242637320142,0.128438338365,0.541092367687,0.37138833025,-0.16582013814,0.0363180006665,-0.0841916083603,-0.0954424512637,-0.469979167979,0.160000760328,-0.181761617063,-0.0440612886702,0.0285999998,0,0,0.605028373307,0.0560379855411,0.100070069516,0.12316361912,0.00140164220902,-0.0846731769101,1.92908968826e-20,0.49542236314,-0.34495097849,0.252645237461,0.130139837596,-0.000283464931576,-0.106192663288,0
0.768603409755,-0.731828108784,0.799483314746,-0.00608068735,0.0598067575,0.820092668,0.569064313,-0.215405153992,0.155747632996,0.641535605024,0.384281026876,-0.174233565009,0.0588584031981,-0.0670306225531,-0.106185670113,-0.527388861285,0.171613290119,-0.200280749248,-0.0480126309275,0.0197000001,0,0,0.607472525539,0.0630964032355,0.09203695255,0.123479104445,0.00138248697045,-0.0858544760713,-1.08698797127e-20,0.49578704874,-0.333082729474,0.233584796505,0.130054600422,-0.000356469458428,-0.106709239492,0
0.767683985421,-0.729989368605,0.798563944656,-0.005518989,0.055989744,0.839846107,0.539901107,-0.186082894644,0.175845438963,0.723024880363,0.388003931798,-0.189798036797,0.0723692242152,-0.0481069032164,-0.115614065573,-0.585356014162,0.185311513019,-0.219576998293,-0.0521659166881,0.0105999997,0,0,0.609369659557,0.0741540708247,0.083656363746,0.123736308346,0.00135382115258,-0.0873460243917,-2.66231540307e-20,0.501377364188,-0.320548933817,0.212829545729,0.129895184788,-0.000433547093711,-0.106292510509,0
0.764925874233,-0.727231203173,0.797644574566,-0.00516866186,0.0500870335,0.858777729,0.509868009,-0.158952482848,0.187430191884,0.780812677958,0.379113801734,-0.191761935656,0.0776356173366,-0.0258821863078,-0.121780630009,-0.644512500844,0.200160232212,-0.236858180918,-0.0559690446133,-1.77000002e-05,0,0,0.611101194953,0.0896387305413,0.0761754738859,0.123776790895,0.00130118367171,-0.088588812274,-4.8287127583e-20,0.509282626626,-0.308019221277,0.199114689995,0.129843769191,-0.000505746127905,-0.104873778804,0
0.762167708801,-0.724473037741,0.795805834387,-0.00585099697,0.0430073308,0.8761493,0.480081805,-0.137278492339,0.19363617587,0.798214457615,0.35742335269,-0.160446629611,0.0569735044455,-0.00516194800066,-0.120207817232,-0.690360707727,0.213524966399,-0.255102541045,-0.0620889881311,-0.00227000006,0,0,0.608996396779,0.105552280453,0.0710074052301,0.123732378991,0.0012597150558,-0.0897849952315,-1.18652690444e-20,0.524848545481,-0.292174336146,0.178356639482,0.129480393477,-0.000576815243768,-0.103672843211,0
0.756651433101,-0.722634296642,0.793967039045,-0.00537135522,0.0358090342,0.891224848,0.45211407,-0.131465894995,0.177370994712,0.751944905858,0.328579387851,-0.141600522585,0.0423328588876,0.0159195900466,-0.122694396567,-0.729122171788,0.227259385622,-0.264286127475,-0.0657086922112,0.00132000004,0,0,0.602629731163,0.117594012685,0.0627752636312,0.123854375689,0.00123328282629,-0.0905753675737,1.42349246242e-20,0.546289964007,-0.278646156441,0.155865146635,0.128972275628,-0.000632225244103,-0.102924838076,0
0.749296362058,-0.7207955013,0.793047668955,-0.00502071759,0.0298042592,0.905129331,0.424060601,-0.12743398268,0.158877878799,0.705746080549,0.309747215492,-0.140486775964,0.0469414408161,0.0310395731866,-0.130683133433,-0.75471260099,0.248293423786,-0.268404804709,-0.0710804947874,0.00644000014,0,0,0.595609326001,0.122763893979,0.0572337201819,0.123974568431,0.00122573108929,-0.0907615109732,5.3374234461e-20,0.569252448496,-0.275281928816,0.143430657678,0.128620505665,-0.000643085118541,-0.102470342094,0
0.739183179827,-0.718956761121,0.793967039045,-0.00560856011,0.0249935843,0.915764924,0.40089708,-0.12275123395,0.141136540026,0.666899470816,0.296117436585,-0.140798838853,0.0472120023114,0.029451564958,-0.146669729619,-0.751961496126,0.287865354643,-0.260908840947,-0.0809872877621,0.0148,0,0,0.593102907843,0.115363030904,0.0620901799627,0.12397034257,0.00126532640289,-0.0904030186432,-3.54176019741e-22,0.581988494375,-0.284300968616,0.149303806115,0.128640313579,-0.000594068949775,-0.10256989073,0
0.726311832164,-0.718037391031,0.795805834387,-0.00546108307,0.0192038091,0.927183848,0.374074192,-0.114070403727,0.112396508139,0.609674139798,0.273745322199,-0.141940915341,0.0516048640204,0.0147934889873,-0.189739833334,-0.756251739682,0.380883921461,-0.240789568369,-0.086725944241,0.00872000027,0,0,0.602621077544,0.107092733688,0.0732301290523,0.12366363585,0.00127817281867,-0.0899976696746,-1.56942330975e-20,0.581949977732,-0.291938318752,0.163080994329,0.128967555573,-0.000567313911704,-0.103024673827,0
0.710682319989,-0.718956761121,0.796725204477,-0.00553969378,0.0140992214,0.939948071,0.340981154,-0.105822388518,0.0764160488881,0.542827417168,0.25305223467,-0.1477804505,0.0607036658351,-0.0328370309724,-0.263296363854,-0.733762613773,0.543076035659,-0.207256616973,-0.0966017565774,-0.00851000007,0,0,0.617458252016,0.102145875024,0.0818668627468,0.12335928934,0.00125735298959,-0.0893755774756,-1.23375065767e-20,0.571668859691,-0.298507065919,0.177496409103,0.129328167232,-0.00055210858244,-0.103014759276,0
0.699649713424,-0.718956761121,0.797644574566,-0.00638773132,0.0107961655,0.951661994,0.306891004,-0.104579256835,0.0489873142494,0.483069751877,0.237901823829,-0.147591511418,0.0665681732325,-0.107420040934,-0.313266806153,-0.666028666603,0.697103320531,-0.168442499757,-0.132678267066,-0.0253999997,0,0,0.623359661325,0.106665499354,0.0780226615974,0.123338531497,0.00120721865232,-0.0889034788723,1.80660569541e-21,0.556849862658,-0.299227392226,0.181326081,0.129553783958,-0.000568888963357,-0.102730115543,0
0.695972232146,-0.718037391031,0.798563944656,-0.0100019561,0.00899175873,0.96218821,0.272053227,-0.118317782545,0.0351889731986,0.425745853079,0.231124997043,-0.133778513841,0.0682631554787,-0.215651047989,-0.303840130403,-0.539438274196,0.811625394368,-0.15179837326,-0.141530367824,-0.0362999998,0,0,0.611652576033,0.11872233588,0.0683064586281,0.123389970888,0.00114851694047,-0.0895597818929,5.59044116083e-22,0.544231009422,-0.293806768335,0.167583464546,0.129397942368,-0.000616859979922,-0.101998721602,0
0.696891602236,-0.712521060168,0.800402739998,-0.0145949575,0.00607790017,0.970664634,0.239917099,-0.133708520295,0.0341740107989,0.368144321772,0.224574070624,-0.112133677053,0.0594131957126,-0.306908872046,-0.250382774765,-0.42197479115,0.857511829467,-0.151322034053,-0.130427795707,-0.0441999994,0,0,0.598784821691,0.129936158256,0.0663859204375,0.123090797556,0.00109045995309,-0.0900058833156,2.8557470393e-21,0.537487081679,-0.280458228678,0.149176533599,0.129090535435,-0.000687139518005,-0.100092671331,0
0.694133436804,-0.705166044288,0.802241480178,-0.0188989508,0.00240986622,0.977945715,0.207988462,-0.141762472328,0.0308694368914,0.307615343192,0.212218777046,-0.091402915128,0.0524408630386,-0.365292784478,-0.204312955021,-0.346988216567,0.849930330092,-0.157766438164,-0.119789933262,-0.0535000004,0,0,0.595371774302,0.131770381488,0.0718226701547,0.122783799682,0.00106362671257,-0.0902114328994,4.43020154474e-21,0.534588543866,-0.267377020122,0.138590242204,0.128969678469,-0.000749798542441,-0.0981280367032,0
0.689536531193,-0.698730342415,0.80408027552,-0.0222030514,-0.000469064466,0.984135299,0.176024194,-0.145462726389,0.02493016696,0.248026994382,0.199594656514,-0.0747316119694,0.0479577353872,-0.397100246003,-0.168302916009,-0.288712226556,0.792840374579,-0.174299987121,-0.113361061448,-0.0593000017,0,0,0.593405772257,0.134218156958,0.070997389719,0.122636727922,0.00103693463764,-0.0899962710084,2.95333022815e-22,0.532085599014,-0.260447741711,0.136408136865,0.128999287394,-0.000779536467434,-0.0967954679646,0
0.684020255492,-0.691375271372,0.804999645609,-0.0253919043,-0.00339891641,0.989684479,0.140955063,-0.148813847273,0.0198578814698,0.188600952423,0.186922573674,-0.0621241055319,0.0426920724241,-0.409245104175,-0.134246061088,-0.233128324158,0.696193749211,-0.183726950352,-0.110841179548,-0.0648000017,0,0,0.590224970615,0.14914456016,0.0571094062328,0.122512157406,0.000955839223639,-0.0890727017904,9.82378758433e-21,0.524041035959,-0.262013069543,0.14843341358,0.129447409335,-0.000775387335278,-0.0962729333251,0
0.677584554539,-0.68218146015,0.805919015699,-0.0284073809,-0.0053713955,0.994258344,0.103026768,-0.151831295518,0.0119472253056,0.119917364215,0.175526707263,-0.0503785993628,0.0374705639589,-0.40992194717,-0.0928188326659,-0.147316462605,0.579323876086,-0.164676310312,-0.0876883350505,-0.0729999989,0,0,0.586852003085,0.167488620996,0.040411323797,0.122384029788,0.000856457953421,-0.0881790394896,3.09851353423e-21,0.518551065789,-0.261263376292,0.152335388242,0.129726412022,-0.000790628610594,-0.0957732245091,0
0.669310112487,-0.673907018098,0.806838386708,-0.0321894362,-0.00717764439,0.997672577,0.0596804131,-0.146337045365,-0.000298330218489,0.038098637991,0.140149950435,-0.0256997319963,0.0323374376419,-0.396172898634,-0.0440724797412,-0.0195012693698,0.453775035884,-0.149138774971,-0.0614313689888,-0.0869000033,0,0,0.580565546399,0.175774976479,0.0346566883854,0.122020757197,0.000781418600069,-0.0877941577447,1.39088013946e-21,0.506321714324,-0.251814731281,0.150036223057,0.130259644558,-0.000865702421918,-0.0951390161955,0
0.657358135834,-0.665632576966,0.805919015699,-0.0299133177,-0.00615273915,0.999444991,0.0133059239,-0.144131609052,-0.0189182903901,-0.0536652197124,0.139653580268,-0.0202214414877,0.0279078499202,-0.377369089904,-0.00112363408522,0.152297461024,0.382165182866,-0.166535202566,-0.0203913608585,-0.104000002,0,0,0.589968541915,0.172498833653,0.0323942901242,0.122099095604,0.000764166121901,-0.0876458944426,-6.45324073728e-21,0.514819230488,-0.251932727276,0.140287463495,0.129935391938,-0.000884944473063,-0.0944056463985,0
0.644486788171,-0.659196931176,0.804999645609,-0.0225046034,-0.00458093682,0.999204365,-0.032606669,-0.141086032457,-0.0363315889921,-0.136955416323,0.16507574136,-0.0386635514543,0.0260374797477,-0.350050379784,0.038145725446,0.303571145877,0.354114214664,-0.202667621632,0.0240786122288,-0.115000002,0,0,0.601931755996,0.166418946078,0.0305752183987,0.122517432316,0.000784280545919,-0.0879549116127,-5.02033936794e-22,0.529235226305,-0.261721727467,0.138251768108,0.129439785134,-0.000845406624943,-0.0950352308443,0
0.63345423585,-0.653680654556,0.803160850267,-0.0172988492,-0.0017798816,0.996933632,-0.0762949251,-0.141152940212,-0.0515438576747,-0.2051730576,0.188899383044,-0.0537141426179,0.0233102497372,-0.32489579888,0.0520033492047,0.354276290159,0.337609426319,-0.22040887224,0.0693038546324,-0.115999997,0,0,0.608908314531,0.160720772087,0.0264100091724,0.122924945725,0.000814987075299,-0.0878310978878,-4.66972675896e-21,0.543595421507,-0.26828491499,0.1341469858,0.128855656655,-0.000805868402553,-0.0958217596992,0
0.624260424628,-0.646325583513,0.802241480178,-0.0144986538,0.00156985424,0.992907805,-0.117989048,-0.146537900521,-0.0617570356244,-0.265654487403,0.207454585271,-0.0620017133662,0.0164410962953,-0.297750167121,0.0376999473817,0.296439078483,0.312893605923,-0.158597187158,0.0548054739202,-0.108000003,0,0,0.605566681617,0.162452463788,0.0200926250616,0.122994424762,0.00081655199948,-0.0873840032643,-2.07267815825e-20,0.554661051395,-0.271672600413,0.127363520044,0.12831778347,-0.000776086744973,-0.0963943360355,0
0.616905353585,-0.63805114238,0.800402739998,-0.0133979163,0.00643899892,0.986846541,-0.160974968,-0.163362501782,-0.0781970703908,-0.322348733845,0.240056089993,-0.0777968926671,0.0070125387831,-0.266745949729,0.0164318768574,0.23638917893,0.291248121631,-0.140619198629,0.0359704040809,-0.0979000032,0,0,0.597384985522,0.163277202315,0.0134152566291,0.122937547044,0.000816252934992,-0.086639331284,3.61869926025e-21,0.568460317991,-0.274916557838,0.11273070583,0.127464872019,-0.000745365692063,-0.0964604753324,0
0.611389076965,-0.631615441427,0.801322110088,-0.0148003975,0.0111002979,0.98002634,-0.198005317,-0.183755539558,-0.0940946893633,-0.359758624952,0.268349031049,-0.0855037450826,-0.000179621713694,-0.262972861717,0.00477720760821,0.202395946042,0.299899266248,-0.127987633015,0.022610849049,-0.0766000003,0,0,0.579570725972,0.155040012219,0.0142572328646,0.122914758029,0.000868156630109,-0.0864321770233,1.76394908833e-20,0.587315389029,-0.279945263271,0.0944819298941,0.126440198701,-0.000694089282461,-0.0960997510821,0
0.607711541444,-0.625179794717,0.802241480178,-0.0169917564,0.0141931135,0.971528612,-0.235885548,-0.210475837109,-0.103714815644,-0.365465618274,0.29874899592,-0.0914939270329,-0.00313219375979,-0.255935405738,-0.00939513819233,0.161217580291,0.30191922789,-0.121718004563,0.0160236047562,-0.0610999987,0,0,0.57437544915,0.137390048834,0.0238544657865,0.122980377726,0.000953145823582,-0.0856854629518,5.62278611602e-21,0.602747067827,-0.286887614824,0.0800059923899,0.125628070111,-0.000641277131355,-0.0952921035986,0
0.603114635832,-0.618744093764,0.80408027552,-0.0195938232,0.0156950515,0.959697429,-0.279911758,-0.247997987357,-0.109383236803,-0.332510484377,0.335674674954,-0.0838887844044,0.00568093196783,-0.228787876708,-0.033336534751,0.0900020906459,0.274313580671,-0.119723247209,0.00458357811629,-0.0573000014,0,0,0.572446720652,0.128216098361,0.0215788860371,0.123159031866,0.000984013467218,-0.0849865231992,-8.27214811316e-22,0.608301676448,-0.297310573241,0.0775276091602,0.125331379104,-0.000592495569082,-0.0951178820152,0
0.60127584049,-0.612308447974,0.804999645609,-0.023105516,0.0164039163,0.944225425,-0.328078333,-0.289724154039,-0.112490622685,-0.276307081431,0.377996978722,-0.119305559163,0.00455154509772,-0.199571659256,-0.0586387628687,0.00983450054152,0.243397636585,-0.122157865448,-0.00681426004192,-0.0593000017,0,0,0.565424480197,0.127688407982,0.0109383739047,0.123306093991,0.000970795356424,-0.0846255396292,-6.30208645374e-21,0.612097493714,-0.298870549065,0.0623743051242,0.124837550493,-0.000600646303738,-0.0955593001564,0
0.600356470401,-0.604953376012,0.807757756798,-0.0301937165,0.0172964004,0.926807085,-0.373922186,-0.312845658139,-0.101010333779,-0.176712565731,0.376648266291,-0.115150608458,0.0154249017093,-0.172572922017,-0.086423700645,-0.0674287807878,0.20171894224,-0.111844568201,-0.0105411597603,-0.0637999997,0,0,0.547624100024,0.121484845301,0.00357655717192,0.123364037364,0.000970401220787,-0.0849707359172,6.86133565017e-21,0.605289084342,-0.297040588126,0.0470014892669,0.124449289788,-0.000632128833709,-0.0956152990041,0
0.597598304969,-0.597598304969,0.808677181131,-0.0327882139,0.0174937117,0.908673343,-0.415850525,-0.328783552128,-0.066585675022,-0.0337106271525,0.397108741818,-0.12050149497,0.0310921699879,-0.152542167633,-0.105652743222,-0.14573543185,0.188423668366,-0.116913692484,-0.0131861336377,-0.067400001,0,0,0.543293873078,0.127204482272,-0.0024999715981,0.123202395788,0.00093361588202,-0.0847093017998,2.35459115966e-21,0.606460321614,-0.292600041277,0.0393312223636,0.12425536695,-0.00066133702342,-0.0959424098261,0
0.5948401947,-0.592082029268,0.808677181131,-0.0344202845,0.0171100835,0.889524181,-0.455268295,-0.330614417812,-0.0257872857955,0.105767865183,0.415607166748,-0.130529093654,0.0551107321277,-0.132208269113,-0.118282606601,-0.217609476668,0.179894176461,-0.128188233505,-0.019346647289,-0.0707999989,0,0,0.546935054441,0.127263554691,-3.78123865049e-06,0.122985013025,0.000922169369793,-0.0841858869062,-3.86589004722e-22,0.605761791605,-0.288930397005,0.0399653170061,0.124331609685,-0.000681356271476,-0.096187941493,0
0.590243289089,-0.587485123657,0.807757756798,-0.0309973414,0.0156986532,0.869925407,-0.491957827,-0.329692793915,0.0200281406929,0.206089811272,0.453312164843,-0.156167541989,0.0727134748367,-0.111338702678,-0.119517823545,-0.278729335102,0.183156709881,-0.147171903938,-0.0285404046965,-0.0698999986,0,0,0.556256914282,0.132255165456,0.00491056911307,0.122913091714,0.000916076763646,-0.0841953108367,2.30351064756e-23,0.618006111071,-0.282960294586,0.0409448291506,0.124299860219,-0.000692509452592,-0.0965359525912,0
0.585646382559,-0.583807587216,0.806838386708,-0.0291909551,0.0134958183,0.848736974,-0.527836433,-0.320997064074,0.0496650162957,0.266992326797,0.46521631017,-0.162446883007,0.0813445219044,-0.0912529364192,-0.122682973465,-0.344363283364,0.183276967724,-0.162617382505,-0.0336874471146,-0.0706999972,0,0,0.562403941406,0.1363354425,0.00803252819341,0.122825321392,0.000906266212538,-0.0842259754105,9.63025851643e-21,0.624025886066,-0.277536147203,0.0439010679849,0.124360890711,-0.000704748015925,-0.0965154386328,0
0.582888217127,-0.582888217127,0.805919015699,-0.0268065049,0.0121029372,0.827200777,-0.561136173,-0.303812953933,0.0691439360995,0.316163985008,0.460113693863,-0.167828805523,0.0865642656781,-0.0656212466734,-0.127564212248,-0.412237740374,0.179540388167,-0.179217189971,-0.0346617298424,-0.0737999976,0,0,0.566250623392,0.140798832041,0.00951481171741,0.122884414057,0.000897421945908,-0.085173741421,3.50261508654e-21,0.625777966389,-0.268002673554,0.0424017168188,0.124427076762,-0.000746802774001,-0.0967817581206,0
0.580130051695,-0.581049476948,0.80408027552,-0.0244006171,0.0101002552,0.80402037,-0.594015016,-0.283606081303,0.0907472370124,0.371927072814,0.452013308231,-0.175588456901,0.0912141131499,-0.0402148936906,-0.129962028909,-0.480986317638,0.17607495822,-0.20137261734,-0.0356717643824,-0.0781000033,0,0,0.569646869435,0.153659639765,0.00335919835353,0.12292765118,0.00085161289907,-0.0857907098173,9.11674744463e-22,0.625841251109,-0.251787301584,0.0358029555788,0.124512802347,-0.000826751921394,-0.0973584325244,0
0.578291311516,-0.581049476948,0.802241480178,-0.021401489,0.00812056501,0.781054327,-0.624043404,-0.253490442265,0.119652608312,0.447844541635,0.437351769054,-0.181632301705,0.0977605579208,-0.0151509636535,-0.129064214463,-0.54300427253,0.175159412536,-0.219972770085,-0.035781029101,-0.0800999999,0,0,0.569968672133,0.169598848025,-0.00608060192451,0.123123733473,0.000801826014462,-0.0869617598092,-5.68246260819e-21,0.628310952232,-0.237387463898,0.0319218781314,0.124629062338,-0.000889921131274,-0.097649041521,0
0.576452516174,-0.581968847037,0.800402739998,-0.0184976662,0.00529933118,0.758904245,-0.65091789,-0.219171933779,0.140083482935,0.525543652646,0.403578576313,-0.165899903233,0.0986385281885,0.00408354709884,-0.128446319231,-0.600851506391,0.179572406712,-0.235515426073,-0.036958751666,-0.0829999968,0,0,0.570545468931,0.180078965132,-0.00813324657191,0.123254158555,0.000772629377932,-0.0885129058262,7.21936704504e-22,0.627273711427,-0.230953914852,0.0364334458669,0.124848729602,-0.000910626075349,-0.0972498289967,0
0.577371941426,-0.582888217127,0.799483314746,-0.0159947532,0.00178941294,0.73875765,-0.67377897,-0.178746777744,0.145260008438,0.596867762388,0.3473124006,-0.148063691685,0.0870962887963,0.015645976547,-0.127973207473,-0.64467000548,0.186955507658,-0.243431949825,-0.0414308826337,-0.0825000033,0,0,0.573165662499,0.181118671645,-0.00171976987012,0.123278667735,0.000782933790406,-0.0894615379169,3.47495651676e-21,0.617071362787,-0.223267320603,0.0419406374316,0.125483449829,-0.00095531263313,-0.0977108481304,0
0.580130051695,-0.584726958225,0.797644574566,-0.0132982136,-0.00130982403,0.720903185,-0.692906949,-0.145239343067,0.134007047329,0.619328336514,0.29051187245,-0.135238441767,0.061293238601,0.0257832213392,-0.132106510485,-0.683896746168,0.195743365429,-0.247431334837,-0.0435344121146,-0.0795999989,0,0,0.580235616325,0.177100879375,0.00576229548682,0.123472845832,0.000822450849482,-0.0903391893747,-6.10352773755e-21,0.605365915435,-0.223086227867,0.0520246422067,0.126146978646,-0.000964768723924,-0.0981686488399,0
0.584726958225,-0.588404493747,0.797644574566,-0.0104008601,-0.00324026794,0.704058217,-0.710058695,-0.1299940285,0.112738384192,0.589782758411,0.248424946201,-0.121641080985,0.0465854930536,0.0373302978372,-0.139743271584,-0.716064740352,0.207174183408,-0.247744459547,-0.0441549783025,-0.0776999965,0,0,0.588713862815,0.172303489955,0.0104774265915,0.123763891187,0.00086381449337,-0.0911937025667,4.32706832067e-20,0.595993136865,-0.226101343296,0.0608654377056,0.126552877387,-0.000953333109447,-0.0980541888503,0
0.590243289089,-0.592082029268,0.797644574566,-0.00816352886,-0.00490211926,0.687297098,-0.726313999,-0.124305934292,0.090791950778,0.55395983295,0.221938090265,-0.110086350047,0.0494609673901,0.0435668717353,-0.148403246419,-0.736211127908,0.223251619418,-0.24598420103,-0.0508600900455,-0.072300002,0,0,0.592300513247,0.165996547352,0.0113383749168,0.124171487408,0.000915438698906,-0.092283022557,8.13306764964e-21,0.590678214355,-0.230108079997,0.0657693058553,0.12674181074,-0.000933302516216,-0.098047743948,0
0.59575956479,-0.59575956479,0.797644574566,-0.00554168193,-0.00635192798,0.67120374,-0.741224987,-0.117754622876,0.0674931682146,0.512857668312,0.201056635141,-0.106626373384,0.0580363278521,0.0426721570586,-0.162118759191,-0.74791523744,0.252862596123,-0.240488386425,-0.0612400623791,-0.0675000027,0,0,0.594833453458,0.164593148599,0.00832868610009,0.124566679241,0.000945753775344,-0.0933676543826,-3.09916326745e-21,0.585995500555,-0.237907245335,0.0752696707109,0.126964317419,-0.000892508855479,-0.0980152614762,0
0.604034005922,-0.60127584049,0.797644574566,-0.00137969295,-0.00906798144,0.655854046,-0.754831994,-0.108612710985,0.0511045257874,0.477498263187,0.184451769009,-0.11069458851,0.0572361285904,0.0239503617477,-0.194930923661,-0.757189149363,0.330332881621,-0.230829283258,-0.0718246692892,-0.0661000013,0,0,0.604120232606,0.166204654463,0.0107022087827,0.124684442251,0.000955506223778,-0.0936346398728,4.33776400165e-21,0.579159168628,-0.244070173083,0.0915335787969,0.127369752125,-0.000851027445827,-0.0972615142501,0
0.615066613406,-0.606792171354,0.797644574566,0.00279059868,-0.0118025323,0.640137305,-0.76816479,-0.100310958609,0.0370392060375,0.450760994146,0.178070822576,-0.117847678677,0.0588826837075,-0.027463538395,-0.259900837523,-0.743166092756,0.480688582212,-0.217242112008,-0.0858418798036,-0.0700000003,0,0,0.619009893545,0.163025940273,0.0196336312546,0.124726751612,0.000977507312445,-0.0936950951393,-6.30532831331e-21,0.568601063477,-0.254360940301,0.11235180323,0.127907564718,-0.000801467161642,-0.0967110485103,0
0.627018534897,-0.610469652632,0.796725204477,0.00381975783,-0.0117992524,0.62196055,-0.782950357,-0.0973271162256,0.0115103205589,0.42043475492,0.177562217282,-0.125821488967,0.0629141826752,-0.105140889169,-0.339099987628,-0.692059353844,0.660557209355,-0.19473576629,-0.110171480445,-0.0785999969,0,0,0.636117857244,0.156380628727,0.0237709400817,0.124912229483,0.000998014435503,-0.0928093701667,-8.3365351801e-22,0.555628457624,-0.267235056239,0.123724912323,0.128212757624,-0.000762525452867,-0.096483484436,0
0.63253486576,-0.612308447974,0.795805834387,0.00355824041,-0.0130935249,0.601702433,-0.798605084,-0.102697198678,-0.00849750733895,0.383265757013,0.175436347495,-0.121962050685,0.0660278791748,-0.203047429784,-0.36577749764,-0.591491698475,0.794671708085,-0.159502835631,-0.131616362398,-0.0847999975,0,0,0.63734253648,0.15900134869,0.0243493762166,0.124882356467,0.000980380861503,-0.092885959598,5.07303196479e-22,0.547160398319,-0.268762513014,0.122368441802,0.128283727824,-0.000772843270803,-0.0960603591702,0
0.631615441427,-0.613227818064,0.797644574566,0.00363872268,-0.0169940354,0.583795056,-0.811715033,-0.111825076685,-0.00954235688893,0.356948067515,0.173138818088,-0.108445397083,0.0593222900503,-0.304546022741,-0.328889003899,-0.462797047984,0.869107363219,-0.134872106023,-0.124788292768,-0.0816999972,0,0,0.629542894998,0.16116498849,0.0319853150484,0.124451238709,0.000967840680386,-0.0930026847599,3.70207167303e-22,0.540278399565,-0.259873879185,0.117589116989,0.128411191379,-0.000815286700188,-0.0957560455844,0
0.629776700329,-0.616905353585,0.799483314746,0.00588060272,-0.0207021218,0.566057995,-0.824084454,-0.116036352067,-0.00759587538852,0.316892452147,0.164365718161,-0.0928517445382,0.0503636713639,-0.371735362988,-0.278597274365,-0.380121602386,0.892458830323,-0.137454271697,-0.12162450242,-0.0826999992,0,0,0.627071311672,0.160801067859,0.0461042351494,0.123993734375,0.000965457065185,-0.0931985365093,-9.49405817408e-23,0.535130657577,-0.2473475311,0.120545766983,0.128884472829,-0.000870739662688,-0.0956268340913,0
0.627937960149,-0.621502259196,0.801322110088,0.00904769304,-0.0238939067,0.543861329,-0.838786072,-0.117328063496,-0.00747392497752,0.271769184607,0.157496390456,-0.0818183177129,0.0435473838227,-0.403003315271,-0.232539280967,-0.331165056754,0.868313258308,-0.148597269283,-0.117659829259,-0.0870999992,0,0,0.625562491803,0.168335372101,0.0489857824505,0.123699873952,0.000923466184519,-0.0930231541494,-2.64969336391e-21,0.535127649629,-0.235979363786,0.125769428798,0.12935484082,-0.000918217106777,-0.0954665268711,0
0.627937960149,-0.627937960149,0.802241480178,0.0118985641,-0.0273966933,0.517937493,-0.854896835,-0.12116615887,-0.0118424780257,0.214344154377,0.151227788566,-0.071707667904,0.0396152381475,-0.411767435892,-0.190991373061,-0.296219149844,0.804946107353,-0.148428199721,-0.107526562058,-0.0974999964,0,0,0.626197457157,0.182505177473,0.0453874596645,0.123494349169,0.000844462071529,-0.0925556404425,-8.76797455564e-22,0.534872772919,-0.22310741212,0.129801509096,0.129883170995,-0.000978946578371,-0.0949192108319,0
0.627937960149,-0.635292976949,0.803160850267,0.0147008731,-0.0304018057,0.490029107,-0.871051714,-0.126045276353,-0.0152476539543,0.154619677668,0.150307246251,-0.064462333444,0.0345050563986,-0.405090340567,-0.144189689551,-0.253915954471,0.709993048862,-0.141707448442,-0.0976689325456,-0.105999999,0,0,0.623080176922,0.201493603128,0.0339338690237,0.123366888963,0.00074541785654,-0.0920286056694,6.61530136106e-21,0.54007207752,-0.209052377061,0.125593844581,0.130033534733,-0.00103862009333,-0.094211423299,0
0.628857330239,-0.643567418081,0.80408027552,0.0163950042,-0.0333898246,0.458860168,-0.887729503,-0.132951449721,-0.0212183942775,0.088829773705,0.153437532968,-0.061506531669,0.0283678977766,-0.390458544202,-0.0910592490155,-0.191439176789,0.599731476108,-0.147561434315,-0.0853730142622,-0.115999997,0,0,0.617941034415,0.217818090782,0.0237862350584,0.123183052119,0.000650046202786,-0.0915580294439,-3.51338511759e-21,0.548319258053,-0.193126152741,0.113134637281,0.129905644571,-0.0011101616245,-0.0935897674877,0
0.629776700329,-0.652761230222,0.804999645609,0.0174031206,-0.0387069396,0.425076228,-0.904162101,-0.131759957707,-0.0301243787101,0.0122320916527,0.131177512991,-0.043784308588,0.0231492757463,-0.362882846671,-0.0386875320901,-0.113387397193,0.472451979507,-0.13503343452,-0.0612747887055,-0.129999995,0,0,0.606650412871,0.228804708066,0.0212919587696,0.122660513017,0.000553931968506,-0.0915944371342,1.22256291983e-20,0.550382944981,-0.169919580147,0.103049361828,0.130307496807,-0.00122345139903,-0.0928226035119,0
0.63345423585,-0.662874466697,0.80408027552,0.0162072082,-0.0375166861,0.391173968,-0.919408914,-0.133117601419,-0.0473905496262,-0.0585948287313,0.143412361066,-0.0477925523235,0.0189624075761,-0.343241597554,-0.000625418342902,-0.00870592687745,0.403101134738,-0.145844603469,-0.0329446726194,-0.141000003,0,0,0.606193646957,0.227930987992,0.0148826600202,0.122618148949,0.000528433497934,-0.0910881328222,1.54038945179e-21,0.56176453902,-0.166329911911,0.0939438513546,0.129840776911,-0.00124270672356,-0.0931885045378,0
0.63988988256,-0.672068277919,0.802241480178,0.0145006768,-0.0323015077,0.35801673,-0.933043602,-0.133670371741,-0.0644280854943,-0.110148300774,0.173287283183,-0.0629350953115,0.0147381475343,-0.32465672329,0.0274519224186,0.0745196848984,0.375309315363,-0.175573773034,-0.00622178243219,-0.143999994,0,0,0.609194577424,0.219106855287,0.00641733903342,0.122940003435,0.000562737188847,-0.0906565070999,-9.05928414278e-22,0.572253777221,-0.180029547133,0.0919608163468,0.129078413746,-0.00118434209659,-0.0945583136958,0
0.645406213423,-0.680342719971,0.801322110088,0.0112985097,-0.0288961869,0.325956999,-0.94487533,-0.135111585173,-0.0822216264133,-0.156019917046,0.198832812947,-0.0754443249574,0.0129360632813,-0.301579608238,0.0362022714626,0.10591366016,0.349631589099,-0.18924216494,0.0247529441427,-0.143000007,0,0,0.610432647122,0.210130366347,-0.000298395932275,0.123094354502,0.000597347191341,-0.0896021385953,8.15653406466e-21,0.582054476331,-0.195266892591,0.0944351987656,0.128390325649,-0.00110280776561,-0.0953261327394,0
0.649083693782,-0.688617161104,0.799483314746,0.008318437,-0.025795154,0.295944396,-0.954820574,-0.134199888443,-0.0933274019012,-0.191887791762,0.216255880768,-0.08613605277,0.00771092576614,-0.269935185327,0.0406848098533,0.10859958017,0.315688434831,-0.13590562768,0.0198196188222,-0.134000003,0,0,0.605849373613,0.203032883541,-0.00429195054938,0.12314816586,0.000632388177068,-0.0891376782135,-2.54329683434e-20,0.589548091341,-0.201775103767,0.0895771920821,0.127919308673,-0.0010707216286,-0.0964724820255,0
0.651841859213,-0.695052806894,0.798563944656,0.0042592475,-0.0245956547,0.268952487,-0.962829929,-0.136111622234,-0.102611075305,-0.22020851271,0.227228155099,-0.0921714263519,0.00404834849736,-0.243695017537,0.0263207087983,0.0713974563857,0.293143980956,-0.119886463725,0.00534691071051,-0.116999999,0,0,0.597708160594,0.191388728249,-0.00191148729113,0.123036004216,0.000691170403975,-0.0883429079754,-3.84424190123e-20,0.603044624369,-0.209898217878,0.0831527281859,0.127178026952,-0.00100827037723,-0.0968540654983,0
0.653680654556,-0.702407878856,0.799483314746,-0.000850194104,-0.0237054125,0.241055028,-0.970221523,-0.139446966839,-0.1133579824,-0.246667303151,0.239693853204,-0.0993156356364,0.00080861035753,-0.221855182468,0.0155625364128,0.044206306971,0.273696093145,-0.102746010104,-0.00878818617546,-0.0987000018,0,0,0.587244395464,0.179657086065,0.00256634268189,0.122950740261,0.000753675603357,-0.0878619802035,-9.04694437964e-21,0.61529380353,-0.218354131307,0.0804130130904,0.126721514779,-0.000946733464281,-0.0971729425186,0
0.654600024645,-0.708843579809,0.799483314746,-0.0061208494,-0.0252034974,0.211029279,-0.977135591,-0.147521918854,-0.123193569333,-0.273296079288,0.250990288687,-0.110595128795,-0.00827737522154,-0.211361925264,0.00365420604697,0.0171253273167,0.266924889634,-0.0952400311159,-0.0149795786572,-0.0824000016,0,0,0.57998913818,0.162802102214,0.015434710546,0.122842271787,0.000838890389285,-0.087451943378,-2.23458881398e-21,0.621657340191,-0.22611847991,0.0826329141353,0.126609594076,-0.000893228562806,-0.0970581470326,0
0.655519395654,-0.71344048542,0.801322110088,-0.0110948224,-0.0294862405,0.177916978,-0.983541059,-0.17290949375,-0.136172912649,-0.298451374265,0.275809915983,-0.126698675037,-0.0192067323331,-0.202358767637,-0.0129129976517,-0.0216241247528,0.258982374045,-0.099623666929,-0.0167625648169,-0.0714000016,0,0,0.574211986106,0.150945734223,0.0226836499514,0.12270946751,0.000889839091026,-0.0864695428649,-3.70591579281e-20,0.623444729062,-0.240185977194,0.0909128379361,0.126571296282,-0.00081484129253,-0.0965328902555,0
0.655519395654,-0.718956761121,0.801322110088,-0.0144984414,-0.033696379,0.136985272,-0.989893623,-0.206429897822,-0.130361471633,-0.265555240889,0.310326275254,-0.152941371791,-0.0326145609862,-0.182621702617,-0.0308329854876,-0.080673716307,0.240720198133,-0.108774755637,-0.0209433951473,-0.067400001,0,0,0.569078356659,0.149388984302,0.0183457998608,0.122721782983,0.00089114030034,-0.0857873399838,-8.04716037965e-21,0.628109122544,-0.251480842973,0.0945659280619,0.126345710319,-0.000753889190003,-0.0959987957537,0
0.655519395654,-0.724473037741,0.803160850267,-0.0172012152,-0.0372026271,0.090306378,-0.995070269,-0.243436267301,-0.10355739025,-0.168545728779,0.349527272245,-0.1730837975,-0.0203024857996,-0.156587331873,-0.0492711060976,-0.152599792178,0.219484537219,-0.117092414171,-0.0260833003203,-0.0700000003,0,0,0.561013017432,0.159793961606,0.00444602048894,0.122756089624,0.000839040398087,-0.0857496832582,-2.92150761408e-21,0.630332801406,-0.25768400637,0.0900416331736,0.125977235476,-0.000728971473592,-0.09575437906,0
0.653680654556,-0.729069943352,0.804999645609,-0.021593382,-0.0444863653,0.0464857528,-0.997694224,-0.261132933393,-0.0610168345732,-0.0314427619854,0.348829378143,-0.176711598533,0.00724492286524,-0.13867357571,-0.0687991465989,-0.223232483317,0.191783449364,-0.111707901421,-0.0276576694097,-0.0762000009,0,0,0.542546202324,0.160232710579,-0.00265507605756,0.122544871045,0.000805739501997,-0.0861785194961,-7.0582668591e-21,0.609650404221,-0.272087616774,0.0972502480796,0.126234210462,-0.000691919193921,-0.0958803433164,0
0.654600024645,-0.735505644305,0.804999645609,-0.0205977337,-0.0415954227,0.00800911861,-0.998890088,-0.276205219976,0.00112884376159,0.11577392473,0.407624629555,-0.206131254379,0.0395904079763,-0.112986443588,-0.0713145362485,-0.281247127701,0.188070826116,-0.127340906344,-0.0332311685114,-0.0763000026,0,0,0.55352458218,0.171764929806,-0.00887668535134,0.122677101143,0.000772568916805,-0.0857915571712,-2.30950060469e-21,0.616240581396,-0.28030293917,0.102435963839,0.126197300532,-0.000651765353382,-0.0965150248323,0
0.654600024645,-0.740102549916,0.804999645609,-0.0213072539,-0.0421143403,-0.0330112396,-0.998339943,-0.276743209244,0.0435672248806,0.233001552189,0.428786171185,-0.213081084863,0.0663211519313,-0.0892122040169,-0.0810636638403,-0.353678854023,0.180090239914,-0.141274541529,-0.0341743847104,-0.0838000029,0,0,0.560196654396,0.174835701397,-0.00862297398252,0.122488337383,0.000745662583595,-0.0852973461252,1.25987224947e-21,0.609154296467,-0.278773277896,0.0995758310473,0.126288434751,-0.000680284509242,-0.0973309797185,0
0.656438765744,-0.743780085438,0.80408027552,-0.0218068595,-0.0417131226,-0.0717225594,-0.99631338,-0.268626633435,0.0791499968033,0.335321237252,0.44067433967,-0.214573605947,0.0758242205387,-0.0643037222786,-0.0862867066224,-0.416710648649,0.172829957646,-0.15985964577,-0.0373954373266,-0.0869999975,0,0,0.565843854077,0.176764431738,-0.0076073928239,0.12243156203,0.000735322909079,-0.0850347330164,2.48420358657e-21,0.608907539254,-0.271663458472,0.0893417058484,0.126116631987,-0.000724525302384,-0.0976625287018,0
0.658277561086,-0.746538196626,0.803160850267,-0.021900842,-0.0416015995,-0.108004155,-0.993038148,-0.253803192822,0.10761850676,0.421034629936,0.437850644092,-0.193081887382,0.0719639439834,-0.0446831446496,-0.0909828489366,-0.475403874036,0.173021540915,-0.181549794026,-0.0395958244772,-0.0878000036,0,0,0.568318317472,0.185164343093,-0.0114229664047,0.122451340209,0.000706004796792,-0.0850215415985,-3.04180007392e-20,0.611017564222,-0.263706728641,0.0790557513282,0.12590335635,-0.000765917263739,-0.0977286806821,0
0.661035671355,-0.748376991049,0.801322110088,-0.021607386,-0.0410140198,-0.145049574,-0.988337792,-0.232216406674,0.122919452383,0.495704985712,0.416960330035,-0.180977390344,0.0735558871888,-0.0255367218678,-0.0973324878989,-0.534920636411,0.17752896696,-0.202549676823,-0.0420826756612,-0.0907000005,0,0,0.567105159466,0.191390114628,-0.0145002834473,0.122549247412,0.000683826670395,-0.0859568330016,-4.99086662658e-21,0.612770338712,-0.256826661552,0.0710150098932,0.125681358563,-0.000798648681028,-0.097458447858,0
0.663793836787,-0.748376991049,0.800402739998,-0.0206005998,-0.0393011419,-0.178005182,-0.983028581,-0.202218695559,0.134072935399,0.570273924433,0.383315034478,-0.174284147633,0.0753688946718,-0.00751748934238,-0.100073365919,-0.583233337869,0.183754780474,-0.220585919253,-0.0453242893067,-0.0900999978,0,0,0.564240219234,0.195914924818,-0.0154230186166,0.122687841369,0.000675988205105,-0.087164701794,1.41841178001e-22,0.614605971294,-0.255652656429,0.0708044350511,0.125703757617,-0.00080343652384,-0.0977773415889,0
0.666552002219,-0.747457620959,0.797644574566,-0.0181972066,-0.0366943647,-0.209967753,-0.976850003,-0.168480682486,0.134177642273,0.623684958483,0.332844713133,-0.139311122704,0.065102571665,0.01118770001,-0.0999557500451,-0.630640239447,0.192731731276,-0.239848284825,-0.0501048987846,-0.0901999995,0,0,0.564473999509,0.207230047741,-0.0197547414522,0.122886111922,0.000644495771736,-0.0883565392918,6.68517124395e-22,0.614060877794,-0.248388027415,0.0689881772549,0.125879026226,-0.000842204914885,-0.0983680989464,0
0.669310112487,-0.744699455527,0.795805834387,-0.0154964796,-0.0346921181,-0.236946179,-0.970779493,-0.147160818827,0.120512691593,0.625174104523,0.283471379111,-0.114437731067,0.0506096832704,0.0232046141466,-0.100319039219,-0.666481167449,0.203482362945,-0.25427446883,-0.0560966267827,-0.0842999965,0,0,0.560086823172,0.211781460262,-0.0221602314536,0.123116875067,0.000646433635973,-0.089474827162,-4.22214107781e-21,0.611654193422,-0.240893917213,0.0685742190969,0.126215445481,-0.000879864151999,-0.0989863513046,0
0.67114890783,-0.741021920006,0.794886409135,-0.012805211,-0.0329133967,-0.262106665,-0.964392467,-0.139957338513,0.102539067507,0.588566622284,0.252813193353,-0.101536284903,0.050888528022,0.029622079609,-0.105656748534,-0.697289185706,0.223281233585,-0.265066082344,-0.0639562536159,-0.0798000023,0,0,0.559386337816,0.209265121531,-0.0189855736003,0.123281176069,0.000674353205104,-0.0903258290026,-7.17412580681e-22,0.605902821899,-0.238432881419,0.0689346693144,0.126537626539,-0.000903715149693,-0.09989173313,0
0.672068277919,-0.735505644305,0.794886409135,-0.0100967605,-0.0312899628,-0.285908292,-0.95769277,-0.137064324698,0.0861110127819,0.549972457295,0.23461008687,-0.0904328296545,0.0518790176548,0.0280977725005,-0.119321707522,-0.723132764333,0.25830620381,-0.267078671008,-0.0723271623176,-0.0751999989,0,0,0.562923101966,0.200241798092,-0.0115390373583,0.123493412248,0.000732770369027,-0.0911722596129,4.64122747114e-22,0.601994335736,-0.238218104948,0.0684474099926,0.126670325851,-0.000909737267601,-0.100222131132,0
0.673907018098,-0.729069943352,0.796725204477,-0.00622955805,-0.0296978932,-0.31097793,-0.949932605,-0.134899436684,0.0683164919898,0.5031532741,0.216407367328,-0.082484609746,0.0539775947826,0.0121323387419,-0.14766667626,-0.746009271903,0.330817717752,-0.262342363713,-0.0831998563041,-0.0741000026,0,0,0.566414147721,0.197165740099,-0.00684337112906,0.123637212265,0.000759516899125,-0.092076240975,2.39047543447e-22,0.599572354396,-0.235124622129,0.0697352314329,0.126828498416,-0.000923219014234,-0.100195064311,0
0.67666518353,-0.718956761121,0.797644574566,-0.00236889106,-0.0258878832,-0.335842796,-0.941559251,-0.122744527626,0.0502962299179,0.458486338568,0.200239060431,-0.0897124993898,0.0572207347432,-0.0248652163112,-0.206914520272,-0.760716865471,0.468634134752,-0.245685178808,-0.088165607284,-0.0771000013,0,0,0.577870084197,0.200536037161,-0.00464900523446,0.123803120777,0.000758716293863,-0.092696619749,-1.52824580918e-20,0.591546227616,-0.237303491221,0.0821953365936,0.127294303698,-0.000913385167335,-0.10000721954,0
0.675745813441,-0.707004784467,0.796725204477,-0.000786903774,-0.0239970658,-0.361955728,-0.93188603,-0.116015713234,0.0250067999523,0.415737198292,0.189363001627,-0.0998340329162,0.0643795568837,-0.0897757906898,-0.290889767629,-0.743515408986,0.646104242073,-0.211742345705,-0.0976726977328,-0.0837000012,0,0,0.588265944218,0.197336118498,-0.00091631630241,0.123929306473,0.000772350389963,-0.0930627437967,-1.58226226472e-20,0.576113944225,-0.248494025243,0.0995478777242,0.127879088518,-0.000877243569625,-0.100027825082,0
0.674826443351,-0.699649713424,0.795805834387,-0.00078924816,-0.024207611,-0.388122041,-0.921289667,-0.119905596896,0.00282808453699,0.377521482368,0.188044235417,-0.0996342598558,0.0699556407767,-0.175766800716,-0.343757371177,-0.672194412569,0.790295312866,-0.179304660226,-0.137568784282,-0.0873000026,0,0,0.58981267685,0.192530670325,0.00170874410295,0.123968000776,0.000788085517341,-0.0934190576784,5.63798952655e-21,0.558903599323,-0.267161457977,0.114614226473,0.128236507121,-0.000806996958097,-0.0995098173717,0
0.677584554539,-0.701488507847,0.797644574566,0.0016990378,-0.0252856797,-0.412766223,-0.910484373,-0.133768884299,0.0036291149942,0.34745759612,0.191762950362,-0.0884155953654,0.0642260229389,-0.268104048527,-0.330025826751,-0.566712753975,0.869167668121,-0.196420927754,-0.156024889606,-0.0806000009,0,0,0.579378546967,0.193504818339,0.0107598017538,0.123645504421,0.000792539847666,-0.0940986144541,4.30727803342e-22,0.547941778019,-0.268958631533,0.117865567549,0.128427861996,-0.000796635174248,-0.0988964235466,0
0.68310083024,-0.703327248946,0.799483314746,0.00458838031,-0.025291072,-0.437845432,-0.89868275,-0.146203126498,0.0070118189873,0.305710965576,0.193675934199,-0.0695155971755,0.0563117609079,-0.337934974153,-0.287012575001,-0.469687388782,0.891372789813,-0.209991472796,-0.158742095077,-0.075000003,0,0,0.571431942099,0.192419030069,0.0253247964998,0.123206582845,0.000805517121904,-0.0945241115797,-2.22595435337e-21,0.542124226712,-0.26664464813,0.121921471236,0.128604187559,-0.000795536532334,-0.0982858420519,0
0.688617161104,-0.703327248946,0.800402739998,0.0068398,-0.023699308,-0.464986412,-0.884974122,-0.148436184171,0.00451044668233,0.256582389327,0.185517655855,-0.0541067395122,0.0498600358896,-0.37519046322,-0.241707214525,-0.390238176994,0.86929798516,-0.214650344273,-0.148671413,-0.0747999996,0,0,0.57345162468,0.184786616704,0.0405379691377,0.122921182064,0.000839405025675,-0.0946575006833,4.65038847717e-21,0.536135922217,-0.265007944591,0.130818637513,0.128928795427,-0.000793992759963,-0.0975622463092,0
0.695972232146,-0.702407878856,0.801322110088,0.0103958867,-0.0222911795,-0.494804228,-0.868656321,-0.151977738204,0.00175399483952,0.20130456963,0.177805290505,-0.0444804252376,0.0439028772036,-0.390485097556,-0.195416483552,-0.322335530027,0.808707569802,-0.208668285406,-0.132729055316,-0.0777999982,0,0,0.577004731947,0.19169358977,0.0416940250115,0.122775705582,0.000805739830972,-0.0944217646846,8.60650785649e-21,0.526872940493,-0.264754377236,0.145940551128,0.12952101339,-0.000792105580339,-0.0970309369814,0
0.703327248946,-0.699649713424,0.802241480178,0.0131945408,-0.0205914809,-0.526782059,-0.84964849,-0.155380458024,-0.00324342567653,0.139528409323,0.171334521948,-0.0358223863337,0.0373858206664,-0.384394654545,-0.150142026623,-0.255331120367,0.72223273434,-0.205388395446,-0.122335355046,-0.0847000033,0,0,0.580946112987,0.204669863945,0.0352943450034,0.122697710606,0.00073633621535,-0.0938781126029,6.97167283437e-23,0.52035805945,-0.260532406273,0.152337212521,0.129958364983,-0.000818403128521,-0.0965063538076,0
0.711601690078,-0.696891602236,0.803160850267,0.0149976901,-0.018997074,-0.558913946,-0.828872355,-0.160274118765,-0.0102395421044,0.0716696333123,0.169055804809,-0.0279322461557,0.0295439729618,-0.366023223958,-0.104694675484,-0.177930958044,0.625335944195,-0.209237003197,-0.107066257099,-0.0920000002,0,0,0.583518832104,0.220488281112,0.0242994089689,0.122707718352,0.000654479193568,-0.0933101041441,-1.94028693959e-21,0.51858413476,-0.25299289409,0.147613412949,0.13008560134,-0.000864753832621,-0.0960787057598,0
0.718956761121,-0.693214066715,0.80408027552,0.0187070845,-0.0201076144,-0.59222429,-0.805304985,-0.157515701083,-0.0204805502874,-0.00133810497635,0.138149767226,-0.00274262351144,0.0230414412192,-0.333795652627,-0.0536187627455,-0.0782657331512,0.501315897773,-0.194011583591,-0.0784342332891,-0.100000001,0,0,0.578660684227,0.226570742741,0.0230990049063,0.122373925893,0.000598382585914,-0.0928870963374,2.82765424235e-21,0.509844803016,-0.237457419203,0.14106320166,0.130548249558,-0.000957893737194,-0.0955624408118,0
0.726311832164,-0.686778365761,0.802241480178,0.0162000046,-0.0200000047,-0.624000174,-0.781000219,-0.157934231582,-0.0387937388538,-0.0743336349352,0.139660639233,0.000447129681543,0.0154627879018,-0.299577871294,-0.00878512592662,0.0540105093388,0.418410274841,-0.197938655928,-0.0392985600502,-0.109999999,0,0,0.587024886662,0.219527980098,0.0256735592423,0.122425498537,0.000611096459768,-0.0926808535286,2.46811354351e-21,0.513692472131,-0.236260292192,0.136538389635,0.13044609031,-0.000974615206909,-0.0951663972386,0
0.731828108784,-0.679423348962,0.801322110088,0.0116996652,-0.0214993861,-0.652981329,-0.756978387,-0.158757373394,-0.0603782784557,-0.134338048221,0.145830443056,0.00120373432909,0.0103431934855,-0.272120796114,0.0210253196561,0.167887542971,0.368517791585,-0.216254900222,0.00666742306075,-0.112999998,0,0,0.593493214371,0.203267923199,0.0316185965631,0.122482151637,0.000672054869853,-0.092067804165,-1.76664488138e-21,0.51644401333,-0.250801362944,0.142971386423,0.130177460895,-0.000903729063151,-0.0948585027474,0
0.736425014395,-0.672987648009,0.799483314746,0.00423944852,-0.0210972544,-0.678911681,-0.733904532,-0.166417811301,-0.0813760871601,-0.175679620485,0.183806974744,-0.0196169582122,0.00683043082854,-0.249978218362,0.0343885785564,0.207288423337,0.358158079409,-0.23359819143,0.0360395503795,-0.108000003,0,0,0.598729835733,0.19339148302,0.0250019615025,0.123031451363,0.000734077704159,-0.0921257831691,-2.35909513202e-21,0.529078893207,-0.270314586306,0.147739321125,0.129509420028,-0.00079381728544,-0.0954004771512,0
0.742860715348,-0.669310112487,0.798563944656,0.00163092746,-0.0227129173,-0.701398858,-0.712405155,-0.170772514821,-0.0867901058692,-0.201982043202,0.192208815064,-0.0225455322644,0.000561975320088,-0.233004222591,0.0355585739336,0.184810687972,0.342427670811,-0.195042777472,0.0192580327741,-0.0921000019,0,0,0.590386766703,0.184985930635,0.0284479503098,0.122989523697,0.000790141227632,-0.0919580935856,-2.62072891225e-20,0.533082545435,-0.281117648613,0.156066953922,0.129384787892,-0.000720568902641,-0.0962522005975,0
0.748376991049,-0.666552002219,0.797644574566,-0.00158929824,-0.0258885695,-0.722680887,-0.690695006,-0.176984836284,-0.0972467137422,-0.228435157621,0.198803772086,-0.0226233832846,-0.0019594290475,-0.209195723189,0.0206945568138,0.146409937439,0.314138705419,-0.16903354139,0.00328365003152,-0.0756999999,0,0,0.585301525608,0.174498811612,0.0302755876077,0.123104945947,0.000857766956671,-0.091425316518,8.68886117123e-24,0.536825232547,-0.291586123465,0.156902826426,0.129060916863,-0.000655634541662,-0.0968609734154,0
0.753893267669,-0.663793836787,0.797644574566,-0.00373117703,-0.0305096248,-0.744234792,-0.667210473,-0.181225583303,-0.108867151805,-0.257292805248,0.195804819282,-0.0207899764739,-0.00182559633712,-0.194121323362,0.00650551533528,0.109758062065,0.294229628555,-0.148612509109,-0.00756947876321,-0.060800001,0,0,0.580170694505,0.162315997471,0.0352250352215,0.123131112558,0.000925914727146,-0.0906445939441,1.12427068511e-21,0.538742920182,-0.303652878291,0.156720470911,0.128726918838,-0.000587350259173,-0.0971488421204,0
0.75940954337,-0.661955096608,0.798563944656,-0.00452292852,-0.0360233233,-0.765495639,-0.642415979,-0.193955408878,-0.120908208777,-0.28562574849,0.201647774708,-0.0331678124056,-0.00879626497082,-0.189000224099,-0.00719962849903,0.0725507778878,0.288907559682,-0.142809085456,-0.0128642140824,-0.0476000011,0,0,0.573275269785,0.152899543513,0.0358096130364,0.123239451452,0.000977515080923,-0.0898537332924,-2.47014625331e-21,0.543612304646,-0.313844546053,0.153007108142,0.128274574042,-0.000525702990575,-0.0968346233823,0
0.764925874233,-0.661035671355,0.798563944656,-0.00382996452,-0.0413996163,-0.788992653,-0.612994287,-0.216229778647,-0.128756200428,-0.295997394149,0.215143793098,-0.047490827322,-0.0143247829233,-0.178570451687,-0.0235186545208,0.0237567880132,0.27862425288,-0.145219085928,-0.0191817865551,-0.0392000005,0,0,0.562871351072,0.145863946807,0.0358825320859,0.123373944823,0.00101578004058,-0.089738883187,-2.62640257768e-21,0.546748891237,-0.327100836318,0.152084479349,0.127977512303,-0.000460586456753,-0.0967363192931,0
0.770442150853,-0.661035671355,0.799483314746,-0.00314980795,-0.044697275,-0.816950159,-0.57496493,-0.240784824137,-0.111464902268,-0.229202539162,0.22957203817,-0.0608479646466,-0.0190776918489,-0.157353013792,-0.0449419867789,-0.0501166843781,0.258329394482,-0.150428464093,-0.0238397454704,-0.0439000018,0,0,0.55764656854,0.149609582445,0.0288604554441,0.123389488741,0.00098555417363,-0.0897600215808,-8.26625172156e-21,0.546634747119,-0.339897590946,0.154082844623,0.127868728283,-0.00041410854329,-0.0964090040353,0
0.776877851806,-0.662874466697,0.800402739998,0.000870582649,-0.0504758042,-0.841596555,-0.5377422,-0.258075776618,-0.0764443137577,-0.10351631143,0.225248601356,-0.0651028407099,-0.00126205627121,-0.142233855295,-0.0637000184726,-0.120463637539,0.227677939255,-0.141051798983,-0.0295702681586,-0.0487000011,0,0,0.541571465234,0.149370808356,0.0211228166737,0.123301552539,0.000958891336821,-0.089508327787,7.70038072945e-22,0.531742158584,-0.350235122559,0.153184252392,0.127949763224,-0.000394780635134,-0.0966404037914,0
0.782394127507,-0.662874466697,0.801322110088,0.000655147193,-0.0527118461,-0.863193935,-0.502112799,-0.264662352403,-0.0357781362403,0.0495321665903,0.247641486566,-0.0811936363364,0.0161924831661,-0.124345055099,-0.0799789214176,-0.195005737604,0.218367925764,-0.147436689411,-0.0378238706946,-0.0557999983,0,0,0.538252835767,0.151871776075,0.0150990317675,0.123290642376,0.00093058466372,-0.0898846082504,5.10580232146e-22,0.52494698685,-0.360827209902,0.153203598873,0.128068636737,-0.000375838131252,-0.0974613177942,0
0.786991033118,-0.661955096608,0.801322110088,-0.00357072759,-0.0513104564,-0.8821798,-0.468095383,-0.266407126724,0.00634218730243,0.182679956481,0.300694708871,-0.105647672856,0.0342261764139,-0.107223063434,-0.0923721597081,-0.254512997603,0.229835145656,-0.16849519935,-0.044987172693,-0.0634000003,0,0,0.555018777567,0.156381882303,0.0121248739388,0.123339240867,0.000904852040907,-0.0896193971931,1.15828281186e-21,0.532420733482,-0.366587988716,0.149596582432,0.12792451903,-0.000363964154863,-0.0980390938285,0
0.790668568639,-0.660116301265,0.801322110088,-0.00558236595,-0.0512217067,-0.89838074,-0.436184847,-0.256544520191,0.0429398974349,0.29336057034,0.332977766205,-0.11402244928,0.0491998942752,-0.0880082948286,-0.102313054226,-0.313684951873,0.227640078481,-0.182001572678,-0.0504355686558,-0.0671000034,0,0,0.56473232608,0.158810815316,0.00989645791294,0.123350239684,0.000889134177899,-0.0890153449056,1.11143410134e-20,0.53446041768,-0.361688037623,0.137160026649,0.127734806669,-0.000403035637938,-0.0989738115139,0
0.793426679828,-0.659196931176,0.800402739998,-0.00745299717,-0.0506203569,-0.912366912,-0.406163328,-0.242683028532,0.0742952893858,0.375807814348,0.360971294446,-0.122876456266,0.0541109262097,-0.0691144949343,-0.108522754096,-0.36412243964,0.224198793663,-0.194517871164,-0.0560526831247,-0.0675000027,0,0,0.572196808135,0.161937570939,0.0080381320328,0.123470320413,0.000883670368128,-0.0889713835534,6.03493698403e-20,0.539536077151,-0.351251147223,0.124269770465,0.127464383766,-0.000452920326828,-0.0993491156588,0
0.79526547517,-0.657358135834,0.799483314746,-0.00983270478,-0.0485133471,-0.925254542,-0.37610345,-0.227871135012,0.0992438388331,0.4312202159,0.382234520548,-0.129189409375,0.0524491232515,-0.0460257292663,-0.11278493093,-0.418065945014,0.220627201929,-0.210141306581,-0.059702535402,-0.0709000006,0,0,0.580416646519,0.165652717287,0.00596126141232,0.123671543445,0.00087694247977,-0.0895653506337,4.57926767575e-21,0.54405434474,-0.342100703333,0.1190435228,0.127356788543,-0.000493108988193,-0.0993231150164,0
0.79526547517,-0.656438765744,0.798563944656,-0.0113004555,-0.0459018472,-0.937037718,-0.346013923,-0.207414925176,0.122478312421,0.481374873126,0.38997411055,-0.132510395693,0.0541092304766,-0.0257648499387,-0.114697662774,-0.467749268553,0.21900980133,-0.223881957123,-0.0630332797952,-0.0737000033,0,0,0.58563975918,0.168897016446,0.00712094978267,0.123852736681,0.000877702573653,-0.0908008830765,-2.37064096273e-21,0.548219677678,-0.333362049589,0.116593781936,0.127293630389,-0.000526459799035,-0.0989826262859,0
0.794346104161,-0.655519395654,0.797644574566,-0.0122966078,-0.0428881699,-0.947738599,-0.315912876,-0.184447207545,0.139510721243,0.526246354682,0.383908808099,-0.14019535097,0.0667158460325,-0.00649110272306,-0.117512856396,-0.518504872704,0.22042427806,-0.236280300927,-0.0648410483169,-0.0776999965,0,0,0.587434036134,0.175392568415,0.00338400191145,0.124092030604,0.000861841144231,-0.0923351776697,5.65038823036e-20,0.55410326952,-0.3178096632,0.108392034483,0.127137774192,-0.000592506494368,-0.0986556128173,0
0.792507309738,-0.656438765744,0.795805834387,-0.0136002501,-0.0395007278,-0.957017606,-0.287005275,-0.158381263823,0.14708359607,0.559793580045,0.364533470322,-0.151476451872,0.0802795397469,0.0136045822136,-0.12033433601,-0.567747531496,0.222892374795,-0.24956786471,-0.0666903721838,-0.0812000036,0,0,0.589657157233,0.180648844744,0.00151746303127,0.124260129546,0.000849428017464,-0.0935799588684,3.045489869e-20,0.557707428914,-0.302013140738,0.104557356705,0.127197570089,-0.000659350020037,-0.0985954841002,0
0.78974919855,-0.656438765744,0.793967039045,-0.0138981635,-0.0352953385,-0.964872501,-0.259965645,-0.13736706836,0.143495585577,0.565145147054,0.329389153526,-0.139066854798,0.0724374996307,0.0307205192012,-0.121981975227,-0.614628734844,0.228047242234,-0.263716353459,-0.0694413599654,-0.0832000002,0,0,0.591305526537,0.187145554979,-0.000743355576628,0.124376909453,0.000831108457869,-0.0945074525867,-4.62223401808e-21,0.558840103669,-0.287728530821,0.105796704923,0.127451547823,-0.000716398599185,-0.0985059041495,0
0.785152237776,-0.658277561086,0.792128298866,-0.0146915604,-0.0303825469,-0.971441946,-0.234865078,-0.120794761694,0.128710678917,0.531674333498,0.286223338231,-0.113634201041,0.0464044766256,0.0452713833721,-0.124518385412,-0.65186410531,0.238938441646,-0.273829018761,-0.0728085055139,-0.0820999965,0,0,0.592247720097,0.190104586081,0.000359975220793,0.124467122139,0.000832588782106,-0.09541964827,2.93874941748e-21,0.558021624529,-0.276347665917,0.10988003433,0.127863277089,-0.000763682567843,-0.0990409591094,0
0.779635962075,-0.661955096608,0.792128298866,-0.0163964884,-0.02619439,-0.976790794,-0.211954602,-0.109569227296,0.113490671769,0.501967542463,0.260794760242,-0.101109177031,0.0396049636551,0.0544624845074,-0.135424898023,-0.681908420908,0.261134723301,-0.276530537763,-0.0766219836661,-0.0806000009,0,0,0.593879516734,0.185787861408,0.00319044301229,0.124631316884,0.000864338036637,-0.0963139248792,-5.51284634192e-21,0.554956630985,-0.270640928942,0.11328485501,0.12819425195,-0.00079139695707,-0.0995976404455,0
0.773200316285,-0.665632576966,0.793047668955,-0.0166032343,-0.0222043252,-0.981191155,-0.191037216,-0.106033656637,0.097076067155,0.468567819719,0.24366719684,-0.0941509184567,0.0410446485412,0.0447186891608,-0.154150298467,-0.692141826743,0.310939618953,-0.271606094966,-0.0858207358517,-0.0790999979,0,0,0.599660024241,0.182517384487,0.00561683057705,0.124744309091,0.000887776273531,-0.0962704060289,-1.58758531936e-21,0.551505328677,-0.262840309332,0.11504555408,0.128495700728,-0.000827350700459,-0.0998526585417,0
0.764925874233,-0.670229482577,0.793967039045,-0.0165996317,-0.0173996144,-0.984978173,-0.170996212,-0.100350985914,0.0795852741158,0.430931760309,0.229319555814,-0.0982092338626,0.0455466638349,0.0118791996389,-0.194498069941,-0.698551992017,0.413725628209,-0.261020396546,-0.0972644808409,-0.0790000036,0,0,0.610895579755,0.183177220506,0.00710319849768,0.124833314743,0.000892878714924,-0.0956089663772,1.21553818754e-21,0.548141185326,-0.253935285617,0.119556334866,0.128880060025,-0.000863750560842,-0.0997554430214,0
0.755732063011,-0.67666518353,0.794886409135,-0.016396247,-0.0127970705,-0.988773696,-0.147966133,-0.0963814133645,0.0606682509051,0.390491427831,0.221793463659,-0.110034289594,0.05064352062,-0.0517287352445,-0.259560726002,-0.682363592602,0.575691309915,-0.23252145148,-0.11022334555,-0.0830999985,0,0,0.623268885248,0.187891931883,0.0063193313038,0.124848131302,0.000870096385859,-0.0943767383924,1.47458058182e-21,0.545447893123,-0.249042683358,0.129895226775,0.129274387528,-0.000872896555839,-0.0986553697127,0
0.748376991049,-0.68218146015,0.794886409135,-0.0164016314,-0.00960095538,-0.992098659,-0.124012332,-0.0982182285508,0.046482961935,0.3602337222,0.223524136931,-0.120491954727,0.0557073372309,-0.139373261261,-0.300707313128,-0.613768704296,0.726022946535,-0.201143754351,-0.155123852276,-0.0885000005,0,0,0.631270294954,0.190280830543,0.00831444329786,0.124837307223,0.000856601872881,-0.0938138112851,3.38559692335e-21,0.536101374797,-0.250736895352,0.144854879489,0.129865303878,-0.000866537725576,-0.0980932859842,0
0.745618826536,-0.680342719971,0.794886409135,-0.014401452,-0.00634063925,-0.995100353,-0.0976098414,-0.109447149448,0.0454680015452,0.329396406134,0.224257797972,-0.113833353859,0.0511856859145,-0.230452806056,-0.28054768695,-0.505535501578,0.812152646846,-0.168633639245,-0.15384507444,-0.0900000036,0,0,0.62489267616,0.200494865283,0.00901555567873,0.124480815809,0.00080301420362,-0.0936258446098,5.73810834984e-22,0.526630471128,-0.24349693683,0.151624400067,0.130451395764,-0.000904948984749,-0.0979136471826,0
0.744699455527,-0.675745813441,0.796725204477,-0.012297064,-0.00237943194,-0.997761841,-0.0656843219,-0.122997819122,0.0444903601861,0.27502003951,0.220308406388,-0.0951528673945,0.0429278777658,-0.299815043829,-0.226331542675,-0.406665905898,0.832758884935,-0.139723201473,-0.133444141167,-0.0936999992,0,0,0.613538360424,0.219019881109,0.00526439987827,0.124082196946,0.000708381745344,-0.0937936157557,4.02465308751e-22,0.526521258341,-0.218411143673,0.138214076116,0.130735114589,-0.00102757794443,-0.0975460702962,0
0.741021920006,-0.670229482577,0.798563944656,-0.0110044803,0.00105042763,-0.99940691,-0.0326132786,-0.131097747163,0.0389813830356,0.216716581082,0.209102121955,-0.0762192313882,0.0363844636702,-0.33145804138,-0.184374959973,-0.342525587872,0.79728035157,-0.149937398707,-0.111696431251,-0.0970999971,0,0,0.60426127952,0.231465907829,0.005342216978,0.123664573891,0.000636810143581,-0.0936653835364,-2.22630620867e-21,0.53175340032,-0.194009598026,0.125223650471,0.13097775869,-0.00114297590605,-0.0975377529153,0
0.735505644305,-0.665632576966,0.800402739998,-0.010099397,0.00378977387,-0.999940339,0.00171989733,-0.136024426861,0.0298750980373,0.157585189004,0.199307138742,-0.0597649715453,0.0316730791847,-0.334403972552,-0.152708101198,-0.291706355878,0.716110011637,-0.169256123531,-0.101630672186,-0.100000001,0,0,0.598549043313,0.23914126097,0.00440892110691,0.123363994797,0.000586978458296,-0.0931724579545,1.56458320444e-21,0.537086960096,-0.181210639791,0.124281402954,0.131268111359,-0.00119573873009,-0.0974882862266,0
0.729069943352,-0.661955096608,0.801322110088,-0.00786186745,0.00578137286,-0.999237333,0.0378089788,-0.142352587471,0.0178505342394,0.0929143922769,0.190054146621,-0.0445957230833,0.0291867391241,-0.325514043656,-0.120402035822,-0.225880845581,0.608382167742,-0.179232607681,-0.0942887399586,-0.105999999,0,0,0.59798510546,0.246344192992,0.00200102399245,0.123114243072,0.000535706580244,-0.0920668419692,-1.58620682361e-21,0.538478036637,-0.178475945322,0.131867951264,0.131613301573,-0.00120298808772,-0.0970285093546,0
0.7207955013,-0.657358135834,0.802241480178,-0.00342997923,0.00789995169,-0.996993931,0.0769995325,-0.138317967397,0.00484601072636,0.0242323969186,0.151934669063,-0.014592904557,0.0238768842963,-0.30741659404,-0.0736368191592,-0.115732639976,0.482126264108,-0.16579361399,-0.0793626248837,-0.112999998,0,0,0.588985314331,0.253932150687,-0.00119388580123,0.122632903704,0.000466882176279,-0.0910512100373,-5.56142115341e-22,0.534029991962,-0.168773730533,0.137149715978,0.132298867988,-0.00125382423093,-0.0964926880045,0
0.710682319989,-0.652761230222,0.802241480178,-0.00421840179,0.00707731853,-0.992623899,0.120954174,-0.139445589535,-0.0154926065403,-0.0614475498507,0.1480280387,-0.00535476534867,0.0180259821234,-0.286300538946,-0.0285199772877,0.0386168390383,0.40663782881,-0.172003234502,-0.0420339858314,-0.127000004,0,0,0.598781632582,0.26023251306,-0.00611281608087,0.122617780649,0.000419520231736,-0.0896550584507,1.34491108382e-21,0.544009557175,-0.164183889566,0.130223912985,0.132120085828,-0.00128305724341,-0.0964383111618,0
0.699649713424,-0.650003119034,0.801322110088,-0.00694292032,0.0043418261,-0.986414874,0.16406901,-0.150346525053,-0.0395535170475,-0.142994222324,0.175081875654,-0.014354811615,0.0141097540207,-0.26756342802,0.0134489018668,0.185013512561,0.380347145254,-0.2024183517,9.2010369485e-05,-0.136000007,0,0,0.60490743224,0.256203265614,-0.00677414909651,0.12283363004,0.000429540007735,-0.090005613525,-3.61405517377e-21,0.556330907295,-0.169125997512,0.124893110549,0.13147605883,-0.00125779448155,-0.0968309280731,0
0.690455901283,-0.648164323692,0.801322110088,-0.00717960781,0.000899950801,-0.978946471,0.203988848,-0.157496429325,-0.0615337852063,-0.202661123227,0.191846619275,-0.0142623238245,0.0134729354115,-0.249211322764,0.0405740967641,0.262603467681,0.367759362613,-0.221173993508,0.0301912015129,-0.135000005,0,0,0.595713235567,0.253648808217,-0.0089597127951,0.122813610991,0.000430979030221,-0.0912549410763,4.97869670296e-20,0.563273046195,-0.18350441474,0.133419525637,0.131016555373,-0.00116952049038,-0.0969098156165,0
0.68218146015,-0.644486788171,0.799483314746,-0.00693996614,-0.00354998259,-0.969995265,0.242998807,-0.170938667975,-0.0842207587005,-0.25642610027,0.216407330835,-0.0192101604517,0.0128667329493,-0.225541659981,0.0422406877884,0.237056117149,0.345716131865,-0.172009442423,0.0127995139419,-0.127000004,0,0,0.579233710264,0.255963138916,-0.0178485462152,0.122894839292,0.00042258549037,-0.0930142697736,-8.04371623223e-21,0.56930863428,-0.201504243355,0.143005184359,0.130542157117,-0.00106457812312,-0.0973697579478,0
0.675745813441,-0.640809307812,0.798563944656,-0.00571199426,-0.0080228004,-0.9593349,0.282098487,-0.182659532348,-0.105818254748,-0.308478031164,0.231357812452,-0.0165166284927,0.00778317940296,-0.200101527381,0.0178589778412,0.17362353806,0.326417463287,-0.166422840794,-0.00254346219475,-0.115999997,0,0,0.559088347864,0.257811019884,-0.0267592220922,0.122878094308,0.00041536355718,-0.0941293047369,5.90687413702e-21,0.575052295577,-0.216042254647,0.146077004826,0.130071136948,-0.000985035809731,-0.0981983335706,0
0.670229482577,-0.636212347038,0.798563944656,-0.00237076307,-0.0119038323,-0.947304979,0.320103039,-0.197589055216,-0.124890823684,-0.347829675976,0.242734270751,-0.0167362710675,0.00247670223453,-0.188405646471,0.000524192344668,0.12453657577,0.32302477909,-0.162353594098,-0.0146775282664,-0.104000002,0,0,0.540459642935,0.258225855845,-0.0345890374594,0.122953729278,0.000422980477931,-0.0948850726532,-1.48124666163e-21,0.578993783972,-0.232074743201,0.145261561592,0.129489075348,-0.000901217034479,-0.0984452177177,0
0.665632576966,-0.631615441427,0.798563944656,0.00353920333,-0.0136969171,-0.934789596,0.354920102,-0.219683692263,-0.137672511487,-0.371716162745,0.255668659249,-0.0236290065624,-0.00392292522911,-0.18976818221,-0.0116628962991,0.0942330280907,0.32626656435,-0.163356864405,-0.0138495742595,-0.0866999999,0,0,0.525602688634,0.248035790106,-0.0314561451259,0.122998468389,0.000493952312533,-0.0946326294827,2.68596373342e-20,0.580127278736,-0.256066133377,0.15170761802,0.129012246581,-0.000772916008902,-0.098093667652,0
0.662874466697,-0.627018534897,0.799483314746,0.00853966961,-0.0143994429,-0.918964493,0.393984758,-0.24597959216,-0.132304302729,-0.333324678841,0.266702554879,-0.0403294686165,-0.00682171349893,-0.176646595356,-0.0307515712328,0.0347791970787,0.310524783314,-0.1648810346,-0.0149989753921,-0.0784000009,0,0,0.52236464556,0.241422789049,-0.0312298650279,0.123050228816,0.00053428368538,-0.0935485530183,1.52620275497e-21,0.580667155033,-0.275683507176,0.151736294356,0.128496437905,-0.000678052815757,-0.0973680983964,0
0.660116301265,-0.619663519017,0.801322110088,0.0144954435,-0.0137956637,-0.901716592,0.431864272,-0.277466921328,-0.106363093699,-0.228536397879,0.279597768352,-0.062934511718,-0.00344330414979,-0.16242131583,-0.0476833565245,-0.0322496872728,0.285121280584,-0.162291446501,-0.0227860498958,-0.0744000003,0,0,0.520226492115,0.235048314366,-0.0321841553549,0.123008141604,0.000559179696511,-0.0922348655954,1.84715297991e-20,0.573847705795,-0.286493721106,0.142429426835,0.128190455505,-0.000651735649526,-0.0977983725104,0
0.658277561086,-0.612308447974,0.802241480178,0.0237969897,-0.0118984948,-0.883888171,0.466940929,-0.291031380656,-0.0785079511208,-0.115647465704,0.266296462078,-0.0737388296858,0.00865915930093,-0.151346225131,-0.0637595024985,-0.0935057456215,0.249084520242,-0.148982329585,-0.0297635221079,-0.0742999986,0,0,0.515199348893,0.222286626503,-0.0310058885038,0.122930565025,0.000597983227435,-0.0916182563825,2.85819450241e-21,0.55020930603,-0.301051130586,0.143046400484,0.128383613147,-0.000621881123284,-0.0980252571566,0
0.655519395654,-0.606792171354,0.80408027552,0.0281909531,-0.0123960221,-0.866721825,0.497840223,-0.297650413661,-0.0519364574496,0.00850018059277,0.284177965647,-0.0861030625798,0.0280270269216,-0.144002006339,-0.0785786624902,-0.146778212499,0.240765781948,-0.152087776352,-0.0345500737577,-0.074000001,0,0,0.527131893743,0.209379964091,-0.0296734833102,0.123183932931,0.000656467219066,-0.0909013098604,3.27649704276e-20,0.534168835578,-0.324384130437,0.154265655891,0.12861408675,-0.000537711949461,-0.0982634474756,0
0.652761230222,-0.60219521058,0.80408027552,0.0300899529,-0.0132955607,-0.848716613,0.527823771,-0.29141421522,-0.027208277573,0.118319250086,0.304615308722,-0.0821062278996,0.0437794687463,-0.130123440111,-0.091848284199,-0.203982581274,0.233733037284,-0.1581521404,-0.0402502361019,-0.0768999979,0,0,0.541974139151,0.200063929872,-0.0273566875359,0.123510320971,0.000703266905479,-0.0911532654656,1.50484340262e-20,0.521334456831,-0.340155855679,0.161140411544,0.128831387119,-0.000490373569492,-0.0984715722241,0
0.649083693782,-0.598517730221,0.803160850267,0.0273060791,-0.0143031841,-0.829184591,0.558124279,-0.294101824185,0.00188370179565,0.192224968456,0.362782908725,-0.0998060280874,0.0467819815763,-0.119825957815,-0.101336001872,-0.259907135851,0.251489979075,-0.17899674501,-0.0478418527652,-0.0804999992,0,0,0.565556038763,0.19922905612,-0.0257951693795,0.123976017961,0.000730797964752,-0.0916832101661,2.91558659308e-20,0.531513703378,-0.342163757901,0.152820284385,0.128397165366,-0.000481629297307,-0.0982450056806,0
0.647244953602,-0.59575956479,0.803160850267,0.0267944277,-0.014197048,-0.80983161,0.585878201,-0.281353528471,0.0251148985488,0.250084823934,0.387113338285,-0.102652625081,0.0468033755059,-0.105688223181,-0.109570361903,-0.312440436032,0.251269979116,-0.188351946268,-0.0522125196307,-0.0813999996,0,0,0.577332699692,0.190872448429,-0.0189806265988,0.12432943225,0.000787314958061,-0.0928671105412,3.00913741376e-20,0.535736398726,-0.333652928345,0.138700707045,0.128001562218,-0.000521106899502,-0.0977135797594,0
0.644486788171,-0.59392082461,0.803160850267,0.0262016228,-0.0137008485,-0.791048998,0.611037843,-0.263051525373,0.0487432920092,0.302922793716,0.400668374789,-0.109978385082,0.0497222291194,-0.0939987728938,-0.114705900631,-0.355075819931,0.252443573843,-0.200002695204,-0.0573726280554,-0.0810000002,0,0,0.582881431398,0.185455440265,-0.0166273325261,0.124788894515,0.00083653293992,-0.0949471350305,-1.90914601948e-20,0.542113137414,-0.32324866,0.122798955189,0.127533742906,-0.000565435100987,-0.0972274596691,0
0.643567418081,-0.592082029268,0.802241480178,0.0242121468,-0.0139069766,-0.773388002,0.633317745,-0.239002554124,0.0687768329804,0.341785212741,0.405927407239,-0.121972342409,0.053164166109,-0.0785614389487,-0.120128528259,-0.397026906463,0.250775017866,-0.209552864835,-0.0600129818076,-0.0808999985,0,0,0.590601219971,0.180119936087,-0.0146178540675,0.125236840188,0.000885937202673,-0.0967212037998,5.0006661347e-21,0.54763258737,-0.309319929321,0.109889583362,0.127246306815,-0.000624309637846,-0.0970030756092,0
0.644486788171,-0.591162659179,0.801322110088,0.0229005355,-0.0133003106,-0.756017653,0.654015271,-0.21693453734,0.079487629477,0.361587383365,0.400548667856,-0.141908699337,0.0588345756579,-0.0644101847149,-0.127283566686,-0.440141149926,0.250821100034,-0.220929249367,-0.0613321559661,-0.0832000002,0,0,0.598397764248,0.172805810156,-0.0107151419289,0.125592183081,0.000936734852882,-0.0982452865766,-6.57769426585e-21,0.547335399382,-0.299700191261,0.10870368548,0.127373609262,-0.000666567296607,-0.0969378458959,0
0.645406213423,-0.591162659179,0.800402739998,0.0211035154,-0.0131021829,-0.739123162,0.67311212,-0.191794981436,0.0854396709646,0.379132774758,0.384462536397,-0.152958145013,0.0677372173079,-0.046842153685,-0.1341420391,-0.48338153623,0.247414118827,-0.229551444439,-0.0620098412813,-0.0864999965,0,0,0.606458987088,0.172377067157,-0.012398675903,0.12594885259,0.00095516830574,-0.0994419466666,5.42784549639e-21,0.544540219275,-0.291022635246,0.114490150964,0.127784700776,-0.000705292719504,-0.0970915579058,0
0.647244953602,-0.591162659179,0.800402739998,0.018793331,-0.0120957078,-0.722743529,0.690754874,-0.16381176278,0.0894893719516,0.395298993283,0.357279050185,-0.148431669994,0.0701446628247,-0.0312500378058,-0.138139752158,-0.519540048115,0.244729532927,-0.236893207722,-0.061796263467,-0.0873999968,0,0,0.613249526057,0.1751185573,-0.0180776026002,0.126281037824,0.000957535949973,-0.0999669261367,3.12383128524e-20,0.5412110475,-0.282323475212,0.122117517099,0.128306324557,-0.00074327474575,-0.0975622137558,0
0.649083693782,-0.592082029268,0.798563944656,0.0150997577,-0.0102998346,-0.706988653,0.706988653,-0.132855981357,0.0900559918823,0.407677058179,0.30983494972,-0.119594653981,0.0541128756603,-0.0166142542994,-0.139860745943,-0.556454018924,0.246819166236,-0.244609380884,-0.0623704290722,-0.0886999965,0,0,0.621233223155,0.177121565949,-0.0181623767322,0.126460981937,0.000962261853047,-0.10024169699,-6.03137518163e-22,0.539035421531,-0.271615649864,0.130432654678,0.128848293901,-0.000785509293992,-0.0977166237392,0
0.653680654556,-0.593001399358,0.796725204477,0.0110984666,-0.00793890323,-0.6929043,0.720900429,-0.110396525164,0.0777885295293,0.391160436896,0.260756399159,-0.114399345624,0.0381706262015,-0.00637895469802,-0.144644244273,-0.588265611949,0.254989927879,-0.250822786605,-0.0626974768569,-0.0886000022,0,0,0.62574428719,0.174917240869,-0.0148702696468,0.126545731844,0.000981693442719,-0.100544175025,-1.75616172553e-20,0.535149576511,-0.261377481516,0.137265035965,0.129382633885,-0.000828544891063,-0.0978919853409,0
0.659196931176,-0.59392082461,0.795805834387,0.00710996977,-0.00699997034,-0.677997079,0.734996877,-0.0962113777216,0.064870046106,0.369841793881,0.228948891252,-0.10394168084,0.0321692115739,0.00374517247906,-0.154791057349,-0.619362113392,0.269653014283,-0.256337128968,-0.0645278541081,-0.0907000005,0,0,0.626895558395,0.171348862835,-0.0126112559715,0.12659981039,0.000997852360835,-0.100881425543,5.88104824355e-21,0.530678532131,-0.25730130277,0.140347009926,0.129739965932,-0.000857400186962,-0.0983938047275,0
0.664713206876,-0.5948401947,0.795805834387,0.00433188769,-0.0060726465,-0.66328904,0.748326137,-0.0922006925624,0.0494859829563,0.338982216269,0.2128154527,-0.092408116417,0.0338211172257,0.00392093318069,-0.17072019434,-0.640203756061,0.297330041273,-0.257317353905,-0.070247103557,-0.0898000002,0,0,0.626893213265,0.168338897058,-0.0140900584828,0.126659511285,0.00100771793378,-0.100532826467,3.2364699261e-21,0.532014068576,-0.254630882705,0.134946586108,0.129609031498,-0.000871590115598,-0.0984488611028,0
0.672068277919,-0.59575956479,0.795805834387,0.00173989423,-0.00430973829,-0.649960473,0.759953803,-0.0910587520323,0.0344544274045,0.308761116021,0.200847323325,-0.0875871414416,0.0365729417261,-0.0154285507765,-0.192840259596,-0.641792894633,0.353532744598,-0.25184039025,-0.0831742162962,-0.0861999989,0,0,0.62407159804,0.17079323544,-0.0189208241591,0.126589243578,0.000988756939828,-0.0995399933932,-1.46549939783e-21,0.536837793775,-0.252241573821,0.130985743415,0.129389315191,-0.000870995098487,-0.0982532838708,0
0.680342719971,-0.597598304969,0.795805834387,-0.00134967335,-0.00152962976,-0.635846071,0.771813198,-0.0911716714179,0.021346812589,0.277621181856,0.197442897099,-0.0957415831097,0.038364898408,-0.0664804320262,-0.239378992867,-0.627745026268,0.475392396655,-0.236705304955,-0.0923817326044,-0.0842000023,0,0,0.622952349305,0.176515136523,-0.0207653749509,0.126333743399,0.000951193144852,-0.0979918779834,-2.95835127009e-21,0.538321412089,-0.253395933979,0.139180259117,0.129558496707,-0.000852696710237,-0.0982295928866,0
0.689536531193,-0.598517730221,0.795805834387,-0.00226002474,0.000132001447,-0.622006794,0.783008571,-0.0943942762477,0.00213125552021,0.251851372785,0.197792511773,-0.102385846134,0.0435709191321,-0.151340757506,-0.296079328696,-0.572809826493,0.635152288191,-0.209132408299,-0.114251210602,-0.0851999968,0,0,0.622699936578,0.175788477489,-0.0194527753939,0.126098697102,0.000936085522212,-0.0964906989512,-4.85862090318e-21,0.535608945999,-0.262414720324,0.154089221904,0.129809178695,-0.000801654993919,-0.0978142148122,0
0.695972232146,-0.598517730221,0.795805834387,-0.00175030897,0.00172030356,-0.605106815,0.796140515,-0.10068249241,-0.0154617988759,0.223005153782,0.196174057493,-0.0990112314689,0.0451834808938,-0.244067437692,-0.317664831055,-0.485881824159,0.764365440356,-0.176596540538,-0.151581830624,-0.0878999978,0,0,0.621097762997,0.174633420175,-0.0147664847594,0.125638853605,0.000912062065775,-0.0944556400295,-7.6774052636e-21,0.531427115829,-0.270830701219,0.166435464326,0.130072467981,-0.000763080555391,-0.0976907896903,0
0.695052806894,-0.600356470401,0.796725204477,-0.00293003308,0.00478005411,-0.585006592,0.811009158,-0.109219470147,-0.0189004487199,0.184540726218,0.190567273335,-0.086067776881,0.0360021045754,-0.321776010639,-0.279719545051,-0.379466477316,0.830841857588,-0.155822205001,-0.157237987052,-0.0903000012,0,0,0.616510919176,0.175982440841,-0.00322253395121,0.124897117501,0.000878312866024,-0.0928420650211,1.38393674783e-22,0.530364381087,-0.262599986893,0.168129221361,0.130384379485,-0.000802997371573,-0.0978989978917,0
0.691375271372,-0.603114635832,0.798563944656,-0.00451151838,0.00785264277,-0.563189583,0.826278086,-0.115461234084,-0.0178714017372,0.141350937992,0.182350139996,-0.0704434675389,0.0232561771898,-0.375355241558,-0.216235733735,-0.283082951493,0.848547030071,-0.161213426272,-0.144676687787,-0.0914999992,0,0,0.608598567539,0.176738791993,0.00973444713056,0.124179965483,0.000853742712601,-0.0921649199724,-7.22651738916e-21,0.534086427906,-0.245163048332,0.16536978196,0.130701213729,-0.000878750965991,-0.0981489549257,0
0.689536531193,-0.607711541444,0.799483314746,-0.00590795349,0.00968664458,-0.539813046,0.841708465,-0.116165203484,-0.0219381540477,0.0958206180102,0.172654659468,-0.0594596084589,0.0151190733065,-0.398646384238,-0.167455966147,-0.217856500895,0.824635373742,-0.170499095908,-0.13123168425,-0.0949999988,0,0,0.609604626911,0.168682737305,0.0261071172444,0.123641357191,0.000866353000763,-0.0911611529816,-1.82216478337e-22,0.538034688952,-0.233143845572,0.168482627033,0.131060306571,-0.000925694261753,-0.0980449814941,0
0.688617161104,-0.611389076965,0.801322110088,-0.00803406497,0.0167084532,-0.514260188,0.857433811,-0.113790635537,-0.0220314107442,0.0441032733886,0.138944206569,-0.0353408091613,0.0107131230743,-0.396714351102,-0.119796893203,-0.173202619808,0.740115340771,-0.148371154489,-0.120865008383,-0.0987000018,0,0,0.599145972165,0.17326457822,0.0355897283894,0.122903289152,0.000819718849221,-0.0908243371839,-3.91114980886e-22,0.527143477854,-0.208830607086,0.176847035046,0.132370490461,-0.00105066155418,-0.0983274114749,0
0.687697791014,-0.617824723675,0.802241480178,-0.00915219869,0.0183043974,-0.485116541,0.874210002,-0.117376591859,-0.0290665110361,-0.015245513276,0.137646855031,-0.0332274189354,0.00422272722748,-0.384335424241,-0.0754831962949,-0.106080016521,0.660445820612,-0.14872435758,-0.108989427147,-0.103,0,0,0.594620503591,0.184686761438,0.0262485764024,0.122789454205,0.000757575871391,-0.0905597516324,-4.83912958335e-22,0.530583183412,-0.201214720693,0.179314022883,0.132667303528,-0.00108293810101,-0.0982335783281,0
0.688617161104,-0.626099164807,0.802241480178,-0.00917222985,0.0191046428,-0.451109652,0.892216882,-0.12255793969,-0.0420070230082,-0.0859339901815,0.141416767327,-0.0374961176928,-0.00270041842688,-0.362275446206,-0.0273317357292,-0.0129972687134,0.57953219155,-0.15431730279,-0.0885091100087,-0.112000003,0,0,0.593107639373,0.197547935573,0.0153513685682,0.122838410816,0.000689771228826,-0.0909365348035,8.20193588299e-22,0.531775175463,-0.199846107479,0.18585273124,0.133004609753,-0.00109274635029,-0.0980555643251,0
0.689536531193,-0.634373606859,0.801322110088,-0.00715382983,0.0193103387,-0.415222285,0.909486882,-0.129791735184,-0.0607097259595,-0.15679461775,0.148380333469,-0.0373742481005,-0.00993985256337,-0.334661769104,0.0152648565644,0.0959634805628,0.506074730351,-0.172494387563,-0.0463044753525,-0.123999998,0,0,0.594729940646,0.199651330959,0.0103293093664,0.122911227821,0.000660514744317,-0.0913598483398,-5.7501329159e-22,0.530678834651,-0.198906140687,0.183046102843,0.133137234705,-0.00111718135067,-0.0978928445199,0
0.694133436804,-0.644486788171,0.799483314746,-0.00423789932,0.0136932119,-0.380811234,0.924541692,-0.136306869297,-0.0834473834597,-0.205739140352,0.185403707895,-0.0602537608692,-0.0154663351139,-0.309297746065,0.049967504625,0.193595735832,0.477172116382,-0.217769502306,-0.0101706557401,-0.128000006,0,0,0.606347550986,0.192307687335,0.00221251455607,0.123602711126,0.000706211370636,-0.0914751794908,2.12399309801e-21,0.541336575887,-0.21458059527,0.176496477054,0.132165787375,-0.00104145096689,-0.0983858409845,0
0.695972232146,-0.650922489124,0.798563944656,-0.000294009717,0.0128004228,-0.349011544,0.937030952,-0.136458682444,-0.0993776438772,-0.248490132848,0.187015826315,-0.060857702433,-0.0183512177243,-0.284235745734,0.068841287549,0.2466819874,0.436601274828,-0.229949714463,0.0164943578835,-0.123999998,0,0,0.606198736884,0.182343362479,0.0013415249609,0.123843176693,0.00075549391616,-0.0916639358552,3.95471161994e-21,0.538842403526,-0.223506091863,0.176711200583,0.131953295304,-0.0010047678469,-0.098762891724,0
0.696891602236,-0.657358135834,0.797644574566,0.00307095649,0.0126039253,-0.320099682,0.947295046,-0.136998268582,-0.106363021019,-0.278983499691,0.186105859863,-0.0649849208058,-0.0237737783093,-0.269654392703,0.074442535366,0.236630505171,0.414482562882,-0.189107593209,0.00185346996593,-0.112000003,0,0,0.604508288186,0.176529195417,0.00246400684059,0.124013685387,0.000802033328355,-0.0917953827748,-1.84796598909e-21,0.538733991043,-0.237670996128,0.183930747076,0.131643732654,-0.000920757546264,-0.0989419210642,0
0.695972232146,-0.663793836787,0.797644574566,0.00724202806,0.0137038373,-0.292081783,0.95626774,-0.141157889675,-0.110776392768,-0.300710845998,0.186035342895,-0.0720438055013,-0.0295796476658,-0.252113106607,0.0597782301283,0.19866947844,0.393657816593,-0.177895234261,-0.0125410156679,-0.0939000025,0,0,0.603332041248,0.168716175896,0.00760832040834,0.124075086449,0.000862889772573,-0.0912762244617,5.19570398575e-21,0.536987516483,-0.250350821975,0.189363118885,0.131334944107,-0.00084246796618,-0.0992016567496,0
0.694133436804,-0.669310112487,0.797644574566,0.0123950203,0.0159935749,-0.262894387,0.964612415,-0.15239386948,-0.118324426126,-0.324953152422,0.189703794771,-0.0792808698552,-0.0347447921474,-0.235499132694,0.0444292733972,0.168974102093,0.365022008798,-0.159482778239,-0.0213448897106,-0.0768999979,0,0,0.597964246972,0.160325961528,0.0169134221802,0.12397725121,0.000921761413437,-0.0911534595165,5.968385619e-21,0.534712076003,-0.263973398784,0.191821018273,0.130892271773,-0.000759631792007,-0.0988691468901,0
0.692294696625,-0.675745813441,0.798563944656,0.0172972304,0.0197968296,-0.229963177,0.972844195,-0.169518341885,-0.125807388599,-0.34772752263,0.198584922119,-0.0927357440932,-0.0413348376074,-0.225977002615,0.0302474134074,0.12971834763,0.342681827749,-0.141971581404,-0.0280583943086,-0.0615000017,0,0,0.593409503585,0.154049928744,0.0269268816632,0.123791732505,0.000969085665147,-0.0907613584106,-5.5076869846e-22,0.533220194035,-0.276790577311,0.190623506568,0.130390107655,-0.000685243456642,-0.0985512533913,0
0.689536531193,-0.681262090061,0.799483314746,0.0213094336,0.0250110736,-0.194085934,0.98043409,-0.195981058673,-0.127040234498,-0.346993670588,0.214783987555,-0.101820768444,-0.0411878864443,-0.213727644299,0.0164606857857,0.0875601987026,0.318528251041,-0.133459098613,-0.0342107083812,-0.0511000007,0,0,0.588962065205,0.151170662913,0.0343096212711,0.123643640513,0.000997792242003,-0.090716074111,-4.33430707894e-21,0.531575462104,-0.295343451359,0.196442078917,0.129977909639,-0.000584359648029,-0.0975324356856,0
0.685858995672,-0.685858995672,0.801322110088,0.0239943671,0.0307927707,-0.150964552,0.98776808,-0.228820451907,-0.0992252804313,-0.253250760156,0.232090276018,-0.104906547638,-0.028369693134,-0.196255939993,-0.00392165901297,0.0217789749582,0.28640658046,-0.13009847111,-0.0368932636999,-0.0526000001,0,0,0.587007668159,0.152573669143,0.0366922293551,0.123503510045,0.00098846568368,-0.0907782452034,4.02319639272e-21,0.52696843822,-0.315208459171,0.199041089121,0.129614554126,-0.000499508239382,-0.0960524366079,0
0.681262090061,-0.691375271372,0.802241480178,0.0255923689,0.0359892681,-0.1029693,0.993703742,-0.261743729082,-0.0636110187794,-0.126190436587,0.263279302295,-0.110958541103,-0.00482442067699,-0.176189907477,-0.024920377099,-0.0588276509238,0.25699812829,-0.130969908723,-0.0398151388302,-0.0610000007,0,0,0.582725468413,0.164141086362,0.0299639171275,0.123449343993,0.00092953194508,-0.0914798762351,1.6440626839e-21,0.526206271042,-0.323900223158,0.187427487666,0.129130371313,-0.000478716663678,-0.0948336628632,0
0.675745813441,-0.695972232146,0.80408027552,0.0278977221,0.0437964254,-0.0587952018,0.99691861,-0.275071774794,-0.0275655215726,0.00761953436955,0.265961206221,-0.0959432463588,0.0187896540154,-0.161539886201,-0.0438777129228,-0.136116889926,0.221341074357,-0.121755394333,-0.0397392255319,-0.067900002,0,0,0.568213152451,0.171483752089,0.0207728954084,0.123367875309,0.000877254869254,-0.092181578288,-2.97749846545e-21,0.506745350622,-0.329793891327,0.17815960527,0.129226352139,-0.000496823323173,-0.0953228458447,0
0.672068277919,-0.701488507847,0.804999645609,0.0285113842,0.0452180563,-0.0185073899,0.99839867,-0.281112967447,0.00675569705845,0.131539640158,0.303992363101,-0.104449345478,0.0391665216807,-0.144792758608,-0.0557908345173,-0.206620393644,0.207570934068,-0.123756460957,-0.0418233015587,-0.0725999996,0,0,0.567209106464,0.182244095186,0.014415393661,0.123388337021,0.000829248947222,-0.0928335077746,2.32089336479e-22,0.501834039307,-0.338456177132,0.176389087964,0.129292564007,-0.000484074530716,-0.0961806494123,0
0.670229482577,-0.707924154557,0.80408027552,0.025989022,0.0419822649,0.0200915122,0.998578185,-0.291385196784,0.0512305524867,0.225715315289,0.379389536701,-0.129811569172,0.045267569373,-0.126971494612,-0.0570977105175,-0.268650296133,0.209692244473,-0.136802854934,-0.0483547230421,-0.076700002,0,0,0.583054298129,0.19337025733,0.013532067853,0.123495390124,0.000794853860285,-0.0928376463455,2.10107581814e-21,0.513746180485,-0.334730735892,0.17195991092,0.129179166435,-0.000501528580909,-0.0971075135148,0
0.668390742398,-0.712521060168,0.80408027552,0.0261036934,0.0423059861,0.0569080495,0.997141051,-0.283929735327,0.0796582745589,0.303011500131,0.409955215669,-0.132556703472,0.0422692099033,-0.113293524546,-0.0659630730909,-0.330532047763,0.205127399857,-0.150441266196,-0.0526983341534,-0.0788000003,0,0,0.585922873022,0.191328634135,0.0173145878639,0.123500788378,0.000804959707146,-0.0931889909142,-6.03219198609e-21,0.514565406596,-0.327784716319,0.164665999012,0.129196702095,-0.000544831897587,-0.0980087465678,0
0.668390742398,-0.7152792256,0.803160850267,0.0263094819,0.0405146015,0.0944340373,0.994358381,-0.262490465563,0.0972235840632,0.360251159113,0.419199833862,-0.131722701624,0.0438455227461,-0.0946631582926,-0.0753870389775,-0.390860592707,0.203720953582,-0.16808893952,-0.0559611820215,-0.0812999979,0,0,0.591447006567,0.195342536434,0.0123155987134,0.123674511451,0.000789671423712,-0.0931500527801,-4.94122164194e-20,0.522897381412,-0.319218467171,0.15530658979,0.128987209667,-0.000583907011593,-0.0983541466501,0
0.667471372308,-0.717117965779,0.802241480178,0.0269997886,0.0386996955,0.132998957,0.989992234,-0.238968887687,0.107145030191,0.400685662151,0.416317111186,-0.137097327456,0.0469775359675,-0.0755076796591,-0.0872100967331,-0.451660314429,0.204153522609,-0.186144837737,-0.0576928980666,-0.0846000016,0,0,0.586869990418,0.198775412977,0.00583077757359,0.123823407354,0.000771454978997,-0.0940760537086,-6.87999633239e-21,0.533102947441,-0.310333063009,0.144938846371,0.128650656156,-0.00061906597272,-0.0981030844885,0
0.667471372308,-0.718037391031,0.801322110088,0.0274053525,0.036907207,0.171033408,0.984192247,-0.210511023881,0.116360108098,0.446218430052,0.404744347078,-0.145737183699,0.0595184287183,-0.0571748237597,-0.099585579109,-0.513411132362,0.207470204237,-0.203076298166,-0.0578497389545,-0.0878999978,0,0,0.583130298355,0.198238871271,0.00179866990076,0.12391696136,0.000766759472985,-0.0947110121646,1.6496559792e-20,0.543440892871,-0.300538679306,0.132791207405,0.12826156261,-0.000659148816221,-0.0978712883098,0
0.666552002219,-0.718037391031,0.800402739998,0.0272032944,0.0350042388,0.208025194,0.977118316,-0.179766613774,0.125247589191,0.496602127573,0.388119173531,-0.155528984572,0.0724039249559,-0.0393443526929,-0.110693743339,-0.572742768173,0.211890003052,-0.221678207806,-0.0602395163871,-0.0914999992,0,0,0.579854382265,0.198530474912,-0.00365484894248,0.124034930314,0.000757942020791,-0.095338141858,-4.00931217872e-20,0.550934992537,-0.28482887921,0.119495081981,0.128060491326,-0.000733977137118,-0.0982156300024,0
0.665632576966,-0.718037391031,0.799483314746,0.0263029265,0.0328036498,0.24302704,0.969107803,-0.151308514935,0.130467722642,0.534497183909,0.369190756738,-0.163026469283,0.084094088065,-0.0225997689789,-0.11871999296,-0.623269449196,0.21732041604,-0.236745138477,-0.0624024785517,-0.0939999968,0,0,0.578847764003,0.199744616321,-0.00929562539612,0.124117011586,0.000745650816618,-0.0953273415486,1.1315271429e-22,0.55448506699,-0.272785940403,0.113288388789,0.12807972136,-0.000790617352923,-0.0985118890998,0
0.664713206876,-0.716198595689,0.798563944656,0.0242917537,0.0306895822,0.274906687,0.960673917,-0.127899610766,0.128147716362,0.548559052363,0.341524725338,-0.15529651641,0.0785283544293,-0.00856669967457,-0.126574814555,-0.671417615118,0.226663194541,-0.252595183507,-0.0648596674209,-0.0942000002,0,0,0.57864007741,0.204800980831,-0.0159570743701,0.124181689645,0.00072215253304,-0.0949745345835,2.36088417248e-21,0.558635355122,-0.264531350499,0.113426863624,0.128202166012,-0.000821445871682,-0.0988082123872,0
0.663793836787,-0.71344048542,0.796725204477,0.0208881116,0.0275843003,0.305825936,0.951458507,-0.112550734402,0.116120241715,0.517582468571,0.299085155888,-0.139679238752,0.0503826507506,0.00565587653613,-0.131135013243,-0.716655112994,0.237700081119,-0.266879602483,-0.0691402304394,-0.0910999998,0,0,0.574135017154,0.214064330369,-0.0258616943167,0.124274711568,0.00068617413641,-0.0948856612803,5.38739373101e-21,0.562572037999,-0.25417872173,0.113492828964,0.12834816775,-0.000855483154708,-0.0988310808198,0
0.661955096608,-0.708843579809,0.794886409135,0.0182954725,0.0238940867,0.334917118,0.941766889,-0.102809606638,0.100237737591,0.478684859958,0.26467914687,-0.126147851582,0.0391943600617,0.0191574548517,-0.138942096843,-0.756806838349,0.252946293202,-0.279879243301,-0.0749915205799,-0.0886999965,0,0,0.570840945241,0.217389377318,-0.0318901852256,0.124359284127,0.000674213972887,-0.094816674596,9.69683668535e-24,0.565299797487,-0.249681346862,0.113429999987,0.128422990465,-0.000871013820057,-0.0991662810878,0
0.661035671355,-0.703327248946,0.794886409135,0.016102925,0.0208037782,0.361065574,0.932169271,-0.100455067188,0.084334734161,0.439320281397,0.246514030838,-0.122832248915,0.0372378690319,0.0248316666807,-0.152119027453,-0.783228827881,0.279810196709,-0.287091967529,-0.0859153873519,-0.0869999975,0,0,0.571591217484,0.21687630361,-0.0337908484187,0.124414117401,0.000678835232975,-0.0944561919284,-8.18011193739e-21,0.563215915531,-0.245087873154,0.109614284865,0.128517924642,-0.000901826613666,-0.0997961862724,0
0.659196931176,-0.697810972326,0.795805834387,0.0133026168,0.0187036796,0.386075962,0.922181416,-0.100859987085,0.0696706577328,0.398524974534,0.23334096776,-0.117711233893,0.0353355372008,0.00979646287596,-0.167893816006,-0.76438479012,0.329942285817,-0.294462007281,-0.107188677515,-0.0846000016,0,0,0.57401446946,0.213510516795,-0.0311114114501,0.124424074965,0.000698511692096,-0.0941115107104,1.01552944568e-22,0.562190916334,-0.242737028123,0.109468602694,0.128584938305,-0.000910356976142,-0.0998111515361,0
0.658277561086,-0.691375271372,0.796725204477,0.00965804357,0.0166966174,0.407917361,0.912815081,-0.101535054054,0.0600185581026,0.364318317084,0.225685647471,-0.11303064634,0.0309393660313,-0.0318902199106,-0.198024719116,-0.711043653639,0.428824697893,-0.291853325462,-0.134446445539,-0.0838999972,0,0,0.581054687831,0.211231475888,-0.0240218458622,0.124324457048,0.000713638036014,-0.0935162727978,-1.98856824363e-20,0.555385811261,-0.243441511814,0.120796325462,0.129041587626,-0.000902972323706,-0.0996793290806,0
0.657358135834,-0.684939625582,0.797644574566,0.00685405663,0.0163096532,0.430254656,0.902534181,-0.109049815149,0.0489039510573,0.331538502779,0.225286138974,-0.109011089013,0.0315100773481,-0.104576002079,-0.226964177367,-0.62170021062,0.556840236629,-0.292809115088,-0.175874479428,-0.0851999968,0,0,0.585487418904,0.207759206631,-0.0139457531481,0.124123854731,0.000727542868369,-0.0933021086614,-1.42941691328e-20,0.543618564861,-0.249045247625,0.137842503509,0.12965191224,-0.00087893144339,-0.0994629395379,0
0.658277561086,-0.68218146015,0.798563944656,0.00512914206,0.0164972406,0.455923744,0.889851152,-0.122044289586,0.0367951472953,0.288048220922,0.227201082321,-0.0972867512796,0.0320166025703,-0.176403341263,-0.226217407976,-0.51794001933,0.654012092269,-0.299923546796,-0.185992741421,-0.0873000026,0,0,0.584369457074,0.211206305945,-0.00840280625952,0.123879452116,0.000708379234176,-0.0934199919044,-5.40994778718e-22,0.534682053381,-0.250042025187,0.145972611525,0.129997360981,-0.000874806672569,-0.0986979798864,0
0.661035671355,-0.681262090061,0.799483314746,0.00237074401,0.0163051181,0.485152293,0.874274428,-0.137916894463,0.0291843852268,0.236130778849,0.229365981727,-0.0825310723472,0.028155548014,-0.230022126127,-0.201502465748,-0.428893282028,0.702182119925,-0.295994286703,-0.176114055393,-0.0888999999,0,0,0.577680416023,0.218747810155,-0.00271295203079,0.12351355173,0.000669163473282,-0.0938921190226,1.55841307142e-23,0.534016681583,-0.245025845568,0.146021065227,0.130052546711,-0.000889638928688,-0.0977316367072,0
0.664713206876,-0.680342719971,0.800402739998,-0.000837174464,0.015803292,0.513106924,0.858178793,-0.153185956887,0.0225277306452,0.182543074609,0.232234208848,-0.0676583024049,0.0229977889902,-0.260196324366,-0.175676939182,-0.367783479116,0.708627985,-0.28805139392,-0.155912402311,-0.0930999964,0,0,0.579447226662,0.219609834562,0.00968450744092,0.123154428795,0.000658160166087,-0.094093267899,1.06074596583e-21,0.532877626149,-0.235091803317,0.14237766052,0.13016086788,-0.000932842990522,-0.0967334640068,0
0.669310112487,-0.678503924629,0.801322110088,-0.00370051684,0.0149020812,0.539075266,0.842117624,-0.163680756794,0.0169474189629,0.133119474291,0.230716734968,-0.0527490388255,0.0187461013773,-0.27271916087,-0.144060199968,-0.312264116254,0.678153964785,-0.283345968939,-0.147043604407,-0.0970000029,0,0,0.585851831251,0.218585037503,0.0200778562922,0.122944260259,0.000659651378087,-0.0939208559637,2.7863261199e-21,0.529755938468,-0.228187419094,0.146951147101,0.130524409415,-0.000960189047883,-0.095975305948,0
0.673907018098,-0.675745813441,0.802241480178,-0.00554973922,0.0145993146,0.564973461,0.82496124,-0.171147873649,0.00977023394895,0.0866763338843,0.228039658515,-0.0412956988221,0.0136846445083,-0.275022865356,-0.113126891707,-0.254713576362,0.628235175742,-0.271184981133,-0.133788338427,-0.0992000028,0,0,0.591164727254,0.223598089029,0.0217500109591,0.122910031878,0.000639079823899,-0.0936526869181,3.959356997e-23,0.527461265264,-0.226960852113,0.152263720902,0.130724890161,-0.000959753650578,-0.0952688009073,0
0.679423348962,-0.672987648009,0.802241480178,-0.00622124179,0.0146029155,0.590117777,0.807161112,-0.175315355839,-7.10276629237e-05,0.0400282568545,0.222448255038,-0.0304852032842,0.0104468393513,-0.268902597263,-0.0819632747352,-0.191391773903,0.566220341838,-0.252101787659,-0.117211340753,-0.100000001,0,0,0.595615125243,0.231162257399,0.0187173110311,0.122927895058,0.000609609884898,-0.0930229254742,-8.54745611076e-22,0.525021551202,-0.22758686113,0.156195671753,0.130855318956,-0.000954480995463,-0.0949055282915,0
0.684939625582,-0.670229482577,0.802241480178,-0.00572964507,0.0148990773,0.61296202,0.789951106,-0.176825965052,-0.0089798877923,-0.000604086453539,0.216767916538,-0.0242904394024,0.00674477473155,-0.255156303436,-0.0555661907218,-0.133873770844,0.504502060941,-0.24169587855,-0.0969438648851,-0.0991000012,0,0,0.600953707959,0.232066206852,0.018093592553,0.12302710572,0.000613996303961,-0.0926614612915,2.92808806176e-22,0.52303697278,-0.229008624665,0.158879642964,0.130930287526,-0.000947411207425,-0.0948880714348,0
0.689536531193,-0.667471372308,0.801322110088,-0.00424929331,0.016297289,0.631894906,0.774871067,-0.175505918671,-0.0175030357194,-0.0297958257808,0.20927788874,-0.0231312792098,0.00449000873793,-0.24305248602,-0.0420234998815,-0.0935868431662,0.457130351979,-0.225050280137,-0.0796012858746,-0.0948000029,0,0,0.609400386389,0.219197850805,0.0292511050246,0.123028959214,0.000682571878872,-0.0923061694573,6.08117957882e-21,0.517985070815,-0.24269378674,0.16979652581,0.130898546963,-0.000877060292287,-0.0945921546683,0
0.693214066715,-0.664713206876,0.799483314746,-0.000841729406,0.0178942467,0.648791413,0.760755407,-0.174355857201,-0.025018805997,-0.046803001049,0.209014798517,-0.0256629024776,0.00109443348473,-0.223932157661,-0.0433143630508,-0.0869178183926,0.412456071774,-0.205365511857,-0.0619117553534,-0.0843999982,0,0,0.617111777248,0.200153919451,0.0372257997261,0.123184632281,0.00078481013132,-0.0918251479304,-5.31704571923e-21,0.513635492316,-0.260544198008,0.177571391073,0.130655667565,-0.000789102188813,-0.0950554322766,0
0.696891602236,-0.662874466697,0.798563944656,0.00322025863,0.0202016212,0.661053089,0.750060222,-0.173495636895,-0.0293456500991,-0.0528002683588,0.211271766321,-0.0321654685658,-0.00212433853858,-0.205630874108,-0.0517781310243,-0.102640793748,0.379807341281,-0.200342837163,-0.0512078080125,-0.069600001,0,0,0.620621508957,0.17780294282,0.0492157482778,0.12334318249,0.000907567604776,-0.092276432624,-4.5825146132e-21,0.506199142523,-0.281140756939,0.191484701687,0.13052750104,-0.000681915419878,-0.0955544475272,0
0.701488507847,-0.661955096608,0.797644574566,0.00749995075,0.0221998543,0.669995632,0.741995128,-0.172178480315,-0.0300096730628,-0.0533596696505,0.21705483384,-0.0413201264079,-0.00548273872556,-0.187593157677,-0.0556613443456,-0.116995319004,0.359998563174,-0.195409163273,-0.0521465534321,-0.0533999987,0,0,0.63227688792,0.156178123811,0.0615213411968,0.123549510579,0.00103187387717,-0.0924084652056,4.28018992446e-21,0.498500171812,-0.298797995991,0.203901010298,0.130424459597,-0.000587240355433,-0.0964042298628,0
0.707924154557,-0.661035671355,0.796725204477,0.0114034648,0.0243073848,0.676205444,0.736223681,-0.171467764764,-0.0298238419474,-0.055594026698,0.223665048324,-0.0479927653236,-0.00630386037177,-0.173188036423,-0.055839811013,-0.121251449038,0.34267238752,-0.197777814646,-0.0511419772532,-0.0377000012,0,0,0.646744707226,0.135413123433,0.0752094668947,0.123607007625,0.00114342518207,-0.0923041652499,1.23803180485e-20,0.489057086167,-0.314389144895,0.216728656762,0.130328817534,-0.00049848989214,-0.0969517503101,0
0.712521060168,-0.660116301265,0.796725204477,0.0148071239,0.0264127074,0.681327791,0.731351871,-0.169643462518,-0.0297330680851,-0.0582145006772,0.227351136627,-0.0548032050754,-0.00495621369151,-0.162683919345,-0.0529685269146,-0.119088013327,0.329670066034,-0.195866703634,-0.0502271096967,-0.0211999994,0,0,0.661197613286,0.110350667266,0.0955255216723,0.123485893308,0.00126871601289,-0.0926208014366,-7.57253251907e-21,0.485436924536,-0.328218467444,0.224737944117,0.129988183178,-0.000410552024163,-0.0969714334032,0
0.718037391031,-0.659196931176,0.796725204477,0.0168991417,0.0290985243,0.687965115,0.724963238,-0.176019742735,-0.0333914887021,-0.0717808104593,0.238523397594,-0.0645087741714,-0.00334647923866,-0.154091011908,-0.0520296402399,-0.120306767387,0.317035548178,-0.193017397727,-0.0464707254979,-0.0141000003,0,0,0.676505651432,0.0872638924441,0.114135680456,0.123494103137,0.00137365473398,-0.0933344471834,2.42440590532e-21,0.480537450312,-0.336136989094,0.231606388228,0.1298187172,-0.000360225106413,-0.0961840741401,0
0.723553666732,-0.659196931176,0.797644574566,0.0181012409,0.0321021985,0.69604766,0.717049126,-0.190781440867,-0.0366749875846,-0.0805337735835,0.259688351574,-0.0830002507237,-0.00265406561624,-0.143645231821,-0.0546645980969,-0.136534474326,0.301321965752,-0.189370264239,-0.0444215447797,-0.0115,0,0,0.688029500006,0.0738660908852,0.122762509001,0.123643158151,0.00143531779962,-0.0939920600398,5.05657479141e-21,0.472499461683,-0.344249692646,0.240836533539,0.129833912381,-0.000319070242018,-0.0955999374169,0
0.727231203173,-0.660116301265,0.798563944656,0.0189011413,0.0350021145,0.704042524,0.709042822,-0.210784379772,-0.0298152967149,-0.0561956424578,0.291359789696,-0.103015434461,-0.00149328713113,-0.134206649013,-0.0587359121081,-0.159259425841,0.286343518964,-0.188014687315,-0.0443675717806,-0.0136000002,0,0,0.697810463582,0.0716905634378,0.122449069235,0.123896754093,0.00145158659818,-0.0945852340913,5.88829560912e-22,0.465625553712,-0.346731389843,0.241685485718,0.129860198914,-0.000314326068318,-0.0952532171493,0
0.730908738694,-0.661035671355,0.799483314746,0.0183973533,0.0404941736,0.709897834,0.702898872,-0.221855970743,-0.0255401320607,-0.0179334928419,0.303782325293,-0.121591412655,0.00645917374712,-0.121345351939,-0.0640313733544,-0.181581892275,0.250667810321,-0.171175841532,-0.0428511267521,-0.0175000001,0,0,0.702882387346,0.0647548589518,0.119443593304,0.124371193482,0.00147804005445,-0.094837847898,-2.72852607427e-21,0.439514339003,-0.345329703243,0.244603852975,0.130240218019,-0.000337130535966,-0.0960206895441,0
0.732747478873,-0.661035671355,0.800402739998,0.0202944707,0.0419885576,0.712805761,0.699809291,-0.225299222169,-0.0181655737563,0.0319980817345,0.328428277635,-0.133720239547,0.0113680317924,-0.112790171209,-0.0663954656564,-0.190520188275,0.23910386724,-0.165739656472,-0.0429767975468,-0.0186999999,0,0,0.708019670237,0.0637706190657,0.117250615015,0.12467433549,0.00149612727181,-0.0957108731994,-5.53631089267e-21,0.437255969282,-0.343545915207,0.242151160382,0.130284473095,-0.000350252222702,-0.0963010382843,0
0.735505644305,-0.660116301265,0.801322110088,0.0226089181,0.0416164144,0.71328133,0.699275808,-0.214083955441,-0.011426684103,0.076795065773,0.328983585888,-0.13198907173,0.0112156485667,-0.102511010439,-0.0656284496213,-0.193631020054,0.229357171104,-0.161927174245,-0.0438857459687,-0.0196000002,0,0,0.712939238817,0.0606388600188,0.116703725615,0.124971501496,0.00152253600872,-0.0966012128076,4.49357183737e-21,0.438139376358,-0.336678051274,0.241400752748,0.13040451625,-0.00037897228184,-0.0965533196899,0
0.736425014395,-0.659196931176,0.801322110088,0.0241939629,0.0392901945,0.712822132,0.699825364,-0.191587079091,-0.00962385154988,0.101664121587,0.307642673991,-0.132613905876,0.00931351969016,-0.0917567752741,-0.062755255073,-0.197636281457,0.223847220088,-0.162286110721,-0.0446403314193,-0.0219999999,0,0,0.718106512565,0.0582018910609,0.11929596537,0.125179794331,0.00154689899759,-0.0975397307301,-2.79073602959e-21,0.441689007911,-0.322720982975,0.24196214928,0.130720461812,-0.000438099564385,-0.0970328177264,0
0.737344384485,-0.656438765744,0.799483314746,0.0249150142,0.0354213442,0.711428729,0.70142265,-0.162868747973,-0.00890945733532,0.108490682068,0.27118323207,-0.124638862316,0.00854686179403,-0.0820432566917,-0.0563217592815,-0.199052707391,0.223171075663,-0.166625402626,-0.0460234240687,-0.0252,0,0,0.723447799052,0.0577588324316,0.122214228591,0.125261325594,0.00155447482997,-0.0978796868008,8.7384859794e-21,0.446472838998,-0.306908819419,0.24389403127,0.13113647065,-0.00050594148572,-0.0974792834594,0
0.737344384485,-0.654600024645,0.797644574566,0.0245019659,0.0305024485,0.710056969,0.703056438,-0.134158848479,-0.00786407948879,0.103484658652,0.226260301034,-0.0805221519815,0.0128480719724,-0.0771332953114,-0.0495734966167,-0.20102701819,0.231155848136,-0.174279067002,-0.0463270803289,-0.0278999992,0,0,0.729615915364,0.0609714317402,0.124666123013,0.125166885177,0.00154004806841,-0.0976076344149,-4.86038090954e-21,0.455628680426,-0.290626876758,0.241895948668,0.131420491927,-0.000574476022407,-0.0976686709483,0
0.736425014395,-0.652761230222,0.795805834387,0.0242053128,0.0262057522,0.708155439,0.70515476,-0.112549089695,-0.00462200084064,0.10264739642,0.200266506335,-0.0741341808692,0.0179003549299,-0.0727207190065,-0.0459116275016,-0.206076677565,0.239630393627,-0.182132350449,-0.0464983822295,-0.0331999995,0,0,0.734674498564,0.0618217931495,0.126781877375,0.125239105081,0.00153341399908,-0.0973292981952,-6.41312080005e-21,0.461163090419,-0.276552036226,0.240889923141,0.131840973204,-0.000644700492026,-0.0981105692346,0
0.734586274216,-0.650922489124,0.795805834387,0.0241900045,0.0232903759,0.706708003,0.706708003,-0.101934612446,-0.00443251943098,0.0990791004025,0.188918209141,-0.0603512001877,0.0199769055216,-0.0678682321461,-0.0457440945847,-0.211692455801,0.24173087412,-0.181654098475,-0.0453271973472,-0.0366999991,0,0,0.736695696731,0.0597550432089,0.127486466042,0.125320653699,0.00153075825273,-0.0967238675373,-3.59505650623e-20,0.469820395872,-0.266857555942,0.233046079249,0.131906707831,-0.00069526966725,-0.0983718123163,0
0.732747478873,-0.649083693782,0.796725204477,0.0255902087,0.0200923122,0.704730358,0.708728836,-0.0900405948962,-0.0035595378986,0.0966042947023,0.181418531041,-0.046095242719,0.0150562378175,-0.055465796194,-0.0442640409743,-0.21331536109,0.232314483667,-0.173122471254,-0.0455949764063,-0.0399999991,0,0,0.739254100722,0.0574534314439,0.126119525122,0.125434685352,0.00152424544475,-0.0957843685645,1.04262358974e-20,0.485427627459,-0.25644243836,0.223173682791,0.131862631888,-0.000745858332415,-0.0986776664441,0
0.731828108784,-0.649083693782,0.797644574566,0.0257902451,0.0189928149,0.702734184,0.710731175,-0.0801491277391,-0.0038018561748,0.10275321385,0.168876638473,-0.0345500647528,0.013273604483,-0.0486482004122,-0.0438502653069,-0.211370500572,0.222978791088,-0.164990355542,-0.044764546628,-0.0419999994,0,0,0.736592690545,0.0568759465652,0.122123920921,0.125484567263,0.00150898715347,-0.0948308461264,-5.63671044312e-21,0.498621278784,-0.244270074747,0.2164267524,0.131917625719,-0.000799685571342,-0.0989763151712,0
0.729989368605,-0.648164323692,0.797644574566,0.0262080862,0.0181055871,0.700216027,0.71322005,-0.0706014749803,-0.0054340824545,0.108904738047,0.159418217892,-0.0327434824756,0.0153753992236,-0.0429090397503,-0.0454622809261,-0.209353117653,0.217564777418,-0.16200638988,-0.0425556910704,-0.0452999994,0,0,0.735141220691,0.0547025124406,0.120867195004,0.125534190889,0.0015000653308,-0.0939095313647,2.67727675433e-21,0.507090678233,-0.234143889647,0.214403615548,0.132153918225,-0.000849605986671,-0.0995229879906,0
0.728150573262,-0.647244953602,0.797644574566,0.0263072914,0.017004714,0.697193261,0.716198522,-0.0633742732371,-0.00613592123081,0.113178062505,0.155190698014,-0.0389092042625,0.017663833254,-0.0383365677802,-0.0464027311435,-0.208193231456,0.214414167529,-0.165699060906,-0.0410396434896,-0.0483000018,0,0,0.73373060757,0.0569846038955,0.118306363673,0.125482355509,0.00147585122851,-0.0929853142594,-8.92464437761e-22,0.51173827018,-0.22739823935,0.21670319052,0.132483216133,-0.000886998555835,-0.100357700381,0
0.726311832164,-0.646325583513,0.796725204477,0.0257063756,0.0157038948,0.694172195,0.719178374,-0.0579687126868,-0.00517127340491,0.116706657179,0.152769828413,-0.0456701891797,0.019450107082,-0.0359433117355,-0.0457083157655,-0.205700056223,0.212141218108,-0.168229112445,-0.0396139394942,-0.0496999994,0,0,0.729817543861,0.0605398782498,0.116008607573,0.125295734027,0.00144631872925,-0.0920782645615,4.7274308258e-21,0.515820781748,-0.22746552275,0.219586135145,0.132595381816,-0.000889553063715,-0.100944848372,0
0.725392407831,-0.645406213423,0.797644574566,0.0248049738,0.0148029678,0.69113855,0.722144785,-0.053056830695,-0.00320673182322,0.123585860711,0.148921212723,-0.0477605971298,0.0198992073523,-0.0360481714163,-0.0442398770221,-0.199757572697,0.210268464275,-0.165037199226,-0.0379388768665,-0.0505999997,0,0,0.725128362874,0.0609348089242,0.115259530229,0.125168653931,0.00143177066527,-0.0914890665136,-1.63861949747e-20,0.520615374229,-0.227498197994,0.219496696376,0.132553946976,-0.000887530881968,-0.100951627027,0
0.723553666732,-0.645406213423,0.797644574566,0.0237021705,0.0145013271,0.687062872,0.726066477,-0.049043358444,-0.0025190555346,0.131333745338,0.143778387538,-0.0456474729897,0.0206379635726,-0.0374034898509,-0.0438638752723,-0.195020326056,0.208562658274,-0.159750667037,-0.0367396562659,-0.0529000014,0,0,0.721533624258,0.0604837176656,0.111346055353,0.125166138114,0.00141528840352,-0.0905550683169,-4.84286208064e-21,0.525662682269,-0.223517602772,0.214406221497,0.132477147738,-0.000905759872138,-0.100644871226,0
0.722634296642,-0.645406213423,0.797644574566,0.0223998659,0.0145999135,0.683995945,0.728995635,-0.0473790003806,-0.00351823380964,0.133943769218,0.139272058364,-0.0434531322833,0.0228954229718,-0.0378216604219,-0.043944293534,-0.193666034933,0.204209042454,-0.155279427434,-0.0357776888082,-0.058600001,0,0,0.719471571587,0.059524864091,0.108390373996,0.125301656675,0.00140498579738,-0.0899377050999,-1.75745847955e-20,0.526755845517,-0.218302503473,0.210888285315,0.132608382345,-0.000939112483008,-0.10055935251,0
0.7207955013,-0.644486788171,0.797644574566,0.0206975325,0.0149982114,0.680918809,0.731912728,-0.0485588232545,-0.00443717782752,0.135901461463,0.137723786709,-0.0433278734059,0.0256604415476,-0.0396454052366,-0.0439024086994,-0.1909186544,0.201678926038,-0.154085481875,-0.0347081555328,-0.0628999993,0,0,0.714495279402,0.0668822706003,0.0978286571292,0.125358717688,0.00136457619198,-0.0892608611015,1.07903097435e-22,0.524444730986,-0.214944473889,0.210944447872,0.132839137083,-0.000965508517614,-0.10076977752,0
0.719876131211,-0.644486788171,0.797644574566,0.019096248,0.015197015,0.678866664,0.733855869,-0.0512606060814,-0.00392578409955,0.139685546183,0.140878536061,-0.0468545492813,0.0268334348125,-0.0422072836539,-0.0433165512195,-0.186137728927,0.199640042305,-0.152660535932,-0.0330503056289,-0.0640999973,0,0,0.706002205518,0.0745787028723,0.0873975061248,0.125313765827,0.00132640281873,-0.0888984634552,-1.49011632786e-20,0.524114948803,-0.217874492744,0.214359451839,0.132850109214,-0.000948535676345,-0.100431266438,0
0.718037391031,-0.644486788171,0.797644574566,0.0171940927,0.0156946068,0.675767807,0.736746845,-0.0556575360482,-0.00253327008947,0.145920692028,0.146122514298,-0.0511700218252,0.0264966142725,-0.0461349063695,-0.0426372095294,-0.179736372257,0.198424213816,-0.149955485706,-0.031699323867,-0.063699998,0,0,0.697721762309,0.0796419773484,0.0815219624742,0.125161477315,0.00129828606822,-0.0885809057688,-1.75692367067e-21,0.522204353829,-0.224758996126,0.217969389472,0.132751669621,-0.000913384769172,-0.100129704556,0
0.716198595689,-0.645406213423,0.798563944656,0.0157024861,0.0159025193,0.672106427,0.740117216,-0.0576037512287,-0.0012064944183,0.154519514412,0.149126676528,-0.0539802093011,0.0275445964645,-0.04980286067,-0.0421339109745,-0.172999741225,0.196227569481,-0.146220845917,-0.0295726535234,-0.063000001,0,0,0.692917979035,0.0769508742009,0.0822337972872,0.125059748638,0.00130005038576,-0.0883032852928,4.9145209405e-21,0.519077858721,-0.23106673946,0.220739509076,0.132689578524,-0.000884962241547,-0.100137778742,0
0.71435985551,-0.644486788171,0.798563944656,0.0141985002,0.0157983304,0.667929425,0.743921433,-0.0580153969145,0.000315011816391,0.163706568673,0.151961685315,-0.0570073846483,0.0299319810245,-0.0531976652533,-0.0404797094167,-0.163826236071,0.195594224176,-0.143248605018,-0.0285021261477,-0.0627000034,0,0,0.691274183107,0.0746404200146,0.0819302374279,0.125042655273,0.00130185116971,-0.088001209488,-2.12111873969e-20,0.514438569482,-0.234502452453,0.223197253478,0.132752979285,-0.000874905007623,-0.100425585133,0
0.71344048542,-0.645406213423,0.798563944656,0.0116040129,0.0164056737,0.664229687,0.747258405,-0.0635673365799,0.00230454720917,0.168815848398,0.155704970133,-0.0598977784496,0.0312076561332,-0.0594609434992,-0.0383873194976,-0.157958173572,0.195295374381,-0.1400606786,-0.0282211772488,-0.0643000007,0,0,0.689524524296,0.0777996473429,0.0765776255419,0.125070424123,0.00128357798399,-0.0876619600934,6.89053947817e-21,0.507333414816,-0.236594382141,0.22615485809,0.132910498862,-0.000873182419684,-0.100352915993,0
