-3.99017018373e-05,-0.0215937244702,0.804388035321,-0.0115992110223,0.0128588816151,0.669700264931,0.742429554462,-0.0285920216556,0.0553561285923,0.168807920869,0.125074358591,-0.196434708013,-0.0101313093314,-0.0714819678188,-0.013882105036,-0.13609459684,0.154682120307,-0.206070465654,-0.0621249323259,0.000377226708224,0,0,0.413493616383,0.321760908909,-0.408009446912,0.132111216521,0.000192580195723,-0.0691992790521,-3.48294979905e-21,0.424858549013,-0.41183985939,0.481357062882,0.142760067204,-0.000159069991824,-0.137862313775,0
-0.0001157427722,-0.0209127866287,0.804371814686,-0.0115726226941,0.0128649491817,0.668678402901,0.74335038662,-0.0271094822773,0.055771677416,0.172055217023,0.125638293786,-0.197472190809,-0.00947880918089,-0.0707855238405,-0.0133863384194,-0.132883023817,0.155122899333,-0.207014832976,-0.0615912491482,0.000706543098204,0,0,0.407611149477,0.332979500257,-0.429371629543,0.133041575059,0.000153179646438,-0.0691708064784,2.01713485343e-21,0.427630073105,-0.412926844034,0.47922557958,0.142891207701,-0.00015538352355,-0.136656776126,0
-0.000350675182644,-0.0202244286006,0.804441409975,-0.011733843945,0.013063903898,0.668116688728,0.743849277496,-0.0264308296833,0.0549213274473,0.174020804592,0.125770884821,-0.196786920977,-0.00751077626245,-0.0704877698392,-0.0142968864804,-0.132141582564,0.154550949018,-0.206965654456,-0.0610207280883,0.000716333102901,0,0,0.400812243209,0.343720991264,-0.456460776326,0.134075721832,0.000119320082931,-0.0702662475781,-2.93939775543e-21,0.433448403717,-0.411294851871,0.473042685969,0.142918946218,-0.000149760001329,-0.132268869006,0
-0.000698923295951,-0.0194993943348,0.80444190317,-0.0120711885393,0.0134695423767,0.667284011841,0.744583666325,-0.0263657542048,0.0536718430658,0.175889551153,0.126296487987,-0.197500484661,-0.00689105211695,-0.0710016495326,-0.0154800601098,-0.130579278351,0.154562454813,-0.207539625027,-0.060689784648,-6.23779806119e-06,0,0,0.395765492431,0.348562749113,-0.47775741959,0.135062264022,0.00010440578901,-0.0722648781292,2.6689504199e-21,0.439159537038,-0.406882873477,0.466744806808,0.142808417275,-0.000147808392866,-0.125616757264,0
-0.000979730182622,-0.0193323433794,0.804446451524,-0.0127210495993,0.0142110232264,0.666845977306,0.744951426983,-0.028007532584,0.0524815685227,0.177353190073,0.12587088757,-0.19674329906,-0.00511358908014,-0.0741936532856,-0.0163714051199,-0.128585435511,0.156378678127,-0.206704144856,-0.0596810728488,0.00124880450312,0,0,0.393246420215,0.346338021722,-0.485454157415,0.135875994592,0.000112373741198,-0.0741803345836,-9.10283630118e-21,0.442680461028,-0.404229302238,0.465446677241,0.142676535279,-0.000139620336779,-0.120125265746,0
-0.00130845746709,-0.0189933917181,0.804427326519,-0.013184832409,0.0147250900045,0.66693854332,0.744850516319,-0.0290984668965,0.0518258101971,0.177187304239,0.125711632493,-0.19611594392,-0.0039646949975,-0.0760895280786,-0.0169561471338,-0.128721430618,0.157709332641,-0.20438734036,-0.0596805076584,0.000193689251319,0,0,0.394199969973,0.341844097562,-0.483969457967,0.135734514552,0.000125909051168,-0.0744046113302,-9.60465207702e-21,0.444693899115,-0.401521198224,0.467820095448,0.142650363013,-0.000140072994478,-0.117666031714,0
-0.00158783475197,-0.0185528590199,0.804478016001,-0.0135144200176,0.0150613160804,0.667714238167,0.744142591953,-0.0302866383068,0.0512494296936,0.175897888498,0.126334383026,-0.198118972798,-0.00503302675576,-0.0765735022031,-0.0177300031876,-0.130020191977,0.158734435462,-0.208669111987,-0.0611845332962,-0.00088567181956,0,0,0.395347420718,0.338281579753,-0.477443067576,0.135465183286,0.000134415417482,-0.0739948492721,2.30953996583e-20,0.445052427657,-0.402067342543,0.476692942466,0.142976697807,-0.000142702171671,-0.119748925362,0
-0.00202606608772,-0.0179379168291,0.80448985268,-0.0137277711183,0.0152598330751,0.668660223484,0.743284761906,-0.0304301934391,0.0500580312592,0.173880147777,0.125899120706,-0.196725842848,-0.00310949683699,-0.0749855392788,-0.0192045429084,-0.13310055605,0.156973652239,-0.208239507627,-0.0587948833739,-0.000547135074157,0,0,0.396366052522,0.338092654375,-0.476018913171,0.13531968541,0.000137380283434,-0.0737010741755,-1.05215933236e-19,0.441238259732,-0.40794382418,0.494537144076,0.143334648469,-0.000128703448377,-0.123924549249,0
-0.00238704541136,-0.0172646646091,0.804452205465,-0.0138847380877,0.0153867090121,0.669798612595,0.742253541946,-0.0306399317314,0.0494509834799,0.17198838694,0.12620338094,-0.1982310898,-0.00257800127544,-0.0729756800994,-0.0201359037651,-0.135733768588,0.15456790068,-0.204868626143,-0.0571179244752,-1.25075268897e-06,0,0,0.398301014605,0.33663134521,-0.468939748826,0.134902026229,0.000147099829617,-0.0734518670405,-3.65544952949e-20,0.436681620006,-0.414653035708,0.512655353957,0.143725797505,-0.000115357499194,-0.129552549032,0
-0.00280756924994,-0.0165458500797,0.804368143124,-0.0140276290476,0.0155019415542,0.670820951462,0.741324603558,-0.0306629875905,0.0478881723139,0.169169603773,0.12669490051,-0.199879169401,-0.00383377318968,-0.0723127244515,-0.0215377545171,-0.137403260522,0.156195317695,-0.210505575618,-0.0586766394287,-7.0960028097e-05,0,0,0.402022506817,0.334488678467,-0.462885049441,0.134669739932,0.000153396115427,-0.0731841609474,6.87334370637e-20,0.432402721612,-0.420552680863,0.530028386832,0.144084555597,-0.000105888451631,-0.135084494049,0
-0.00332880996398,-0.0157891657123,0.804362553581,-0.0141046494246,0.0155377052724,0.671988785267,0.740263938904,-0.0304794681004,0.046914136096,0.167500113036,0.127235869299,-0.201160327911,-0.00141277017021,-0.0720669381003,-0.0228267357176,-0.138642745805,0.158678581966,-0.209671434604,-0.0550004247809,-0.00139625614975,0,0,0.404526959074,0.334752381415,-0.45986939448,0.134195193892,0.00014816367606,-0.0720767796797,1.92037654363e-20,0.429840566034,-0.424344782032,0.543756016899,0.144566601369,-0.000100421803478,-0.138806317087,0
-0.00386859258229,-0.0151692230725,0.804089542771,-0.0142818782479,0.0157061871141,0.672612130642,0.73969066143,-0.0311931636856,0.0445238134031,0.163805717275,0.129127237472,-0.207091445003,-0.00506573633675,-0.0774436235689,-0.0239660583182,-0.135374499977,0.171460352889,-0.221562894901,-0.0599085188736,-0.00179006205872,0,0,0.406064372844,0.33598184388,-0.460276967138,0.133855669468,0.000138273115958,-0.0707539989295,-7.07958138656e-20,0.425903413373,-0.430070328953,0.558966267247,0.145166419395,-7.84231266798e-05,-0.139022568653,0
-0.00427720589103,-0.0145925668529,0.803953749759,-0.014511000365,0.0159706324339,0.672319412231,0.739946603775,-0.0309348262237,0.0417964624381,0.161754537074,0.128957725296,-0.206203357133,-0.000483391386211,-0.0860571889236,-0.025473217988,-0.130967943211,0.188456342263,-0.223002944741,-0.0573533644905,-0.00165842368733,0,0,0.407815783915,0.336177646096,-0.459209330936,0.133671382662,0.000136153069966,-0.0698247131108,-6.83262285553e-21,0.425065784978,-0.43028189981,0.564646533174,0.145457280579,-7.72794838102e-05,-0.135919897646,0
-0.00460861449497,-0.0139944977521,0.803739429149,-0.0149771207944,0.0164833273739,0.672316133976,0.739929080009,-0.0315827135238,0.0392654994034,0.160633306872,0.128167344453,-0.204056773796,0.000394197458427,-0.0938165236534,-0.0265799438925,-0.126969636946,0.202700782164,-0.228430922784,-0.0620301207749,-0.00197088951245,0,0,0.410101995449,0.333362150908,-0.457640443299,0.133289804808,0.000140748472211,-0.0689533565873,1.62059192695e-20,0.426163646303,-0.427636872896,0.562455450291,0.145492435983,-8.45499894928e-05,-0.133956973395,0
-0.00470569855287,-0.0131300734044,0.803674217815,-0.0151106631383,0.0166201572865,0.672537922859,0.73972171545,-0.030719779818,0.0370799130018,0.158388750077,0.127498451939,-0.201943820976,0.00377257059606,-0.0956046986024,-0.0272589514794,-0.125128518388,0.207879420476,-0.2280938275,-0.0632745702216,-0.00141706701834,0,0,0.409974869873,0.333000413808,-0.459884602652,0.133345277012,0.000139963142488,-0.0687435764558,1.44846328906e-21,0.426177509742,-0.427912982449,0.564260484808,0.145357543492,-8.35780144051e-05,-0.134377735836,0
-0.00487347602896,-0.0121423794289,0.803757238967,-0.0149463284761,0.0163997206837,0.673431515694,0.738916516304,-0.0289706615335,0.0359654151329,0.159411328298,0.126574004419,-0.19695603722,0.00749329808906,-0.0938450859546,-0.0288984321904,-0.126145649338,0.208880418437,-0.223812412428,-0.0594370384794,0.000113087735372,0,0,0.410104143418,0.329511974617,-0.46165327061,0.133628848156,0.000152995444855,-0.0693933915475,-6.15995957103e-20,0.426177132093,-0.430569465438,0.566774811688,0.145018789373,-7.71242621475e-05,-0.136730725467,0
-0.00495425725346,-0.0110547972055,0.803604074532,-0.0146070392802,0.0159669611603,0.674829423428,0.737656354904,-0.0277777256519,0.0352768253981,0.159875535771,0.127740214174,-0.196575682331,0.00717754750945,-0.090765029728,-0.0297397859976,-0.127002363541,0.209772980338,-0.227918908363,-0.0638175387644,0.000127066334244,0,0,0.407847383343,0.327688196338,-0.465093455392,0.134416243826,0.000158310771756,-0.0708249728154,3.89282303284e-22,0.427369783302,-0.4332705303,0.567867546299,0.144661927113,-7.22801953975e-05,-0.139310498049,0
-0.00508043125158,-0.00993618051795,0.80363459782,-0.0139544364065,0.0151979215443,0.676186382771,0.736441612244,-0.0241710476562,0.0330835426325,0.155762179209,0.126714314753,-0.191709180759,0.00975039371012,-0.0849172722296,-0.0315481676604,-0.129428769898,0.207442269115,-0.22476537292,-0.0589099008413,0.000715357426088,0,0,0.407857650719,0.325163040048,-0.465622426159,0.13462426904,0.000170772213064,-0.0717537121111,2.8811388332e-20,0.43098745427,-0.434648145919,0.565262112048,0.144422940352,-7.16490166156e-05,-0.140023761083,0
-0.00519214547559,-0.00892186857075,0.803523902951,-0.0133077548817,0.0144276311621,0.677872776985,0.734917163849,-0.0223580018042,0.0329139598111,0.155481859048,0.128404002132,-0.190150465169,0.0142242070769,-0.0796399511654,-0.0328232151082,-0.133591096481,0.206574312589,-0.227355244463,-0.0593938466045,0.00061331136385,0,0,0.406714329656,0.325768313119,-0.466884997004,0.134970445949,0.000172947808104,-0.07307278315,1.89554292364e-20,0.434201300507,-0.436144476396,0.561968745886,0.144356272587,-6.45949186675e-05,-0.138860334778,0
-0.00539143605466,-0.00810721410199,0.803253138918,-0.0126325115561,0.0136525789276,0.679036796093,0.733868598938,-0.0208728659414,0.031636782114,0.151539137077,0.132136060006,-0.197317589524,0.00956942086421,-0.076752812043,-0.0343091181483,-0.13624114104,0.209375842992,-0.232214658451,-0.062184556842,0.00165364216082,0,0,0.406422172232,0.325463955738,-0.467250400092,0.135230264529,0.000181466319999,-0.0741643844223,-3.44396918718e-21,0.436752385582,-0.437453760927,0.55949906662,0.144321171932,-5.2120909276e-05,-0.136041695459,0
-0.00571331726221,-0.00747270851103,0.803232150733,-0.0119898440316,0.0129191270098,0.680147707462,0.73286318779,-0.0181654234466,0.0289402122453,0.14894752977,0.131435287044,-0.190647776016,0.0143947311199,-0.0747386871345,-0.03744832576,-0.138412754134,0.213407352314,-0.231430840673,-0.055215214393,0.000862665707245,0,0,0.408553893479,0.322526177768,-0.461793283758,0.135109113784,0.000192102888535,-0.0745635921106,-3.41978552969e-21,0.438798445318,-0.438802896948,0.559429959231,0.144608865184,-4.60233020903e-05,-0.13430614735,0
-0.00612336434692,-0.00702813906349,0.802995855547,-0.0118037639186,0.0126852216199,0.681111752987,0.731974422932,-0.0188716199029,0.0269344058281,0.146809444091,0.134089448013,-0.194360433034,0.0165585455563,-0.076723747189,-0.0394905667698,-0.139445960165,0.221334118511,-0.238833020247,-0.0581660956735,0.000123437144794,0,0,0.409488386464,0.32100076974,-0.459883523086,0.134794426816,0.000195205510028,-0.074022459363,1.35100005449e-20,0.440109785292,-0.439232241432,0.558081207629,0.144352694031,-3.81073657584e-05,-0.132107854865,0
-0.00643026432945,-0.0066618073758,0.802839731943,-0.0115063209087,0.01234836597,0.681624948978,0.731507003307,-0.0176641254218,0.0244905488166,0.14316394234,0.1344586644,-0.195766740747,0.0141647884131,-0.0780506095817,-0.0421471430516,-0.1409140737,0.228293881049,-0.243456653828,-0.0573807513635,-0.000611621595453,0,0,0.411597686848,0.319744864873,-0.458292948554,0.134704958961,0.000197005259559,-0.0737347640611,-1.1849058739e-20,0.440787892307,-0.438545386709,0.557387037096,0.144332696343,-4.05547386884e-05,-0.132148476618,0
-0.00665454687812,-0.00628377129834,0.802772273832,-0.0113217672333,0.012147792615,0.681703567505,0.731440007687,-0.0149995874599,0.0210915527576,0.142693752237,0.130542085168,-0.189532292238,0.0216650677763,-0.079964933015,-0.0453799077439,-0.139749150083,0.235500819427,-0.245941711615,-0.0517368709268,-0.00210371753201,0,0,0.413084184926,0.321416990789,-0.456065114435,0.133813684188,0.000187629600878,-0.072397645732,4.54142134492e-21,0.439374837982,-0.437822842446,0.558823426333,0.14434138935,-4.25745356657e-05,-0.132562995627,0
-0.00683792635415,-0.00608736882101,0.80244862834,-0.0113952979445,0.0122245494276,0.681766152382,0.731379270554,-0.0149125205273,0.0198429003291,0.143450518072,0.13103951832,-0.197552985632,0.0178937620427,-0.0846206907691,-0.0471465105452,-0.138080148191,0.245642833219,-0.254931192421,-0.055093730954,-0.00304168532602,0,0,0.414033458582,0.32248492252,-0.456470016279,0.133768530169,0.000178488104799,-0.0714504086825,-1.395644799e-20,0.437170745049,-0.437897757001,0.560429411221,0.14436722526,-4.21897956167e-05,-0.133349420858,0
-0.00671434248581,-0.00601373250163,0.802316397291,-0.0115900384262,0.0124555444345,0.681115210056,0.731978595257,-0.0139801315676,0.0186508372419,0.144129418127,0.129925396316,-0.200932688653,0.0154387186185,-0.090878044354,-0.0491021291654,-0.136483470193,0.257530055958,-0.261508785159,-0.0539867306869,-0.00205116416328,0,0,0.414483100596,0.321534470768,-0.455159709533,0.133300387797,0.00017876428909,-0.0700889317481,1.67282363107e-21,0.435675996963,-0.43714970644,0.560807625583,0.144298941876,-4.46637288947e-05,-0.133963765374,0
-0.00637845616825,-0.00604168920656,0.802065251457,-0.011948232539,0.0128446789458,0.680989801884,0.732082784176,-0.0146571129634,0.0165420126404,0.143332389075,0.128217970588,-0.195816762041,0.022024787283,-0.0992606056393,-0.0513216760931,-0.13418081665,0.273080529713,-0.267803907486,-0.0505271252461,-0.00275884731673,0,0,0.414731793005,0.321833700969,-0.455279026032,0.132972474277,0.00017241488289,-0.0688293930507,-6.50714950428e-22,0.435067461068,-0.436330690162,0.559984970219,0.144314654952,-4.87244957109e-05,-0.13450003924,0
-0.0056630469103,-0.00628758028754,0.801507995952,-0.012583585456,0.0135437734425,0.680544555187,0.732473433018,-0.0176076866856,0.0167031158527,0.143806601551,0.130604035776,-0.205274386631,0.0141657925468,-0.112045851597,-0.0515483434301,-0.130049248873,0.294007223583,-0.280386384513,-0.0564524578982,-0.0021201740019,0,0,0.412182721924,0.324478325184,-0.456463040922,0.133142445742,0.000165954898014,-0.0689266640296,-1.16314210414e-22,0.433379190163,-0.436138646597,0.560040887205,0.144239079094,-4.82217914847e-05,-0.134248509439,0
-0.00434347896378,-0.0063890393101,0.801294552133,-0.0131420502439,0.0141749717295,0.679756522179,0.733183085918,-0.0182254094255,0.0176514699869,0.142573599706,0.129388225916,-0.201413680264,0.0141072468549,-0.123440445729,-0.0499514774678,-0.126322860155,0.313866962276,-0.291006515894,-0.0577504439498,-0.00215897453018,0,0,0.413963826051,0.320654497147,-0.45034618971,0.133038324634,0.000179082550152,-0.0693116153142,5.81940124063e-21,0.432547655354,-0.435785392289,0.561220384499,0.144156346311,-5.17010691934e-05,-0.134987019186,0
-0.00264453684879,-0.00658100817024,0.800747927719,-0.0139965070412,0.0151136992499,0.679325044155,0.733548343182,-0.0212501946753,0.0219015765388,0.147351427709,0.130661505586,-0.205973408122,0.00738825322057,-0.136556536596,-0.0462639091004,-0.120328185681,0.335565645152,-0.305614405254,-0.0640116240327,-0.00202402658761,0,0,0.4110339851,0.324561648311,-0.453307216694,0.132888153158,0.000164650512486,-0.0682610537542,5.88514180485e-22,0.431289791952,-0.435919129408,0.561557873967,0.144064612224,-5.45278081357e-05,-0.13642356188,0
-0.000153325140585,-0.00665532648577,0.800055207998,-0.0148661229759,0.0160911679268,0.678431153297,0.734337329865,-0.0235012843696,0.0284004740244,0.149323794007,0.131812870513,-0.211470949618,-0.000261059531815,-0.150116173067,-0.0390120486492,-0.114592978617,0.357701927283,-0.321123844034,-0.0734573239982,-0.00204773084261,0,0,0.410512220662,0.324521274182,-0.450564667579,0.132477371315,0.00016509372674,-0.0674768419992,-7.78602817536e-22,0.429717758585,-0.435145768972,0.562568172364,0.144020855958,-6.04082108406e-05,-0.138019629114,0
0.00317240101702,-0.00651822727742,0.799741371605,-0.0155799016356,0.0169603228569,0.676322042942,0.736245989799,-0.0232955975403,0.0385219619453,0.153690828038,0.131993666431,-0.214912245474,-0.0102622566586,-0.158889201476,-0.028207309928,-0.109439235939,0.37197883757,-0.335632526659,-0.0818619468579,0.00087063346291,0,0,0.415615744773,0.317261037914,-0.438553914523,0.131844837404,0.000182438742617,-0.0654660744243,3.28159138515e-21,0.42777361472,-0.434765429249,0.564574911415,0.143860077035,-6.12763154689e-05,-0.13919650169,0
0.00739333837212,-0.00624450749958,0.799304346071,-0.0165253784508,0.0180733315647,0.674593269825,0.737783253193,-0.0237532173656,0.0512303523881,0.157861787103,0.130795817247,-0.217443440824,-0.0225660256147,-0.165863873477,-0.013257188936,-0.101799275118,0.38176900335,-0.350123553024,-0.0937360524963,0.00351224723272,0,0,0.41940034201,0.31228702717,-0.428277314626,0.13119255745,0.000190976587003,-0.0629910343791,-1.11957610522e-21,0.426125706995,-0.434945509953,0.566410904835,0.143857945971,-6.13578700442e-05,-0.140238185543,0
0.0124858203631,-0.00542718883617,0.79887488286,-0.0171049553901,0.0188514683396,0.671750485897,0.740339994431,-0.0208841967797,0.0680239682071,0.164452216473,0.128351061015,-0.218693838286,-0.0348472662288,-0.166276064416,0.0069482755674,-0.0925794656906,0.380284172498,-0.354908656752,-0.107429609146,0.00763103924692,0,0,0.428169110687,0.299304210935,-0.40752572841,0.130284169166,0.000222807711128,-0.0606539736313,-3.97360512954e-22,0.425700109752,-0.433479714092,0.566124317246,0.143694379304,-6.13998696503e-05,-0.140359415142,0
0.0183223451756,-0.00461363891863,0.799004373937,-0.017602711916,0.0195648372173,0.668614625931,0.743143200874,-0.0189351067251,0.0867247184578,0.17040746321,0.128803938486,-0.21665741431,-0.0430542729596,-0.159230616862,0.0291966860853,-0.0848207532094,0.365091404366,-0.35642984594,-0.119518704832,0.0136902714148,0,0,0.435257247197,0.288756352517,-0.390921100989,0.128930264345,0.000244941761059,-0.0570082823205,3.28299640388e-22,0.426380218679,-0.431755202935,0.564038649705,0.143501392464,-6.08339984405e-05,-0.139760144506,0
0.0249214324517,-0.00398314695853,0.798828084138,-0.0182417687029,0.0204181447625,0.665995240211,0.745453357697,-0.0478283486699,0.112599393068,0.173654318024,0.189330453847,-0.234452163625,-0.0511251536506,-0.144809760879,0.0559790253532,-0.0727918859343,0.335819029641,-0.356401039968,-0.140896716621,0.0219605918974,0,0,0.442677557646,0.277192898037,-0.375092517285,0.12707989519,0.000257177443325,-0.0515503587872,3.11878854466e-21,0.431193181835,-0.426637900866,0.556242997172,0.143268696778,-6.88619647265e-05,-0.139271912449,0
0.0310300870021,-0.00325651173561,0.797953265878,-0.0189056769013,0.0212632901967,0.664192438126,0.747019946575,-0.112618114081,0.140634073627,0.168098244454,0.320390082246,-0.270310261373,-0.0499556538805,-0.132031725911,0.0799361126686,-0.0628760707831,0.304443093182,-0.344100447361,-0.154131778064,0.0316203981638,0,0,0.447941838785,0.26642246462,-0.363526957726,0.124505533257,0.000255576157081,-0.0450028376947,-3.39168307671e-22,0.438411860487,-0.42175725668,0.54360410337,0.142951798827,-7.78529319577e-05,-0.139203550446,0
0.036194465002,-0.00222345945024,0.797237037197,-0.0201820302755,0.0227067992091,0.664024293423,0.747093617916,-0.200888064065,0.164147412787,0.164068979036,0.483709570552,-0.295609089664,-0.0256460640295,-0.118604384532,0.0984471939562,-0.0544789909593,0.272946281222,-0.339826183145,-0.164834088536,0.0419856011868,0,0,0.444834112879,0.267190749671,-0.370507871442,0.12290083424,0.000238908924797,-0.0405809996025,5.5097730626e-21,0.446829578045,-0.42063981842,0.532662652746,0.142636257024,-8.21770651502e-05,-0.140467404912,0
0.0401359763735,-0.000355825259703,0.796828233375,-0.0220147315413,0.0246245525777,0.666132450104,0.745101690292,-0.290412586284,0.18007218114,0.162958052054,0.632639503448,-0.282167589412,-0.00228736796032,-0.106033958175,0.108858072693,-0.0542973983653,0.244475662211,-0.335965441659,-0.178159591814,0.0485868193209,0,0,0.440932815832,0.271152543269,-0.382992476177,0.122763925814,0.000228915952253,-0.0393169015659,-1.08408981939e-21,0.457464598842,-0.422618477363,0.519736261542,0.14257358023,-7.54938583215e-05,-0.138228239721,0
0.0428447058429,0.00337974454504,0.797075050052,-0.0234257113189,0.0260761603713,0.667878687382,0.743444263935,-0.358867964699,0.182291164578,0.171923264538,0.740472189499,-0.273613383623,0.066102761614,-0.0892579828683,0.108994337498,-0.0638298682695,0.216148010438,-0.332510722204,-0.171639185632,0.0468125455081,0,0,0.444579449521,0.269730680472,-0.379141741369,0.123357822686,0.000245136818811,-0.041563633801,7.21070883102e-22,0.471311275952,-0.422109646377,0.506231107235,0.142762368076,-6.87662658562e-05,-0.128834998134,0
0.0448487864381,0.00749517799392,0.797503800871,-0.0251222960651,0.0278392620385,0.669479489326,0.741883456707,-0.414151819437,0.167318346841,0.159898097571,0.794954471973,-0.303654636373,0.0741479833608,-0.076858531136,0.103187078075,-0.0792785414705,0.194645617018,-0.332363533877,-0.164878084739,0.0423481501639,0,0,0.454764146259,0.251501601419,-0.352575859668,0.124633072402,0.000310226039123,-0.0457273582195,-9.35365711979e-21,0.487671250426,-0.417012797319,0.481961890693,0.142354259532,-7.36242252366e-05,-0.117726216906,0
0.0461741382943,0.012346085216,0.798116951805,-0.0269142147154,0.0296051930636,0.672139644623,0.739342570305,-0.455237481948,0.138974020124,0.133769383906,0.784510956687,-0.306756298403,0.0569793925321,-0.0669411953497,0.0964177183472,-0.0935655835082,0.181750423483,-0.343922521194,-0.162025782765,0.0383233316243,0,0,0.464397937677,0.229737260975,-0.317739849049,0.125888636268,0.000397163546879,-0.0502400666526,-1.87538439064e-20,0.503879328847,-0.408873363856,0.450756659628,0.141181606538,-8.4974758249e-05,-0.106814907812,0
0.0472043129669,0.0179846299267,0.798378564332,-0.0289312601089,0.0315360911191,0.67539948225,0.736209213734,-0.485921083287,0.110088141607,0.103768833068,0.725522967896,-0.288484906177,0.0470107255282,-0.0588293457625,0.0900090659763,-0.107191701234,0.173208118328,-0.344339930962,-0.150495046623,0.0409404598176,0,0,0.470015962023,0.217766247822,-0.294336112151,0.12623961316,0.000449863008559,-0.0520390176622,3.84921493521e-21,0.517940986471,-0.402365767547,0.423043247294,0.139954775224,-9.75755910019e-05,-0.0998884639648,0
0.0477393267495,0.0249634173851,0.798340259523,-0.0314336270094,0.033955540508,0.678602576256,0.733046710491,-0.505555149424,0.0949539057019,0.0900439257531,0.624768138829,-0.219004533153,0.0151375745894,-0.0532633441337,0.0810862593251,-0.122473582997,0.171373356893,-0.352975179598,-0.139855451694,0.0387858375907,0,0,0.475190181707,0.21177123817,-0.278267282731,0.126273513133,0.000474322962255,-0.0529867822254,-6.38979187627e-20,0.52356621863,-0.39823977295,0.399275260088,0.139599244722,-0.00011367161926,-0.0985434866239,0
0.0483871143548,0.0321268943687,0.797542379677,-0.0347462370992,0.0372670665383,0.681051015854,0.730461061001,-0.521553998412,0.0935042264456,0.0952246890864,0.517254569587,-0.189255000241,-0.0129511508531,-0.0517290823586,0.07528077253,-0.135840114586,0.173825127099,-0.368819771516,-0.133169632827,0.0402374379337,0,0,0.475334297565,0.211706818218,-0.269975997414,0.12598900321,0.000476245729764,-0.0526844299129,-1.77732157705e-21,0.517257538294,-0.405272980026,0.392784025656,0.139839238263,-9.87850348997e-05,-0.101157872685,0
0.0486207997167,0.0409373359844,0.796104935566,-0.0373146161437,0.0399657450616,0.681426882744,0.729840934277,-0.536854361934,0.0951386228004,0.10057598796,0.426451629026,-0.185831066282,-0.0303589933461,-0.0469515804398,0.0712165034062,-0.143037073917,0.177104427045,-0.375094559949,-0.120405262866,0.0477017425001,0,0,0.480649639749,0.207110892999,-0.258908466097,0.126170278391,0.000507328223361,-0.0534922447625,-3.68009145378e-22,0.506039883032,-0.414610102563,0.392454322834,0.139975886703,-6.89148144274e-05,-0.104042657363,0
0.0482939005073,0.051320144782,0.793941289277,-0.0391912199557,0.0418706685305,0.682235896587,0.728879332542,-0.564060109522,0.0967707871697,0.0980314324966,0.378272786531,-0.192873710832,-0.0370449639987,-0.039193149056,0.0719390428572,-0.144203007782,0.185020057568,-0.395058588475,-0.122055760543,0.0552286468446,0,0,0.486708284094,0.206378075376,-0.251991348188,0.126215967921,0.000520565884927,-0.0537747994018,8.5100352646e-21,0.49616992765,-0.418410032315,0.38653734006,0.140020456014,-5.3337570873e-05,-0.107578334157,0
0.0476720159124,0.0634663002348,0.791198358107,-0.0401031933725,0.0427925661206,0.682629525661,0.728407502174,-0.591506081824,0.103283985804,0.103824653916,0.368203693466,-0.236609741537,-0.0493197129397,-0.0262088164468,0.0741620081477,-0.140918202398,0.193783038172,-0.404545050852,-0.116911990987,0.0618639960885,0,0,0.495441031534,0.20430741421,-0.242530936509,0.125656421177,0.000523098837745,-0.0528038793009,8.06206565453e-20,0.488579211421,-0.416293039289,0.377672581295,0.140005786363,-5.55603807344e-05,-0.110922993408,0
0.0464106526773,0.0773087141285,0.787905240559,-0.0407754667103,0.0433926358819,0.68357360363,0.727448642254,-0.616104124586,0.107713074374,0.11346316101,0.375747655417,-0.252942904266,-0.0485207902313,-0.0112195107465,0.0728493005119,-0.144591988892,0.207177761517,-0.428822151975,-0.115434464056,0.0649453625083,0,0,0.507315422116,0.198063758694,-0.227428059312,0.124914862792,0.000528023147733,-0.0516168633437,6.8879257198e-21,0.481366887631,-0.413232364521,0.370772298084,0.139839955869,-5.88040749962e-05,-0.113152971417,0
0.0444673857607,0.0929978897001,0.784278175224,-0.0411968119442,0.0437783524394,0.684069395065,0.726935625076,-0.628114264019,0.111585960878,0.125232435297,0.387285695216,-0.257864750354,-0.0535112414018,0.00717248422346,0.0699064123896,-0.149169714838,0.22009005861,-0.446598799682,-0.11305742779,0.0641157999635,0,0,0.520147007197,0.191541325242,-0.212932896688,0.124153931293,0.000532354109476,-0.0507349191311,-1.01628542112e-22,0.473125047316,-0.411774348145,0.369893400172,0.139678967474,-5.63014275132e-05,-0.114034062063,0
0.0419919854569,0.109817214673,0.780653466265,-0.0416762791574,0.0443455725908,0.68356603384,0.727347254753,-0.626272911015,0.113619960027,0.140300725805,0.39600649252,-0.244781564353,-0.0464606268575,0.027940307531,0.0657922070753,-0.153070541766,0.229172601327,-0.451277992781,-0.101726997241,0.056918554008,0,0,0.533175925465,0.188577858837,-0.199796852503,0.12394933906,0.000540634959122,-0.0517166005449,-1.7194349974e-22,0.460855491958,-0.412057228595,0.376828932975,0.139876822709,-5.72908720683e-05,-0.115313933303,0
0.0384618158069,0.128720993894,0.777231734432,-0.0424686595798,0.0453066378832,0.682567119598,0.728179812431,-0.624592986681,0.107664508163,0.14412437342,0.426434929092,-0.229939993174,-0.0225247680841,0.0499539997954,0.0531650512581,-0.164657112311,0.242887165484,-0.457833325894,-0.0821007440912,0.0534799657762,0,0,0.547112910741,0.180733749642,-0.186500163672,0.123857962339,0.000569725623756,-0.0529973437516,-1.60684255849e-20,0.448776789865,-0.417359720801,0.389046721559,0.140112313076,-4.21935694681e-05,-0.11875054606,0
0.033650301676,0.149038201371,0.775060361422,-0.0426254160702,0.0456984229386,0.68075889349,0.72983700037,-0.624799760114,0.0992413559963,0.134515948913,0.459236717715,-0.158606276561,-0.0128932477142,0.0703335288839,0.035019816356,-0.175382580351,0.260184796161,-0.459076420607,-0.0558667041598,0.0490778461099,0,0,0.563071155759,0.166689171383,-0.167425056631,0.123429518863,0.000606334271358,-0.0533406562879,-1.17803272528e-20,0.437258312585,-0.423183371463,0.40172487294,0.140724013056,-3.79140998152e-05,-0.125295639281,0
0.0281322309654,0.170861818055,0.774130031329,-0.0418668948114,0.044941496104,0.680347919464,0.730310976505,-0.636672318366,0.0870495259168,0.110994082344,0.540561080239,-0.153680408512,0.0259425654622,0.093023263491,0.0271824237381,-0.175224605699,0.282580705644,-0.459091352232,-0.0364638612134,0.0478514917195,0,0,0.575977164402,0.159681016408,-0.158460267836,0.122169206343,0.000594085165155,-0.0511003578053,-1.97689420155e-21,0.432495963068,-0.429424827465,0.416515008663,0.14095923135,-3.22228259798e-05,-0.132013582903,0
0.0216394083658,0.194556794515,0.775459246545,-0.0406560823321,0.0432813689113,0.68344783783,0.7275801301,-0.619474853201,0.0651405418521,0.0915447094944,0.583523267377,-0.171888409205,0.051046582374,0.111992648345,0.0162613386722,-0.179110909718,0.319313299866,-0.467127712655,-0.0298819206788,0.0469433441758,0,0,0.582637459683,0.163511466862,-0.168072044301,0.120642571857,0.000526677080265,-0.0466261740585,7.29283312802e-21,0.443779487927,-0.427688282894,0.41881519088,0.140817892116,-6.18348239749e-05,-0.137983336591,0
0.0151992086411,0.218750144482,0.780307462601,-0.0381096564233,0.0403429381549,0.685641348362,0.725820958614,-0.555421466438,0.0483042110089,0.0968115789335,0.55466913744,-0.191558478805,0.0683757842455,0.11166569461,0.00238491357147,-0.179848651215,0.38965220025,-0.480214881528,-0.0324515515957,0.0377502776682,0,0,0.585115490385,0.16993558018,-0.176698875166,0.119323712557,0.000468216945655,-0.0434150208801,5.30636737186e-22,0.454304703551,-0.428849564962,0.428727415008,0.141279938472,-0.000103944530847,-0.14403912887,0
0.00929287447942,0.242337097546,0.786590163598,-0.035284653306,0.0373923592269,0.685403764248,0.726345956326,-0.472436318471,0.0354405833058,0.101925222959,0.490200286758,-0.208291503742,0.0725637120058,0.0698730531333,-0.0106399287781,-0.178405541658,0.520057339985,-0.484242924844,-0.0618841807636,0.0312282927334,0,0,0.582309217828,0.164402128588,-0.164594668943,0.119699256548,0.000494061596034,-0.0447326178298,-8.0017497407e-21,0.455983441216,-0.440918593885,0.456550081695,0.141076093578,-7.14885289327e-05,-0.1468386093,0
0.00432054539814,0.265115553371,0.791576200245,-0.0336185246706,0.0356170609593,0.685585916042,0.726342320442,-0.396026593745,0.0212397365771,0.0940653347183,0.427985241823,-0.22462202835,0.0754062867897,-0.0194503897248,-0.0284802176154,-0.193701780394,0.699635146396,-0.344132973907,-0.0980106606868,0.0357626155019,0,0,0.567090114911,0.165921189079,-0.156953815133,0.121568602713,0.00054587006951,-0.0489278856476,-9.2890693126e-22,0.46607361948,-0.438572970827,0.458526002301,0.140601241041,-8.65045105715e-05,-0.15219646514,0
-0.000602906328715,0.286090943223,0.794073958721,-0.0338159017265,0.035823687911,0.68560141325,0.726308345795,-0.333566767074,-0.00084333906323,0.0883544454738,0.374725040122,-0.241141143989,0.0910171523983,-0.139781347708,-0.0833685359713,-0.234659178992,0.882777700359,-0.00449310870566,-0.0998581963317,0.0461617410183,0,0,0.536584333552,0.176514762163,-0.163852845955,0.123829842398,0.00058985543321,-0.0535691876267,-3.80631234375e-21,0.476886493131,-0.434166312539,0.449739683266,0.139646087033,-0.000123371923149,-0.158770565439,0
-0.00451080691322,0.305298749737,0.794548028676,-0.0367657952011,0.0391504764557,0.68356949091,0.727906763554,-0.300919570394,-0.0178623026757,0.101179317821,0.351711558592,-0.255501034133,0.108143859521,-0.276667923351,-0.120732497634,-0.248441619008,1.07892478686,-0.0270357614711,-0.144808844959,0.0614704973996,0,0,0.491977287605,0.191713081178,-0.177219397586,0.125858441573,0.000620294937637,-0.0566830082534,3.51174895383e-22,0.479654129188,-0.433826716306,0.443385354331,0.138660143852,-0.000117478683877,-0.160161913905,0
-0.00373913789582,0.320380213219,0.791849594652,-0.0321367233992,0.0342824086547,0.683151304722,0.728763520718,-0.255022084451,-0.0499586139682,0.139369630558,0.33227241389,-0.256287111107,0.10717098887,-0.425263900545,-0.181336733207,-0.248800178657,1.2961129289,-0.0916111882019,-0.181216965881,0.0704467073083,0,0,0.472790173335,0.177114129826,-0.191009540914,0.127419071878,0.000686763869016,-0.0569387433918,-3.06012788305e-21,0.503793757375,-0.460208010802,0.436960944598,0.138975328134,-5.36010229089e-05,-0.157022646874,0
-0.00542218110922,0.339362794035,0.792274235512,-0.0335036255419,0.0359782725573,0.68066650629,0.730941951275,-0.194976531691,-0.0619354090104,0.151880394795,0.26757968228,-0.259324057657,0.107431106915,-0.533856924738,-0.154945933614,-0.226728014189,1.33192856706,-0.112627403563,-0.184578356901,0.0627252459526,0,0,0.441090664151,0.175484886427,-0.170002608118,0.126726114792,0.000702750030569,-0.0566839845679,1.43150909891e-22,0.508193685201,-0.455082178269,0.436332851059,0.139640899259,-6.4669823683e-05,-0.151568082024,0
-0.00672687272027,0.35866554058,0.791775505809,-0.0351258851588,0.0379661284387,0.678208112717,0.733047425747,-0.135181180356,-0.0750543831428,0.162779445023,0.200115288278,-0.255434769072,0.113142744707,-0.626859305723,-0.124796239419,-0.207657015935,1.30765476677,-0.154009363153,-0.177618555853,0.0468018651009,0,0,0.411602987117,0.179461809291,-0.146918405954,0.125563422413,0.000688853632236,-0.0573527822067,-6.99882264746e-22,0.512304653231,-0.449533795188,0.438507035737,0.140047686247,-8.60511608504e-05,-0.148151123155,0
-0.00974581154458,0.381645603545,0.795500004548,-0.0412413030863,0.0449792183936,0.67455726862,0.735695898533,-0.0924194031651,-0.0414927636712,0.158959835862,0.159563365666,-0.28192173175,0.098906424133,-0.631064080975,-0.0384039980695,-0.205092321538,1.08009463708,-0.160488796287,-0.15747289626,0.0466580726206,0,0,0.362226168661,0.228364958192,-0.121933909766,0.124571998529,0.000606193109447,-0.0592889199278,1.05027953893e-21,0.507405470276,-0.406644067698,0.445892197344,0.14045833485,-0.000215418723834,-0.145125192069,0
-0.00960721862337,0.402041735916,0.79341346107,-0.0420663766563,0.0460572354496,0.673079550266,0.736934959888,-0.055876439986,-0.0463311301036,0.168063071168,0.15010324832,-0.305414550678,0.0937679126108,-0.665822173503,-0.0160110710757,-0.197538570354,0.932652958763,-0.17975473681,-0.150851639949,0.04130134359,0,0,0.337117970841,0.236585118742,-0.102722391218,0.124465995272,0.000613318949488,-0.061832212392,-1.38647323116e-24,0.51693302083,-0.402757261783,0.447094019921,0.140594027429,-0.000231660525274,-0.142229431334,0
-0.00909255769522,0.423778755785,0.78990925608,-0.0423792786896,0.0464760884643,0.67245465517,0.737460970879,-0.021992692816,-0.0534806215671,0.172145640653,0.153819636293,-0.329966159899,0.0951450830318,-0.678102090074,0.00697442155023,-0.179407931451,0.751820504874,-0.212792032174,-0.137283928324,0.0311120655388,0,0,0.318149861992,0.245374847828,-0.0855612004433,0.123725316638,0.000593174744369,-0.0644222733274,-1.07628394368e-21,0.529673133012,-0.396893927415,0.441508911489,0.140940007412,-0.000255492173707,-0.138370539133,0
-0.00800377587778,0.446876966343,0.785328132495,-0.0426235422492,0.0467960648239,0.67202848196,0.737815022469,0.0107736060001,-0.0617122985224,0.169823903567,0.164450224438,-0.3542042817,0.101270500643,-0.669883115588,0.0234081990995,-0.166740376533,0.543573718679,-0.248314389369,-0.121114511677,0.0202354732901,0,0,0.30568026679,0.256532665803,-0.0712209202292,0.123144043956,0.000554266195134,-0.067272073902,1.18067236923e-22,0.540971617014,-0.391453788607,0.435376103176,0.14127939639,-0.000268815536946,-0.13448082994,0
-0.0065178012974,0.47227001305,0.779408642186,-0.0423164442182,0.0465228110552,0.671540915966,0.73829382658,0.0469790978965,-0.0676080970802,0.176868652284,0.180554573823,-0.381625480588,0.105841160502,-0.667923337824,0.0252144685412,-0.174661631497,0.383311639175,-0.296615663983,-0.0964814070368,0.0141036193818,0,0,0.301201856406,0.261041396663,-0.0555378561273,0.122999878659,0.000552519848462,-0.0707621590787,3.87643391753e-22,0.551906530028,-0.389588323602,0.433144366338,0.141459083807,-0.000273267293649,-0.132682682929,0
-0.00437929553527,0.499346635553,0.773008834786,-0.0419148690999,0.0460544489324,0.671781241894,0.738127410412,0.0847405152499,-0.0697046578813,0.187591617691,0.199531715889,-0.40388094901,0.105866963659,-0.698347746174,0.0112895536567,-0.200834734367,0.358154272623,-0.384109332336,-0.0420794040674,0.0112723466009,0,0,0.303060846143,0.262575810109,-0.0447700989832,0.122916490931,0.000560261600291,-0.0731534425733,6.81376656702e-22,0.561332162911,-0.386833084521,0.428418239561,0.141300067152,-0.000290857999644,-0.134226411752,0
-0.000558261000182,0.527616899458,0.767463186258,-0.040463399142,0.0444918200374,0.671603262424,0.738466143608,0.121686985481,-0.0652291304108,0.19949513859,0.231478048965,-0.429371786697,0.0968931626802,-0.696885936804,0.00230436331247,-0.225718432851,0.360100806923,-0.413855862421,-0.034484107446,0.0121782105416,0,0,0.314075183388,0.262818121888,-0.0375525965143,0.122547650932,0.000565831798204,-0.073214632098,2.02422289227e-20,0.570498152806,-0.384395191544,0.42426175881,0.141324150349,-0.000317549109864,-0.136674223049,0
0.00522949985637,0.557393599968,0.764591421604,-0.0383682549,0.042256437242,0.671128988266,0.739140152931,0.138754506338,-0.0442415451673,0.204729524258,0.312277202072,-0.478559995596,0.0741804567895,-0.648911577901,0.0216757996081,-0.207165202791,0.345082233943,-0.357769392821,-0.0684263564952,0.00729831587523,0,0,0.340052511127,0.262173986373,-0.0299062071286,0.12176860237,0.000534561907236,-0.071995962596,4.67624252145e-23,0.575490836907,-0.38183371776,0.424293238942,0.141584292501,-0.000326160557635,-0.137147101721,0
0.0129646955444,0.58821033905,0.764379950565,-0.0349759496748,0.0386787578464,0.669799149036,0.740708947182,0.137848198641,-0.0105128767113,0.209844617363,0.435593688008,-0.545647185725,0.0436496014807,-0.616041339756,0.0397956558381,-0.204995237048,0.33255658602,-0.184986122184,-0.0979979333641,0.00761358579621,0,0,0.377399269078,0.259473547671,-0.0255434763673,0.12096090248,0.000519520736315,-0.0694000342983,3.73331169851e-23,0.582980983207,-0.37644332188,0.425576290092,0.142003012231,-0.000340508440453,-0.135669801995,0
0.0199192933313,0.620591492546,0.766394925974,-0.0298153441399,0.0331972129643,0.667529344559,0.743245303631,0.121974511707,0.00782717663685,0.207240079384,0.579233920387,-0.601612871393,0.0434157378039,-0.576497110983,0.0567373085711,-0.17888806876,0.364134536613,-0.134302239629,-0.102012098694,0.000632443232462,0,0,0.431419688771,0.246311192106,-0.0244042093073,0.119151826335,0.00049206223862,-0.0648048639698,-2.38268322575e-22,0.58684810853,-0.375848616386,0.430051450544,0.142151904449,-0.00028272113934,-0.123617824799,0
0.0267597053538,0.652089772263,0.770751043059,-0.0236242674291,0.0265777185559,0.663937866688,0.746941804886,0.066449721067,0.040878568388,0.226262323573,0.75744358673,-0.527539786153,0.0735721666076,-0.505358355154,0.0835525823103,-0.162413775572,0.354932919725,-0.128575427566,-0.15201785625,-0.00496509438381,0,0,0.491553382923,0.237026190618,-0.0391158535502,0.119328843795,0.00048338726868,-0.0627066823401,1.00358144444e-21,0.582265619267,-0.378407354006,0.436526755372,0.141960217512,-0.000214764199261,-0.111595439873,0
0.032788672956,0.681187124116,0.776589484995,-0.0198950711638,0.0223667249084,0.664318561554,0.746849894524,-0.0431757750058,0.107779112897,0.246673431729,0.938472709003,-0.130563341436,0.0594342512622,-0.417427633822,0.104105523552,-0.158686073806,0.305362657266,-0.150807650317,-0.169452583695,-0.0120351240039,0,0,0.53790504124,0.228017529528,-0.0589445585115,0.120025475081,0.000488086994011,-0.0619424202105,1.30698700849e-21,0.568734637813,-0.373884447515,0.430785667741,0.142312339481,-0.000236748112298,-0.11401079566,0
0.037240945933,0.707870999032,0.781673831838,-0.0194674041122,0.0214813370258,0.671236097813,0.740676522255,-0.159294468779,0.156205441884,0.227564849258,1.08288265279,0.139307069944,0.0304602326634,-0.334561243995,0.115632161524,-0.175767941706,0.240085032204,-0.174036780554,-0.171688914131,-0.0175922475755,0,0,0.563277747315,0.220465269732,-0.0864285703693,0.120219190773,0.000474964368896,-0.0591921731069,-4.16082407583e-21,0.547973831206,-0.36439548142,0.415633834606,0.142471124348,-0.000339009854765,-0.125596261057,0
0.0394530349275,0.733727292806,0.786888820546,-0.0205147899687,0.022171780467,0.678837180138,0.733667254448,-0.275817929151,0.134557058122,0.182693372523,1.2117000304,0.0118458272909,0.0882583842464,-0.262030526193,0.117065018159,-0.183808808387,0.181818984078,-0.197299786717,-0.160555851959,-0.021059108898,0,0,0.579252728657,0.204067736697,-0.111473991295,0.120893634142,0.000497812716291,-0.0575498289967,-5.51636686524e-22,0.519670873232,-0.368114582976,0.407336758144,0.141632467506,-0.000396398019305,-0.137323236698,0
0.0405124690761,0.758157650351,0.790120014726,-0.0217884741724,0.0231472328305,0.685065746307,0.72778737545,-0.384871137314,0.0967778695676,0.138131658133,1.27160557784,-0.0342973327408,0.0776315970767,-0.211232912911,0.104984504762,-0.217571113221,0.16202428629,-0.229572927637,-0.141385690246,-0.0254612583667,0,0,0.5946843391,0.181251869401,-0.122184082841,0.121506471418,0.000549562880654,-0.056776291399,-5.3411447464e-22,0.484385569047,-0.379583598149,0.403106338229,0.140878483028,-0.000427473034362,-0.148032085351,0
0.0415851646892,0.781673076445,0.791694621835,-0.0237023252994,0.0248576775193,0.689680635929,0.723298609257,-0.481907008548,0.0606582908657,0.109671575576,1.27190639267,-0.0690747413588,0.0892510314892,-0.171370213302,0.0957962660937,-0.243361780229,0.154844459001,-0.264321811044,-0.129781792557,-0.0270751360804,0,0,0.60721168564,0.162473435343,-0.126856399153,0.122207973157,0.000599217395093,-0.0565998974952,-2.33763328746e-21,0.442707541065,-0.396878404947,0.403676335178,0.140314220189,-0.000408460845683,-0.154620979013,0
0.0427566568427,0.805228944527,0.792024514464,-0.0260095763952,0.0269620958716,0.69379222393,0.719200193882,-0.560431975292,0.0402864213201,0.0969264885204,1.22284230645,-0.143981046456,0.102250615964,-0.136482903438,0.0917420617499,-0.25895878772,0.152055684626,-0.291182334787,-0.126274430441,-0.022385392338,0,0,0.615140299877,0.155192203491,-0.133653938056,0.123249158621,0.000628038699858,-0.0570967592271,-3.61798184459e-22,0.402837219071,-0.413918464998,0.399976441659,0.139632377049,-0.000368815805004,-0.159421165713,0
0.0439466917567,0.82885802466,0.791148326218,-0.0287710633129,0.0295679047704,0.696789741516,0.71608799696,-0.61908225631,0.0302269360319,0.0911597248167,1.11357924817,-0.185086285194,0.100552221718,-0.105483711441,0.0914752969974,-0.264672925317,0.15208277442,-0.320138558033,-0.123956725696,-0.0121770631522,0,0,0.617543444771,0.154615445758,-0.137369943627,0.123740729153,0.000638250249606,-0.0573678540577,1.59206315942e-23,0.366949829001,-0.428787227438,0.390966663062,0.138941075391,-0.000305697293473,-0.161904293478,0
0.0450086124298,0.853106338465,0.789438035695,-0.0316454358399,0.0323676653206,0.698367714882,0.714306235313,-0.647721731525,0.0220832928251,0.0835559093348,0.943015617307,-0.214540548491,0.0797207014476,-0.0762204650002,0.089478278935,-0.269806884669,0.155365294024,-0.341352773421,-0.119136576633,-0.000821852008812,0,0,0.617350429448,0.160066320243,-0.141903219198,0.123940417096,0.000632513973578,-0.0576787929766,-4.04799643687e-22,0.337181776196,-0.438351558329,0.376555935379,0.138423518194,-0.000229412676016,-0.16075322196,0
0.0455016601164,0.878795932342,0.787261127941,-0.0340786240995,0.034764803946,0.699194133282,0.713272511959,-0.639453676872,0.0165376895319,0.0797079096949,0.711206447848,-0.234011513927,0.0576509282584,-0.0449291702424,0.0853882485537,-0.270884363737,0.161293729645,-0.350325590238,-0.108259235485,0.0104708448052,0,0,0.615742397594,0.17161437656,-0.150846430016,0.123792686009,0.000601469562051,-0.0574008728893,2.14223411192e-21,0.31639376575,-0.442566575911,0.357175715358,0.138016596019,-0.00015391767317,-0.158329898609,0
0.0458098350421,0.905647548344,0.783158348668,-0.0359792746603,0.0366447865963,0.699673116207,0.712615013123,-0.631260241687,0.0273649051111,0.0970330368556,0.501402719707,-0.26573726952,0.0282314697217,-0.0139047194144,0.0827322930826,-0.277600323254,0.173770675324,-0.361164649718,-0.105940320172,0.0231552682817,0,0,0.610193553065,0.187838723944,-0.159867536016,0.123888465036,0.000562768994923,-0.0576568324319,-5.35078856158e-21,0.303961100222,-0.442538872338,0.338956966193,0.137297711631,-8.40444237859e-05,-0.157498031477,0
0.0451295856186,0.934465368254,0.777967526513,-0.0373239889741,0.0379961542785,0.699773907661,0.712376117706,-0.644556278886,0.0368603149117,0.112262652733,0.380576452163,-0.331751417441,-0.0303324197675,0.0194612114223,0.0766638560019,-0.284670450053,0.196469571268,-0.395390913421,-0.0945433232264,0.0296491179615,0,0,0.607967788405,0.19784139065,-0.161846986225,0.124029916436,0.000544151437293,-0.058318645157,-6.4229241676e-22,0.297055871316,-0.443805786834,0.332663789883,0.136685066756,-4.11175760116e-05,-0.158886811291,0
0.0428814488674,0.964975066074,0.772169252566,-0.0377860628068,0.0385645441711,0.698839843273,0.713237583637,-0.683367500616,0.0508638315461,0.148799408628,0.388592391885,-0.424968761537,-0.064478422164,0.0556914549386,0.067180748013,-0.284895863581,0.224158412858,-0.425552192228,-0.0760943316878,0.0371860340238,0,0,0.607178972317,0.200568630587,-0.157993053909,0.12401354422,0.000546993581407,-0.0588692494677,1.39620307897e-21,0.296071327421,-0.450643501052,0.338668737852,0.136030853507,2.65043050434e-05,-0.16203325991,0
0.0397188259114,0.996845214791,0.767161679739,-0.0376600325108,0.0385169796646,0.698092937469,0.713977873325,-0.681168231781,0.0400100332078,0.149425952825,0.390011536336,-0.428881987978,-0.0337954671208,0.0937412025867,0.0578566845691,-0.278405245639,0.252501215529,-0.449323140811,-0.0578575592029,0.03967647627,0,0,0.608200146809,0.201720543953,-0.156912524619,0.123842522044,0.000544655927764,-0.058867632406,-7.81431189852e-21,0.301268048961,-0.458229271784,0.352478428352,0.135869819964,7.1606987246e-05,-0.162655686867,0
0.0349076166024,1.02974471619,0.765136730832,-0.0382780134678,0.0393377952278,0.696335494518,0.715614557266,-0.655277538758,0.0109591943056,0.125736632546,0.390321866145,-0.346335522658,0.011986966544,0.120164034558,0.0343434290545,-0.273333718645,0.296717700478,-0.466532640017,-0.0311570151275,0.0447864755988,0,0,0.607142810426,0.193058447087,-0.153904453589,0.12380872635,0.000567056521869,-0.0582617380539,3.57977214675e-21,0.318351118828,-0.460851105792,0.359192868653,0.135974632516,9.2737235884e-05,-0.163497732372,0
0.028377741019,1.06448788995,0.765524820466,-0.0366040542722,0.0378491766751,0.694219887257,0.717834472656,-0.626815419806,-0.0100973556936,0.117516596276,0.390114932539,-0.180089141426,0.0343860451102,0.132900975173,0.00169101828757,-0.26008546751,0.380945105002,-0.495560784214,-0.00527274655864,0.0413769111037,0,0,0.612388071285,0.180928747795,-0.150483724359,0.123805403722,0.000589986694131,-0.0574566195412,1.99410007607e-21,0.343593106869,-0.463835769653,0.371731102275,0.136922817633,6.51690663436e-05,-0.161080036501,0
0.0227554451985,1.09964501867,0.768340251295,-0.0323304533958,0.0334350429475,0.694379985332,0.718103945255,-0.591810335778,-0.0258002523337,0.108644943599,0.432394407379,-0.124253354354,0.0725545807266,0.119225533558,-0.0190371527765,-0.248067802157,0.517405344217,-0.563583627341,-0.0201721259626,0.0401018187404,0,0,0.611772192342,0.182815659871,-0.162299600156,0.121512013059,0.00051046200965,-0.0508118637171,3.50080977402e-21,0.388145048011,-0.454255847703,0.385664116437,0.138548594319,3.23816819196e-05,-0.145014966809,0
0.0178540856732,1.13355206258,0.774463540721,-0.0264847762883,0.0272310376167,0.696712613106,0.7163438797,-0.514215599155,-0.0476749436944,0.108170724718,0.423151027213,-0.130765562785,0.114628002312,0.060380663959,-0.0494463729112,-0.250822575001,0.695127181058,-0.457913577856,-0.0601158963188,0.0372568927705,0,0,0.599810094925,0.188715408383,-0.175141505218,0.118891932156,0.000424969950053,-0.0440344557501,-3.24712713407e-20,0.453371566427,-0.423630312397,0.378583328138,0.139864009587,-8.23839393856e-05,-0.130520760616,0
0.0132761455929,1.1644428357,0.780978700942,-0.023365156725,0.024126412347,0.695290505886,0.717943668365,-0.426763330056,-0.0712873683126,0.117189515776,0.377173166981,-0.153864265264,0.135420026343,-0.0583445088549,-0.112401883644,-0.267841586199,0.885013256408,-0.0258202439138,-0.102219213567,0.035788629204,0,0,0.577770104007,0.177662073658,-0.165831492901,0.120572667521,0.000494010823915,-0.0473189284565,-5.57147866973e-21,0.500259078194,-0.409707494199,0.387271541346,0.140983531901,-0.000150883109535,-0.126409647129,0
0.00973886828429,1.19408966154,0.786995789053,-0.0228240415454,0.0239873509854,0.688943684101,0.72405821085,-0.333597295096,-0.0863549496161,0.138457193105,0.296551948784,-0.159486934145,0.142030363365,-0.171155349559,-0.150290927538,-0.255691749171,1.03859911447,0.0780874917122,-0.11685487076,0.0361006632447,0,0,0.544987732215,0.170553438209,-0.14860721882,0.124199526077,0.00063950986949,-0.0572596838293,-1.58183920062e-21,0.519339183123,-0.41942071932,0.42473040842,0.141485203259,-0.000111067296707,-0.12177160004,0
0.00842405847039,1.22244486458,0.791817043784,-0.0224597528577,0.0239068940282,0.684335529804,0.728429079056,-0.24638108716,-0.0960633378001,0.143823071008,0.219552910673,-0.165909797451,0.139819433549,-0.285801293612,-0.129738985117,-0.220528120817,1.15042801402,0.0269832440429,-0.153381505641,0.0440340451896,0,0,0.502177110386,0.185816670209,-0.148634192506,0.127224157301,0.000735247198128,-0.0670890197981,1.28881148971e-21,0.539438436045,-0.421893904388,0.450596680491,0.141526721345,-8.81675461494e-05,-0.114572998834,0
0.00736899628962,1.24961102937,0.794351463085,-0.0224609430879,0.0240457449108,0.682244956493,0.730382859707,-0.169585515577,-0.102248996097,0.152864463343,0.156461435331,-0.179666976326,0.135301228793,-0.392338041478,-0.0941361894924,-0.185938664255,1.20002186078,-0.00726842973979,-0.132157751594,0.0465122312307,0,0,0.454785166225,0.20690637555,-0.149384723652,0.128536045478,0.0007693867605,-0.0736942812781,7.21782631253e-23,0.565160908866,-0.415401506379,0.457774424399,0.141749980496,-0.000113589371058,-0.110401948565,0
0.00616047041773,1.27625122913,0.79446451433,-0.0232690051198,0.0249595809728,0.681504368782,0.731018066406,-0.114178659994,-0.107119631845,0.157615896346,0.130060389239,-0.210668321536,0.129917818938,-0.486038475954,-0.0618332857096,-0.165761834567,1.188041604,-0.0309662069728,-0.11694942329,0.044970665127,0,0,0.406579970292,0.221190359552,-0.136160394928,0.129026180619,0.000796126215083,-0.077905484107,4.47397528524e-22,0.585649676464,-0.41171480658,0.459362425714,0.141906891192,-0.000139300119511,-0.110500892049,0
0.00533315342525,1.30268264302,0.792781513928,-0.0244512557983,0.0262889694422,0.680611133575,0.731764674187,-0.069623581083,-0.112743756294,0.162424837308,0.121938834538,-0.243844187722,0.13394591902,-0.559296745365,-0.0329056181657,-0.155596476987,1.11786083137,-0.084930458589,-0.130455494337,0.0395058654249,0,0,0.362236570054,0.233186968275,-0.115731073269,0.129189299591,0.00080898864907,-0.081378422935,-2.95757023215e-22,0.596079169439,-0.414567191787,0.465034221936,0.142353499519,-0.000158133243943,-0.115860461107,0
0.00459996174902,1.32928952473,0.790033596009,-0.0260561238974,0.0280088298023,0.680624961853,0.731632590294,-0.0323364623498,-0.122412414121,0.153473359091,0.124019031955,-0.275900934142,0.14282436933,-0.607731437331,-0.00796824342949,-0.149859665962,0.986207746227,-0.125954222924,-0.146955085764,0.0343936868012,0,0,0.320647080338,0.244168288451,-0.0981490017069,0.12856521619,0.000798314562139,-0.083249532731,4.11198939199e-23,0.601335342036,-0.418950511266,0.465353991323,0.142373280931,-0.000169354059455,-0.123914093921,0
0.00441372371157,1.35670897253,0.786696200514,-0.0274363458157,0.0294692646712,0.680858552456,0.731307327747,0.00513560453168,-0.130807068991,0.14560420742,0.129051812625,-0.297925681949,0.152823635658,-0.623364714562,0.0158567371162,-0.143227081395,0.793260275524,-0.155115905856,-0.134744859634,0.0299748852849,0,0,0.287386903998,0.252441236948,-0.0845224536169,0.127920862882,0.000773761858941,-0.0836840958438,4.55144094568e-22,0.602832981491,-0.426688073867,0.46671576632,0.142160841807,-0.000151994982568,-0.128004144539,0
0.00460404131046,1.38538617707,0.78225980225,-0.0283124446869,0.0304116904736,0.680805742741,0.731284558773,0.0423322343136,-0.131413185778,0.152665252226,0.143944827773,-0.316417520269,0.151698673371,-0.608475520081,0.032855451058,-0.149873540887,0.556210901378,-0.192498368208,-0.112780261572,0.0210292525589,0,0,0.268272224628,0.25456570982,-0.0662555403429,0.126640195917,0.000738874256568,-0.0841927578233,-8.99134841492e-22,0.600468100721,-0.437255081718,0.471132567584,0.142194053533,-0.000101491695006,-0.128328123669,0
0.00514571236884,1.41560752024,0.776468104236,-0.0291465241462,0.031399410218,0.679700255394,0.732237756252,0.0791409322473,-0.127389859893,0.171005669297,0.168420801828,-0.352358726653,0.143130287196,-0.600357630862,0.0381413606873,-0.186361347192,0.361650933592,-0.260072310179,-0.07399108713,0.0162543617189,0,0,0.258673124159,0.25415697674,-0.0511089219133,0.126242638328,0.00074365598641,-0.0862797428663,4.38974874591e-23,0.597504292126,-0.445858130785,0.474439857533,0.14225288504,-6.3576519183e-05,-0.128677526039,0
0.00658594311668,1.44695225193,0.770580835998,-0.0306136887521,0.032945830375,0.680014610291,0.731817960739,0.116130991539,-0.121033275442,0.185070230137,0.191605035333,-0.384230543847,0.133106194403,-0.635325190697,0.0338716838551,-0.229716857196,0.325620088649,-0.384916368552,-0.0331237196178,0.0171882547438,0,0,0.251891167472,0.250008762634,-0.0436634915636,0.127051611798,0.000816453309418,-0.0907417871333,9.82242930749e-22,0.597159954432,-0.446637035226,0.467832885244,0.142233671986,-6.97774360891e-05,-0.130442917705,0
0.00948064133562,1.47986227482,0.765520929706,-0.031513210386,0.0337452590466,0.681794464588,0.730085253716,0.146757177632,-0.106817332187,0.190678773889,0.234781776712,-0.414677588364,0.113126876242,-0.651647901157,0.0322942222193,-0.267922328454,0.339293354071,-0.42928909517,-0.00882961538767,0.0158784687519,0,0,0.260072609444,0.242939028481,-0.0404557503437,0.126550089387,0.000823505088834,-0.0897331577807,1.81532734159e-20,0.601533664637,-0.437956508317,0.45512723092,0.142050603615,-0.000104208338575,-0.131631214127,0
0.0132477894515,1.51443447432,0.762565815104,-0.0307973735034,0.0330058708787,0.681526780128,0.730399489403,0.154980947535,-0.0820065931642,0.196515888287,0.336706999015,-0.467331728295,0.0844940707688,-0.61090057409,0.0763458252875,-0.212269113702,0.322164014691,-0.389425289967,-0.0751762804884,0.00932184513658,0,0,0.288166707374,0.229152849376,-0.032869747723,0.12464184094,0.000771265692177,-0.08388413835,1.5860687835e-22,0.601051068334,-0.43304476677,0.455165191025,0.141995234458,-0.000102715289912,-0.129574064141,0
0.0187781412303,1.55017795706,0.762525811513,-0.0281373318285,0.0301604922861,0.681576192379,0.730583667755,0.141915075574,-0.0379559061743,0.203361737668,0.488068966271,-0.530072399344,0.0412411348927,-0.571786617315,0.10862351115,-0.189536125558,0.313529228778,-0.248964150179,-0.134983306133,0.00265060411766,0,0,0.329868086908,0.215844941603,-0.0254968719967,0.123368294508,0.000725769248004,-0.0782949152457,1.26377559262e-21,0.600335403516,-0.42617156277,0.460382974771,0.142356112062,-0.000112086027841,-0.129682156306,0
0.0235980602253,1.58649738191,0.764608573829,-0.0235795956105,0.0253284052014,0.680979132652,0.73148471117,0.105009559974,-0.00941526233668,0.194790983487,0.664898067712,-0.578860263794,0.0118501401607,-0.537664513864,0.127253277794,-0.158701352045,0.365654263041,-0.215045328585,-0.15836611734,-0.00283986912109,0,0,0.388210418047,0.192432644051,-0.0266060986103,0.121469147928,0.000693285640467,-0.0702671207368,-4.18253750413e-21,0.593111082266,-0.428399321854,0.472372350786,0.142381933746,-6.69623212209e-05,-0.121811493727,0
0.0273098061073,1.62238783674,0.768227035652,-0.0176300108433,0.0190975181758,0.678082764149,0.734525859356,0.0252849079327,0.035494828797,0.198285668575,0.861425448005,-0.374135050115,-0.0383176503352,-0.47584786218,0.147042489002,-0.147136740677,0.382554818926,-0.198419504264,-0.211117182652,-0.0125138154253,0,0,0.461728644666,0.173049562906,-0.0401096543482,0.120510407736,0.000667680804382,-0.0650679727352,-8.41305315716e-21,0.575206063368,-0.43155052418,0.483499180191,0.14208434793,-1.1677820106e-05,-0.111950058515,0
0.0306807885216,1.65404700761,0.771422664995,-0.0157533977181,0.0170955993235,0.677465975285,0.735186636448,-0.115262278114,0.0936250789454,0.189943695367,1.04766362996,0.103743392843,-0.102141306638,-0.416025847402,0.169182963084,-0.13537796912,0.378124524105,-0.220941161357,-0.239328927874,-0.0193289369345,0,0,0.516164540603,0.172044886628,-0.0685488068028,0.120885077146,0.000627563847169,-0.0620092415481,1.60504662816e-21,0.550013330771,-0.416456857361,0.471293106259,0.142532662029,-7.55750605349e-05,-0.117567536055,0
0.0329662436914,1.68480626208,0.776340147543,-0.0170489959419,0.0182174053043,0.683092057705,0.729905962944,-0.239375687961,0.119106028741,0.165447513809,1.1994666478,0.118813791172,-0.0742642840935,-0.34087838026,0.17602571201,-0.142876484001,0.324979648949,-0.23411135162,-0.243890754488,-0.0173540394753,0,0,0.548050322131,0.176755962677,-0.108528089829,0.120825551485,0.00056870791595,-0.0574689467382,-4.94764557401e-21,0.52319336961,-0.398330328324,0.444667728934,0.142134468463,-0.000209637401811,-0.12992059037,0
0.0339128937425,1.71531935747,0.781862670708,-0.0177243668586,0.0185910686851,0.689806878567,0.723537623882,-0.360717065471,0.115993113123,0.138292912023,1.29409889842,0.0510736836467,0.00728435846005,-0.253577736474,0.177166863321,-0.151986460982,0.249473457082,-0.231275627811,-0.236624569136,-0.0203716699034,0,0,0.576280386408,0.181698063379,-0.147372576421,0.121086705198,0.000515334673048,-0.0539064975615,-1.65515128482e-21,0.495105290918,-0.389040523089,0.423183639918,0.141359898753,-0.000317067896737,-0.140076573203,0
0.0340048163782,1.74463475629,0.78600775515,-0.0181491021067,0.0188127476722,0.694061636925,0.719440877438,-0.462781097352,0.101342889114,0.120222483647,1.31808033432,-0.0338568463626,0.0503607409906,-0.167955993649,0.170544129116,-0.174262390697,0.170905375534,-0.213602306626,-0.222605975082,-0.0205266922712,0,0,0.60019503904,0.186683459577,-0.179588656435,0.122128186684,0.000495937525571,-0.0533862266286,1.89664077081e-23,0.458903880115,-0.394153023102,0.414718323433,0.141121933232,-0.000344192512921,-0.145924244045,0
0.0337641303877,1.7729045818,0.788197540772,-0.02001208812,0.0206495374441,0.695648193359,0.717806875706,-0.550071788522,0.0774529046681,0.103064939344,1.27229995052,-0.0999033064145,0.0615996265239,-0.104929516017,0.162356727215,-0.186977654795,0.124517430284,-0.211109302918,-0.20335086062,-0.0196424424648,0,0,0.618685823107,0.185872822131,-0.195081853193,0.124460055727,0.000540144906326,-0.0574533487068,-8.03666507986e-22,0.412368741059,-0.406390477497,0.410445297284,0.1408381931,-0.000328842979466,-0.149737812848,0
0.0335695273014,1.80124224902,0.788939634789,-0.0222248602659,0.0229399129748,0.695469558239,0.717845320702,-0.611751810164,0.0524393491355,0.0898007569528,1.1625273633,-0.175236986908,0.0721440075873,-0.0575662487075,0.151068654914,-0.202165268035,0.107747310361,-0.226640416694,-0.179957934787,-0.00932628381997,0,0,0.631731626146,0.17710640956,-0.193329970181,0.126753199527,0.000622681450781,-0.0622042382419,-4.24786289829e-23,0.368231442725,-0.418740522264,0.399871535742,0.140182013289,-0.000282986237455,-0.153221467395,0
0.0333177375744,1.82984525512,0.788242914708,-0.0245960019529,0.025364195928,0.695717275143,0.717446267605,-0.6343745546,0.0326762549959,0.0792637899845,0.971317448946,-0.216284647237,0.0616976554996,-0.0237388187394,0.134464683434,-0.220549649984,0.123221971871,-0.260428384321,-0.152926531522,0.00818818621337,0,0,0.63376570499,0.163561124271,-0.17704277219,0.12777126158,0.000714351200469,-0.0654600128872,8.91721204533e-22,0.331273478758,-0.433500373811,0.382689232718,0.138776550701,-0.000185445268912,-0.158040391471,0
0.0331187779326,1.858411436,0.78523754902,-0.0277478899807,0.0285495053977,0.696415126324,0.716534018517,-0.637076769547,0.021787008807,0.0716861489414,0.73940342156,-0.254124415939,0.0467618006032,0.00204202530104,0.124620931235,-0.230897664444,0.149514502661,-0.301888707145,-0.132729325846,0.0192230157554,0,0,0.624934768126,0.163374134718,-0.166217186795,0.12738387493,0.000734812816221,-0.0668718104673,-1.04957431893e-21,0.298259351908,-0.440617227438,0.361219287593,0.137154339228,-0.000123093976408,-0.163858027528,0
0.032617126734,1.88822342735,0.780680756387,-0.0309092849493,0.0318965092301,0.695219218731,0.717424154282,-0.627767041551,0.0328541767457,0.0968951785605,0.503403038775,-0.296320452339,0.00536782009658,0.0273889336998,0.1154095823,-0.237988289352,0.179229265564,-0.351133485198,-0.12330535416,0.0281854085624,0,0,0.613134841751,0.167190344434,-0.155026309519,0.12655393202,0.000713801546235,-0.0652405793833,-1.46483845876e-22,0.270462673812,-0.44457003888,0.343964416689,0.135297702244,-5.98975752475e-05,-0.169710347179,0
0.031388739062,1.91972346065,0.774951036539,-0.0332136005163,0.034395262599,0.693847477436,0.718532919884,-0.64884348315,0.0317263304159,0.0832746135548,0.385254250356,-0.377724809272,-0.0266906042364,0.0578285153161,0.109290912057,-0.237332535152,0.209358544187,-0.392706456885,-0.109485829774,0.0361063368618,0,0,0.60090064784,0.174608253684,-0.143749282914,0.125942111232,0.000693323645515,-0.0642982225755,7.92559271787e-23,0.252527147783,-0.446782444911,0.332227129063,0.133740379028,3.37874169484e-06,-0.174660010748,0
0.0285977248085,1.95322761907,0.769189642615,-0.0334295257926,0.0347811020911,0.692152798176,0.720136940479,-0.675058772938,0.0383453836164,0.11072922022,0.389507713204,-0.456422468602,-0.0386681854269,0.0933888254314,0.0996529188072,-0.226549783858,0.247151459105,-0.429667461858,-0.0957655623518,0.0421209745109,0,0,0.59122166199,0.185968527074,-0.140793514741,0.12511169673,0.000653409514839,-0.0630781791156,-1.23389016932e-21,0.246131527014,-0.453193870049,0.332984300586,0.132919164483,7.43634371153e-05,-0.177226951839,0
0.0249378825586,1.98826440823,0.765775253907,-0.0320103317499,0.0334964357316,0.690145432949,0.722185969353,-0.638761707351,0.0254684066353,0.110410138248,0.373438050094,-0.40598929152,-0.0067807138823,0.122878992339,0.0850326497579,-0.212294062768,0.305407308284,-0.459339153795,-0.0786521354308,0.0422997698188,0,0,0.585593021395,0.193107852,-0.139487615329,0.124911383902,0.000630883296817,-0.0628672070107,-5.20229966848e-21,0.250969899842,-0.458428240441,0.341279393776,0.133603708641,0.000102529807027,-0.173771718549,0
0.0198150613714,2.02494824936,0.765233397044,-0.0304812900722,0.0319113731384,0.690045118332,0.722419798374,-0.612080900706,-0.00184527141897,0.0992798469499,0.374921335154,-0.229324671874,0.0291355556899,0.130975416018,0.0518922811652,-0.207703975798,0.40781890929,-0.511750156979,-0.0473366337142,0.0430866107345,0,0,0.579405227061,0.187929324023,-0.131832305928,0.124944875971,0.000654877830598,-0.0630522128037,-1.86422077734e-22,0.274006252613,-0.460046308555,0.341002074085,0.13431929497,9.83501853651e-05,-0.172352885642,0
0.014648726004,2.06340868833,0.765983710976,-0.0252362508327,0.0261947494,0.693349123001,0.719683229923,-0.58295014912,-0.0212538100774,0.0817563747543,0.428652062185,-0.13273000873,0.0609972268574,0.127559086021,0.0345582445185,-0.200980757773,0.541971373562,-0.580050542579,-0.0427636107457,0.0422076545656,0,0,0.576074453437,0.181828613073,-0.12639782319,0.123853830645,0.00064446929641,-0.0601602005301,-6.33750458222e-21,0.321726049542,-0.452313759219,0.337671826534,0.135469535121,2.97700528513e-05,-0.165835099371,0
0.0105376112219,2.10164532639,0.769392071746,-0.0175361782312,0.0178900063038,0.699789822102,0.713909447193,-0.531450475043,-0.0459088021275,0.0629505189261,0.481301611268,-0.113266113595,0.116894072556,0.0843376976691,0.0124586066344,-0.216318361394,0.717547762567,-0.509161933521,-0.0543967115877,0.0409484729171,0,0,0.569905923928,0.182380779834,-0.130191333023,0.122248587747,0.000583158912719,-0.0547981739335,8.31931832046e-21,0.39634393636,-0.421168668459,0.320668973188,0.136859590812,-0.000132754301064,-0.153980070085,0
0.00619561483984,2.13639540487,0.774113536697,-0.0126630738378,0.0127864545211,0.703556478024,0.710411429405,-0.459338306631,-0.0733488463872,0.0545927802246,0.486940713211,-0.14706635982,0.140759952168,-0.0306983211359,-0.0478157033637,-0.236054122443,0.920203372435,-0.0586081243249,-0.0250103760772,0.0412218458951,0,0,0.55323707838,0.171646183693,-0.123650887834,0.12269495536,0.000624605321747,-0.0551779666726,-1.63069674592e-20,0.463391796663,-0.395253714735,0.306611943111,0.138345755736,-0.000264713555675,-0.144474255938,0
0.00253064242049,2.16826653998,0.78014810583,-0.012366078794,0.0126525210217,0.698855817318,0.715043723583,-0.373208870236,-0.0904357642442,0.074961656985,0.42932918565,-0.171232242637,0.158613498494,-0.155731741726,-0.0940901077503,-0.217486087071,1.07456554287,0.183953409393,0.00623187054587,0.0369204133749,0,0,0.530905064376,0.154486437738,-0.106847375281,0.124945475432,0.000768385566648,-0.0623113741994,-7.30237735393e-22,0.494083153319,-0.396676921482,0.331056694713,0.139736066858,-0.000246133376611,-0.134795510485,0
0.00115712089329,2.19991431257,0.786836815877,-0.0121219316497,0.0126254828647,0.692469358444,0.721234917641,-0.269665242129,-0.100635017203,0.0890494400449,0.332818200007,-0.176976124494,0.167185552618,-0.276382816064,-0.0929939240697,-0.195604461615,1.1891944689,0.112894328159,-0.0962813018206,0.0361487977207,0,0,0.506752991837,0.160805352404,-0.109432251177,0.127196994409,0.000868495274591,-0.0713683256091,5.90176818417e-22,0.50847427919,-0.417129783876,0.381171875624,0.140691423427,-0.000134352989519,-0.127654489925,0
0.00079556986808,2.22963862482,0.791139996703,-0.0131086949259,0.013813492842,0.688234686852,0.725238144398,-0.177779800234,-0.105546374363,0.105250259034,0.24125415264,-0.179605291774,0.167643283345,-0.392303040196,-0.091833647126,-0.193131663299,1.24339387034,0.0277513353887,-0.131276159178,0.0417647995055,0,0,0.47487139652,0.175971743363,-0.118794685734,0.129181640534,0.00093854524525,-0.0794443072627,6.35963415972e-21,0.521502320629,-0.427565387858,0.412806367617,0.141231785989,-9.2352238322e-05,-0.128043057126,0
0.000456890866167,2.25820798406,0.792965859244,-0.0149502055719,0.0158630292863,0.68569535017,0.727562189102,-0.0999865287124,-0.114319847389,0.109145205031,0.166228845984,-0.179300777986,0.172089841499,-0.495022045327,-0.0790576189517,-0.191657727011,1.22395699151,-0.0231065900126,-0.154464505554,0.0450615212321,0,0,0.437707146407,0.191754915836,-0.121144143445,0.130227514251,0.000985304599312,-0.0857791130177,-3.47279347909e-22,0.537628444502,-0.424437003804,0.419816150135,0.141128495838,-0.000125571522584,-0.131470739475,0
0.000226031207364,2.28667738913,0.792254562513,-0.0175349116325,0.0186874847859,0.684036076069,0.728997886181,-0.0417913291217,-0.121477561969,0.11118064894,0.12460381646,-0.191701925424,0.172950833667,-0.578412839558,-0.054878031669,-0.183918053331,1.13819574016,-0.0834703080983,-0.152273460648,0.0407598540187,0,0,0.400106027795,0.205629457601,-0.115544539975,0.13061915703,0.000991851917754,-0.0898202750633,-4.29871359365e-22,0.55278623693,-0.416541408818,0.416628846432,0.141010493197,-0.000181528911698,-0.134856726648,0
0.00044712348141,2.31523929566,0.789488012785,-0.0202925354242,0.0216967519373,0.682776212692,0.730023384094,-0.00198649850436,-0.123884694121,0.120563001749,0.122734293759,-0.223347534438,0.173526636883,-0.631903882609,-0.021978236811,-0.168420959353,0.983933122609,-0.125123226027,-0.146804879681,0.030238866806,0,0,0.36434968387,0.222206223093,-0.107049095616,0.129757693762,0.000927995559127,-0.0916825949835,6.88232641375e-23,0.563157680558,-0.412348399815,0.417265080698,0.141052364628,-0.000198228131686,-0.134300768797,0
0.00102469611999,2.34445397311,0.785631228197,-0.022881032899,0.0245182458311,0.681892037392,0.730683624744,0.0313466984522,-0.12795537628,0.121844046255,0.137695549927,-0.263095367491,0.176443745034,-0.646845945674,0.0100031065845,-0.151442393707,0.764315029452,-0.184567343127,-0.131268209699,0.0215749852359,0,0,0.334273766432,0.237930776252,-0.100971648069,0.12880100074,0.000841447109139,-0.0917436554842,2.10086816618e-22,0.569253598787,-0.414223561046,0.422679973653,0.141237461052,-0.000170708352781,-0.129732477669,0
0.0016732052155,2.37544020686,0.780337328296,-0.0243884902447,0.0261943656951,0.680991411209,0.731416285038,0.0697570985831,-0.132025357627,0.126454486122,0.154348524163,-0.293353443678,0.179888336969,-0.628198781159,0.0303318801704,-0.143907697606,0.505157582344,-0.237740905095,-0.105063588734,0.0173291061074,0,0,0.314723876639,0.247866225833,-0.0953627732346,0.128249280948,0.00078913566847,-0.0916249598227,1.52100172051e-23,0.57566092276,-0.418324043151,0.427759834234,0.141511797581,-0.000136446919204,-0.12510758229,0
0.00262873363216,2.40814670463,0.773967934585,-0.0247067324817,0.0265788808465,0.680392384529,0.731949031353,0.110714893082,-0.131058902495,0.14020047644,0.183211541065,-0.339517213042,0.177277428673,-0.626408204483,0.0344201018304,-0.155091962942,0.342274522126,-0.336786247384,-0.0437740957108,0.0151262562722,0,0,0.305281730615,0.250759675107,-0.0882275814403,0.127937623301,0.000778816500689,-0.0922862303654,-6.32581159477e-23,0.582597674897,-0.418674253943,0.425491709691,0.14165342543,-0.000135182225793,-0.125170676435,0
0.00537396273947,2.44209868408,0.76793068028,-0.024481497705,0.0263716392219,0.679914176464,0.732408285141,0.147803511455,-0.116400338593,0.160568937596,0.22930403123,-0.387433646644,0.154506019483,-0.653384158969,0.0262580178206,-0.198016682601,0.340081356217,-0.449442911213,0.0178338534484,0.0149450711906,0,0,0.304622302825,0.253878178567,-0.0854314945674,0.128244431147,0.000785095492498,-0.0939776195658,8.56753024059e-22,0.587942757874,-0.416093910143,0.420811592365,0.141576755761,-0.000165829075522,-0.129768083298,0
0.00913785028862,2.47707935861,0.763022075241,-0.0231353435665,0.0249238908291,0.679927051067,0.732490837574,0.166822634639,-0.101063741707,0.158489279506,0.317727959132,-0.449394366122,0.134328124571,-0.616305937034,0.0440088498255,-0.194495286899,0.318153650567,-0.415634907576,-0.00141663516756,0.0196180399507,0,0,0.312477989185,0.250187001109,-0.0848609606568,0.128355415743,0.000813866952797,-0.09302961933,4.77207330867e-22,0.593483543065,-0.415681656438,0.419288637738,0.141701839571,-0.000189355971032,-0.132869318344,0
0.0150208946883,2.51322419244,0.761517556616,-0.0217803362757,0.0235906280577,0.678003847599,0.734356760979,0.16199224854,-0.0623790204928,0.168735687473,0.453263317483,-0.534726233495,0.0976282493804,-0.580722000085,0.0834413820301,-0.166746269992,0.310662116056,-0.278202108124,-0.0531331529904,0.0127578629181,0,0,0.338961839804,0.245746764175,-0.073462298615,0.127166486993,0.000776029613806,-0.0911670711144,-4.21254982993e-21,0.590378338958,-0.413228048003,0.42548470064,0.141920057855,-0.000191054377288,-0.134053565021,0
0.0206493023588,2.5502767242,0.761222516431,-0.0176270455122,0.0193483941257,0.673228144646,0.738971471786,0.147230256302,-0.0402586587147,0.176021294213,0.605963804142,-0.606401028081,0.0787338781772,-0.560739130258,0.112181668535,-0.129279173361,0.37231006529,-0.199694798493,-0.0814301020121,0.00707232113928,0,0,0.384786989582,0.233055634554,-0.0604050824072,0.125010085109,0.000719580803067,-0.0834075967801,-5.62395017287e-21,0.586944129775,-0.416002643945,0.437421590221,0.142188895314,-0.000150398961628,-0.128339686352,0
0.025037069545,2.58708550805,0.764160369209,-0.0122881932184,0.0136945378035,0.667743206024,0.744164288044,0.0928980703371,-0.00536282698992,0.209091607663,0.785317479351,-0.511072286918,0.055322374161,-0.512695892035,0.13591993811,-0.102391705012,0.408529741805,-0.169012398072,-0.127585338986,0.00198167888448,0,0,0.44249207283,0.207201926914,-0.0509721688324,0.122917811203,0.00069842503162,-0.0743311149891,1.35760974977e-20,0.575561253366,-0.425013633361,0.455393843731,0.142022420875,-6.16150592873e-05,-0.114204368143,0
0.0293436684856,2.62112341301,0.76843560232,-0.00862146448344,0.0096577256918,0.665895283222,0.745932877064,-0.0213052450378,0.0630050065578,0.236037155986,0.975413120123,-0.0956926833358,0.00557832626587,-0.444639401764,0.165589930956,-0.0754101462934,0.406156497819,-0.183782917051,-0.18926293944,-0.00207818811759,0,0,0.491613791023,0.186652214488,-0.0502533979345,0.121116195723,0.000657023732566,-0.0652698823732,3.0784593162e-22,0.56310005436,-0.419384940088,0.452624545407,0.142229561679,-6.5870532203e-05,-0.112917648731,0
0.0327970983699,2.65212060665,0.772848108029,-0.00879603903741,0.00970294792205,0.671576738358,0.740819215775,-0.146662236863,0.12496896402,0.219126935468,1.11786961434,0.223486870881,-0.0692317542315,-0.37873649344,0.182002626897,-0.0779062567004,0.380254185144,-0.211409758616,-0.216237026303,-0.000110697787022,0,0,0.513202355497,0.179202848953,-0.0605572552768,0.118977538002,0.000583746462259,-0.0563889552487,-3.32249024335e-21,0.548967159521,-0.398656778626,0.432335304203,0.142537883697,-0.000190210282094,-0.125714737787,0
0.0340872210361,2.68339661984,0.779250765,-0.0100194392726,0.0107878744602,0.680454909801,0.732642054558,-0.26485150966,0.119601597082,0.182506792261,1.23402881683,0.0919125513507,0.0110052678142,-0.297252711109,0.178859912268,-0.0876741309723,0.320176408396,-0.231770147089,-0.217952910781,-0.000400393095333,0,0,0.522285346466,0.179644352805,-0.0854335413204,0.118525559,0.000534632417352,-0.0524421066425,-1.22195684169e-21,0.531238113121,-0.387425508925,0.415301280407,0.141476029889,-0.000305678288323,-0.139625770489,0
0.0343805384636,2.71344008403,0.784162384008,-0.0114970933646,0.0121269123629,0.687914729118,0.725599169731,-0.372565630208,0.110095113601,0.156873610951,1.27988199752,-0.010860423362,0.0144445646892,-0.221181482408,0.172728491868,-0.0990706130159,0.262521470579,-0.249155335439,-0.218083175027,-0.00677903881297,0,0,0.52774798961,0.173086299918,-0.0950238170579,0.120112117099,0.00057305991632,-0.0555347871688,-3.76853552937e-23,0.504212006122,-0.389217382288,0.413282113268,0.140423113186,-0.000359029273273,-0.150926276207,0
0.0342313367133,2.74252850357,0.78723876977,-0.0131853800267,0.0137009359896,0.693294882774,0.720403075218,-0.468986418074,0.0820064889233,0.130165298113,1.26202104437,-0.0952114450881,0.0362467950747,-0.155372370745,0.165084118224,-0.114640745184,0.21670638212,-0.257149296251,-0.214964150007,-0.0146561451256,0,0,0.533389691578,0.168512120603,-0.0996372638085,0.122454404319,0.000651609302763,-0.0627631447866,3.86802784517e-21,0.466221299106,-0.402394390633,0.42367493718,0.139725764127,-0.000342727926422,-0.15810799175,0
0.0340015112869,2.77136944884,0.788760057024,-0.0156768355519,0.0161091014743,0.697249948978,0.71647554636,-0.546966136122,0.0568801123938,0.10771443108,1.18235051076,-0.163319616345,0.0453134009657,-0.0980541048559,0.161453489607,-0.123906992111,0.177361520874,-0.255868501264,-0.20777432152,-0.0149404248223,0,0,0.538479048747,0.159408090535,-0.0953684823671,0.124023875025,0.000744245932122,-0.0685808928407,-1.0580301135e-21,0.424298541039,-0.421084248638,0.438871166959,0.139707629883,-0.000288999982423,-0.162751728123,0
0.0337355833045,2.8004664171,0.789031423851,-0.0180855542421,0.0184216909111,0.700332999229,0.713349342346,-0.587896802446,0.0328075423094,0.0910586312325,1.02333436463,-0.199255893756,0.0461349620478,-0.0417270768194,0.152118035294,-0.138502260878,0.14264769965,-0.249293685008,-0.188423151492,-0.00403775740415,0,0,0.54354956832,0.149148567403,-0.0906664428726,0.124789663218,0.000810146732429,-0.0697229083957,-6.87871893493e-22,0.389202148221,-0.438479782078,0.441513782869,0.139188946011,-0.000201013793451,-0.164289419351,0
0.0333503295414,2.82976965045,0.787109443091,-0.0210694074631,0.0213535614312,0.702038645744,0.711506724358,-0.6069579539,0.01154549598,0.0672286177727,0.815452539712,-0.22003736417,0.0348388663648,-0.0030149752268,0.144702394935,-0.149721245004,0.143196860219,-0.271695616038,-0.175572228589,0.00633968738839,0,0,0.551143476027,0.144737145825,-0.0882049689782,0.124149409149,0.00080925462488,-0.0671469208268,9.25905379854e-23,0.356564374759,-0.449901790324,0.43842664116,0.138828268341,-0.000125697884148,-0.164217369757,0
0.0327753053176,2.85977957738,0.783811393594,-0.0241627451032,0.0244721956551,0.70217782259,0.711170554161,-0.596964143132,0.00707154290214,0.0603270721061,0.561686546293,-0.239313274225,0.00104782009039,0.0265771497624,0.132544717302,-0.167674578559,0.165350220048,-0.316409232903,-0.160774177308,0.0161983110011,0,0,0.559412380212,0.145107508237,-0.0878309957278,0.123098325169,0.000770119548021,-0.0630651482489,2.55757051078e-22,0.329195550694,-0.456667471792,0.429637168262,0.138575624768,-6.12712284465e-05,-0.163640343577,0
0.0319176632569,2.89124190866,0.778232153009,-0.0265816468745,0.0270083919168,0.700949907303,0.712203025818,-0.609205660097,0.0136201210981,0.0638604835822,0.395879004433,-0.308715892249,-0.0469217298575,0.0572477597914,0.123849914016,-0.181094583174,0.195039154105,-0.35561668102,-0.14460622101,0.0266538765281,0,0,0.570538413069,0.143326511041,-0.0785968679864,0.122426854817,0.000755890730587,-0.0605272995365,-4.03101396678e-22,0.307200527007,-0.458015252261,0.418877792272,0.137796341882,1.02622307507e-06,-0.16421735916,0
0.0296397635598,2.92439293949,0.772269480742,-0.0281852502376,0.0288176108152,0.698651194572,0.714326024055,-0.649572154639,0.0199766916163,0.07844155513,0.368742646512,-0.403097754071,-0.0578486196541,0.089167994541,0.111533304601,-0.185554657833,0.233149351829,-0.39833964397,-0.125637922206,0.0348874144256,0,0,0.583603913885,0.143518376776,-0.0711641973167,0.121852808598,0.000746686934086,-0.0593391933475,4.93209398979e-21,0.293849449361,-0.455363966592,0.406842289048,0.137062412203,3.9520086617e-05,-0.16547859234,0
0.0263776111209,2.95931596501,0.766837541051,-0.0276440083981,0.0285266358405,0.695360600948,0.717562317848,-0.648292044961,0.0299872505061,0.120208706841,0.373791972613,-0.420692129376,-0.057407739405,0.122599197956,0.098679889225,-0.174970229598,0.283084807456,-0.439967622445,-0.107778519527,0.0398879982531,0,0,0.599653769565,0.150783840469,-0.074531386462,0.121335792842,0.000708343627866,-0.0580835047586,1.87443769132e-20,0.290786654171,-0.453456138572,0.402274018826,0.136651000851,6.35649985585e-05,-0.165210825441,0
0.0215149622626,2.99481657663,0.765278222986,-0.0275067966431,0.0285279396921,0.693560421467,0.719307661057,-0.618113358128,0.00360568403051,0.11054942448,0.371414511192,-0.302520729584,0.00335404823216,0.13555113609,0.0696524228753,-0.174998326425,0.366316016162,-0.482614097667,-0.0813675088119,0.0436933040619,0,0,0.610565646788,0.152963247164,-0.0772019220698,0.119919761949,0.000658541312383,-0.0547652049061,4.64616409098e-21,0.301684927733,-0.446460120998,0.387272199459,0.136299642874,4.89517235983e-05,-0.166348498242,0
0.0161967211349,3.03224744372,0.765272249847,-0.0242108553648,0.0251040961593,0.693762779236,0.719358623028,-0.595674295952,-0.00927996163997,0.10798156213,0.40658960509,-0.154762277567,0.027040146826,0.139561454209,0.0504325691213,-0.167856993589,0.482193705622,-0.556864906548,-0.077727375363,0.0437652058899,0,0,0.624196867866,0.147346073248,-0.0718763619229,0.118431059528,0.000624654724328,-0.0511597997423,-4.37526491602e-21,0.327446158771,-0.444696738103,0.382814654676,0.136685702364,1.420321011e-05,-0.165461796007,0
0.0124797924247,3.0696789684,0.768307919625,-0.0184417273849,0.0189277809113,0.697606921196,0.71599316597,-0.559737023638,-0.0266924094503,0.0918897171682,0.467734033546,-0.120157296966,0.103058290566,0.115272171262,0.0432853338734,-0.189579041235,0.633039285523,-0.583092374375,-0.115425051098,0.0412118472159,0,0,0.629865595189,0.153876643809,-0.0786982041912,0.11501177302,0.000508515377466,-0.0432759737414,5.92281230148e-21,0.376348659168,-0.422048143559,0.369321765356,0.138041553542,-9.07493029106e-05,-0.152651268939,0
0.00883269960697,3.10466819165,0.773928095392,-0.0132252098992,0.0134911499918,0.699908494949,0.713982641697,-0.489178164672,-0.0391814124679,0.0864622222328,0.48003884815,-0.159158354195,0.122486310924,0.0243680866003,-0.000495783293642,-0.238938298112,0.832266527432,-0.297543456616,-0.139777391084,0.0391862057149,0,0,0.624201766655,0.157652065999,-0.0786273710523,0.114066620316,0.000476680535869,-0.0412088275506,-3.58028610901e-20,0.431016169348,-0.391715726278,0.350397734252,0.139296364716,-0.000216274761202,-0.140742491424,0
0.00522066729975,3.1366031133,0.780013573204,-0.0123160639778,0.0127490311861,0.694679617882,0.719100832939,-0.413385366492,-0.052140689352,0.103858283514,0.4502631411,-0.195179877464,0.131095036662,-0.0962340143013,-0.0703587721548,-0.26378937746,0.99060103391,0.151022398909,-0.143633658415,0.0388006307185,0,0,0.605692908481,0.149686675621,-0.0665995068198,0.117194548316,0.000585773234581,-0.0480913263615,1.78063263277e-22,0.459384933682,-0.385282023781,0.3547527921,0.140419699904,-0.000237467698149,-0.134727483896,0
0.00591434900786,3.16272973271,0.781648952892,-0.00572860334069,0.00600966345519,0.689954340458,0.723805248737,-0.349087373351,-0.0921468384074,0.142901616046,0.442853914489,-0.215839166537,0.144227439436,-0.253377838663,-0.153986946335,-0.256365134197,1.27371629216,0.0215084738716,-0.212860512275,0.0539429448545,0,0,0.594729995127,0.127378157365,-0.0868598242518,0.122582262731,0.000773379146565,-0.0572875817761,8.29373174545e-21,0.487548280828,-0.438864551025,0.378089986921,0.140656930231,-4.58845006803e-05,-0.135757787037,0
0.00269666695669,3.19603880513,0.793019781893,-0.0124231949449,0.0132691655308,0.683340609074,0.729873418808,-0.215427670065,-0.0744205987102,0.124958411158,0.256780205274,-0.198741157228,0.139564834475,-0.32125085421,-0.0555724372937,-0.208738212713,1.20320137849,0.0469818693083,-0.195626318152,0.0361854061484,0,0,0.542791420424,0.178008924049,-0.0829661347094,0.124003066602,0.000746794213105,-0.0664418486466,2.33076494605e-21,0.465391488,-0.410704923734,0.404695944832,0.140576099155,-0.000143181990991,-0.141015606002,0
0.00254716552196,3.22339578156,0.79573169658,-0.0137114096433,0.0147232124582,0.681376159191,0.731656849384,-0.133134100939,-0.0844205206082,0.131051559046,0.172129092098,-0.19423669101,0.139027379637,-0.429954996914,-0.0309311177502,-0.183820706505,1.2297217824,0.0221128937497,-0.178238251279,0.0397166907787,0,0,0.49758180685,0.195141202983,-0.0937600694782,0.126066270854,0.000787038398179,-0.0727217247059,-2.27185045175e-22,0.472347338273,-0.41253006404,0.405205694471,0.139565878252,-0.000167501269132,-0.149409153547,0
0.00224146213658,3.25009911028,0.795863324835,-0.0162158980966,0.0174791179597,0.679926335812,0.732892692089,-0.0796901919814,-0.0937947692676,0.134129587477,0.134496491114,-0.204087046674,0.143851044839,-0.52620965805,-0.0121192388418,-0.170096998404,1.20077363489,-0.0145687876099,-0.169006914336,0.0420430004597,0,0,0.447825555549,0.211028767804,-0.102407202853,0.127786082857,0.000826933968159,-0.0785944082344,9.00792594699e-22,0.479081439835,-0.410001704019,0.39453622553,0.138266082893,-0.000219776450443,-0.157848349145,0
0.0024035826408,3.27657666531,0.794226355963,-0.0196153987199,0.0211448054761,0.679813146591,0.732817947865,-0.0430274270499,-0.101238915555,0.13267454288,0.123952318041,-0.222522677544,0.154448222106,-0.601149476123,0.00609068778471,-0.164276378082,1.11238429956,-0.0638889169134,-0.166476662311,0.0416340716183,0,0,0.395584897151,0.228999236262,-0.113583137093,0.128929117993,0.000829995722285,-0.0827070815084,3.45810838761e-22,0.484462948011,-0.410424374962,0.387809093715,0.137696009151,-0.000249703988287,-0.161520461239,0
0.00301960647843,3.30346981928,0.791590338501,-0.0228906981647,0.0245407484472,0.681711018085,0.730851411819,-0.0107648470812,-0.105969005692,0.127723036673,0.125441748647,-0.243780574877,0.156295786303,-0.648044876011,0.028199050043,-0.156195309918,0.965864122075,-0.109458600882,-0.16157885148,0.0384779833257,0,0,0.344617457486,0.245942220518,-0.127236055749,0.12935247531,0.000791222206924,-0.0842145025062,3.80290138559e-22,0.489557677943,-0.414663103355,0.390198141511,0.138313341071,-0.00022530302162,-0.156659686391,0
0.00393810053449,3.3315236254,0.787928475522,-0.0252413507551,0.0269134324044,0.683619618416,0.728905141354,0.023376650823,-0.10841808842,0.124600340569,0.134839771418,-0.270243359957,0.156584217594,-0.657662559643,0.0486006643907,-0.147103772971,0.760405825407,-0.157265454817,-0.137028394256,0.029704220593,0,0,0.304163183341,0.258852814133,-0.137568772612,0.129146344007,0.000719188110216,-0.0844087281134,2.65197862625e-22,0.499005469811,-0.416966459444,0.394189488481,0.139528819552,-0.00020109406132,-0.148166244185,0
0.00505016312339,3.36086017681,0.782979592895,-0.0268256925046,0.0285258833319,0.684538602829,0.727924108505,0.0583056313832,-0.10916992486,0.132618579221,0.15285700178,-0.298783673268,0.156426234781,-0.638686402906,0.0538994572742,-0.159132011475,0.520517282665,-0.207993821187,-0.0919341458118,0.0198090970516,0,0,0.27699567817,0.259164581656,-0.133575975817,0.128917204381,0.000700152483759,-0.0865909891501,9.48999742184e-23,0.508164654812,-0.417350317972,0.396379838389,0.140603704368,-0.000176449110231,-0.138882057696,0
0.00620139104331,3.39192970571,0.776814546296,-0.0280428379774,0.0297053381801,0.68589258194,0.726555228233,0.0954875427811,-0.110824894895,0.14715187681,0.173639890556,-0.319668823455,0.157027743901,-0.631244457969,0.0446798090003,-0.182611214437,0.357291991142,-0.307978858646,-0.0377529438349,0.0166712664068,0,0,0.256912538397,0.254617181596,-0.134162257937,0.129663953064,0.000767950974875,-0.0935066193933,-3.60236819008e-22,0.520218747476,-0.416585121533,0.392557628678,0.140951295107,-0.000172957097457,-0.135273145261,0
0.00914673036662,3.42490230956,0.77098580386,-0.0290372092277,0.0305803343654,0.687961101532,0.724521398544,0.129285498712,-0.10246597303,0.161313432644,0.208672362501,-0.345515735553,0.147946388605,-0.652360079038,0.0299859701903,-0.222641339781,0.338193311606,-0.427699055303,-0.0133270062369,0.0160913486034,0,0,0.243585465175,0.249002517865,-0.138536403073,0.13127023361,0.0009007598916,-0.10522663148,-2.24360873523e-21,0.531685861133,-0.413413122553,0.386290825194,0.140851376141,-0.000192398219866,-0.135687837169,0
0.0131520222926,3.45932118023,0.766035934843,-0.0279230438173,0.0292046293616,0.690505504608,0.722197711468,0.154425869233,-0.0889152693211,0.161595168488,0.280070034365,-0.390244750983,0.134470452886,-0.624376934523,0.0334373452991,-0.22380503379,0.326143429274,-0.41995651978,-0.0322383409146,0.016021002084,0,0,0.245825344468,0.244678756639,-0.146613706959,0.1315678745,0.000979869011472,-0.112196454697,-7.56844895484e-22,0.544991460252,-0.412658204484,0.387129668523,0.140751971101,-0.000199773461563,-0.135313633486,0
0.0197559910001,3.49450833905,0.764317095608,-0.0268536712974,0.0281127300113,0.690206468105,0.722567379475,0.150675273453,-0.0522627860845,0.167130378859,0.408790124929,-0.462775553925,0.101354229048,-0.587686682184,0.0640114473802,-0.20516287589,0.31301094338,-0.279361025367,-0.0764921385451,0.00443208217621,0,0,0.269071338404,0.236182047306,-0.130206360481,0.13072125629,0.00098882951627,-0.116829005284,-9.05944972961e-21,0.549760831871,-0.407976447508,0.39496184911,0.141175926585,-0.000215966084767,-0.135487374691,0
0.0263180492671,3.53089078326,0.764117844844,-0.0225136112422,0.0237149745226,0.688130259514,0.724849998951,0.144461904436,-0.0320325315291,0.165547814757,0.550331074956,-0.540220451184,0.0873277904051,-0.547650063662,0.0872785299255,-0.183817369437,0.324411802772,-0.152029714686,-0.114450931471,0.0015002094442,0,0,0.31214239534,0.227410974868,-0.118735738516,0.130112152481,0.000955993262933,-0.110865645184,2.36248491072e-22,0.558520052513,-0.405858871453,0.403083859159,0.141620840369,-0.000209726108476,-0.132446252951,0
0.031727224928,3.56728747532,0.766841048215,-0.0163964889944,0.0174961779267,0.683607399464,0.729455947876,0.111231034004,-0.0149683438562,0.183181336084,0.712194770508,-0.544949000846,0.108694922194,-0.495470508247,0.110599050729,-0.164170174173,0.352719202224,-0.108800851376,-0.181782516519,-0.00450485851616,0,0,0.380340322591,0.209173471305,-0.101672452482,0.127330427367,0.000832006612783,-0.0929082610385,-1.02684916603e-20,0.560675363448,-0.40918798958,0.420838414968,0.141738578027,-0.000143872283381,-0.123092314142,0
0.0365930864035,3.60135168401,0.771751626034,-0.0116293439642,0.012517102994,0.680550336838,0.732502102852,0.0221043224993,0.0394111820648,0.220468899705,0.891108542856,-0.246008754361,0.088850629891,-0.423406762235,0.128194441419,-0.158048875178,0.352256440017,-0.130047293374,-0.202577187487,-0.0096823265776,0,0,0.444578577874,0.19259497826,-0.0885552806436,0.125449971417,0.000748524225988,-0.079165050295,-1.53493905848e-21,0.555510067133,-0.409536138315,0.429903831602,0.142120024467,-0.000128728196438,-0.122770667211,0
0.0410841060096,3.63198150221,0.776482954884,-0.0106007782742,0.0113273728639,0.683219373226,0.73004835844,-0.0980142503162,0.113815068235,0.23240644829,1.04148512366,0.172541486416,0.0325263350898,-0.348643120438,0.147334732102,-0.166131520103,0.314112421718,-0.149395903792,-0.212079207886,-0.0055022444576,0,0,0.484942695257,0.202372764866,-0.100726324821,0.1227996928,0.000589553470741,-0.065190543216,3.36558511648e-22,0.546345924931,-0.400892845288,0.429990502374,0.142020694586,-0.000202829521262,-0.13206563258,0
0.0437343542015,3.66188796779,0.782317780058,-0.0118792839348,0.0124894343317,0.689083635807,0.724476754665,-0.212594027663,0.11730958829,0.203632627191,1.18297878062,0.0605958245804,0.0935443906321,-0.263400777134,0.157457748384,-0.170345487654,0.23664043418,-0.153202104579,-0.208908099762,0.00136020127684,0,0,0.506325923014,0.224013039534,-0.129932597903,0.120831297032,0.0004504934919,-0.0563130402871,7.92689994034e-23,0.532971646817,-0.400864245106,0.430330998624,0.141058260152,-0.000256713962334,-0.143040539563,0
0.0448873378441,3.69033282271,0.787098318805,-0.0133273499086,0.013808500953,0.694331884384,0.719399034977,-0.323671470081,0.0993147940208,0.169861308157,1.25786835912,-0.024353501892,0.0895348527274,-0.183080590584,0.156426729208,-0.184915865858,0.16297824987,-0.155578640574,-0.196766419101,0.000879482540768,0,0,0.524024189294,0.233430253943,-0.143311261457,0.120532283767,0.000407405371134,-0.0547161320276,9.89205881859e-23,0.515847807426,-0.406283979784,0.432334296613,0.140120634332,-0.000269953512583,-0.151348521251,0
0.0455123049076,3.71752781201,0.790169663019,-0.0151049364358,0.0154978549108,0.697807013988,0.71595877409,-0.424908010641,0.0661276527455,0.13813413876,1.26724151081,-0.076362514179,0.084235802752,-0.120457463296,0.148079137637,-0.208476807466,0.117908775809,-0.165775775891,-0.177894351895,-0.00327514181845,0,0,0.539679138519,0.231094501703,-0.138067715611,0.122143002013,0.000455855415148,-0.0601132171729,-4.88370871838e-24,0.496541299322,-0.414577461199,0.437198955781,0.139582579749,-0.000257411142562,-0.156608191045,0
0.0461318673762,3.74383505037,0.791848553462,-0.0180185381323,0.0183374471962,0.700645506382,0.713046252728,-0.512376252067,0.0281613104622,0.105429534357,1.22176010079,-0.143621687323,0.0851887424104,-0.0806873108969,0.138302485272,-0.227822298202,0.108049146733,-0.185276359741,-0.159951930983,-0.00675089424476,0,0,0.549417359582,0.230620791369,-0.135027635481,0.123854845244,0.000515675131406,-0.0671806081499,5.14244033732e-22,0.476481389173,-0.42176410935,0.438458117085,0.139389897336,-0.000241557771758,-0.158583405538,0
0.0465671427531,3.77000068698,0.792149840783,-0.0214644856751,0.0216446854174,0.703817605972,0.709726393223,-0.576628569377,-0.00363750099142,0.0751746582253,1.11602579333,-0.194248601462,0.0790683102625,-0.0489245840155,0.126427457773,-0.251750153824,0.111076350432,-0.213704377238,-0.139404675605,-0.00494910264388,0,0,0.555455504152,0.23154326423,-0.136540273247,0.125046790812,0.000563550404776,-0.0727438227662,-1.64142849378e-22,0.461969247849,-0.426939982355,0.435656956666,0.139167083683,-0.000226955331439,-0.159880174035,0
0.0464759325102,3.79649512023,0.791398047266,-0.0245537608862,0.0246579665691,0.705180585384,0.708173334599,-0.612703597797,-0.0283300826524,0.0474835808919,0.954635819446,-0.216689124943,0.0802518502941,-0.0203361481827,0.117735560776,-0.264573207317,0.123745058185,-0.24319621442,-0.127140210179,0.00479503069073,0,0,0.561794617109,0.227809733163,-0.134281379419,0.125639448946,0.000607459733646,-0.0748573206784,3.56707597906e-23,0.451250843634,-0.433922911225,0.435335757995,0.139149053265,-0.000177541787855,-0.158112337374,0
0.0462282013668,3.82366468259,0.789774120661,-0.0272050760686,0.0273237377405,0.705041646957,0.708116889,-0.608389208011,-0.0389190047917,0.029146983345,0.723884505288,-0.216013056864,0.0607825305512,0.00510944568425,0.108813231963,-0.27228237817,0.147454222912,-0.279047741245,-0.112065328858,0.0167851485312,0,0,0.570611200458,0.218430437853,-0.126591963244,0.124953819801,0.000627854252712,-0.0720885692918,-2.76546522411e-23,0.444345410437,-0.440223226237,0.435324332837,0.139036953481,-0.00012793717943,-0.157320302019,0
0.0456737543327,3.85179652311,0.78615746722,-0.0295343548059,0.0297495909035,0.703915596008,0.709045469761,-0.595198194594,-0.0247217582372,0.0503045805204,0.495705134996,-0.246175670722,0.0346501852253,0.0313469470076,0.102704283403,-0.27533089553,0.173253235085,-0.315255213317,-0.104061616282,0.0257720369846,0,0,0.580527250596,0.208817678616,-0.116440193784,0.123814341092,0.000629981767562,-0.0681147452766,7.89524602649e-23,0.440974423191,-0.439342091722,0.430140729265,0.138893466484,-0.00011468035512,-0.157956167505,0
0.0444707456513,3.8815162322,0.781269631169,-0.0311539787799,0.0316128060222,0.701227366924,0.711554825306,-0.605404812793,-0.00959104374762,0.0750798496776,0.35798168811,-0.31414600858,-0.00975587915833,0.0615941114101,0.0988639260997,-0.268429110922,0.199798995922,-0.352160062015,-0.0946992693604,0.0300124008209,0,0,0.593310226356,0.201740984564,-0.106621888778,0.122701908087,0.000620946112995,-0.0647879830353,9.46196805418e-23,0.437026818459,-0.439642492069,0.431367357451,0.138868651926,-0.000100510574569,-0.157551701745,0
0.0421038482388,3.91269097602,0.775645290644,-0.0315970443189,0.0323896482587,0.697579026222,0.715077638626,-0.648841378898,0.0076440908732,0.105694441534,0.370451116036,-0.409878039605,-0.0285809989715,0.0932993971474,0.0945729835732,-0.253145687433,0.234259270014,-0.390626632193,-0.0888571158481,0.0367776304483,0,0,0.606367963645,0.19576971942,-0.0982271688321,0.121941529224,0.000622410720942,-0.0629313530135,2.11768671639e-21,0.438809837443,-0.438887102817,0.432534552402,0.139004536976,-8.54812153818e-05,-0.156103999504,0
0.039008135399,3.94550093514,0.770648951702,-0.0301712621003,0.0311966314912,0.694539964199,0.718143880367,-0.63243160557,0.0150564112606,0.123297495463,0.366864195126,-0.406918704359,-0.0342808384451,0.124777259653,0.0880344363751,-0.231284294437,0.283382156887,-0.425552081862,-0.0785374439532,0.0414323881269,0,0,0.618878335465,0.193803488358,-0.0960114839105,0.120860721582,0.000598433294657,-0.0602943472027,2.76350426174e-21,0.44582433679,-0.442014976005,0.439023178891,0.139655855831,-5.63661937883e-05,-0.150081617525,0
0.0346734517453,3.97952218107,0.768185223679,-0.0280324555933,0.0289862509817,0.694615781307,0.718249857426,-0.587738781099,-0.00856210774384,0.111690923629,0.355969968632,-0.31702116437,-0.00486463442646,0.141205743217,0.0632610265904,-0.224332381244,0.369561032406,-0.47433062945,-0.0558075201286,0.0430935584009,0,0,0.626018493433,0.193237973239,-0.100217138407,0.120199107995,0.00056760606311,-0.0576119929078,7.56597329275e-21,0.465451360714,-0.438542735773,0.429427289064,0.140231809389,-6.53574823587e-05,-0.145287670792,0
0.0287943862988,4.01545658506,0.767870784492,-0.0238299109042,0.0245914701372,0.695491373539,0.71771800518,-0.551571176267,-0.0286411055571,0.11482721153,0.360356197619,-0.15018344305,0.0343487266729,0.146345666804,0.0292949047134,-0.221578095515,0.486364828142,-0.54543369329,-0.026596253183,0.0379488617182,0,0,0.63469247549,0.187895385211,-0.098948251081,0.120084080261,0.000570931520835,-0.0569737085584,2.88229529382e-21,0.490804481192,-0.436305795724,0.417890494675,0.140634561444,-9.48170779714e-05,-0.144048864115,0
0.0240988294954,4.05149182001,0.769030066645,-0.0169176384807,0.0172852668911,0.69926148653,0.714456737041,-0.527632593496,-0.0520646518951,0.0808975883645,0.442816299728,-0.10388841958,0.111436614368,0.124895876447,0.0178244990266,-0.221491810368,0.635999000557,-0.577058701369,-0.0364111620904,0.0392518229783,0,0,0.636081897588,0.185400550048,-0.0940025483514,0.118644700462,0.000542070622311,-0.0535202882739,5.81784295748e-21,0.525258243746,-0.425974225419,0.41083406545,0.140943619051,-0.000134603520666,-0.136288947893,0
0.0199604528482,4.08543503154,0.771743734914,-0.0106693347916,0.0107714999467,0.7036485672,0.710386395454,-0.477655011249,-0.0693376138606,0.0701734081993,0.492407580568,-0.132672961546,0.14643355041,0.0416205548451,-0.0138051286214,-0.233143887019,0.831606142207,-0.338327588221,-0.0513152583793,0.040857065469,0,0,0.628278619768,0.180914956004,-0.0889539441331,0.118659355083,0.00055497103649,-0.053231032553,3.85992435469e-20,0.563887876737,-0.404550391733,0.390400958564,0.141243756302,-0.000220536803809,-0.131501402506,0
0.015791486126,4.11538182952,0.775022878605,-0.0103960521519,0.0105887129903,0.70050817728,0.713490068913,-0.427723193412,-0.0838793107912,0.080871885022,0.501491269702,-0.177870855577,0.16280016364,-0.0998167209383,-0.0715574414113,-0.225046414372,1.00566804089,0.202553856163,0.00059398459037,0.0401722043753,0,0,0.609811188777,0.172437688336,-0.0825922142322,0.12107419273,0.000657713675943,-0.0595145374154,2.41115572983e-21,0.564003097331,-0.412790728212,0.402021654945,0.141361806179,-0.000201536308197,-0.133482218424,0
0.0122798763614,4.14420589656,0.781577330024,-0.0117027591914,0.0122618731111,0.690322339535,0.723303377628,-0.337535986837,-0.0881441367709,0.114341461559,0.416367649294,-0.191634795653,0.17498904846,-0.221311875498,-0.0891010694354,-0.194759919946,1.13238947789,0.186376899049,-0.0496727977359,0.0346366390586,0,0,0.588942364354,0.176902127528,-0.0872277576946,0.123284780616,0.000727569984911,-0.0664826514534,-8.52735128107e-21,0.532908875218,-0.438431240613,0.442298862963,0.141436871467,-8.43842697962e-05,-0.133671272251,0
0.0109444182897,4.17202559947,0.786987843134,-0.0118700023741,0.0126765947789,0.683399558067,0.729838013649,-0.248729736367,-0.0988109579454,0.119207717465,0.332848259256,-0.199642456792,0.176628944645,-0.339504135714,-0.0792265261008,-0.175697741636,1.21976001136,0.0860079827255,-0.131468786922,0.0412191711366,0,0,0.561027735704,0.188932802562,-0.100393711942,0.12388960965,0.000720424189553,-0.0679469364618,5.79266975425e-21,0.513397632258,-0.451019717045,0.462857452866,0.14136726205,-2.61469634178e-05,-0.134205643054,0
0.010415746686,4.19897640246,0.7912283882,-0.01241103746,0.0133365336806,0.681136846542,0.73192948103,-0.151157730038,-0.110670359706,0.117004388762,0.220878364795,-0.18820938047,0.180313382562,-0.436985496103,-0.0554638499428,-0.164308275041,1.2242843049,0.0171574554191,-0.152640889976,0.043607827276,0,0,0.52593203539,0.203435293303,-0.112977662137,0.12408513539,0.000676757181379,-0.0666999195712,6.79873760509e-22,0.508883856459,-0.442567305936,0.451222078233,0.140909663431,-5.84383202238e-05,-0.138364999825,0
0.0102121907411,4.22437177814,0.792269029565,-0.0147981671616,0.0159433167428,0.680133581161,0.732765436172,-0.0852505782819,-0.116166044679,0.119003487502,0.155005402261,-0.189936274662,0.179000933416,-0.530560009454,-0.0132688075513,-0.14714808369,1.17406010172,-0.0330586011537,-0.167566866724,0.0432720556855,0,0,0.48195045393,0.210972979204,-0.113177756001,0.124354044108,0.000669511118307,-0.0662270347244,4.22739740013e-22,0.502009058742,-0.434858986125,0.438730356081,0.140075732218,-0.000108536633489,-0.145761337926,0
0.00988986386001,4.24980091028,0.790892303234,-0.0184123851359,0.0198646169156,0.679540634155,0.733137726784,-0.0422014454113,-0.118551133166,0.122494876738,0.127564036037,-0.205569528421,0.179725995149,-0.603715406578,0.0312400748604,-0.128422432164,1.06382001423,-0.0784176770944,-0.15376109976,0.0380143113434,0,0,0.434388720231,0.219928587088,-0.111656444476,0.12448175008,0.000663948297626,-0.0673007602666,-1.14106796539e-21,0.491867237569,-0.429874587069,0.42988378635,0.13927471665,-0.000141369407966,-0.150713029386,0
0.0113612587925,4.27322131415,0.782458231022,-0.0160825420171,0.0173005145043,0.680665194988,0.73221373558,-0.00235091383441,-0.172592199752,0.134629871468,0.135906378499,-0.225619934188,0.203064741851,-0.714693268848,0.0186212256419,-0.101564700854,1.05728643224,-0.17209267563,-0.147026515456,-5.56537561351e-05,0,0,0.415992467361,0.193947057424,-0.118748486704,0.124283845363,0.000668529912498,-0.0699777661321,2.01067533409e-21,0.48867815263,-0.47115932443,0.427454156221,0.139419224338,-3.08444096208e-05,-0.151977054064,0
0.0106738177987,4.30045751262,0.778751596901,-0.019440498203,0.0207380130887,0.683638751507,0.729266762733,0.0234660556978,-0.174125591378,0.123953470095,0.159187023306,-0.272924178938,0.202897038027,-0.716736794368,0.0453997198768,-0.0955823815851,0.826562476873,-0.203437244501,-0.107307328249,-0.021546555683,0,0,0.375070931639,0.205785926508,-0.117707238413,0.122887809841,0.000576756569725,-0.0725274742851,-4.04714749015e-24,0.479069805021,-0.469888197665,0.432292410346,0.140125195287,-3.23806272523e-05,-0.148286868636,0
0.0100069146076,4.32913690914,0.773980264459,-0.0219640936702,0.0232989732176,0.68560308218,0.727271020412,0.0494185528134,-0.172559189757,0.122102039113,0.192695750224,-0.319149158385,0.201264652966,-0.685671301497,0.0469244822261,-0.124659909646,0.563739311716,-0.248490988259,-0.0561272379042,-0.0434675551951,0,0,0.344082997908,0.218988388063,-0.117641399144,0.121845500429,0.000471290425293,-0.0776111114666,-3.55875006126e-23,0.472327664568,-0.465591307321,0.437730747499,0.141109616891,-4.00698132417e-05,-0.143440809778,0
0.00859275340899,4.36150891113,0.770878835353,-0.0277124661952,0.0291028749198,0.6890386343,0.723609566689,0.0862017365881,-0.126244115769,0.128435889937,0.193690945469,-0.350546680119,0.179412846568,-0.644117249771,0.0691569864416,-0.183247171949,0.349908659454,-0.352834202474,-0.0237044178882,0.00431114900857,0,0,0.288013902042,0.244738337435,-0.13403433193,0.126336500605,0.000632764143416,-0.0828829554805,-3.83876660052e-22,0.479958218289,-0.435878441818,0.436705060843,0.140941524039,-0.000106497045762,-0.142077689947,0
0.0100480698433,4.39332984995,0.765282113746,-0.0282043665648,0.0294640921056,0.690920174122,0.72177952528,0.120186572484,-0.118008063162,0.146853963684,0.230812503404,-0.387093629398,0.171271717966,-0.657179720787,0.0498901486788,-0.249475129641,0.345201519089,-0.434526395773,0.00671913393806,0.00835122261196,0,0,0.275388000862,0.240073592225,-0.141701791369,0.128101557203,0.000727368299576,-0.0894467905666,-4.51993244762e-22,0.487348965327,-0.4335593901,0.434301408836,0.140832621223,-0.000122195260586,-0.14433790558,0
0.0122329320786,4.42648657992,0.760919749525,-0.0268663540483,0.0279586873949,0.692359805107,0.720509827137,0.140643752465,-0.110485322535,0.147086201126,0.309067501541,-0.435706710738,0.16062916384,-0.62125500999,0.0689830695047,-0.221020197983,0.326269422922,-0.408424335002,-0.0541768650969,0.00799872167408,0,0,0.280463564105,0.232427347299,-0.147787082325,0.12873845912,0.000796142805734,-0.094391585349,1.10862800967e-21,0.498096038105,-0.428965821184,0.42954307495,0.140848026078,-0.000145299469058,-0.144805956917,0
0.0169401902749,4.46068712962,0.759841789741,-0.025812799111,0.0269210860133,0.691611468792,0.721306145191,0.138910638227,-0.0762436679481,0.156693515896,0.431254821775,-0.511938025788,0.1244021439,-0.586370791767,0.103383514347,-0.199881116239,0.310108259999,-0.269017747251,-0.13300374464,-0.0020179557614,0,0,0.30204531411,0.229029037781,-0.140632208468,0.128565557059,0.000799272814348,-0.0990682121289,-2.88013064053e-23,0.504299206442,-0.418037537277,0.43118022387,0.141278954148,-0.000192584215667,-0.145322890329,0
0.0213620786749,4.49567547608,0.760233167341,-0.0220818053931,0.0231910422444,0.689221262932,0.723842978477,0.129478710907,-0.0577855077264,0.157681745619,0.57016035655,-0.584983133265,0.101296965488,-0.551933975453,0.122882286922,-0.176765616204,0.335619559617,-0.181686207001,-0.164872096063,-0.00482056755573,0,0,0.344270555094,0.221568967766,-0.134865232885,0.127869693776,0.000777780238938,-0.0945261666546,2.1040567474e-21,0.51764619598,-0.40782932633,0.431135683502,0.141796757933,-0.000211170967541,-0.139763292268,0
0.0245867756966,4.53122540719,0.762570199059,-0.0166615769267,0.0176912210882,0.68540251255,0.727758765221,0.0941906370825,-0.0320628962622,0.182104886133,0.735776477586,-0.597549320946,0.0805436458996,-0.50512467926,0.138800372098,-0.162720725056,0.366741031061,-0.133616420987,-0.211468084974,-0.00394028890878,0,0,0.404790533258,0.208992382712,-0.133803548166,0.127022709499,0.000750760518188,-0.0855792466078,2.4138646159e-21,0.529145524117,-0.404605607507,0.437124214683,0.142263418334,-0.000170056888122,-0.12832356223,0
0.0279297966966,4.56497791667,0.765636775722,-0.0123077789322,0.0131766078994,0.682492136955,0.730670511723,-0.000337719482638,0.0307223110962,0.215099405509,0.933787205525,-0.323125355161,0.0216453675895,-0.447533232788,0.164944078723,-0.137814345135,0.386457068226,-0.159532914107,-0.246102152182,-0.00814979150891,0,0,0.460438500108,0.202994040312,-0.132370828071,0.125642784789,0.000677962092935,-0.0765469202852,9.37219319357e-22,0.53100882192,-0.404228633769,0.444395080995,0.142675663735,-0.000167956133622,-0.129369797174,0
0.0306667804147,4.59534820472,0.768123300312,-0.0117264930159,0.0124595919624,0.685258746147,0.72809869051,-0.13609913633,0.101309841709,0.214985827351,1.10055040718,0.150597656189,-0.0403265346524,-0.396454028675,0.182464472677,-0.13707365883,0.391320134425,-0.200165583342,-0.257906077507,-0.0112198172137,0,0,0.49148896219,0.223169419731,-0.152963519263,0.123889707517,0.000517106375541,-0.0668487229961,2.01941573692e-22,0.524481223511,-0.399592515317,0.446371749901,0.142185571131,-0.000230137801132,-0.140248637951,0
0.0322262628783,4.62527483649,0.773083142827,-0.0123731549829,0.0129156094044,0.691669285297,0.721992909908,-0.252158290967,0.118062316831,0.187710041252,1.23885680153,0.0956462266907,0.0214213463884,-0.321170970833,0.190382807341,-0.144470792085,0.340843510033,-0.219682093596,-0.258062314099,-0.00730432895944,0,0,0.507000708414,0.239314605199,-0.173984234312,0.122080625886,0.000408059257057,-0.0588987695812,2.5994253234e-21,0.519066643108,-0.397508176383,0.442463906172,0.141046860394,-0.000270650132162,-0.147272974159,0
0.0323439309758,4.65429311276,0.777730738133,-0.0128262741491,0.0131600024179,0.697850346565,0.716007828712,-0.366892523513,0.110847157624,0.153848522469,1.31946220378,0.0207471121526,0.0377660885982,-0.242264368702,0.190187683481,-0.15653940908,0.280922386642,-0.23509949369,-0.257216046038,-0.014233795926,0,0,0.524958602358,0.244601740357,-0.18003920662,0.120906275909,0.000363390154581,-0.0559627947166,-1.37350090881e-23,0.511402416178,-0.399579022466,0.441596239105,0.141012891095,-0.000272610139562,-0.148296290641,0
0.0316127454728,4.68226888447,0.781388052759,-0.0138744162396,0.0141219422221,0.70069026947,0.713190853596,-0.468297541507,0.083475310168,0.12470431128,1.3321624187,-0.0616400312756,0.0584014917586,-0.169852294278,0.186593029029,-0.168708342755,0.223902603006,-0.244636126124,-0.251230683761,-0.0225669015199,0,0,0.543770022227,0.239991867777,-0.169356930784,0.12199873376,0.000403236759079,-0.0601613927437,1.9070016901e-21,0.491955328959,-0.412620832443,0.454223913462,0.14141035394,-0.000216893876119,-0.147120868298,0
0.0306819119101,4.70955286805,0.783615595195,-0.0154473762959,0.0156553499401,0.702193021774,0.711646854877,-0.5518866063,0.0561994673555,0.0991008491039,1.28178923496,-0.132249513872,0.0554417211067,-0.108876623051,0.182054499778,-0.171791410928,0.181744165448,-0.25253402244,-0.236039320033,-0.0274590067565,0,0,0.558656510565,0.239367273898,-0.163210583201,0.124088655955,0.0004646565189,-0.0679333369039,6.34758181855e-22,0.466378016193,-0.429363075905,0.467349798085,0.141693521741,-0.000155320198818,-0.1465680956,0
0.0296417877142,4.73689647343,0.784383170951,-0.0176117215306,0.0178176667541,0.702763974667,0.710981786251,-0.61092757329,0.0332387488009,0.0794401882463,1.16643151692,-0.182189325427,0.0655326571651,-0.0519746720112,0.176669392572,-0.175187830366,0.141546620011,-0.250545153192,-0.219175464934,-0.0215090438724,0,0,0.569075868977,0.242019922501,-0.164230328261,0.125670574066,0.000521406861658,-0.0749858907948,-5.46630570587e-22,0.44199762134,-0.445396841723,0.473626732133,0.141482174982,-0.000105352227481,-0.148574278831,0
0.028472468701,4.76432994988,0.783716480964,-0.0201039444655,0.0203329343349,0.702803730965,0.710808932781,-0.637867235785,0.00970492367682,0.0572118783742,0.981300250596,-0.200271283087,0.0679737870745,-0.00877157129942,0.166075274621,-0.183496660293,0.129414549502,-0.262428070509,-0.201628016545,-0.00988387316465,0,0,0.578516312858,0.24325640438,-0.167415633194,0.126332871835,0.000551517454399,-0.077631823809,-1.39750153664e-22,0.421815140301,-0.456792829831,0.468057664671,0.140741996182,-7.29979905689e-05,-0.152661875463,0
0.0272605996351,4.79234079324,0.781301579242,-0.02302781865,0.0233119688928,0.702380299568,0.711047232151,-0.639467011903,-0.00610884939409,0.0340987446204,0.751564038163,-0.21709907728,0.0528263086835,0.0203017487395,0.155547373806,-0.189506304743,0.144964447141,-0.288621599555,-0.185760922224,0.00460048625246,0,0,0.586416393094,0.243542563642,-0.168914044776,0.126175164093,0.000549675993999,-0.0759848220792,-2.43580861748e-22,0.404961679515,-0.463066285934,0.455469104244,0.139728652776,-4.53548417263e-05,-0.157352540747,0
0.0260210328773,4.82148006666,0.776807367569,-0.025488499552,0.0258800573647,0.701233386993,0.712005853653,-0.629174982604,0.00533496831457,0.0506415658767,0.522905936866,-0.262866841428,0.0220444247343,0.0457758828427,0.146759293654,-0.197248155938,0.17512749701,-0.326101320724,-0.174419191152,0.0201996676624,0,0,0.59478820122,0.240275301187,-0.164390637577,0.125336798771,0.000531643462578,-0.0711419045662,1.21374645103e-21,0.393456366845,-0.464316181782,0.438768018684,0.138573945425,-1.50981870646e-05,-0.160887247672,0
0.0244896625265,4.85250444082,0.770717067406,-0.0269316658378,0.0274750255048,0.699491739273,0.713604331017,-0.64729954214,0.022488192151,0.0703953574728,0.400455341422,-0.34693801992,-0.0272335970809,0.0735418162613,0.140887925994,-0.202938991355,0.214172875837,-0.362703522816,-0.16353069494,0.0371674895287,0,0,0.604378081033,0.234065739088,-0.153406672303,0.123546497169,0.000507243631489,-0.0648735234174,-9.25864608593e-22,0.389497549728,-0.460642048164,0.423516369472,0.13767858116,1.42201214575e-05,-0.16286731509,0
0.0215989526793,4.88533193576,0.764861637643,-0.0274701192975,0.0282017961144,0.697212338448,0.715782821178,-0.682011759467,0.0327697027843,0.0864148056521,0.392402220855,-0.428913622789,-0.0384527257063,0.103251467729,0.129494816102,-0.202229353148,0.261087613219,-0.403191821458,-0.144858076806,0.0461401604116,0,0,0.616472941425,0.229257815181,-0.147232548748,0.121763497051,0.000478716505878,-0.0599733631745,1.47412211511e-21,0.388579553678,-0.458688387268,0.416182739457,0.137418100611,3.69227436194e-05,-0.161765175968,0
0.0179512091182,4.9197442305,0.759647744924,-0.0261054262519,0.027023140341,0.694298326969,0.718705832958,-0.664531784099,0.0370331210338,0.0986832139767,0.383268543054,-0.423743511458,-0.0303919191216,0.128793532936,0.115987375401,-0.194101450989,0.329357746606,-0.44560785119,-0.129310590401,0.0442748777568,0,0,0.63241453333,0.222266937134,-0.140200863512,0.120611780783,0.000465409454443,-0.0568759830535,-2.86060848658e-21,0.387689790545,-0.462349545467,0.427181542138,0.138353438299,5.41284063867e-05,-0.156022855516,0
0.0123706336527,4.95496010423,0.757903149952,-0.025074025616,0.0260835085064,0.69256490469,0.720447599888,-0.627801321583,0.0200629963106,0.0924882062396,0.37380987683,-0.302224713229,-0.0193399173466,0.134048898018,0.0821422324063,-0.194240728769,0.432573365583,-0.501469636942,-0.100984130858,0.0442589521408,0,0,0.640969560712,0.211513001458,-0.133836654723,0.120642796814,0.000492522550523,-0.0568532959573,-8.68118931615e-22,0.396338081457,-0.46420581093,0.429863256944,0.138946092831,6.33478024399e-05,-0.153956341892,0
0.00573401989128,4.99167967459,0.757596985481,-0.0224366597831,0.023336943239,0.692701935768,0.720497012138,-0.607418735143,0.00643051470592,0.0953754447663,0.402448119942,-0.127565774744,0.00326766599154,0.126445735763,0.0549637786472,-0.191826878485,0.562000863931,-0.586420063045,-0.0947793904078,0.0397663637996,0,0,0.647166351591,0.198782668512,-0.124123057215,0.120924532959,0.000537873536615,-0.0579168911277,-2.67873675267e-21,0.410892525611,-0.467686971624,0.435534556131,0.139370057056,4.69211334627e-05,-0.155089810188,0
0.000693649813122,5.02855750573,0.759413970513,-0.0172393135726,0.0176903177053,0.697705686092,0.715958595276,-0.586554628796,-0.0185578056132,0.0668161454958,0.479961306675,-0.0745351801967,0.0805518385707,0.0922679888564,0.0435642339025,-0.208892101814,0.715450928778,-0.57606227056,-0.128650779963,0.0374391227961,0,0,0.644353519659,0.196568148062,-0.12064023992,0.120122768846,0.000524507651868,-0.0558022859424,8.89621009871e-21,0.445132498259,-0.450468956783,0.42866241501,0.139930402684,-2.52634399244e-05,-0.147954992323,0
-0.00384184360564,5.06280584054,0.762845895042,-0.0124271567911,0.0125757474452,0.702782213688,0.711185336113,-0.545370920267,-0.0434576989719,0.054646398858,0.539647538089,-0.112468329162,0.122442089934,0.00524384531645,-0.000485242675915,-0.247055895471,0.8994225357,-0.272792024436,-0.158041508636,0.0380735360086,0,0,0.628491790982,0.198335806857,-0.121198344572,0.120067343574,0.000517772580004,-0.0550468703712,1.88781321584e-20,0.486512918025,-0.426201474564,0.413030546127,0.140556284767,-0.000118734998814,-0.141434758625,0
-0.00846535498588,5.09326380769,0.767531740357,-0.0109719252214,0.0111459288746,0.701436340809,0.712560474873,-0.495042976325,-0.0664249847237,0.062984492289,0.55766445786,-0.166746231408,0.144408020008,-0.0979717108498,-0.0697685373934,-0.25985789812,1.02973037446,0.168828463205,-0.0807872699199,0.0357313752174,0,0,0.60284699381,0.190921815815,-0.114549630833,0.121786033901,0.000594774406913,-0.0594945885649,3.29433001117e-22,0.493282000256,-0.429988973223,0.429166734763,0.141100434296,-0.000105192900283,-0.139182235008,0
-0.00848012257872,5.11873590259,0.769228002223,-0.00311692222022,0.00318016088568,0.699963390827,0.714164793491,-0.452568634692,-0.0963691368185,0.110527835819,0.599509350381,-0.209700235745,0.165081765313,-0.225763872785,-0.130791381921,-0.253413212392,1.269019925,0.0026980998635,-0.19622045941,0.049183100462,0,0,0.59236250455,0.16957476299,-0.134380813866,0.124991377069,0.000739168895522,-0.066123228891,-1.00004944302e-21,0.504247605558,-0.479118190796,0.458917565104,0.141224052911,4.24343541696e-05,-0.140196512583,0
-0.012771199578,5.15014781839,0.781743920322,-0.0106302183121,0.0110052097589,0.694665312767,0.719170331955,-0.321788987108,-0.0849150550144,0.0838882182541,0.413162923535,-0.194954874503,0.164686794468,-0.282758429018,-0.0566207095587,-0.22024669146,1.1832324839,0.00938826319359,-0.18874056185,0.0253898464143,0,0,0.542502741645,0.206042319338,-0.124395392093,0.125441711399,0.000695780170275,-0.07298219428,-8.08251330113e-23,0.463134169328,-0.452421523556,0.478586930659,0.141258849539,-4.77788123924e-06,-0.142536408661,0
-0.0111087626665,5.17255509021,0.779705490753,-0.00494764279574,0.00512116029859,0.694800317287,0.719167470932,-0.282342032483,-0.124440253111,0.11596807501,0.432985839776,-0.212984247119,0.175013450195,-0.42951411858,-0.107878211868,-0.208787792399,1.34879278014,-0.0929909450289,-0.225862299178,0.0391180440784,0,0,0.521654729474,0.188981298891,-0.155694641697,0.12822192923,0.000825228198786,-0.0781452036881,3.94632043108e-22,0.482164052962,-0.484953394949,0.46216000101,0.140039167082,6.07258729088e-05,-0.151108047044,0
-0.0151158552679,5.2021182921,0.787700400252,-0.0145740285516,0.0151864513755,0.692255675793,0.721345305443,-0.186017252706,-0.0989191406222,0.10012101562,0.287610030366,-0.20953430688,0.17089867615,-0.468965292707,-0.0214504554395,-0.186553002402,1.17298219105,-0.0935667348071,-0.195309486289,0.0350025855005,0,0,0.456661685123,0.238970141038,-0.15420727074,0.128122001631,0.000710905546773,-0.0822041125725,3.31543491223e-21,0.460631355949,-0.435927434832,0.444395838833,0.139052524754,-0.000103673450635,-0.155478958958,0
-0.01330737528,5.22445366706,0.782782314911,-0.00989529304206,0.010260252282,0.694118797779,0.719719350338,-0.1431631719,-0.147106765321,0.116227294229,0.296404243745,-0.221979872316,0.178954499824,-0.595780761944,-0.0529019586257,-0.164001564335,1.24162393092,-0.179482469213,-0.205595406121,0.0206702277064,0,0,0.439032301379,0.217188664698,-0.17514072129,0.128677779103,0.000749607212784,-0.0825422243961,8.18780504486e-22,0.478517509718,-0.468447472488,0.423336763501,0.138570944738,-4.64817849711e-05,-0.158252334866,0
-0.0138917436646,5.25032908584,0.782323917595,-0.0125638525933,0.0129558648914,0.696049273014,0.717767119408,-0.0844064782571,-0.152098862045,0.110828027379,0.248908116307,-0.235121854312,0.182131249878,-0.646307261947,-0.0158248693157,-0.140602097888,1.11272598054,-0.207317338929,-0.190483294668,0.00433434778824,0,0,0.402188070824,0.2273206103,-0.174478411659,0.128030105865,0.000674199246867,-0.0831285032691,-3.8178065552e-22,0.476703286753,-0.465459651741,0.415432379455,0.138741447211,-5.78938398001e-05,-0.154755657404,0
-0.014344709842,5.27658240155,0.780826139301,-0.0152214029804,0.0155912796035,0.69840246439,0.715373516083,-0.0449138094435,-0.153652297165,0.105412522735,0.240853327871,-0.253182520603,0.183343078428,-0.670565347385,0.0118807644404,-0.120569306213,0.939919002976,-0.239087123916,-0.165103453687,-0.0155027275905,0,0,0.37209224295,0.236890391984,-0.17201506136,0.126846363339,0.000581986258723,-0.0852344124271,-3.54861973424e-23,0.475130377233,-0.465532606177,0.415630939604,0.139550930181,-5.66047150605e-05,-0.149865497507,0
-0.0147261627501,5.30365113293,0.778305639058,-0.0176379047334,0.0179838407785,0.699984610081,0.71371358633,-0.0115367319232,-0.15433530603,0.10168916851,0.251281229017,-0.280139851775,0.184972802785,-0.668240939706,0.0313167808977,-0.0995613582511,0.728655958356,-0.26334278002,-0.141817031307,-0.0345020405948,0,0,0.350048755218,0.245469676621,-0.170575310952,0.125919928508,0.000487167412616,-0.0887131007675,-3.67285691372e-23,0.476443287314,-0.464431376746,0.416121079833,0.140302184522,-5.56887119389e-05,-0.145049235915,0
-0.0160794914329,5.33436687665,0.777873600273,-0.0247531812638,0.0250580552965,0.70232963562,0.710979938507,0.0409610183212,-0.110718906612,0.0987537516509,0.205347005023,-0.296101192217,0.160693031618,-0.609016531388,0.0589618385662,-0.13982060801,0.426870149893,-0.292929222902,-0.111590614135,0.00486902240664,0,0,0.298911476048,0.275707891461,-0.186066538953,0.128727156419,0.000566536286377,-0.0912944217057,-9.83306739092e-23,0.485601928385,-0.438901838981,0.414345649482,0.140150594413,-0.000108488677112,-0.142420069926,0
-0.0155447858971,5.36430227634,0.772508844696,-0.0251657869667,0.0253368671983,0.704257905483,0.709045529366,0.0809573263023,-0.109080267572,0.109286246791,0.223091965727,-0.325631829993,0.159081256245,-0.632849873673,0.0404377814825,-0.185404875299,0.348400502984,-0.377497567529,-0.0658075491294,0.00569944223389,0,0,0.288350929821,0.277935072019,-0.201587197897,0.129630808247,0.000580513150359,-0.0946796813005,1.02262460606e-22,0.498759486019,-0.442461193959,0.409064446448,0.140011274749,-0.000101876186468,-0.14388289155,0
-0.0140773870425,5.39557039841,0.767062163956,-0.0253688842058,0.0254239421338,0.705884158611,0.707416117191,0.114033222425,-0.098675377845,0.120729331928,0.262378287382,-0.366844430124,0.148740610564,-0.677250095939,0.0119333172705,-0.248735713669,0.364152359284,-0.477262605272,-8.17965232154e-05,0.00460501527414,0,0,0.285740089575,0.278281814195,-0.213842420652,0.130394955255,0.000587323145932,-0.0973887877937,-4.30361451908e-21,0.513285387747,-0.440876140379,0.401253253615,0.139636374371,-0.00013425303989,-0.148914964565,0
-0.0114651439746,5.42820193054,0.761544956336,-0.0243937652558,0.024393722415,0.706686496735,0.706685304642,0.142697302148,-0.0852746418613,0.126695818079,0.321678697167,-0.415343853813,0.126425921751,-0.691560600194,0.000104240016566,-0.282001270912,0.378536019639,-0.523828862042,0.013136935197,0.00268397550099,0,0,0.293280825782,0.281087578752,-0.228616839044,0.130175242966,0.000533270971711,-0.0939532904197,1.78870446383e-21,0.529371197298,-0.438159674158,0.396023029254,0.139266353498,-0.000161709534651,-0.151757528631,0
-0.00856918708107,5.46234899599,0.756166117303,-0.0218591839075,0.0218937341124,0.7062099576,0.707326173782,0.166497397928,-0.0729962679551,0.129664065422,0.403253779914,-0.475335788651,0.109415999804,-0.661315298859,0.0174159949879,-0.257285714094,0.360012332894,-0.507570408157,-0.0220698205196,0.00522144138813,0,0,0.312062588547,0.275556434866,-0.234899471192,0.129944747735,0.00051515392126,-0.087104595144,-2.84536644103e-21,0.547649683985,-0.436800422801,0.394357053281,0.139488377605,-0.0001656574131,-0.150704830591,0
-0.00383644286396,5.49821676386,0.752901276266,-0.0199734866619,0.0200168993324,0.706056296825,0.707590937614,0.171439541192,-0.0346539634473,0.143949575972,0.517382054346,-0.543683967443,0.0742018426065,-0.61227098862,0.0460346082884,-0.237184258588,0.341055826327,-0.450661738732,-0.05685927748,0.0039511108771,0,0,0.338905690775,0.267260283282,-0.226307877518,0.128775561366,0.00048855858767,-0.0797064493108,1.44952534572e-21,0.563533000806,-0.430321319449,0.394141595307,0.139630871497,-0.000196086366386,-0.151597245863,0
0.00278710636843,5.53463208773,0.752064488818,-0.017865838483,0.0179038811475,0.706128358841,0.70763194561,0.158465952743,0.0146260438948,0.150729389446,0.651389453665,-0.614835180908,0.0309972936464,-0.583823965486,0.0830760854778,-0.213833511551,0.336150540918,-0.259151656475,-0.113833059382,0.00171194970608,0,0,0.367563012043,0.260858620371,-0.212163832326,0.1268532742,0.000449236099796,-0.071810003674,-1.26672311469e-21,0.577285660107,-0.425440536946,0.398573085373,0.139449278478,-0.000236295760019,-0.156174088314,0
0.00731477823743,5.57008425664,0.753215825052,-0.0130510861054,0.0133392885327,0.69922119379,0.71466177702,0.11772410751,0.0238348151348,0.155154883466,0.80078106012,-0.560595048162,0.019633410352,-0.566889418939,0.107382331199,-0.168543378029,0.408084896053,-0.207462465059,-0.135971973757,-0.0128782037646,0,0,0.418196748184,0.238121867646,-0.183880555998,0.122848109924,0.000419657463852,-0.0625902530253,7.935586762e-21,0.572443466441,-0.438583749985,0.421667587291,0.140853635189,-0.000101510748952,-0.140824209659,0
0.0107459612615,5.60388630482,0.75583567668,-0.00804184377193,0.00847203470767,0.688405871391,0.725231587887,0.0376477411677,0.0442954942968,0.173489603679,0.947581547316,-0.231186235065,-0.00497590681973,-0.52435768552,0.142052402176,-0.135273528166,0.442511945637,-0.181435892688,-0.198303857576,-0.0150849428028,0,0,0.473578047578,0.210365283904,-0.160541263536,0.121317066199,0.000465821486257,-0.0579215182393,4.17606867455e-21,0.560811984524,-0.450516853067,0.439231570233,0.141683829548,1.55786928389e-05,-0.122495310559,0
0.0140734748762,5.63380548387,0.759700845581,-0.00738466670737,0.00785933155566,0.684717357159,0.728728950024,-0.0668346966619,0.0881723723303,0.168467905168,1.06347432254,0.213550077008,-0.113726414558,-0.478419095632,0.166937993679,-0.132469184237,0.449362104284,-0.200504890715,-0.235512018079,-0.0110100507736,0,0,0.495276176449,0.215288052186,-0.169107519683,0.120187037288,0.000421146760983,-0.0533246150228,3.14156219144e-21,0.556542221086,-0.42900910368,0.418605461409,0.141853048163,-7.90511255398e-05,-0.126458404112,0
0.0164979296819,5.66291012405,0.767037449408,-0.00739909335971,0.00782438088208,0.687044918537,0.726535141468,-0.158922228579,0.10166514839,0.156664221195,1.18214642561,0.0740859143055,-0.012803308074,-0.402284687365,0.178897495411,-0.141109578153,0.397333870073,-0.207925069482,-0.24533703238,-0.00202734977938,0,0,0.494250709171,0.235209974706,-0.196921478577,0.118946039165,0.000343969174767,-0.0489179453143,3.75220694319e-21,0.555235173637,-0.404989551179,0.393348446146,0.140558368941,-0.000242314099383,-0.137193212035,0
0.017797208992,5.69101040009,0.773298395027,-0.00754859670997,0.0079294135794,0.689459323883,0.724241673946,-0.25215252684,0.118929632798,0.156443400888,1.25175505751,-0.0250769672526,0.0362550652524,-0.327806438625,0.186101237599,-0.142436084738,0.341092686295,-0.207514502356,-0.24811416267,-0.00151725974865,0,0,0.491562148423,0.241497701492,-0.203712870741,0.119643270522,0.000337918683794,-0.0501978411732,-2.44929776262e-21,0.552694636813,-0.390562938886,0.37775926048,0.139075244066,-0.000347896871079,-0.145198726823,0
0.0183188054742,5.7178511658,0.778161132935,-0.00782957859337,0.00820554606616,0.690293490887,0.723440527916,-0.33774511018,0.118184971557,0.151363825608,1.2686439765,-0.109534896842,0.0748609704773,-0.257409372421,0.186993223578,-0.14970793095,0.284866009864,-0.192557096062,-0.247234270571,-0.00190093449783,0,0,0.489879371904,0.232854163653,-0.188364258606,0.121548087561,0.00040980690226,-0.0563012584916,-3.46607219958e-21,0.543494604414,-0.393288821152,0.383289616584,0.138783489019,-0.000353841330186,-0.150422589253,0
0.0185143024765,5.74362531522,0.781348706761,-0.00846889335662,0.00886427424848,0.690745651722,0.722993910313,-0.413731202514,0.103338215212,0.140547729016,1.24148587521,-0.197675345411,0.0964898426683,-0.200125748345,0.185695818582,-0.15084987769,0.24599437622,-0.175968289983,-0.23704995547,-0.00109710835386,0,0,0.485244150382,0.231312080527,-0.180452201543,0.123265741883,0.00047135746946,-0.0629235003984,-8.43949051737e-21,0.528793981419,-0.409037385107,0.401582223969,0.139141768969,-0.000272659283039,-0.150409547473,0
0.0183975214448,5.76884708628,0.783232437511,-0.00929604563862,0.009740030393,0.690364301205,0.723336577415,-0.476519165717,0.0891265009962,0.128773135633,1.16987089463,-0.250358117583,0.094844587612,-0.153610602181,0.183978775352,-0.149268486938,0.226927423837,-0.175400323659,-0.230272043585,0.00401390716434,0,0,0.480360962147,0.231786088031,-0.177808895939,0.124468366091,0.000517658992792,-0.0674459669576,-6.57044698078e-22,0.51639810945,-0.426859744908,0.418403201857,0.139247551031,-0.000174962043461,-0.147741384599,0
0.0180523740219,5.7935734704,0.784568502657,-0.00966585427523,0.0101379770786,0.689985632896,0.723687529564,-0.513507198003,0.0711486050896,0.117031714,1.03780252456,-0.262054117626,0.0984068438337,-0.108560138155,0.178821095289,-0.144637278362,0.214601601989,-0.186542293943,-0.224498921652,0.0114353755489,0,0,0.47826357399,0.23028646823,-0.179569374079,0.124972598088,0.000546619652997,-0.0686999815894,4.33782209338e-22,0.513222586933,-0.437519147284,0.421156068109,0.139238927822,-0.000118367801066,-0.14470764206,0
0.0175069551956,5.81735028982,0.784210004721,-0.011057109572,0.0116253560409,0.689087212086,0.724500775337,-0.545645252017,0.063671011476,0.108183337321,0.888972120761,-0.267686027902,0.0897495993713,-0.087609950747,0.175357290193,-0.141802253159,0.239207112477,-0.209967029977,-0.219516824231,0.0200820863247,0,0,0.476186742899,0.22962289354,-0.179928673682,0.125273186717,0.000560452580173,-0.0680985095637,-4.41482280104e-22,0.511319496606,-0.440301038382,0.4175070946,0.139257689155,-0.000105368936948,-0.143669031233,0
0.0165010549624,5.84095701178,0.783302197198,-0.0126992985606,0.013408947736,0.687515676022,0.725934684277,-0.561860727074,0.0574252582026,0.106396385208,0.715591129729,-0.270358442672,0.0796339092169,-0.0792266599135,0.169326747562,-0.14175072293,0.287729407492,-0.243002501496,-0.215468019708,0.0281096380204,0,0,0.476173091746,0.224860780483,-0.177487674222,0.125174940544,0.000580127106803,-0.0668849458568,-1.01447959217e-21,0.510758261352,-0.440818497212,0.412032107228,0.139064015355,-0.000105351511816,-0.144679086395,0
0.0149877204773,5.86481055042,0.781154278348,-0.0140115981922,0.0149258021265,0.684282660484,0.728929460049,-0.576599085758,0.0625865153322,0.116021231254,0.556922272789,-0.266475668576,0.0475591064172,-0.0848730037221,0.159000403369,-0.141210611158,0.36680935064,-0.286419114876,-0.203950479819,0.0351692959666,0,0,0.481611842878,0.217263620456,-0.171803210256,0.125177279523,0.000609878791953,-0.0661643001202,-1.87048080901e-22,0.509437654037,-0.44132433219,0.410207537617,0.139047304549,-0.000101224421217,-0.145019726904,0
0.0128305619276,5.8891590376,0.778393263363,-0.014662200585,0.0158239323646,0.67950963974,0.733349323273,-0.585862704317,0.0664577369013,0.121735521089,0.412757476932,-0.247586871991,0.0148279783014,-0.0926269182117,0.147421701941,-0.127947810701,0.455928403795,-0.336238415593,-0.188266885683,0.0398595333099,0,0,0.492243014875,0.207984769173,-0.16495567105,0.125298253663,0.000645423141972,-0.0661917508494,-8.41081500449e-24,0.505806830501,-0.443770999213,0.410465554829,0.139160267474,-8.77006200514e-05,-0.145069437713,0
0.0100143750376,5.91486961966,0.774222477984,-0.0147372642532,0.0161436740309,0.674043118954,0.738368570805,-0.613235677358,0.0722023980787,0.118479094481,0.361762544428,-0.327881600345,-0.00247593682026,-0.0921650255356,0.139261413424,-0.111466493288,0.537079756964,-0.393554368551,-0.179094311239,0.0440912954509,0,0,0.506158438139,0.203810551658,-0.160438141198,0.125146983419,0.000664564637269,-0.0665781313152,-1.95368568207e-23,0.503648729834,-0.441866750992,0.409691853415,0.139050083738,-9.60138539615e-05,-0.147031061593,0
0.00638176468444,5.94210362616,0.769359137283,-0.0137396091595,0.0153049193323,0.667887628078,0.74397790432,-0.642235239442,0.0849683410625,0.127401462926,0.371357613631,-0.392331083861,-0.0171710006906,-0.0791778283144,0.127122108824,-0.0949566352973,0.606405161336,-0.453950303877,-0.163431650579,0.0461502112448,0,0,0.523760386583,0.203446653463,-0.158563767316,0.125116823295,0.000670416280653,-0.067514446924,1.65042877064e-20,0.500079585294,-0.443661730032,0.413828427957,0.139059838232,-9.24244496354e-05,-0.148691592241,0
0.00247145131912,5.9706637791,0.764563802686,-0.0114340018481,0.012993298471,0.660525679588,0.750603973866,-0.633461504725,0.0927153077873,0.125755053938,0.366795715409,-0.392139382672,-0.0122218794886,-0.0473878695928,0.109398343231,-0.0770899417637,0.651006432783,-0.507964349908,-0.143554528439,0.0459400564432,0,0,0.545125157539,0.202867050378,-0.153430140268,0.125047097913,0.000671225358501,-0.0682801405391,9.74078078729e-21,0.49431414891,-0.449322092679,0.425444425712,0.139352702345,-6.78768800096e-05,-0.148283323501,0
-0.00257628564469,6.00058734211,0.761159113479,-0.00887325033545,0.0102731743827,0.653600275517,0.756718158722,-0.590689765097,0.0845915793655,0.11263303425,0.342466248548,-0.338684999706,-0.0178518220327,-0.00593131508029,0.0742013994547,-0.0670098365094,0.678957427586,-0.5563149658,-0.115123356486,0.0365449935198,0,0,0.569697718176,0.197021474979,-0.144556986388,0.124472531162,0.000665540660654,-0.0676969424229,-4.29010486071e-23,0.492500680286,-0.449201945806,0.425890285041,0.139497210866,-6.92940331732e-05,-0.148073900512,0
-0.00997741538406,6.03162355295,0.759519569034,-0.00626510987058,0.0073872320354,0.64677631855,0.762618243694,-0.548107624163,0.0728111758843,0.152263352923,0.297953810924,-0.087815412597,-0.0313605592848,0.0275345507351,0.0187374626559,-0.0624509399509,0.717211019956,-0.608037177607,-0.079903251824,0.0201308373362,0,0,0.596023411955,0.187372956321,-0.135658421287,0.124343426962,0.000681511909306,-0.0681503206714,2.34368790565e-21,0.494566545748,-0.44482349938,0.415684491323,0.139645487487,-0.000122391221467,-0.153802735159,0
-0.0178468624221,6.06050768018,0.759343608032,-0.00494160177186,0.00593027845025,0.64014261961,0.768217325211,-0.534410510008,0.045835066211,0.175683040079,0.315575505855,0.0852863545809,0.105594543138,0.0121164912433,-0.0214563553747,-0.0571896977733,0.810836719827,-0.646372534286,-0.0781211945212,0.00998874567449,0,0,0.612461193609,0.181342014575,-0.124903364424,0.123582069066,0.000674562774349,-0.0663165981747,8.11386048316e-23,0.490275666088,-0.443360722641,0.413861779546,0.139650958273,-0.000142421732162,-0.15381047613,0
-0.0225999740498,6.08559705579,0.76169817557,-0.00425811251625,0.00511944200844,0.63945299387,0.76880133152,-0.544047567175,0.0416081145818,0.148679879438,0.413470418312,0.0559955854395,0.108426930951,-0.046325607111,-0.0135016443087,-0.0613161777108,0.925571839428,-0.526954978068,-0.135032364401,0.0188672915101,0,0,0.60987166915,0.19481663517,-0.129586087804,0.120874463355,0.000553468459471,-0.0580227694785,-1.28308513634e-21,0.498511489542,-0.420992642151,0.404124506852,0.140373078876,-0.000166914494507,-0.138451679917,0
-0.026126946495,6.10808148522,0.767209738847,-0.0051979618147,0.00627167196944,0.638101041317,0.76990956068,-0.51711659014,0.0377672048725,0.157364028412,0.432448171584,0.018453623788,0.11815172563,-0.123278832791,-0.0315879865561,-0.0972314618399,1.01582776825,-0.228387476527,-0.163639933822,0.0194746945053,0,0,0.599267112305,0.211892826546,-0.138371118753,0.118860746628,0.000449583706211,-0.0518945278302,2.38798429323e-21,0.508624098785,-0.395118088093,0.401797682311,0.140835378875,-0.000223489277616,-0.127642660754,0
-0.0302498286006,6.12782199709,0.7737022669,-0.00635100994259,0.00776010984555,0.633315205574,0.773828983307,-0.467481842406,0.0148938483433,0.167665976839,0.396399017298,-0.0029727710329,0.135437351936,-0.182896732547,-0.0863989619647,-0.138135702677,1.05622999205,0.102811690373,-0.112891884429,0.0160809233785,0,0,0.581232668699,0.227214684563,-0.145041817676,0.118853489712,0.000414799011676,-0.0522701860787,6.16793687892e-20,0.496664131953,-0.404455849234,0.432907144138,0.141097459708,-0.000194041894307,-0.133242748774,0
-0.0329194620944,6.14556824774,0.780212330773,-0.00775872962549,0.00957143306732,0.629661560059,0.776771903038,-0.405875537237,0.00299267382915,0.180165570903,0.323589750969,0.000680086558981,0.144027570354,-0.228305354456,-0.0935773617417,-0.164377782971,1.10258486635,0.0410555030738,-0.140864839474,0.020099947229,0,0,0.553521338079,0.241874603198,-0.146579662401,0.119660651222,0.000414137837874,-0.0557228769066,1.02554528229e-20,0.482247183633,-0.413541448357,0.455317729786,0.140435904353,-0.000170365030993,-0.144828091636,0
-0.034686593336,6.1616792831,0.784379280191,-0.0098487669602,0.0121182724833,0.630618751049,0.775935649872,-0.358451074014,-0.0111072145742,0.16941639493,0.262442319729,0.00466318896755,0.143947628862,-0.275085016016,-0.0982912639638,-0.195402764052,1.1276046358,0.0232060114603,-0.118336016879,0.0249790158123,0,0,0.521082142889,0.252092281254,-0.146953703611,0.120533470915,0.000427887294818,-0.0592731699424,2.186832016e-21,0.483353144283,-0.405899291099,0.447567722219,0.139635044757,-0.000218609915064,-0.151729219929,0
-0.0345358640514,6.17290133163,0.781411287721,-0.00659712683409,0.00807440839708,0.632674276829,0.774347782135,-0.332182724596,-0.0521521598047,0.193395311724,0.247699055261,0.0170114272743,0.151746434004,-0.37550263767,-0.155044458483,-0.203669096812,1.28565342365,-0.0930316801483,-0.117290739441,0.0491236373782,0,0,0.500364088589,0.22683323463,-0.164792249323,0.122678012878,0.000539002865266,-0.0601210183696,-3.10197821951e-21,0.510913608457,-0.433377709022,0.426811063449,0.138742678899,-0.000143914767215,-0.154225525477,0
-0.0382900332623,6.18983172821,0.787740458643,-0.0129010183737,0.0160614959896,0.626094758511,0.779474794865,-0.283515191889,-0.0283190938497,0.184125649423,0.176990526157,0.00362745608771,0.145257542608,-0.376268074504,-0.0942870194509,-0.194069600593,1.15405820392,-0.128378769417,-0.0850080739273,0.034998152405,0,0,0.459119404169,0.266695720778,-0.15405969133,0.122147734193,0.000438146051163,-0.061445578071,7.66294792304e-22,0.487347690387,-0.401874507867,0.434568554874,0.139180337368,-0.000228000651093,-0.149748115421,0
-0.0395285588308,6.20240491173,0.790442180634,-0.0125111527741,0.0157360471785,0.622210144997,0.782592058182,-0.241554552389,-0.0281587253444,0.190584263687,0.13903849962,0.000237566821107,0.143423514357,-0.382297655278,-0.067763579485,-0.170974138235,1.06868164113,-0.168039244364,-0.0576557456419,0.0304935891181,0,0,0.436929283615,0.280565098653,-0.162967097521,0.121070666028,0.000371441513097,-0.0582501972794,5.0592249999e-22,0.487594903163,-0.40177202817,0.43690808254,0.139896274672,-0.000212501775773,-0.144202550491,0
-0.039989339922,6.21204873638,0.790685599747,-0.0145100010559,0.0182928368449,0.62127494812,0.783244729042,-0.241155568794,-0.0314700812274,0.194134048108,0.151373307683,-0.0111952313887,0.152927160011,-0.422389133108,-0.0503606252875,-0.14332287116,1.02932747983,-0.270807850125,-0.0558210730487,0.0452865585685,0,0,0.4021484293,0.274203101887,-0.173838701192,0.120892269293,0.000385987235913,-0.0530264999679,3.86655850131e-21,0.49177861972,-0.404190946787,0.426412779927,0.1399857217,-0.000181835164868,-0.140498582306,0
-0.0397438281559,6.22085084163,0.792043803867,-0.0159135982394,0.0199880432338,0.622656226158,0.782078325748,-0.235025369831,-0.0293255096109,0.190014906455,0.158059517025,-0.0267691361592,0.151222270017,-0.429221181288,-0.0235106608616,-0.117462747473,0.920074705479,-0.311161711221,-0.0537061733947,0.0536987893283,0,0,0.369776826793,0.269001875483,-0.18839861559,0.120792598948,0.000386876633266,-0.0485196060615,-2.28463167479e-21,0.500223123604,-0.398164164821,0.414174262681,0.139586019981,-0.000197338384821,-0.138806685081,0
-0.0393448711079,6.22904664587,0.79344387476,-0.0168831162155,0.0210913587362,0.624693274498,0.780402719975,-0.221671454646,-0.0288921176063,0.187313610163,0.150531656088,-0.0333015925311,0.150068456438,-0.419760046303,0.00668208400557,-0.079055771413,0.787966050286,-0.356855347026,-0.0397244590504,0.0566284768283,0,0,0.337139757709,0.268560885992,-0.213271001472,0.121296459961,0.000377307121549,-0.0459389497375,-8.17492655203e-21,0.507625370544,-0.39541277463,0.409733655672,0.139434973481,-0.000214729176948,-0.138543224244,0
-0.0365157712436,6.23410879894,0.791919080342,-0.0147061347961,0.0181698426604,0.628954350948,0.777090728283,-0.203220639318,-0.0621554538288,0.194364689905,0.131942831875,-0.0200175308886,0.152000277911,-0.446709721094,0.00851567205729,-0.0216971921794,0.755322187385,-0.405690346346,-0.0274068857559,0.0588847436011,0,0,0.317965428731,0.235413003117,-0.245211361464,0.123689106584,0.000456816504006,-0.0460760082112,-1.44359267285e-20,0.522673954585,-0.425816286717,0.408343952497,0.139470188593,-0.000127958810725,-0.13799037685,0
-0.0353935198119,6.24107490376,0.792642871345,-0.0160303171724,0.0196251273155,0.632405519485,0.774222970009,-0.193190580854,-0.0640079337343,0.182362980362,0.125780379991,-0.0308062970471,0.150098309086,-0.432392206718,0.0307741775664,0.00987296392585,0.650935099261,-0.427463886491,-0.0201734966886,0.0557619333267,0,0,0.289996854316,0.225385224402,-0.267011103106,0.126279520986,0.000517472158923,-0.0498020063386,-2.20709067233e-21,0.520276354944,-0.431187075983,0.418660946277,0.139882750415,-0.000102544091604,-0.135865254045,0
-0.0338463535225,6.24795201428,0.79292229369,-0.0160001963377,0.0194007698447,0.636053025723,0.771235466003,-0.17712354781,-0.0666902924744,0.163447297215,0.117439927989,-0.0420946130998,0.147407090958,-0.411149530559,0.0440077832732,0.0168176959846,0.571717387684,-0.410361301561,-0.000687157180808,0.0499380603433,0,0,0.269723188229,0.217320045469,-0.292734579304,0.129326965172,0.00059084368722,-0.056217783104,-3.92687325679e-21,0.519355855076,-0.432266846915,0.426209456409,0.140177740618,-8.75859018257e-05,-0.132005438498,0
-0.0320645086312,6.25450778089,0.792037940327,-0.0147736286744,0.0177345704287,0.639881432056,0.768126964569,-0.159086933768,-0.0731171134393,0.152333081098,0.11383129694,-0.0572143740616,0.147568144424,-0.409606971032,0.0493602209689,-0.000507479230084,0.570222523565,-0.320036610568,-0.0685516760885,0.0477572232485,0,0,0.256252589592,0.20513495413,-0.326089432946,0.13275338958,0.000689031635061,-0.0631240971494,6.39648239654e-22,0.520831980533,-0.436626408992,0.429330271659,0.140296509723,-6.91397513601e-05,-0.129104454478,0
-0.0302889930753,6.2605738597,0.791409883945,-0.0149686876684,0.0177918504924,0.643611252308,0.764999270439,-0.149954243449,-0.0778727813026,0.145066249576,0.114958201218,-0.068872562943,0.145530779128,-0.408442967809,0.0408247392378,-0.0111329424872,0.592041486344,-0.342817315553,-0.0696082620723,0.0417689681053,0,0,0.246042224734,0.19133319325,-0.357214320259,0.135391234828,0.00078219894985,-0.0700381839689,-6.96078166475e-21,0.514380429842,-0.444131617501,0.433387881079,0.140099008186,-4.00812626303e-05,-0.128105921206,0
-0.0286004527931,6.26615682664,0.791657248617,-0.0139713445678,0.016446063295,0.647287547588,0.761940360069,-0.137104728363,-0.0809938382618,0.138615239564,0.118094558656,-0.0877887772236,0.144574440328,-0.390267209517,0.0370066604239,-0.0115246699972,0.58719031053,-0.350113689042,-0.0637621255509,0.0388456396759,0,0,0.244502387817,0.184269564087,-0.395940105702,0.13763027926,0.000847263336887,-0.0759500894471,-2.77891734158e-21,0.512180381573,-0.448704886054,0.438823894682,0.140144993047,-2.69497234454e-05,-0.128699005301,0
-0.0265689896027,6.27174943829,0.793337344648,-0.0119706029072,0.0139748407528,0.650435864925,0.759338259697,-0.113710038537,-0.0743989931837,0.132992745877,0.108286942759,-0.102659113236,0.136646853461,-0.337565779375,0.0431016512009,-0.0144153818225,0.515690673413,-0.321757898725,-0.0648866374002,0.0330833420157,0,0,0.254558586993,0.188924763643,-0.433413405622,0.138952575684,0.000832506216971,-0.0804728518062,-2.36318838474e-21,0.512983716791,-0.444212023747,0.444861892189,0.14041687217,-4.54832354771e-05,-0.130376785093,0
-0.0233510894241,6.27585545073,0.793424146961,-0.00932814180851,0.0107721192762,0.654555618763,0.75587952137,-0.0944119522376,-0.0914663638153,0.134817891515,0.100440622361,-0.100056674105,0.148417443541,-0.342630833034,0.0255539634821,-0.0158570494337,0.561127234049,-0.335780272657,-0.0695556491303,0.0204522497952,0,0,0.272062518296,0.186422570879,-0.477306898125,0.140232407219,0.000807776777014,-0.0850488359514,3.18891780637e-21,0.513575167696,-0.46013789032,0.44606801495,0.140611022289,-3.41942845305e-06,-0.132280031765,0
-0.0206444628832,6.28017759216,0.794448567693,-0.0093963528052,0.0107740433887,0.657211005688,0.753571093082,-0.0866967464641,-0.0849452126098,0.131552179985,0.100916688234,-0.109588000429,0.142153536334,-0.316071454593,0.0280497061511,-0.0251354314201,0.523831119253,-0.322809096175,-0.0737393405996,0.0232204161584,0,0,0.27178072956,0.211206898304,-0.517475821665,0.141957927301,0.000724895196107,-0.0888035652481,8.44933746346e-22,0.507781415285,-0.461796870417,0.450834609947,0.140539406493,9.44867805756e-07,-0.133817978764,0
-0.0199762727615,6.28748038474,0.797814404097,-0.0161044467241,0.0184206981212,0.657991230488,0.752627968788,-0.0961758511209,-0.0360065976338,0.12333133453,0.1139698404,-0.149384813288,0.118348461707,-0.228424981395,0.0617715988789,-0.0515231403347,0.331503183013,-0.268581053749,-0.0624708243935,0.0349008925259,0,0,0.242205070792,0.271231347643,-0.539274045769,0.142650376414,0.000529454046899,-0.0890655302035,-1.98696071546e-22,0.486486867579,-0.425981399024,0.454159937298,0.140506473595,-8.70385016434e-05,-0.133117194099,0
-0.0171815218712,6.29180384136,0.798758324451,-0.0154955657199,0.0176436323673,0.65970569849,0.751157104969,-0.0850962551073,-0.0350215504751,0.120603176096,0.111456706836,-0.153993826646,0.1126780762,-0.185302976783,0.0638374350513,-0.0533177394015,0.261219243531,-0.23239126082,-0.0670773546473,0.0338253900409,0,0,0.246924068621,0.287959101128,-0.541533541062,0.141710017352,0.000435207093931,-0.0847672089046,1.76102689e-21,0.4844475649,-0.422727405931,0.451011833133,0.140551037827,-9.51351038226e-05,-0.132411600236,0
-0.0146235148366,6.29576649846,0.799297057746,-0.0148665057495,0.0168512016535,0.661399483681,0.749697089195,-0.0756329519979,-0.0364206261602,0.116752990376,0.110578403833,-0.159348480016,0.11135858882,-0.158481865287,0.0639365708213,-0.0542159748811,0.225604017921,-0.22024125501,-0.0707927587991,0.0307172778994,0,0,0.261845722922,0.291046243247,-0.519056008775,0.13963827219,0.000386750236094,-0.0792053590416,-6.39949765516e-22,0.482006336326,-0.419848475152,0.449809446199,0.140624554543,-0.000102372566859,-0.130967857498,0
-0.011853624911,6.29932188613,0.799707012356,-0.0144031737,0.0162507388741,0.663128137589,0.748190820217,-0.0679780024247,-0.0359787101864,0.116113366057,0.110888113661,-0.164596649032,0.108127148213,-0.134649981989,0.0609777663642,-0.0650682808354,0.193933116377,-0.209703642253,-0.0705448265897,0.0293075796217,0,0,0.278462301657,0.289188677086,-0.48283006393,0.137422904672,0.000378750389015,-0.0753040290848,4.1132555494e-23,0.479215956093,-0.417263220317,0.450571664751,0.140675126909,-0.000109378919395,-0.130464794708,0
-0.00914746245289,6.30269314768,0.799939197584,-0.0143525153399,0.0161002986133,0.665273845196,0.746287822723,-0.0622067710394,-0.0342831389195,0.114759255453,0.111352145168,-0.168623522334,0.10554003446,-0.114222091574,0.0596915252848,-0.077007538892,0.166036672048,-0.200905500474,-0.0705457697034,0.0265748444945,0,0,0.30001548498,0.279247374644,-0.432167910852,0.135409271197,0.000406915945836,-0.0733230982934,-6.28610834797e-22,0.47793674123,-0.410988522694,0.44979021782,0.140697273375,-0.000133995966301,-0.13149770905,0
-0.00646557400611,6.30565977016,0.800101677923,-0.0144321387634,0.0161146074533,0.666993141174,0.74474978447,-0.0577140682104,-0.0331200345315,0.111345829577,0.112320799529,-0.173176913545,0.103415949837,-0.0965959122429,0.0609436761163,-0.0824415952952,0.141752021827,-0.194676669349,-0.0730997093476,0.0228963010013,0,0,0.318026461476,0.277874863445,-0.388686989805,0.133652635451,0.000406535087039,-0.0721482520705,-5.8451950726e-22,0.475312580765,-0.406853791648,0.454620169606,0.140853410659,-0.000153673269127,-0.132600515913,0
-0.00396423130496,6.30862244708,0.800153682592,-0.0143693340942,0.0159734655172,0.668635845184,0.743279516697,-0.052941277183,-0.0321267788449,0.108174690894,0.113715312342,-0.177868302781,0.101401749342,-0.0829110546497,0.060926342144,-0.0900946850005,0.125244107528,-0.192146985696,-0.0733408744967,0.0187314916402,0,0,0.334550187934,0.285424541867,-0.36154734659,0.13216926114,0.00037182489719,-0.0710694516299,-2.33228746898e-21,0.47417995551,-0.403450211714,0.462144103021,0.141028410994,-0.000167750085273,-0.133385286477,0
-0.00172382801771,6.31116601789,0.80010787026,-0.0147108417004,0.0162821020931,0.670235931873,0.741823613644,-0.0506710542156,-0.0308303395221,0.104376329488,0.115885428239,-0.184179184201,0.0985883593831,-0.0747714927836,0.0594266098213,-0.101272848632,0.118743551047,-0.196790686756,-0.0712968884237,0.0160877369344,0,0,0.348252094104,0.29923528344,-0.35007306679,0.130879045669,0.000317890647703,-0.0697681726931,-2.59027106418e-20,0.471468741523,-0.403726106876,0.474295945557,0.141244123208,-0.000165722249573,-0.134071466553,0
0.000339926946778,6.31356404139,0.799965501315,-0.0150203397498,0.0165773555636,0.671280503273,0.740865767002,-0.0485288296979,-0.0293649312876,0.103084041189,0.117815320003,-0.189394989543,0.0966222125366,-0.0718831332213,0.0577438823766,-0.111608091811,0.119701528943,-0.201924812254,-0.0689284724297,0.0127810239792,0,0,0.365983991628,0.308929449574,-0.340166022474,0.129378915417,0.000268253087508,-0.0669718571109,-9.32996467676e-21,0.469160883175,-0.402877677961,0.485739568924,0.141482574178,-0.000170540326893,-0.135426984673,0
0.00212977895131,6.31574155193,0.799838695411,-0.0154401957989,0.017023589462,0.671642184258,0.740519165993,-0.0466339543035,-0.0291819596861,0.10223842342,0.119574492665,-0.193738263313,0.0959664108615,-0.0704640566051,0.0555300319393,-0.118663962786,0.123007897046,-0.210370997433,-0.0663494063068,0.00936046149582,0,0,0.388221378722,0.30963422074,-0.327381646168,0.127938565064,0.000243045311157,-0.0636719116324,5.31577051332e-22,0.466315717994,-0.402388088733,0.496104982584,0.141704098809,-0.000175290664436,-0.136998834329,0
0.00378140538889,6.31763936614,0.799712601899,-0.0159162543714,0.0175686646253,0.671206891537,0.740890920162,-0.0450732859321,-0.0282221368503,0.105071350852,0.121287461388,-0.198198324616,0.0935622754428,-0.0695050479953,0.0535490724114,-0.122736998982,0.125923424561,-0.218319953509,-0.0631511988398,0.00802289508283,0,0,0.413000044089,0.302092499755,-0.314685974101,0.126477235862,0.000241732256536,-0.0598803121107,2.71569302817e-21,0.462828714543,-0.402970355938,0.505949499445,0.141906767834,-0.000169649005382,-0.137672004009,0
0.0051924652817,6.31930570751,0.799655226885,-0.0162868537009,0.0180119108409,0.670497298241,0.741514444351,-0.0437664272452,-0.0289271450299,0.108738530213,0.12223849674,-0.200800324072,0.0926931513173,-0.0686480792764,0.0514371350872,-0.122089065427,0.12737695473,-0.221806610553,-0.0602858495366,0.00803592521697,0,0,0.435192871772,0.296040953311,-0.314713220327,0.125414867381,0.000236005374313,-0.0561988161296,6.48683513517e-21,0.460728629692,-0.402743173042,0.510236313425,0.142051321168,-0.000166724164415,-0.137844539764,0
0.00637439244728,6.320921195,0.799579000864,-0.0166157856584,0.0184058099985,0.669884383678,0.742051243782,-0.0418136318808,-0.0303695175906,0.112454327119,0.122900038909,-0.203206114829,0.0921532451073,-0.0677372379793,0.0494296851499,-0.120075492273,0.1281392802,-0.22298776661,-0.0606624513478,0.00939443241805,0,0,0.453914130119,0.289535942672,-0.323381277248,0.12517123796,0.000238601443719,-0.0542190016914,3.11292841699e-21,0.460019101087,-0.403273486237,0.51098505297,0.142044478985,-0.000166243283952,-0.13828531013,0
0.0074110771221,6.32261252492,0.799491157362,-0.016825100407,0.0186436828226,0.669760107994,0.742152750492,-0.0402733655482,-0.0311995788936,0.116576099385,0.123191912975,-0.203630659915,0.0906437210352,-0.0658943608666,0.0473198420027,-0.120284488688,0.128860290714,-0.22389178527,-0.0615088671344,0.0106083778664,0,0,0.466499254214,0.285903587825,-0.339711573469,0.125842652283,0.000244746279892,-0.0544049604236,1.70511920741e-21,0.461395783777,-0.403712355758,0.508730628863,0.141958676451,-0.00016852800721,-0.139335705007,0
0.00826109863569,6.32424730181,0.79935437796,-0.0168482325971,0.018654730171,0.670048117638,0.741891920567,-0.0376414592651,-0.0336750982935,0.117756867237,0.12334450546,-0.203511178435,0.0915789037357,-0.0636033267789,0.0446125488816,-0.120833747315,0.128958223912,-0.222574946092,-0.0614886355384,0.00962730776519,0,0,0.47455367023,0.280320898123,-0.354573435318,0.127575357769,0.000268315454779,-0.0574855250254,-1.16165515966e-22,0.463037110921,-0.404899243163,0.507549884065,0.141853499792,-0.000168202996443,-0.140089660193,0
0.0090912724771,6.32569181505,0.7992036247,-0.0166219733655,0.0183861032128,0.670417249203,0.741570234299,-0.0346571250464,-0.036003176535,0.116913409487,0.123736853514,-0.203771943322,0.0920198318023,-0.0603494311911,0.0430963722435,-0.120225598813,0.12851214231,-0.219795213032,-0.0636401471403,0.00890646502376,0,0,0.474770700752,0.28033469175,-0.37485690783,0.129832852028,0.000288608930013,-0.0625092454885,5.74907151513e-22,0.464434764891,-0.407477576834,0.509003168179,0.141903880918,-0.000159636516635,-0.139839748912,0
0.010033836545,6.32692239128,0.799104108917,-0.0164084453136,0.0181170161813,0.671091914177,0.740971088409,-0.0324831864295,-0.0372294633436,0.115338351614,0.123727954468,-0.203316361131,0.0918536403814,-0.0576102316556,0.0418232327135,-0.122279616344,0.128729308845,-0.219382347937,-0.0649767575852,0.00815318152308,0,0,0.469857814281,0.283049090372,-0.396347183447,0.132106101536,0.000308897194811,-0.0690074506306,-3.19677886875e-22,0.466117825073,-0.40836285099,0.508249065102,0.141954843509,-0.000154481602829,-0.138580175087,0
0.0110292007296,6.32780795023,0.798989742486,-0.0160989128053,0.0177271217108,0.672099173069,0.740073859692,-0.0282515023463,-0.0368999254643,0.114419473811,0.124534154043,-0.205344150092,0.0909593558161,-0.0549738096878,0.0412496967531,-0.126007358292,0.129661009641,-0.221037569009,-0.0647213001574,0.00723275728524,0,0,0.460310850505,0.289810657485,-0.416511258127,0.133893043061,0.000314557464604,-0.0752010544964,5.64225096895e-22,0.469198698604,-0.407057670871,0.506745960891,0.142070125467,-0.000157863710138,-0.137357470848,0
