0.690455901283,-0.607711541444,0.800220135554,-0.0110995248,-0.0128994485,-0.713969435,0.699970036,-0.030940834011,0.0079950973251,0.169498333352,0.118391545018,-0.0365350215159,0.0258188332154,-0.0175613728868,-0.0547273819529,-0.259993797479,0.160166630626,-0.149910481256,-0.0210470413732,-0.056499999,0,0,0.627173443284,0.137728644667,0.0456709071025,0.124632963258,0.0011105571656,-0.0940231182169,5.53224175841e-20,0.553755239018,-0.252107203719,0.187275640688,0.130970874163,-0.000811883399602,-0.103853310229,0
0.690455901283,-0.608630911533,0.800220135554,-0.0105070754,-0.0121081536,-0.714481122,0.699471029,-0.0330472055179,0.00645675812533,0.169304877094,0.118959639191,-0.0341370416704,0.0275276899086,-0.0201265620725,-0.0566954547126,-0.259126362512,0.161823093357,-0.149700866574,-0.0182067062604,-0.0579999983,0,0,0.627668987371,0.13790466609,0.0477521085469,0.124573247128,0.00110905009919,-0.0940590615026,-2.62667907593e-20,0.550123415091,-0.25476563003,0.186104015736,0.130940355091,-0.000807330212191,-0.103834906394,0
0.691375271372,-0.608630911533,0.800220135554,-0.00975978299,-0.0110997532,-0.71498409,0.698984473,-0.0367022881081,0.00536638514637,0.168898044834,0.120504784965,-0.0330639130228,0.0293229503922,-0.0223392363501,-0.0582160681239,-0.2604522852,0.161659474101,-0.1465610774,-0.0165102495856,-0.0595999993,0,0,0.628279487156,0.139925918155,0.0465495974116,0.124579549691,0.00109842914027,-0.094066636345,-1.76664141189e-21,0.550262823437,-0.255238773771,0.180304290741,0.130760858061,-0.000809702411077,-0.103550896363,0
0.692294696625,-0.608630911533,0.800220135554,-0.00863001015,-0.00986001118,-0.71500081,0.699000819,-0.0415203612558,0.00339141698482,0.167441018954,0.122591828381,-0.0323105062498,0.0302263066161,-0.0247198015776,-0.0607223276258,-0.261811961822,0.161166455432,-0.144847247137,-0.0141763440881,-0.0614,0,0,0.628526969142,0.144199397519,0.0413574451719,0.124608850681,0.0010748529945,-0.0937355114704,1.26777871573e-20,0.5528616512,-0.255370891665,0.173501559336,0.130501520491,-0.000809572528253,-0.102974051342,0
0.693214066715,-0.608630911533,0.800220135554,-0.00802000145,-0.00867000236,-0.716000186,0.698000175,-0.0448525864101,0.00237616850938,0.168249974736,0.125412739922,-0.0314238255226,0.0312236550659,-0.027353862118,-0.0615919484596,-0.260012523668,0.160630578559,-0.143093082324,-0.0132279510748,-0.0627999976,0,0,0.628620974852,0.148428687398,0.0362186352227,0.124634601963,0.00105234336627,-0.0934017139756,3.84355730705e-21,0.552340911909,-0.256983897171,0.172342088318,0.130451734431,-0.000805618117383,-0.102968737421,0
0.695052806894,-0.608630911533,0.800220135554,-0.00723986526,-0.00669987494,-0.717986614,0.69598701,-0.0483598421893,0.0023916535974,0.170180976124,0.127017939185,-0.0342343350826,0.0322690221513,-0.0307014969703,-0.0610974485484,-0.258166788895,0.159175288329,-0.141980637909,-0.0131679227085,-0.0639000013,0,0,0.630981150362,0.148207833803,0.0365345371221,0.124669417774,0.00105427515469,-0.0934049218505,-3.778897736e-21,0.550336683976,-0.258786404788,0.174094988947,0.130522040677,-0.000801861196625,-0.103246236522,0
0.695972232146,-0.608630911533,0.800220135554,-0.0071196063,-0.00488972945,-0.719960196,0.693961611,-0.0500783592274,0.00327781394062,0.170424350903,0.12859326973,-0.0397037508414,0.03078534568,-0.0332689237487,-0.059924154726,-0.255935750857,0.15769573236,-0.1406953826,-0.013579198851,-0.0644999966,0,0,0.632618942779,0.146891726659,0.0386553797005,0.124612346302,0.00105713360903,-0.0931221607387,-1.64805571139e-20,0.552360409704,-0.256764954072,0.172497154606,0.13049713326,-0.000811489627483,-0.103251890014,0
0.696891602236,-0.608630911533,0.800220135554,-0.00698928047,-0.00301968902,-0.721925668,0.691928726,-0.0513447191439,0.00471113844011,0.17289734172,0.128597147011,-0.0451835882863,0.0294675803566,-0.0367303546245,-0.058673207702,-0.254428490474,0.157441495985,-0.140514689787,-0.0144859953746,-0.0648000017,0,0,0.632740658783,0.147604682397,0.0417812604917,0.124506707526,0.00105485088606,-0.0931634540691,3.37555849761e-20,0.554533878798,-0.254294048399,0.169969488905,0.130452370017,-0.000822853599555,-0.103266721732,0
0.698730342415,-0.608630911533,0.800220135554,-0.00705907377,-0.00163978483,-0.722905116,0.69090931,-0.0511628956961,0.00459755193457,0.17477734678,0.127002494545,-0.0491264946942,0.0305251778174,-0.0393897614019,-0.0584414910887,-0.254669985938,0.158861425296,-0.14215930243,-0.0157357049408,-0.0659999996,0,0,0.636109451821,0.148044117955,0.0449127237208,0.124366688701,0.00104793182164,-0.0925972493193,8.31268119153e-22,0.555854626173,-0.252562578954,0.169309983501,0.130485239104,-0.000833341240319,-0.103562357105,0
0.700569137757,-0.609550282542,0.800220135554,-0.0072090546,-0.000579923945,-0.722905193,0.690909383,-0.051216552706,0.00279193065406,0.172719160625,0.125761802585,-0.0497712608094,0.0326902664478,-0.0411889517641,-0.0595261954416,-0.25384041965,0.161647901654,-0.143001681213,-0.0150735341761,-0.068400003,0,0,0.639824995304,0.146448085107,0.0473743246774,0.124297729474,0.00104663760562,-0.0920240943796,-2.40269208644e-20,0.559487509082,-0.248839098811,0.167049478126,0.1304653922,-0.000850829036986,-0.103550654712,0
0.701488507847,-0.609550282542,0.800220135554,-0.00662936034,0.00105989774,-0.721930323,0.691933188,-0.0533237447873,0.000239283792029,0.169963096282,0.122557242774,-0.048311049108,0.0350092032523,-0.0456099506268,-0.0614944389426,-0.25362458056,0.165489201393,-0.140493156666,-0.0138570702683,-0.070600003,0,0,0.640544848829,0.146602272809,0.0513910635015,0.124094169198,0.00103591679873,-0.0914880953325,7.43049365422e-22,0.56332486733,-0.243374429508,0.161169123452,0.130328592967,-0.000872194983415,-0.102946064601,0
0.703327248946,-0.609550282542,0.800220135554,-0.00623939037,0.00291971483,-0.721929463,0.691932363,-0.0554199678174,-0.00142459208062,0.170079997532,0.119595057477,-0.0454359668928,0.0373376670756,-0.0503040397175,-0.0632278951303,-0.256484375828,0.168405286517,-0.135050071741,-0.0127586177422,-0.072800003,0,0,0.640688139416,0.144369574415,0.0575884867831,0.123910814208,0.00103798621995,-0.091276483911,1.66471879838e-20,0.565532877385,-0.239386329439,0.156088392312,0.130226999532,-0.000891211451905,-0.102644105629,0
0.704246619035,-0.608630911533,0.800220135554,-0.00557923147,0.0058691914,-0.722900396,0.690904799,-0.0593336615449,-0.00020968223951,0.175393312403,0.116422518842,-0.0422348909472,0.0392148817471,-0.059488842873,-0.06192579593,-0.253047201889,0.172261679475,-0.130278286701,-0.0139064191173,-0.0732999966,0,0,0.63867950524,0.14102084391,0.0612981041684,0.123722724269,0.00103995124114,-0.0907266934757,5.42651670192e-21,0.564207590893,-0.235213526462,0.15305600192,0.130240455976,-0.000911233851749,-0.102326634637,0
0.706085414377,-0.607711541444,0.800220135554,-0.00428866552,0.010296796,-0.72677384,0.686786262,-0.0654295925052,0.00433372337148,0.185848752209,0.115531366533,-0.0419326536226,0.0385288128663,-0.0752863193118,-0.0582820555722,-0.242147493381,0.179009721764,-0.127296646093,-0.0135063584439,-0.0720999986,0,0,0.637122639409,0.138701132933,0.0629107523249,0.123579153537,0.00104111315571,-0.0901355420425,6.21267465032e-22,0.559758155688,-0.23241944152,0.152742955708,0.130369700052,-0.000927366397119,-0.102305241764,0
0.707924154557,-0.606792171354,0.800220135554,-0.0021000497,0.0161003822,-0.733017353,0.680016123,-0.0744541209392,0.0118805300247,0.202154187542,0.116007411168,-0.0441467666367,0.0366397357164,-0.100306199313,-0.0526921055571,-0.224050123663,0.193572134058,-0.126822301037,-0.0126929215747,-0.070600003,0,0,0.634512657492,0.136864269844,0.0616250773459,0.123493374851,0.00103964894619,-0.0895141686734,-1.21924968058e-20,0.546717708088,-0.235602225284,0.162327144216,0.130770775806,-0.000916547376525,-0.10218705493,0
0.708843579809,-0.604953376012,0.800220135554,0.000583004628,0.0228001808,-0.742005854,0.670005317,-0.0864010235711,0.0209500992872,0.22057568979,0.117700081189,-0.048684195253,0.0363809140588,-0.133662668349,-0.0466096514539,-0.206608895285,0.219468155808,-0.139477995026,-0.0112511864072,-0.071800001,0,0,0.632670993764,0.130956567051,0.0658029241398,0.123453892549,0.00105749863577,-0.089567775113,-5.73846713266e-21,0.530899307793,-0.238089134486,0.171383668548,0.131185948354,-0.000910508763467,-0.101401396798,0
0.709762949899,-0.60219521058,0.801139505644,0.00355846699,0.0295872528,-0.752675742,0.657716625,-0.0957043072813,0.0309329145215,0.243953338201,0.115356296105,-0.0535146635065,0.0367401474397,-0.170521413589,-0.0443225887041,-0.204639935471,0.253567273115,-0.168977236648,-0.00770639850928,-0.074000001,0,0,0.63090529717,0.130118275488,0.0679503125394,0.123429007231,0.00105889248804,-0.0899244830948,3.01147177186e-21,0.513399980929,-0.237303063185,0.177350962878,0.131672769139,-0.000928298744125,-0.100903932829,0
0.710682319989,-0.600356470401,0.801139505644,0.00685028064,0.0346014183,-0.765031326,0.643026349,-0.100200801054,0.0402691394088,0.276710074713,0.112875250597,-0.0590956977391,0.0378051997874,-0.20289173202,-0.0597588610329,-0.26020549382,0.291770646636,-0.195228573907,-0.00267382237789,-0.0731000006,0,0,0.627228284591,0.130911913074,0.0651757450553,0.123586725911,0.00106455423072,-0.0908035489185,-2.38475683451e-20,0.500849701298,-0.239846629542,0.183183189083,0.131910458325,-0.000917776109928,-0.100197484789,0
0.711601690078,-0.598517730221,0.801139505644,0.00759107555,0.0353050035,-0.778110239,0.62708882,-0.0992316141283,0.0504176434152,0.310510816171,0.121055028178,-0.0677825146755,0.037368075845,-0.221418225321,-0.0876783784885,-0.347361878762,0.331488117616,-0.229050681028,-0.0164232749423,-0.0670000017,0,0,0.620873229368,0.133394120068,0.0612958855997,0.123798955427,0.00107855059414,-0.0922332097742,3.58090297694e-21,0.501350852163,-0.251856237197,0.187230541964,0.131572257293,-0.000848252689009,-0.100030318995,0
0.712521060168,-0.597598304969,0.802058930896,0.00903967164,0.0366986664,-0.789971334,0.611977765,-0.0933851423562,0.0581809238721,0.344471919787,0.116553250684,-0.0702325761092,0.0378668568779,-0.216514390445,-0.118498095322,-0.462470883659,0.340205251,-0.244221800906,-0.0360747674217,-0.064199999,0,0,0.612578166603,0.133846360605,0.0594533326197,0.123955527211,0.00109264843509,-0.0937290757488,1.66163033297e-20,0.494319321974,-0.258256523072,0.196744706799,0.131728401728,-0.000813870687939,-0.100003755464,0
0.712521060168,-0.597598304969,0.801139505644,0.00907293744,0.0355114996,-0.801259442,0.59719337,-0.0841735579777,0.0653036032014,0.377567168479,0.121027207057,-0.079656500437,0.039888035222,-0.201104253134,-0.144026521048,-0.563751208418,0.34770826049,-0.252741798923,-0.0616999234605,-0.0604000017,0,0,0.61177232268,0.131060230007,0.0576054596762,0.124211998463,0.00112085025993,-0.0945618747223,2.9887166927e-20,0.498304789868,-0.269482327269,0.201988238723,0.131456825955,-0.00074888818216,-0.0998053682512,0
0.711601690078,-0.597598304969,0.801139505644,0.00906918121,0.0331970035,-0.813926556,0.579947645,-0.0748804645584,0.0729677427822,0.41122419552,0.130064949844,-0.0943163433967,0.0410485335175,-0.183262230388,-0.154884203464,-0.627290384818,0.343173571619,-0.25161375371,-0.0769134877615,-0.0579999983,0,0,0.611715372408,0.123510625342,0.0620397662413,0.124337215518,0.00116257649145,-0.0951675933686,3.53603256466e-20,0.495303820682,-0.27984651798,0.211674570797,0.131483458547,-0.000695800143726,-0.0998183602148,0
0.709762949899,-0.599437100311,0.799300765465,0.00885198277,0.0287064301,-0.827185317,0.561125685,-0.0618612239341,0.0792185049186,0.448801044953,0.143964789861,-0.114740188553,0.0420896952076,-0.166580685588,-0.157941919757,-0.653850354608,0.331402905957,-0.244528632681,-0.0760944430705,-0.0551000014,0,0,0.616855350161,0.111807206204,0.0665559140632,0.124591621132,0.00122073881909,-0.0954311879097,4.85052760685e-21,0.48986938981,-0.292931814371,0.221938089011,0.131495524309,-0.000633096628307,-0.0998445010721,0
0.707004784467,-0.60127584049,0.797462025285,0.00764042448,0.0216012007,-0.840046648,0.542030111,-0.0454254349028,0.0828894914032,0.482233639462,0.163382961127,-0.136137837179,0.0436910651531,-0.146802080172,-0.155886452686,-0.646953791656,0.307601620903,-0.22177910295,-0.0503016826262,-0.0557999983,0,0,0.630010289323,0.0971781304844,0.0736470201793,0.124867279326,0.00128118214121,-0.0951205622841,1.1640482581e-20,0.482270388078,-0.30563920111,0.230749424714,0.131583800619,-0.000582360555907,-0.0998067665198,0
0.702407878856,-0.603114635832,0.795623229943,0.00587006339,0.0151001635,-0.854009196,0.520005597,-0.030748015172,0.0916967379309,0.517060140548,0.187474786316,-0.157790885753,0.0461356554796,-0.135780054547,-0.141065998559,-0.601930628937,0.284124781981,-0.208795521814,-0.0407455401535,-0.0560999997,0,0,0.642376654583,0.0845362833132,0.0861238553565,0.124972477612,0.0013380709345,-0.0951871711329,2.4593134011e-20,0.471750577101,-0.310512559774,0.239058171982,0.131860283833,-0.000567753896306,-0.100032229346,0
0.696891602236,-0.604953376012,0.796542600033,0.00345036406,0.00917096822,-0.867091484,0.498052553,-0.0222677679338,0.106353946583,0.547396096389,0.22346521092,-0.173719709701,0.050096078139,-0.128694293589,-0.125465512453,-0.56125548972,0.271534918668,-0.200859918744,-0.038045775462,-0.057599999,0,0,0.656446790565,0.0799672068715,0.0929832845833,0.125094753889,0.00136388641406,-0.0952111322272,-6.19298453664e-21,0.466246244833,-0.305073145322,0.241278459288,0.132087649397,-0.000593265940185,-0.0996251913552,0
0.690455901283,-0.606792171354,0.797462025285,0.00309968763,0.00468952713,-0.87891141,0.476951919,-0.0325345622408,0.12604467175,0.567489486626,0.282230541594,-0.187330802465,0.061989150887,-0.126424958137,-0.107594175188,-0.516168131385,0.258022373991,-0.188335339354,-0.0374750337865,-0.0584000014,0,0,0.662547868257,0.0807742766702,0.0979509112581,0.125107483456,0.00137407489501,-0.0958621030551,3.23390126315e-21,0.463323801197,-0.29572234981,0.242047855644,0.13225529134,-0.000627224653606,-0.0986182836486,0
0.68310083024,-0.607711541444,0.798381395375,0.00456986982,-0.00024699296,-0.889974657,0.455987023,-0.0714180421506,0.150094392086,0.561571704883,0.379253788005,-0.194022695754,0.086420682245,-0.1225035246,-0.0954491120384,-0.480873348837,0.246642568502,-0.184520237071,-0.0393345785676,-0.0615999997,0,0,0.667016656661,0.0870591965263,0.0909707672972,0.125277942227,0.00135054385058,-0.0957950990402,1.02864555038e-21,0.460154941442,-0.289755675842,0.245379168777,0.132459333358,-0.000647903926784,-0.0972594924123,0
0.67666518353,-0.608630911533,0.798381395375,0.00706249742,-0.00426150666,-0.900318317,0.435153867,-0.149290028791,0.171805928536,0.506164337295,0.516867959939,-0.204169707372,0.131985910493,-0.123261868008,-0.0855157981215,-0.447974554271,0.239251436227,-0.185323272081,-0.0428261823464,-0.063500002,0,0,0.667019956326,0.103101216607,0.0756681538354,0.125342361188,0.0012844761411,-0.0953617150757,1.80719266384e-23,0.454500651272,-0.285094215747,0.246571917809,0.132620086709,-0.00066724926889,-0.0962430638034,0
0.673907018098,-0.610469652632,0.799300765465,0.00880374631,-0.00683290754,-0.91238826,0.40917413,-0.233224196801,0.166102900762,0.418744260862,0.629141245933,-0.205043098374,0.1498879786,-0.130518150383,-0.0770472228226,-0.408725023578,0.236211567803,-0.176369314642,-0.0427673505508,-0.0606000014,0,0,0.664987694264,0.115439519033,0.0686437435918,0.125068496493,0.00122758450071,-0.0943911637725,-4.08087854542e-22,0.449934892325,-0.281711986976,0.24798131884,0.132606548613,-0.000669959005706,-0.0953389138614,0
0.675745813441,-0.614147188153,0.800220135554,0.0112028027,-0.0104026029,-0.925231521,0.379094864,-0.294101953289,0.127662261107,0.332901701895,0.669207063533,-0.191759869925,0.132226649393,-0.141904658224,-0.0744492931966,-0.359731300571,0.231727927747,-0.15883776532,-0.0387150413717,-0.0562000014,0,0,0.657336580702,0.111626834273,0.0710543236648,0.124823876638,0.00123240997363,-0.0938036730754,9.06598535667e-21,0.450763394481,-0.276649425202,0.235772708637,0.132131115229,-0.000679690035329,-0.0942753640244,0
0.67666518353,-0.619663519017,0.802058930896,0.0130004693,-0.014100509,-0.938033866,0.34601247,-0.324567810954,0.0916963666006,0.267940176959,0.651890814519,-0.156347016308,0.100376211224,-0.147114890667,-0.068311675105,-0.299784342894,0.217817930835,-0.137360280977,-0.0343976138952,-0.0511999987,0,0,0.651873551135,0.0967631352904,0.0834867422624,0.124469366763,0.0012727178495,-0.092687739403,1.92387286713e-21,0.465651631578,-0.26485157568,0.209669856081,0.131208388327,-0.000711690626815,-0.0930538905362,0
0.677584554539,-0.626099164807,0.803897671076,0.0137020935,-0.0176026893,-0.949145014,0.314047992,-0.337613328867,0.0494976757592,0.186622607167,0.594915756842,-0.121793178541,0.0839337010352,-0.145135259838,-0.0625683010786,-0.247009202951,0.196911519835,-0.113782396196,-0.0290405540944,-0.0482000001,0,0,0.64739962796,0.0789290035831,0.0965761429833,0.12416155388,0.00131516277323,-0.0912898613154,-4.15781493486e-20,0.490281141894,-0.252513376633,0.185536559175,0.130322524097,-0.000744377920055,-0.0921259383108,0
0.678503924629,-0.635292976949,0.805736466418,0.0179975182,-0.0225968857,-0.959867657,0.278961558,-0.321319419322,-0.00155523493237,0.101417087588,0.483267539579,-0.0798202424422,0.0718745593325,-0.142100754811,-0.0637922892864,-0.187055145525,0.166521238578,-0.0874432983168,-0.0210545815047,-0.0463000014,0,0,0.640036243466,0.0584677772292,0.10344216085,0.124070069984,0.00135508188716,-0.0895329969285,-4.83085509933e-22,0.494934120598,-0.256097933423,0.184573386561,0.13020739493,-0.000729487644865,-0.092807029069,0
0.67666518353,-0.644486788171,0.805736466418,0.016305523,-0.0236079971,-0.970328685,0.240081312,-0.304260948906,-0.0373573758228,-0.017953981478,0.40320502535,-0.0640019386522,0.0579226493787,-0.141357181452,-0.0508295221933,-0.116434660121,0.154499649913,-0.0760528775891,-0.0159286205495,-0.0392000005,0,0,0.645420421003,0.0554445065202,0.106301939557,0.123744053593,0.00134988262518,-0.0876943948643,2.42132098132e-22,0.514896377362,-0.261143624041,0.190256174441,0.130038646322,-0.000688460295953,-0.0938866709524,0
0.672987648009,-0.653680654556,0.805736466418,0.0144058936,-0.0231094545,-0.97940067,0.200081862,-0.283623973599,-0.0701606776224,-0.156393136993,0.34164247108,-0.0580910144188,0.0430475575438,-0.143327645959,-0.0353990965343,-0.0434170728189,0.150400907845,-0.0664060782612,-0.00952382243611,-0.0335000008,0,0,0.648697718706,0.0609973034654,0.103690184049,0.123427667554,0.00132201748602,-0.0864343475067,8.5095035515e-22,0.528376912731,-0.270331792239,0.200538418144,0.13007567265,-0.000639033953782,-0.0951986152693,0
0.668390742398,-0.661955096608,0.804817041165,0.00707025276,-0.0207007408,-0.9870353,0.159005683,-0.259075144587,-0.0928427673731,-0.273837987138,0.325483103331,-0.0823103983672,0.0372043037762,-0.142370091979,-0.0134779848123,0.0190141521905,0.16417754997,-0.0654984292352,-0.00893712576793,-0.0308999997,0,0,0.656592133117,0.0760583966706,0.100752096557,0.123202585969,0.00128404309677,-0.0866971897879,2.10924154125e-22,0.557906908372,-0.278307059455,0.206137736517,0.129863903825,-0.000589151266497,-0.0956170400506,0
0.665632576966,-0.668390742398,0.804817041165,0.00386943756,-0.0173974719,-0.99285568,0.117982854,-0.231445725691,-0.0999951151385,-0.335178583914,0.300621457853,-0.0741183302084,0.0222608496952,-0.150736433821,0.00749224063355,0.0788076590196,0.174349985819,-0.0562788843961,-0.00941451103644,-0.0353999995,0,0,0.662927585967,0.0817240941163,0.103805181731,0.12305025563,0.00126407040834,-0.0867672728846,-8.03816790778e-21,0.564175403893,-0.283100557606,0.209277155815,0.129909876366,-0.000573424994662,-0.0961854484565,0
0.666552002219,-0.674826443351,0.803897671076,0.00231988144,-0.0131993255,-0.996949041,0.076896069,-0.217006794664,-0.0813977252054,-0.308926270351,0.295817884707,-0.0808334308955,0.0136894581217,-0.169915410002,0.0268876013212,0.129267770141,0.194545168168,-0.052853276477,-0.00711330542365,-0.0485000014,0,0,0.673007465771,0.0834094290712,0.109594080903,0.12310149607,0.00125095079286,-0.086897497377,8.26175048462e-21,0.558333275648,-0.285753649607,0.213418224835,0.130127057016,-0.000576347217123,-0.0962862377149,0
0.667471372308,-0.681262090061,0.802058930896,0.000558157883,-0.0084523905,-0.999282675,0.0369104395,-0.202299281682,-0.06060406512,-0.259356922542,0.290374293086,-0.0885545283702,0.0149245656027,-0.189679196335,0.0438934863367,0.169615316283,0.219487878296,-0.0564785166767,-0.00176088677492,-0.0671999976,0,0,0.686623842889,0.0842981798519,0.114293805115,0.123492813948,0.0012440093273,-0.0873056859441,1.02146176092e-20,0.550613959817,-0.280207034513,0.208759307356,0.130359997639,-0.000627361557677,-0.096315117331,0
0.668390742398,-0.688617161104,0.801139505644,0.000789994307,-0.00371997302,-0.999992769,2.92997875e-06,-0.191271795307,-0.0457903032447,-0.219205355046,0.279232617368,-0.0771465419263,0.0210380944069,-0.21018858014,0.0546751038223,0.200730003852,0.241109433451,-0.0678465261248,0.00824072351511,-0.0903000012,0,0,0.702016214067,0.0917035595453,0.106809650557,0.124297514442,0.00121410066328,-0.0872601313736,-2.44560854181e-20,0.538502132936,-0.273280593092,0.199237407323,0.130663758724,-0.000702769149905,-0.0962634695069,0
0.672068277919,-0.695972232146,0.801139505644,0.00453162691,0.00057020468,-0.999358786,-0.0355127504,-0.190905524579,-0.0318257921841,-0.177877302458,0.270533482819,-0.0725374920946,0.019753787658,-0.242363069627,0.0615198963427,0.219157517776,0.270590746507,-0.0985245626981,0.0220832949243,-0.111000001,0,0,0.708091973613,0.105600980932,0.0934490629444,0.124943808837,0.00116072328789,-0.0871942349488,1.04476880134e-20,0.529025781496,-0.263065354043,0.182658556653,0.130723699666,-0.000789347424763,-0.095057753647,0
0.67666518353,-0.703327248946,0.802058930896,0.00986285803,0.00380110167,-0.997289006,-0.0728211075,-0.190363559404,-0.0135413358926,-0.119896915095,0.257619632225,-0.07131228176,0.0163052767089,-0.281900113039,0.0610208518341,0.204555470992,0.303457039879,-0.135573639574,0.0290965656863,-0.123000003,0,0,0.705960396239,0.122976199362,0.0819891485122,0.125122928988,0.00109349442246,-0.087500054994,-4.21210439666e-22,0.523726564404,-0.249421306129,0.166199737059,0.130742640832,-0.000878095812878,-0.0939868219323,0
0.68218146015,-0.711601690078,0.802978300986,0.0144925086,0.00432776296,-0.993486501,-0.11294162,-0.182521961903,0.000981391893895,-0.0492955915852,0.235371451181,-0.0637289124586,0.0200314958819,-0.32059492275,0.0334212607265,0.117253772569,0.339210729801,-0.174949586923,0.0370768905955,-0.127000004,0,0,0.697323054357,0.135374352154,0.0760327423215,0.124945514734,0.00104006136418,-0.088184424091,-1.70249826844e-21,0.516867258959,-0.251671764372,0.170387423737,0.130961267643,-0.000874683531363,-0.093238323189,0
0.687697791014,-0.7207955013,0.803897671076,0.0193005435,0.00428012035,-0.98802776,-0.1530043,-0.171098624149,0.0170538094359,0.0288080502845,0.207806165242,-0.0531541660931,0.023418372474,-0.347464836186,0.00277877768467,0.00366942205934,0.369137039761,-0.204800066575,0.0218019661214,-0.122000001,0,0,0.68470476593,0.14238092288,0.0771324376574,0.124359467309,0.00100176251216,-0.0886149966699,-2.37106952016e-21,0.507562081349,-0.262884321647,0.186862785092,0.13133857047,-0.00081976999712,-0.0931566529905,0
0.694133436804,-0.729069943352,0.805736466418,0.027005498,0.00468095265,-0.981199743,-0.191038888,-0.154092005048,0.0281799173183,0.0945884205335,0.155032642215,-0.0242327872833,0.0283719604126,-0.350865458196,-0.0363474328062,-0.142446594669,0.374333860458,-0.219362621099,-0.0056737769082,-0.119999997,0,0,0.672735126862,0.142695076473,0.0913813940499,0.123484917522,0.000976009202203,-0.0885954603661,-1.67904135605e-20,0.485375004502,-0.266418738646,0.208837794683,0.132469984074,-0.00081925616719,-0.0931394569956,0
0.698730342415,-0.736425014395,0.806655836507,0.0282935431,0.00515882281,-0.97277798,-0.229947525,-0.140239915742,0.0449261823206,0.173322758378,0.142455132044,-0.0254883472631,0.0313153001977,-0.341268372056,-0.063007523993,-0.270298297762,0.396781603869,-0.238369909306,-0.0420663845175,-0.105999999,0,0,0.664073657194,0.14151065579,0.0978850970882,0.122988055431,0.000989056177202,-0.0889240279153,5.77821531677e-21,0.484486792399,-0.275195676173,0.21388127983,0.132222653284,-0.000763512132401,-0.09398756461,0
0.702407878856,-0.742860715348,0.806655836507,0.0240921305,0.00453851763,-0.963685203,-0.265913143,-0.129374648489,0.0597427218354,0.242137141115,0.1592890635,-0.0439990629349,0.0325866602842,-0.326694795239,-0.0882634251933,-0.351191997348,0.441499081721,-0.265171488739,-0.0745552196312,-0.0922000036,0,0,0.66509175053,0.135180658691,0.0965787454565,0.123096373582,0.0010371346117,-0.0890530482817,-1.28286443439e-22,0.499641762519,-0.285537691588,0.203320116227,0.131204388413,-0.000695178679287,-0.095074679728,0
0.705166044288,-0.748376991049,0.806655836507,0.0220931411,0.0040687367,-0.953703929,-0.299906909,-0.114069926443,0.0713941772344,0.303249402834,0.157747953353,-0.0546221203722,0.0334091812781,-0.301285090073,-0.101110298199,-0.400295463751,0.455616182507,-0.265119082008,-0.091708396084,-0.0847000033,0,0,0.666513511875,0.129607052157,0.0989567270877,0.123143417423,0.00107300662797,-0.0892889829534,-6.81612470605e-21,0.497572599927,-0.286695056979,0.20178325404,0.131202515454,-0.000693855956185,-0.0964154189483,0
0.707004784467,-0.75205452749,0.804817041165,0.0187015915,0.0026602264,-0.943080282,-0.332028245,-0.100134292683,0.0799007006109,0.357987079934,0.164299606629,-0.0694231534339,0.035555624546,-0.270979155821,-0.109983768512,-0.419643103141,0.459822389615,-0.251861674581,-0.0959197785184,-0.0802000016,0,0,0.671170989542,0.125538873153,0.0986535331391,0.123339826457,0.00110239070439,-0.0895040570174,4.18884761306e-20,0.493907649418,-0.294564476786,0.208918903956,0.131283087005,-0.000657262434986,-0.0970695218936,0
0.709762949899,-0.755732063011,0.803897671076,0.0152952016,0.000702779517,-0.931707679,-0.362886158,-0.0881614537964,0.0881416689285,0.410349139637,0.173305565816,-0.0844717301896,0.037156290647,-0.240689949186,-0.11865694196,-0.430615480815,0.457873931447,-0.243235160539,-0.0985431503358,-0.0741999969,0,0,0.673248086145,0.119941769419,0.0991663565325,0.123460950924,0.00113579743563,-0.0897327910215,-1.66617549895e-20,0.489708021256,-0.300746999375,0.212442960248,0.131283854874,-0.000629257938143,-0.0977675271525,0
0.71344048542,-0.75849017328,0.802978300986,0.0129002196,-0.00160002714,-0.919015644,-0.394006688,-0.0762527150971,0.0989682685164,0.464247483231,0.180831455302,-0.0999213994412,0.0361939710645,-0.216963634936,-0.124263830385,-0.440036811807,0.453991761002,-0.246424989818,-0.110020087036,-0.0672999993,0,0,0.674144672988,0.109154358237,0.106864563216,0.123486882365,0.00119145393701,-0.0903393004456,4.25545315901e-22,0.487554816164,-0.299832502269,0.213114287122,0.131228884898,-0.000623020460783,-0.0978703934126,0
0.716198595689,-0.760328968622,0.802058930896,0.0103961182,-0.00516807009,-0.905661854,-0.423841737,-0.0626238016642,0.106749550184,0.520780911835,0.18505596669,-0.110653531854,0.0362356361206,-0.191693543857,-0.130234267889,-0.455475737874,0.437186724485,-0.243601418468,-0.112202495444,-0.0604999997,0,0,0.675104875848,0.0916993124153,0.11962244476,0.123457018701,0.00126438608133,-0.0906988014047,4.40501568444e-21,0.482366320982,-0.305808386774,0.222349322207,0.131290476541,-0.000584072239887,-0.0979386593761,0
0.719876131211,-0.762167708801,0.800220135554,0.00901343495,-0.00958365239,-0.892340068,-0.451171935,-0.0514438903395,0.11190739197,0.575058343399,0.186564308375,-0.118697934011,0.0359932029435,-0.166123098426,-0.137177534258,-0.48977443075,0.410504616833,-0.245992175477,-0.102660587655,-0.0544999987,0,0,0.67452676085,0.0759577628772,0.129775767925,0.123470511463,0.00132932831626,-0.0910486309993,-1.94467933446e-20,0.474714976409,-0.308990536561,0.229312053229,0.131406352163,-0.000563194559899,-0.0982935010763,0
0.724473037741,-0.762167708801,0.799300765465,0.00761248582,-0.0146047691,-0.880287425,-0.474154827,-0.0445323033055,0.115605844712,0.614941385564,0.189784405112,-0.122662565005,0.0364013697162,-0.139673761942,-0.13873022844,-0.530372445172,0.370416705182,-0.25045563371,-0.076431363525,-0.0529000014,0,0,0.671569740352,0.0726444493563,0.127296678085,0.123627885833,0.00134333790915,-0.09130984082,8.5512803084e-21,0.468766761285,-0.309351687644,0.232226912242,0.13150456489,-0.000561297383154,-0.0982816293017,0
0.729069943352,-0.761248338712,0.797462025285,0.00606185272,-0.0197060228,-0.870265983,-0.492150429,-0.0425027466198,0.117207492085,0.63876449516,0.194975506655,-0.125823812236,0.0399109934675,-0.120626972426,-0.129150434689,-0.548253304755,0.32058765243,-0.244776702081,-0.0630837521523,-0.0593999997,0,0,0.672984310102,0.0724470638666,0.123583661138,0.123871275088,0.00133749446814,-0.0912971748529,-5.19329722412e-22,0.463621035234,-0.306418124657,0.234491903872,0.131829396986,-0.000588358182994,-0.0980967209521,0
0.734586274216,-0.75849017328,0.797462025285,0.00457782147,-0.0229890601,-0.860590465,-0.508757897,-0.0405959301366,0.127586417617,0.65767687585,0.205476402618,-0.125275186205,0.038457973382,-0.110750714798,-0.111772639972,-0.52465258445,0.283995533656,-0.229236713854,-0.0544356198992,-0.0631000027,0,0,0.673511448787,0.0837661426206,0.114572662959,0.123883575033,0.00129020448089,-0.0909356602228,9.88631478844e-23,0.463052058451,-0.301155134663,0.237680616128,0.132103625522,-0.00061421774333,-0.097969383413,0
0.739183179827,-0.754812637758,0.797462025285,0.00275019302,-0.0260018256,-0.850059689,-0.526036945,-0.0423133560927,0.142654157075,0.676647304524,0.228791358391,-0.129507845825,0.0426252271369,-0.115096451345,-0.0955455637015,-0.48449084649,0.271117543767,-0.217447860614,-0.0505349929837,-0.063000001,0,0,0.673612463494,0.0958074733269,0.108474054367,0.123730997157,0.00124504735998,-0.0905921408144,-6.36644575704e-21,0.464184025484,-0.298976229341,0.242826829471,0.132283132342,-0.000619345817928,-0.0982371930832,0
0.744699455527,-0.751135102237,0.798381395375,0.000167931114,-0.0292879867,-0.840655186,-0.540778183,-0.0576528318645,0.154379665395,0.659816863359,0.26897177928,-0.143228318458,0.0579278056229,-0.115387455961,-0.0815056878128,-0.445888044977,0.260292859746,-0.215089958597,-0.0476390030296,-0.0645999983,0,0,0.673002568063,0.108345617264,0.0976215619868,0.12379534068,0.0011986130623,-0.0905067303579,-1.97018642205e-20,0.465265189332,-0.300186910114,0.250443733094,0.132495989886,-0.000612148864632,-0.0984752193625,0
0.750215732147,-0.747457620959,0.798381395375,-0.00171022951,-0.0337045238,-0.833111813,-0.552074078,-0.105453404468,0.165562561463,0.584776603514,0.345958830597,-0.162240130437,0.0925568335731,-0.111866944717,-0.0719123816411,-0.429406419369,0.244344166705,-0.212665919588,-0.0465010846756,-0.0644999966,0,0,0.66519925641,0.147783603011,0.0556842529686,0.124013998266,0.0010404616482,-0.0895573003935,-2.50719689655e-22,0.469881200675,-0.300318215127,0.252147854185,0.132436797197,-0.000603582309854,-0.0981853894275,0
0.755732063011,-0.743780085438,0.798381395375,-0.00306988772,-0.0375986232,-0.826969752,-0.560979455,-0.186393108812,0.171159173303,0.470178372665,0.457025994255,-0.176691958051,0.128201098883,-0.110448990566,-0.0655969074741,-0.419840799534,0.234290723897,-0.2131750277,-0.0443589126856,-0.0648000017,0,0,0.65434325674,0.205919280616,0.00130180223661,0.124169825165,0.000794006415124,-0.0877021949856,2.2514523925e-21,0.479428146446,-0.2936018805,0.245192376296,0.132245571387,-0.000625563550937,-0.0979304996801,0
0.75757080319,-0.741941290096,0.799300765465,-0.00414896352,-0.0411897116,-0.815796199,-0.576855923,-0.257013030156,0.151217375677,0.356024433477,0.538213045075,-0.175946455729,0.122490196726,-0.115581155328,-0.0605544670577,-0.394704583484,0.229001208984,-0.203288580406,-0.0406889588581,-0.0612999983,0,0,0.64622571643,0.237319281554,-0.0266729609743,0.124159938412,0.000660873561185,-0.0863381155647,-7.66128686972e-23,0.486248634116,-0.292559581602,0.240928069932,0.131963296163,-0.000618612322096,-0.0977463240941,0
0.75757080319,-0.741021920006,0.800220135554,-0.00608975287,-0.0450981711,-0.80096752,-0.596975796,-0.299155427776,0.113418060616,0.266002737244,0.570085545467,-0.174301021597,0.106504984339,-0.121812034034,-0.055723179996,-0.352002378585,0.220588650619,-0.185371164843,-0.0373832798199,-0.0535999984,0,0,0.637309326122,0.234276305183,-0.0280648000231,0.124053823004,0.000672244273733,-0.0862764015455,-6.36915543674e-25,0.490112956949,-0.298934974424,0.240014576331,0.131550933297,-0.000573390469442,-0.0973347457426,0
0.755732063011,-0.740102549916,0.802978300986,-0.00883739754,-0.0485856903,-0.784768902,-0.617818016,-0.318324789036,0.0786494392259,0.204005122137,0.565810739864,-0.157617542673,0.0849411311076,-0.12383061166,-0.0518799808644,-0.305841659324,0.209575795714,-0.1678067482,-0.0325750636597,-0.0485999994,0,0,0.632831715024,0.214920984217,-0.0186525295723,0.124022244824,0.000749159707816,-0.0865654003428,5.97549675609e-24,0.491377620428,-0.305866498786,0.239359585394,0.131266278934,-0.000535559267449,-0.0971679120364,0
0.752973897579,-0.738263754574,0.805736466418,-0.0107994695,-0.0557972558,-0.76796226,-0.637968655,-0.316167023501,0.0371493636184,0.161057407162,0.50732026558,-0.128974844259,0.0860943514169,-0.121470757889,-0.0556092319113,-0.266903254272,0.183271613076,-0.14194367227,-0.0243075715851,-0.0500000007,0,0,0.621008575679,0.184150788,-0.00501712122129,0.124091536632,0.000859854662653,-0.0872524090415,5.26228932884e-22,0.470723899262,-0.307410475554,0.242828716717,0.131640092895,-0.000548815053364,-0.0976547734984,0
0.751135102237,-0.735505644305,0.806655836507,-0.0133997247,-0.0570988305,-0.74898465,-0.659986489,-0.309548870548,0.0181588148745,0.121895435145,0.45916948979,-0.115764053883,0.0857532133386,-0.12119960975,-0.0499830827622,-0.220703671194,0.176749969056,-0.131357445278,-0.0196555594834,-0.0485999994,0,0,0.622848686027,0.164862522084,0.00874040160573,0.124226306478,0.00094606471527,-0.0882074587859,-1.77765527739e-21,0.470510277778,-0.304319015149,0.241311553403,0.131659212772,-0.000561756490474,-0.0979799758232,0
0.748376991049,-0.730908738694,0.806655836507,-0.0149996221,-0.0570985644,-0.728981622,-0.681982815,-0.296111065789,-0.000704854938331,0.0699999326564,0.397899198407,-0.109313131597,0.088213244747,-0.120825293368,-0.041422511672,-0.173656606074,0.174098672905,-0.126354579685,-0.0159657486678,-0.0487999991,0,0,0.627233910446,0.153212914782,0.0178744226775,0.124291564448,0.000996527332586,-0.0885543436668,1.87178781439e-22,0.470010470315,-0.300729711482,0.243884213154,0.131795784833,-0.000574448704353,-0.0979368743671,0
0.746538196626,-0.727231203173,0.805736466418,-0.0148085198,-0.0563324093,-0.706406389,-0.705405827,-0.279258012147,-0.0177453225113,0.00483600168347,0.327332328172,-0.0946752476788,0.0780663666244,-0.125018228348,-0.030247996261,-0.125457977001,0.177199496545,-0.123133773463,-0.0110817400853,-0.0474000014,0,0,0.631690773426,0.150473262188,0.022014560499,0.12427360631,0.00101217636166,-0.0885616625958,-1.38547930522e-21,0.467987707366,-0.297820102662,0.24721410655,0.131916011624,-0.000581904833292,-0.0979182748144,0
0.743780085438,-0.721714926553,0.804817041165,-0.0135023813,-0.0547096457,-0.683120488,-0.728128381,-0.264671382289,-0.0375077058994,-0.0806925918216,0.265861073878,-0.0777480625967,0.0668264375369,-0.130364542334,-0.0158695881447,-0.0735976261006,0.181912530629,-0.121977674264,-0.00706111972082,-0.0469000004,0,0,0.638440847317,0.148587034032,0.0267910697953,0.124246128902,0.00102522097513,-0.0885809608144,-1.83214173478e-22,0.468322487854,-0.293635658236,0.247841154925,0.131930990795,-0.000592123668064,-0.0972904384169,0
0.741021920006,-0.717117965779,0.804817041165,-0.0119996808,-0.0524986014,-0.656982524,-0.751979965,-0.251102682976,-0.0577374479873,-0.17688307306,0.218833671369,-0.0593556579212,0.0374568060701,-0.13519982854,2.35505647069e-05,-0.0202994325509,0.188437111788,-0.119564510398,-0.0036629994364,-0.0465000011,0,0,0.644201757113,0.145709265118,0.0312421704104,0.124236632811,0.00104083828381,-0.0885983668097,-1.58213583667e-21,0.475119747449,-0.280057574692,0.237317759988,0.131795741112,-0.000643780275919,-0.0967094222549,0
0.738263754574,-0.709762949899,0.802978300986,-0.0123043979,-0.0467166998,-0.632226021,-0.773276413,-0.239566586667,-0.0790579680782,-0.258194635489,0.211584342997,-0.0662367406124,0.00837032635815,-0.142322467855,0.0173564790538,0.0236232437997,0.215514431236,-0.130938945993,0.000285085261068,-0.0450999998,0,0,0.654416018009,0.155871276302,0.025650226309,0.124362562334,0.00101429014397,-0.0888174668322,-7.60706504096e-21,0.500640476407,-0.27118017857,0.224399333946,0.131259246707,-0.000662742226293,-0.0959605581324,0
0.735505644305,-0.705166044288,0.802978300986,-0.0109995078,-0.0437980404,-0.60497295,-0.794964447,-0.225899021845,-0.0859530190784,-0.291512909347,0.197812288492,-0.0498953513916,-0.00827649652482,-0.151162311706,0.0322585551236,0.069961125967,0.230790941461,-0.130270465946,0.00288053115491,-0.0469999984,0,0,0.657655407733,0.160142561886,0.0225932263994,0.12448084526,0.0010022434479,-0.0890983430822,-1.68203978151e-21,0.507337813209,-0.267236151808,0.224024654819,0.131299124484,-0.00067630628972,-0.0959333499868,0
0.731828108784,-0.701488507847,0.802058930896,-0.00876762048,-0.0409888759,-0.576843455,-0.815778566,-0.210858116815,-0.074192455971,-0.259176531012,0.189792348203,-0.0230757133832,0.00424162168335,-0.162521409484,0.0474140589389,0.112946055469,0.248128051805,-0.13205677468,0.00456899627244,-0.0551999994,0,0,0.663443096162,0.160503773024,0.0244455927976,0.124580257757,0.00099831614195,-0.0891628408028,-3.06529752769e-20,0.507024841701,-0.267209930605,0.233328866765,0.13165809034,-0.000678842973118,-0.0954242573963,0
0.727231203173,-0.699649713424,0.801139505644,-0.00392162854,-0.0395164113,-0.545226427,-0.837347728,-0.20320788513,-0.0520692592819,-0.204270246255,0.192290954877,-0.0365498489922,0.00908440799984,-0.18520906007,0.0689063673707,0.161136598844,0.273940717016,-0.14080187303,0.00452927730253,-0.0623000003,0,0,0.666621935977,0.15134986459,0.0363448740872,0.124528361992,0.00102962834077,-0.0893111037933,3.43702670372e-21,0.498454751742,-0.265747857716,0.243184907707,0.132225538659,-0.000697809341774,-0.0954910740164,0
0.722634296642,-0.697810972326,0.800220135554,0.000878421708,-0.037718109,-0.513246413,-0.857411623,-0.196507065061,-0.0328864214963,-0.155105340495,0.197806676841,-0.0478691342998,0.0143729882341,-0.210536574299,0.0865710007873,0.195842231827,0.306642677988,-0.164141612271,0.0168995690233,-0.0725999996,0,0,0.675227331517,0.140845844985,0.0478503518566,0.124612936422,0.001063560396,-0.089143742492,4.80991727234e-22,0.48678366938,-0.268886096781,0.256497252156,0.132910768734,-0.00070402273302,-0.0954821744983,0
0.717117965779,-0.695972232146,0.800220135554,0.00550212556,-0.0377145711,-0.480185495,-0.876338535,-0.195903335187,-0.0166002469663,-0.109832826537,0.208280369232,-0.052900613534,0.0144068475276,-0.240449041796,0.09784666355,0.217612318229,0.344258538557,-0.201214231,0.0320862070888,-0.0851000026,0,0,0.687249831987,0.125516596803,0.0605981108885,0.124914149272,0.00111706982533,-0.0889555737861,4.74664040856e-21,0.470844994478,-0.275333370626,0.268737390849,0.133651256111,-0.000708022147735,-0.0954197643352,0
0.711601690078,-0.694133436804,0.800220135554,0.00868119359,-0.0387053212,-0.446061341,-0.894122931,-0.189923460001,-0.000482250898713,-0.0541546252224,0.207756808672,-0.0544585486955,0.0142867275908,-0.272951911362,0.0897040542811,0.193412557411,0.374477337141,-0.223367718619,0.0351720938941,-0.0923999995,0,0,0.693854763043,0.11914843007,0.0644536610837,0.125146573618,0.00113769822483,-0.0886802720136,3.5464180895e-21,0.459225724793,-0.276591834037,0.266937167334,0.134014719017,-0.000734700984463,-0.095520503961,0
0.704246619035,-0.694133436804,0.801139505644,0.0109950904,-0.0417813434,-0.408817462,-0.911592952,-0.179062427498,0.0164128344904,0.0204387379493,0.196872652339,-0.0524222966053,0.0180065614949,-0.304310957498,0.0420698558147,0.080479890909,0.391803277603,-0.248496624482,0.0288469940325,-0.0888999999,0,0,0.688056441369,0.126435672141,0.0568885429547,0.125024448984,0.00110720434944,-0.0886331171181,1.88031365775e-21,0.453377239857,-0.273985717309,0.261667627763,0.133974398138,-0.000751347667841,-0.0955626725476,0
0.697810972326,-0.694133436804,0.802058930896,0.0144038737,-0.0478128601,-0.3710998,-0.927249372,-0.161036442428,0.0328926112001,0.0984643837251,0.161472601626,-0.0399374682085,0.024036332151,-0.309119897713,-0.0117562782018,-0.0731047896592,0.369097489189,-0.27145639053,0.00353459444433,-0.0776000023,0,0,0.667872898999,0.139165874144,0.0518966064576,0.124327088044,0.00104908190566,-0.0886717775614,1.06517848641e-21,0.434183891687,-0.267512496744,0.266595412465,0.134365804925,-0.000780513722182,-0.0965125601778,0
0.693214066715,-0.693214066715,0.802978300986,0.0148972441,-0.0479911228,-0.337937486,-0.939826143,-0.144922107842,0.0480953226054,0.165624471458,0.157654351278,-0.0489274716233,0.0262792329802,-0.300529088554,-0.0515985528213,-0.224821158413,0.371290063402,-0.283271165949,-0.042366091627,-0.0662999973,0,0,0.656755533853,0.144469654308,0.0494865175956,0.124031897809,0.00103510004112,-0.088930958371,-1.33726675683e-21,0.433378773825,-0.280681186144,0.277532419328,0.134008780316,-0.000697004639372,-0.0973754840288,0
0.688617161104,-0.692294696625,0.802978300986,0.0136027205,-0.0446089197,-0.305061014,-0.951190196,-0.130674422201,0.06417344457,0.228599800473,0.175595046081,-0.0677886813278,0.0270935879241,-0.289796217731,-0.083057935388,-0.337216712898,0.396819506331,-0.283093218119,-0.0727794763225,-0.0551000014,0,0,0.653183172507,0.137252108809,0.0550204553611,0.124021571301,0.0010834548686,-0.0897909171131,7.61871790938e-21,0.442460714287,-0.306191822521,0.291918172501,0.133321220358,-0.000551111480211,-0.0977293492601,0
0.685858995672,-0.691375271372,0.802978300986,0.0130956733,-0.0434856312,-0.27390949,-0.960682619,-0.115474623555,0.0751575666676,0.283735709864,0.178201845224,-0.0811305155413,0.0299761117502,-0.281598868887,-0.104139904925,-0.408599267627,0.422233318934,-0.29018014431,-0.0941906749063,-0.0487000011,0,0,0.654434260028,0.123211515684,0.0656860809657,0.123954617605,0.00114462342431,-0.0898156117963,-2.28277696663e-20,0.443368551366,-0.319889281975,0.296749545404,0.133002903943,-0.000482698301536,-0.0982302095519,0
0.68310083024,-0.691375271372,0.802978300986,0.0126027415,-0.0432094003,-0.24605353,-0.968210607,-0.103067050726,0.0829323295694,0.328425931504,0.179240869777,-0.091384717957,0.0322835228126,-0.273247449121,-0.119459610609,-0.450222515753,0.441285589205,-0.281389075152,-0.106823478387,-0.0472999997,0,0,0.653817332958,0.119341160895,0.0679923389184,0.123949621043,0.00115918042179,-0.0898228871482,-1.17679958607e-20,0.43809318158,-0.320808925702,0.289919042147,0.132936173055,-0.000491684175581,-0.0992045307391,0
0.68218146015,-0.691375271372,0.802978300986,0.0117027068,-0.0434100426,-0.221051135,-0.974225339,-0.0940595440887,0.0876660133298,0.36288453367,0.180820978539,-0.0970770772583,0.0340425986737,-0.263641727983,-0.132658373919,-0.480607444033,0.448442850765,-0.262676423665,-0.117301126647,-0.0496000014,0,0,0.656705585552,0.122371253761,0.0645851411935,0.123938717272,0.00113888425325,-0.0892005740875,-5.51035959223e-21,0.436421518706,-0.304421263848,0.261025031153,0.132775349836,-0.00059315462911,-0.10045639883,0
0.681262090061,-0.693214066715,0.802058930896,0.0097758144,-0.0440811279,-0.195916112,-0.979580606,-0.0852073823244,0.0944680511599,0.401958268212,0.184439562191,-0.107286929556,0.0338104813729,-0.251610520289,-0.141866768626,-0.512523120872,0.4440380961,-0.274340733859,-0.124818674268,-0.0489999987,0,0,0.655106847006,0.125028775954,0.0620674777611,0.123876819507,0.00112471146629,-0.0888811704125,-1.15484633654e-20,0.438824564757,-0.283504060946,0.223853242429,0.132320269083,-0.000712914178787,-0.101535565073,0
0.681262090061,-0.694133436804,0.801139505644,0.00708176765,-0.0442110354,-0.1710427,-0.984245715,-0.0721294637003,0.100165836584,0.441989946775,0.188385444135,-0.116750128924,0.0345244769508,-0.230486762191,-0.144378150653,-0.545966646025,0.41892490389,-0.269088769307,-0.124408085266,-0.0487000011,0,0,0.655286089952,0.117971651889,0.0658041257341,0.123974401787,0.00115498948586,-0.089199182207,4.03556229266e-20,0.439147033944,-0.273189338675,0.204357125063,0.132051263493,-0.000774724650555,-0.10193796558,0
0.68218146015,-0.695972232146,0.799300765465,0.00343983857,-0.0450978848,-0.147993061,-0.987953644,-0.0616146863941,0.103443374788,0.478156496028,0.192711663743,-0.128360006206,0.0356936399321,-0.204025514903,-0.144298603765,-0.585282785655,0.377085742776,-0.253914436637,-0.099461737992,-0.0507000014,0,0,0.65146278632,0.113828921933,0.065363069398,0.12421532022,0.00117632021258,-0.0901088047108,3.16487205045e-21,0.430379392425,-0.279311264006,0.208637674899,0.132225244473,-0.000759411289692,-0.10216585413,0
0.685858995672,-0.698730342415,0.797462025285,1.73005436e-05,-0.0445013972,-0.126003956,-0.991031094,-0.0502979871353,0.109348201556,0.505251995499,0.202646509199,-0.142673463376,0.0367430597917,-0.18198155019,-0.130844508798,-0.593500792461,0.334423201291,-0.239835542657,-0.0789910783317,-0.0551000014,0,0,0.651129262834,0.117314592273,0.0622630977664,0.124366735631,0.00116573241242,-0.090720545297,-3.47573903125e-20,0.422765614477,-0.287449654326,0.224442317276,0.132671741142,-0.000727110028213,-0.101651428676,0
0.689536531193,-0.703327248946,0.796542600033,-0.00269089215,-0.0428141967,-0.107035488,-0.993329305,-0.0395788331246,0.118837980446,0.528163514942,0.21807828365,-0.159955509512,0.0393743105471,-0.167551032208,-0.115561188267,-0.569571541433,0.30679708122,-0.225316617059,-0.0657778465996,-0.060899999,0,0,0.653868454367,0.125699484406,0.0589703602636,0.12441821223,0.00113422392841,-0.0910459095256,-2.93039959246e-20,0.418495326959,-0.287776288987,0.233015009929,0.133134406458,-0.000738481165762,-0.101434824543,0
0.693214066715,-0.707004784467,0.795623229943,-0.00534195605,-0.0412150913,-0.0867317558,-0.995364447,-0.0337507294959,0.131194582557,0.552524495178,0.242124404532,-0.175547403357,0.0459454189731,-0.167395593267,-0.103364444691,-0.538735251858,0.301442377892,-0.21498931042,-0.0592345045537,-0.0637999997,0,0,0.659342791496,0.128461894748,0.0623762140531,0.124314753298,0.00112270315201,-0.0907944699584,2.68993910522e-21,0.42030633524,-0.27913473514,0.227117855695,0.133251629504,-0.000786960162497,-0.101366839314,0
0.697810972326,-0.711601690078,0.796542600033,-0.00854865958,-0.040593635,-0.067689382,-0.996843631,-0.041978337625,0.147504055264,0.570546797719,0.287587001459,-0.190735687765,0.0563661772591,-0.168666546168,-0.0922716915328,-0.511506462902,0.299280817941,-0.207705006545,-0.0584341078951,-0.066399999,0,0,0.659602838537,0.126563595559,0.068209149608,0.124256227996,0.00113129276365,-0.0911801048557,2.5223390744e-20,0.423715711416,-0.271247553694,0.220007984714,0.133292056896,-0.000830724111165,-0.10132953401,0
0.702407878856,-0.716198595689,0.796542600033,-0.0130977873,-0.0403931744,-0.0502915021,-0.997831451,-0.0729060680225,0.161977541247,0.555750855176,0.362880953899,-0.209535961844,0.0841110360271,-0.163925515087,-0.0820731589822,-0.486500962379,0.288621340407,-0.210225104823,-0.0602430658083,-0.0667999983,0,0,0.656175865972,0.123976698045,0.0689749797224,0.12428364397,0.00114040865115,-0.0915031961519,7.63747422766e-21,0.429829132927,-0.268779066884,0.214422386476,0.133077727098,-0.000835581807766,-0.100763846201,0
0.707004784467,-0.718956761121,0.797462025285,-0.0180910486,-0.0398802666,-0.032683825,-0.998505907,-0.127594249654,0.170895498685,0.503292869268,0.463480602862,-0.222049669953,0.125836214478,-0.156845901202,-0.0760124402043,-0.463209965545,0.278338517081,-0.212890410997,-0.0593705502821,-0.0654999986,0,0,0.648929888877,0.124624964145,0.0623333920592,0.124440893501,0.00113955021015,-0.0920516730643,3.41392415915e-21,0.435481376799,-0.272266930695,0.212415306698,0.132767421269,-0.000807885612523,-0.100241956532,0
0.710682319989,-0.7207955013,0.798381395375,-0.0213987111,-0.038597675,-0.0130992105,-0.998939801,-0.183799648117,0.169035242411,0.439266541985,0.550218718781,-0.223355450055,0.133104703719,-0.154002991403,-0.0687369775679,-0.435160922409,0.271146197949,-0.208878038288,-0.0580199808763,-0.0615000017,0,0,0.63615901737,0.134394564311,0.0488321665522,0.124611742743,0.00111187171264,-0.093151027916,-2.55138718216e-22,0.441397212667,-0.27920240313,0.213347533468,0.132374696598,-0.000756636016557,-0.099778209528,0
0.71344048542,-0.7207955013,0.799300765465,-0.0239991851,-0.0370987385,0.0106996371,-0.998966086,-0.228135118945,0.152059211303,0.377663547493,0.599393250173,-0.219776884131,0.121849621429,-0.151068948668,-0.0585787829482,-0.395243125761,0.260219275874,-0.193234197542,-0.0552586197125,-0.055399999,0,0,0.622912731292,0.139686616642,0.0402901329692,0.124692880923,0.00110036861172,-0.0939680082871,-2.51018578676e-21,0.442238195455,-0.289517807623,0.220460618379,0.132116359734,-0.000689394155176,-0.0996164815127,0
0.716198595689,-0.719876131211,0.801139505644,-0.0263102189,-0.0355137947,0.0356138315,-0.998387799,-0.259842901388,0.129367527929,0.321842067481,0.612864945714,-0.203529399945,0.102434920275,-0.149030186269,-0.0488916556672,-0.350176660685,0.245824732059,-0.173050477557,-0.0522493258993,-0.0493000001,0,0,0.614582911371,0.128713779811,0.0462489798947,0.12463901503,0.0011466930342,-0.0939672486992,-1.54277024412e-21,0.439743984482,-0.295623654396,0.222681272957,0.131924317465,-0.000651973975701,-0.100067592993,0
0.719876131211,-0.718037391031,0.802978300986,-0.0286043983,-0.033105092,0.0614094428,-0.997153309,-0.276923468362,0.105284806642,0.275231756224,0.595504188539,-0.184114597009,0.092734772947,-0.141034926621,-0.0394490275743,-0.306098513525,0.227234911984,-0.152985713593,-0.0495754273096,-0.0441000015,0,0,0.612850936618,0.112338224833,0.0567773198846,0.124629697622,0.00121412126332,-0.0936858125752,-3.37060876026e-20,0.439218066711,-0.292553663975,0.214911638897,0.131687192293,-0.000662918270254,-0.100837328896,0
0.724473037741,-0.7152792256,0.803897671076,-0.0305065034,-0.0313066744,0.0874186317,-0.995212152,-0.284588077041,0.0777944257658,0.225521746925,0.554333456928,-0.164169234421,0.084966577791,-0.13297577242,-0.0330172116345,-0.263037834372,0.209156430402,-0.137759470924,-0.0446092839171,-0.0394000001,0,0,0.615991066925,0.102992740026,0.0607229813802,0.12458422278,0.00124167295747,-0.092436262221,3.67840560748e-21,0.441710001076,-0.294607037842,0.213899860792,0.131426582025,-0.000638611650884,-0.100664658392,0
0.728150573262,-0.712521060168,0.803897671076,-0.0317843292,-0.0304849684,0.113943815,-0.992510569,-0.286246801025,0.045135145062,0.165064666739,0.495962644443,-0.154101884359,0.0793997739347,-0.132612165511,-0.0287530655071,-0.219967709171,0.199452331664,-0.125680509705,-0.0374307614035,-0.0351999998,0,0,0.613629747932,0.100191100181,0.0579844171337,0.124529675754,0.00123955128593,-0.0911515158261,2.5189542246e-21,0.440608136115,-0.30140581196,0.22001557092,0.13130895912,-0.000593791880239,-0.100442778656,0
0.731828108784,-0.707924154557,0.805736466418,-0.0348850474,-0.0326859899,0.142938746,-0.988576337,-0.270031447937,0.000252691697668,0.0881042769069,0.394875669285,-0.12191326351,0.0637331016386,-0.131733106965,-0.027966040299,-0.170540615723,0.177853854746,-0.106867657237,-0.028133643153,-0.0293000005,0,0,0.604252941703,0.0891774933793,0.0568103524993,0.124649732825,0.00127119955309,-0.0901607264697,-1.34024340599e-21,0.420465616569,-0.310452285493,0.228911336764,0.131376171034,-0.000549438620443,-0.101133642986,0
0.737344384485,-0.704246619035,0.804817041165,-0.0331845402,-0.0307856581,0.17491851,-0.983541837,-0.257685100891,-0.0302594278394,-0.00929351203488,0.334471967352,-0.120325693832,0.0417341769216,-0.133803846466,-0.016315400814,-0.112011536461,0.176185490089,-0.101053890498,-0.0217940397695,-0.0214000009,0,0,0.608970320853,0.0837498301213,0.0620870537223,0.124524314255,0.00129303668203,-0.0892150914991,1.20471636882e-20,0.420986713954,-0.314670337026,0.23493672574,0.131140670551,-0.000503326464305,-0.101003690939,0
0.742860715348,-0.701488507847,0.803897671076,-0.0307071191,-0.0283065629,0.208048238,-0.977226556,-0.242397959642,-0.0555206155689,-0.101217700934,0.291409673549,-0.119421844199,0.0213892741839,-0.136305531646,-0.00325636279281,-0.055152794016,0.181148441033,-0.0986236503234,-0.0162210359787,-0.0155999996,0,0,0.61438262034,0.0802543952521,0.066920090834,0.124440399105,0.00131220022246,-0.0888978105144,2.81180528918e-22,0.420774965392,-0.315675444492,0.240829611024,0.131052858523,-0.000478543167896,-0.101112199772,0
0.749296362058,-0.700569137757,0.802978300986,-0.0259106227,-0.0221090633,0.23909801,-0.970397841,-0.234145317454,-0.0730176312446,-0.160400746517,0.296165818773,-0.140644890138,0.00110114022076,-0.139338137552,0.0108277229127,-0.0118847052618,0.205851208571,-0.109735078741,-0.0142698006796,-0.0155999996,0,0,0.628810967118,0.0891718370315,0.0662569880403,0.12432115959,0.00128884387983,-0.0891971461943,3.09942416523e-20,0.442750015287,-0.312160376754,0.237228226527,0.130831634002,-0.000481706097445,-0.0999149187855,0
0.752973897579,-0.697810972326,0.802058930896,-0.0222963282,-0.0200966904,0.271955237,-0.961841643,-0.220611363399,-0.0802713793961,-0.180084946559,0.282370931243,-0.144441755297,-0.00796351751066,-0.146504169357,0.0232082099296,0.0336205109151,0.216239871314,-0.109005987241,-0.0112966729946,-0.0193000007,0,0,0.637608959601,0.0947443335648,0.0633576626127,0.124377479225,0.00127044034974,-0.0894963799458,3.31043163205e-20,0.440621930018,-0.308609972341,0.246006035439,0.131185804698,-0.000496799298171,-0.0994364748338,0
0.756651433101,-0.693214066715,0.801139505644,-0.0177990198,-0.019498927,0.301983363,-0.952947551,-0.203019987628,-0.0786864796508,-0.174870297132,0.257842062064,-0.0944692806267,0.00653553345253,-0.157291146405,0.0354658328622,0.0711534619634,0.228334087598,-0.110219641741,-0.00489657404131,-0.0270000007,0,0,0.645214429588,0.101961538459,0.0599776128074,0.124393961878,0.00123758576511,-0.0895273458726,8.18582903081e-21,0.437527919382,-0.301545771974,0.250064782229,0.131632014028,-0.000540232430201,-0.0988784942746,0
0.75940954337,-0.688617161104,0.799300765465,-0.0124001923,-0.0185002867,0.332005127,-0.943014618,-0.183789986004,-0.0646989663083,-0.140673021505,0.240065958427,-0.0818767872366,0.0162242685282,-0.167647395451,0.0472241573889,0.101779303799,0.244707040112,-0.122266195755,0.00139806297703,-0.0390000008,0,0,0.651262090461,0.108890407983,0.0577670075745,0.124539960642,0.00121020522291,-0.0902020148037,1.98468292849e-21,0.435008961567,-0.293906454794,0.252790864563,0.132219147271,-0.000597455640546,-0.0982287504759,0
0.762167708801,-0.684020255492,0.798381395375,-0.00696089621,-0.0180023172,0.359046229,-0.933120179,-0.171063823419,-0.0524170934993,-0.110782298206,0.232282387957,-0.0765149820322,0.02097205651,-0.179834921104,0.0561084252932,0.123930035055,0.262595909963,-0.135261952539,0.0108483992,-0.0540000014,0,0,0.661270683604,0.113915735436,0.0562002657522,0.124723822532,0.00118220686269,-0.0902816495318,1.11702949732e-21,0.436183336861,-0.28538192255,0.25011819949,0.132745669456,-0.000664946139031,-0.0972527572174,0
0.764006448981,-0.678503924629,0.798381395375,-0.00236936965,-0.0192948684,0.38489761,-0.922754531,-0.167514823693,-0.0388307689933,-0.0788589235384,0.231072738588,-0.0707324599605,0.0180325770787,-0.19731373057,0.0617660224639,0.138338324938,0.281822187739,-0.160431592726,0.0270986735004,-0.0683000013,0,0,0.666615393848,0.11792757855,0.0544792383318,0.124963398193,0.00116117378442,-0.0906584621236,-8.07922132718e-21,0.437292472383,-0.277740656873,0.244330870748,0.133185663994,-0.000731287840333,-0.0966321252317,0
0.765845244323,-0.672987648009,0.799300765465,0.00111991093,-0.0221982335,0.411967226,-0.910927543,-0.165531684724,-0.0243739948562,-0.0375403357493,0.226044087292,-0.0676953786015,0.016666358405,-0.222664937601,0.0615182197067,0.136407889153,0.309025090874,-0.199898712674,0.0402005801144,-0.0789000019,0,0,0.670232230237,0.121302219654,0.0534754706431,0.125095543873,0.00114166422559,-0.090718937847,3.98656212287e-21,0.439835664428,-0.273284565402,0.24228988011,0.133465670134,-0.000767458969904,-0.0957972521316,0
0.766764614412,-0.665632576966,0.799300765465,0.00302034735,-0.0259029801,0.441050745,-0.897103201,-0.161743758131,-0.00932631206935,0.0145340144369,0.21614330985,-0.0682951877871,0.0207375171396,-0.251676034948,0.0359948314294,0.0694841564024,0.332279484676,-0.220956969848,0.0360830470687,-0.0820999965,0,0,0.66903938141,0.127691433127,0.0513420613566,0.124975803636,0.00110969808965,-0.0904483752375,1.7697919931e-21,0.441109552109,-0.271974822996,0.240869211609,0.133503886806,-0.000777033290084,-0.0954351569662,0
0.765845244323,-0.657358135834,0.800220135554,0.00270992599,-0.0331990939,0.471987128,-0.880975952,-0.151642971074,0.00449900639146,0.0706891095071,0.178345650147,-0.0526488574235,0.0285147552211,-0.270983914009,-0.0101361379069,-0.0578623801657,0.33066731932,-0.236310730528,0.0195278161983,-0.0798999965,0,0,0.657716974491,0.137498692973,0.0504897208752,0.124430948226,0.00105615213465,-0.0899287976979,-2.35857675925e-21,0.422126937336,-0.265338788501,0.246673246133,0.134148366932,-0.000821031589807,-0.0958916392391,0
0.765845244323,-0.650003119034,0.801139505644,0.0036408741,-0.0358085956,0.500120067,-0.865207725,-0.1467078045,0.0190533995307,0.126675479572,0.168148241433,-0.0500882397706,0.031878771072,-0.281511783315,-0.0508513523075,-0.198298769696,0.354210240209,-0.261453915278,-0.0240952115331,-0.074000001,0,0,0.646204701402,0.148035950201,0.0504496758458,0.124061547681,0.00102026396048,-0.0905821263735,-5.6667627834e-21,0.423783210396,-0.264610867101,0.240245284139,0.133799283537,-0.000816161266915,-0.0963802101896,0
0.766764614412,-0.644486788171,0.801139505644,0.00640190089,-0.0325096526,0.530157403,-0.847251596,-0.138288753454,0.0379544038909,0.191119135572,0.185338266507,-0.064027822452,0.0344163047725,-0.284786232057,-0.0842168018816,-0.301087278608,0.399419518466,-0.283130285745,-0.0576299586289,-0.061900001,0,0,0.646748879773,0.142788557329,0.0602959997477,0.123908766853,0.00106538378949,-0.0911642328788,-2.51904520504e-21,0.445442076177,-0.275981721247,0.22814288191,0.132503253596,-0.000729674140635,-0.0969144847708,0
0.766764614412,-0.63897051247,0.801139505644,0.00760897449,-0.0325956065,0.556924906,-0.829888112,-0.127099089266,0.0532688815936,0.250847612075,0.180040934473,-0.0659276236009,0.036418294073,-0.282928138679,-0.102580621942,-0.370320270553,0.42381211299,-0.27970116506,-0.0794289053575,-0.0551999994,0,0,0.645694758834,0.131054298346,0.0778267389808,0.123544261562,0.00111883769709,-0.091283120513,-1.60014772734e-21,0.448451998374,-0.279085205641,0.221931328963,0.132101847813,-0.00070920984722,-0.0977444639287,0
0.767683985421,-0.634373606859,0.801139505644,0.0080134838,-0.0316137423,0.582253148,-0.812353142,-0.114255814168,0.0625280443415,0.297735283594,0.173849019527,-0.0729343318155,0.0380571449681,-0.277011840578,-0.119057205701,-0.416477724856,0.445468911078,-0.278943427668,-0.0862981034112,-0.0513000004,0,0,0.647691695038,0.120746391731,0.0886893621455,0.123421696801,0.00116473508417,-0.0913418515891,-6.97965477314e-22,0.448212472432,-0.284482480637,0.221558655742,0.131930384036,-0.000683710501467,-0.0984714993062,0
0.767683985421,-0.630696071338,0.801139505644,0.00719905861,-0.0307959733,0.605920783,-0.794896085,-0.102627291395,0.0695291677251,0.343510685851,0.168041388101,-0.0817591244231,0.0389330239127,-0.270917641184,-0.13395151317,-0.447243317306,0.461171917924,-0.274528983791,-0.0890659501726,-0.0500000007,0,0,0.652891217056,0.115168191385,0.0934974787969,0.123451590535,0.00119018800057,-0.0913534515156,-8.1226470333e-21,0.441844290693,-0.291366392583,0.228204302136,0.132081085312,-0.000659311382166,-0.0993842777141,0
0.767683985421,-0.627937960149,0.800220135554,0.00654015036,-0.0289006639,0.630014482,-0.776017867,-0.0896331723901,0.0775788488951,0.392196079075,0.166257635437,-0.0945919424272,0.0396792932322,-0.257186813188,-0.14573754264,-0.472792554151,0.465132455749,-0.26372864527,-0.0944628268702,-0.0467000008,0,0,0.655612065475,0.112867295691,0.0947983948673,0.123463836147,0.00120443615401,-0.0913253446003,-1.27029028943e-20,0.438038576137,-0.303451754373,0.238483572689,0.132072456515,-0.000599451091924,-0.0997475405165,0
0.766764614412,-0.625179794717,0.799300765465,0.00616287047,-0.0258120238,0.651303392,-0.758353248,-0.0775891185514,0.0869895855147,0.438365501894,0.171902112253,-0.109886814342,0.0404139426782,-0.23586042403,-0.157049749272,-0.505286666476,0.460844744059,-0.276234794021,-0.106808534439,-0.0436999984,0,0,0.656104258931,0.110844462974,0.0942189085974,0.123659153805,0.0012281075971,-0.0921865774423,-1.29661274905e-20,0.43790666146,-0.31230999041,0.242509517818,0.131951273352,-0.000556570448615,-0.100145084564,0
0.764925874233,-0.623340999375,0.798381395375,0.00429056643,-0.0231030495,0.672088707,-0.740097703,-0.0714084140405,0.0945610399194,0.479639280604,0.181489387837,-0.120766147815,0.0419627860348,-0.211354615084,-0.16777013383,-0.547287803083,0.444311993734,-0.287036356281,-0.121747652744,-0.0419000015,0,0,0.653953827003,0.106125926246,0.0943506792866,0.123875166757,0.0012586785776,-0.0930696895891,1.71316281366e-21,0.436083046539,-0.319615098438,0.244068779684,0.131830779436,-0.000523787457491,-0.100210612829,0
0.763087078891,-0.621502259196,0.797462025285,0.00211937409,-0.0193942722,0.690795947,-0.722786504,-0.0642095561764,0.10016568373,0.518152769589,0.191466392282,-0.131224916702,0.0451392627453,-0.181295762837,-0.176418701574,-0.595819634591,0.418665125808,-0.282080347369,-0.124807309836,-0.0401999988,0,0,0.654998752911,0.103202884713,0.0907244066985,0.124109230014,0.00127530903125,-0.0932997741645,-4.08638176052e-21,0.434460824371,-0.325677576009,0.245857480685,0.131768314669,-0.000497846527872,-0.100574371483,0
0.75940954337,-0.619663519017,0.796542600033,-0.000979019446,-0.0156003094,0.710014079,-0.704013977,-0.0571716417341,0.107660698406,0.561551278268,0.202964814367,-0.141603736008,0.046787217792,-0.155459731237,-0.179446871927,-0.630763218063,0.3866678443,-0.268988252351,-0.101065066422,-0.0373999998,0,0,0.652120890388,0.0982864162933,0.0887811768416,0.124335945271,0.00130327074482,-0.0938498848872,1.59845437711e-20,0.430192507594,-0.329631523293,0.247934803453,0.131733268395,-0.000478534366706,-0.100942958102,0
0.755732063011,-0.620582889106,0.794703859854,-0.00332883984,-0.0102964118,0.727746358,-0.685760994,-0.0466589254609,0.112107760259,0.591868013192,0.213929875354,-0.152841786827,0.0518395303488,-0.139999323585,-0.163477015049,-0.608676635746,0.345184191398,-0.257688979603,-0.080147236958,-0.0390000008,0,0,0.656097323536,0.0910311588834,0.0885721916181,0.124634110878,0.00133382481018,-0.0941291201055,4.07132325834e-21,0.428745104413,-0.331729862001,0.25074413268,0.131855250325,-0.000475293667273,-0.101202988886,0
0.75205452749,-0.621502259196,0.793784489764,-0.0047904676,-0.0046804565,0.744072624,-0.668065173,-0.0330637869354,0.117061803222,0.624784595191,0.225912566726,-0.168013732645,0.0570223626193,-0.13086655202,-0.150792335989,-0.577177567642,0.316304178595,-0.243222613408,-0.0660012137113,-0.0399999991,0,0,0.661150319208,0.0815759684379,0.0919438581838,0.124836875397,0.00136974480521,-0.0941367102135,4.28321635613e-21,0.427675174041,-0.333551010645,0.257390323892,0.132044500564,-0.000468227318316,-0.101452810047,0
0.747457620959,-0.621502259196,0.794703859854,-0.0065202453,-0.000398014989,0.75902858,-0.651024533,-0.0285496789284,0.121525550203,0.642522390657,0.243215412705,-0.181439732068,0.0687707650263,-0.136011596326,-0.141871310917,-0.544627976518,0.309539285301,-0.22662425835,-0.0585270188,-0.0439000018,0,0,0.663608782405,0.0740252381074,0.0969038316809,0.124995462183,0.0013983414877,-0.0945017692699,-7.1726018606e-21,0.42796159451,-0.329948582665,0.259381493512,0.132263241813,-0.000490463301189,-0.101329089939,0
0.741941290096,-0.622421629286,0.795623229943,-0.00839182573,0.00309067239,0.773168205,-0.63413796,-0.0406146512211,0.131753425894,0.641595571793,0.284128053716,-0.20433097159,0.0853186876228,-0.139852797078,-0.128186964942,-0.505137484283,0.299584944627,-0.218874926915,-0.0538458226002,-0.0460000001,0,0,0.66311357568,0.0702260617623,0.099466289103,0.125031978647,0.00140879921184,-0.0945415840438,-2.88889706814e-20,0.431713357923,-0.322493246625,0.254901561354,0.132282876402,-0.00052382348659,-0.100971002948,0
0.737344384485,-0.623340999375,0.796542600033,-0.0110987783,0.00623931333,0.786913394,-0.616932085,-0.0835120333764,0.134979250025,0.577952732653,0.350089701962,-0.22082252352,0.100943310531,-0.134951455315,-0.112458503482,-0.479362665379,0.275699366696,-0.215199806233,-0.0523492443867,-0.0428000018,0,0,0.656621984183,0.0732559352575,0.0899230963058,0.125158415692,0.00139671643739,-0.0944258750072,2.15475608646e-21,0.439603560593,-0.317368191198,0.247384505772,0.131992883613,-0.000534249884714,-0.100783418056,0
0.732747478873,-0.625179794717,0.797462025285,-0.0121034389,0.00880250104,0.798226781,-0.602171095,-0.143171161864,0.130458377446,0.481422145989,0.42422476859,-0.222625136122,0.114850262983,-0.126992963896,-0.100323021979,-0.458877496391,0.255943183136,-0.208022244578,-0.0469894364634,-0.0394000001,0,0,0.646439348803,0.0855088331715,0.0729516465536,0.125250174713,0.00134914454099,-0.0942504082561,5.09596008523e-21,0.451608952014,-0.310919736355,0.237079255208,0.131623275074,-0.000549722460995,-0.100623310818,0
0.729989368605,-0.627018534897,0.798381395375,-0.0128060772,0.0105049853,0.811385058,-0.584277278,-0.196591882081,0.121595779097,0.403387173675,0.481569378384,-0.213840260719,0.100185598359,-0.124173057623,-0.0863858667981,-0.428218095332,0.241203183544,-0.197739270338,-0.0441618815001,-0.0368000008,0,0,0.639902024744,0.0906797034927,0.0657971779353,0.125172616219,0.00132058798163,-0.0935680107399,-3.26435100604e-22,0.456839207728,-0.308369265738,0.235135248579,0.131475125141,-0.000549855507133,-0.100387113748,0
0.729069943352,-0.629776700329,0.799300765465,-0.0137989381,0.0137989381,0.826936396,-0.561956739,-0.233544595845,0.100404650764,0.339152237805,0.507468146583,-0.192585856689,0.0875772033462,-0.125286155007,-0.0753568308081,-0.383096291689,0.225571473229,-0.181637556227,-0.0388363158646,-0.0295000002,0,0,0.6341616977,0.0857168919079,0.0625851694706,0.125191525604,0.00133175895162,-0.092555937811,4.05263091615e-21,0.456698260492,-0.315550576916,0.239050920719,0.131309898516,-0.000506341612649,-0.101173492334,0
0.729069943352,-0.63253486576,0.801139505644,-0.0148034067,0.0174040054,0.84319404,-0.537123609,-0.25656659191,0.0786825956889,0.29176034973,0.505880710794,-0.164101783551,0.0776249024432,-0.126121133464,-0.0661763824587,-0.33497646893,0.213063769434,-0.164588639432,-0.0344545577468,-0.0236000009,0,0,0.632317321067,0.075166704236,0.0624337137737,0.125270024099,0.00135849551257,-0.0912692810111,-1.85076210858e-20,0.454042274734,-0.322388418673,0.245156548822,0.131229667633,-0.000464728400714,-0.101602202858,0
0.729069943352,-0.635292976949,0.802058930896,-0.0160944303,0.0201930104,0.858702829,-0.511822882,-0.272915317548,0.0593685231223,0.254289271117,0.489160042705,-0.151492578722,0.0783709361604,-0.128897492495,-0.0582050896956,-0.289584332059,0.202338509141,-0.148507637034,-0.0307688963636,-0.0206000004,0,0,0.632142618793,0.0610251819194,0.0688630280245,0.12525860381,0.00139457363217,-0.0900826227432,3.10435401292e-21,0.448729862573,-0.325427807489,0.250305821982,0.131296045909,-0.000448140518633,-0.102259900688,0
0.729069943352,-0.63897051247,0.802978300986,-0.0166011203,0.0221014915,0.874059011,-0.485032754,-0.283439278556,0.0382338256967,0.209437838879,0.459229578465,-0.147622761077,0.0740528734187,-0.131728419786,-0.0479013735541,-0.240209259743,0.193130937698,-0.136618681959,-0.0268121484732,-0.0172000006,0,0,0.634943933359,0.0533884983323,0.0723593114999,0.125166529726,0.00140681475719,-0.0888757270048,2.15521836679e-21,0.444612600358,-0.327619606941,0.260363637378,0.131432628858,-0.000427695134792,-0.102585958115,0
0.730908738694,-0.643567418081,0.803897671076,-0.0211984749,0.0228983535,0.88893607,-0.456967124,-0.279760114258,0.0078250474898,0.164870424381,0.384725095224,-0.112073113681,0.0649902512634,-0.136370151966,-0.0421961959354,-0.19133700273,0.173447832428,-0.116702929596,-0.0176461495996,-0.0141000003,0,0,0.628204452763,0.044871839851,0.0708275677292,0.125131712395,0.001408284026,-0.0870248875113,1.00701289005e-20,0.416034977483,-0.331338528669,0.277355444574,0.131844492735,-0.000409203097261,-0.103775635037,0
0.730908738694,-0.647244953602,0.803897671076,-0.0204952616,0.0222948443,0.903791007,-0.426901277,-0.277791497247,-0.00882019558129,0.109242119562,0.334648339702,-0.0865275129026,0.0429153520306,-0.142956305284,-0.0254108753039,-0.131944517291,0.171326745794,-0.1073592087,-0.01325951792,-0.00757999998,0,0,0.626385782072,0.0451848223849,0.0754148292318,0.124764681851,0.0014017137085,-0.0861391474576,-6.6024115669e-21,0.41022948322,-0.334707433736,0.28972967872,0.131815184685,-0.000370046146624,-0.103566263929,0
0.730908738694,-0.652761230222,0.802978300986,-0.0175064593,0.0214078996,0.917338458,-0.397146546,-0.268450632268,-0.0192581905813,0.0589147331461,0.289212193827,-0.0749597946519,0.0121769875869,-0.144992918805,-0.00979013584811,-0.0835436238882,0.171265367664,-0.0985121004611,-0.00846760100129,-0.0044900002,0,0,0.628523278889,0.0485621555842,0.079737210277,0.124428585843,0.00139078596755,-0.0858816702683,6.16916310602e-22,0.411872081037,-0.334076772366,0.293320532303,0.131733532902,-0.000358333501581,-0.102997986886,0
0.729989368605,-0.658277561086,0.802978300986,-0.0151925622,0.0205899198,0.929544914,-0.367819921,-0.262307069935,-0.0336830407101,0.000720642105339,0.260187958026,-0.0744076924613,0.000774674798221,-0.148059719006,0.00335006715464,-0.0360395171709,0.174836983948,-0.0956948963921,-0.00321574838555,-0.00526000001,0,0,0.632081922089,0.0546758278955,0.0797821554752,0.124173221876,0.00136545802987,-0.0856097500232,5.75751611623e-22,0.412626654526,-0.330817832588,0.293883954389,0.131767044558,-0.000368999870622,-0.102335427017,0
0.729069943352,-0.662874466697,0.802058930896,-0.0093658156,0.020091023,0.940579748,-0.338848594,-0.261195850931,-0.0487862796326,-0.0589805506458,0.265803456156,-0.081944112665,-0.00373772512616,-0.151891625279,0.0172808412942,0.00231488742315,0.195840696628,-0.105103032611,0.000672320291533,-0.00742000015,0,0,0.633811397484,0.0704383659257,0.0745429870169,0.123997209665,0.00131933377406,-0.0861977181142,5.12029868327e-20,0.432421709559,-0.327295044102,0.286744428759,0.131608137371,-0.000383913772251,-0.101081041477,0
0.729989368605,-0.668390742398,0.801139505644,-0.00607916096,0.0188973908,0.950868707,-0.308957334,-0.248331372252,-0.0671574582467,-0.121846466706,0.254333532186,-0.0716186554351,-0.00551345505703,-0.154073533154,0.0301548988036,0.0431781467558,0.202606270958,-0.107605043203,0.00765685072966,-0.0104,0,0,0.635558983008,0.0842928059243,0.0660674028731,0.123962924812,0.00127241001581,-0.0864512901882,-7.23709783858e-21,0.434409591902,-0.327469554655,0.287957398808,0.131674100435,-0.000385755808141,-0.100387887449,0
0.730908738694,-0.673907018098,0.800220135554,-0.00268109921,0.017006974,0.960393754,-0.278114028,-0.232442836933,-0.0811030128909,-0.164119076602,0.247735378378,-0.0421067834216,0.00239768183647,-0.160125794737,0.0422625264278,0.0832801682271,0.215532864775,-0.117103279277,0.0180601791199,-0.0146000003,0,0,0.636950595257,0.0938199167858,0.0629340833357,0.123827708226,0.00123529884835,-0.0864745161304,-1.81985585339e-21,0.433232080653,-0.326694398946,0.288555317049,0.131840472385,-0.000398816067511,-0.100280487347,0
0.732747478873,-0.678503924629,0.799300765465,0.000772740054,0.0143951572,0.968674116,-0.247916596,-0.218120407703,-0.0687377373949,-0.131800332763,0.244683050076,-0.0417880392346,0.0167256451273,-0.170483247471,0.0538185932521,0.113686716468,0.233422661063,-0.129448486314,0.0305640077001,-0.0248000007,0,0,0.64497760783,0.096418436991,0.067894285324,0.123694514308,0.00121861375602,-0.0866152529806,-9.9688301111e-23,0.427788057227,-0.325691640993,0.29185691472,0.132290837082,-0.00042692304874,-0.10000801819,0
0.735505644305,-0.68310083024,0.799300765465,0.00374873626,0.0110962593,0.975671123,-0.218926199,-0.201171572073,-0.0572060812127,-0.101208487116,0.230680545082,-0.0256845804455,0.0279530506345,-0.182846202438,0.0622520076972,0.13483381061,0.253713789165,-0.156496940821,0.0453573276279,-0.0388000011,0,0,0.652841692164,0.0979223107582,0.0728764219813,0.12372483382,0.00120611120149,-0.0870691201862,3.31223223381e-21,0.421214089883,-0.327226427323,0.29716465489,0.132870888375,-0.000452796848399,-0.099334332101,0
0.739183179827,-0.687697791014,0.798381395375,0.00467884542,0.00689829798,0.981757775,-0.189953133,-0.193466134452,-0.0417672090539,-0.0669691366011,0.225069809042,-0.0246403580232,0.0254963559673,-0.19901119472,0.0708788900179,0.152430433466,0.274117621945,-0.181100034771,0.0552278622582,-0.0533999987,0,0,0.660726633966,0.105262849453,0.0738128684427,0.123743240903,0.00116945978693,-0.0871871322512,-8.65682511875e-21,0.414271858273,-0.323707488566,0.295681010759,0.133436246593,-0.000505616181301,-0.0986460059983,0
0.742860715348,-0.692294696625,0.798381395375,0.00327929552,0.00244947377,0.986787981,-0.161965203,-0.193427552788,-0.0252434322302,-0.0276230663525,0.223379664803,-0.0268427836121,0.0221541708435,-0.218418843749,0.0760850275097,0.163013770374,0.290485066605,-0.209529102699,0.066996140195,-0.0666000023,0,0,0.66786357236,0.112910961109,0.0716351624544,0.123825974095,0.00113026333638,-0.0869521755438,2.28231658468e-20,0.411386173495,-0.314207926749,0.286282928282,0.133842570221,-0.000580729988982,-0.0977048751929,0
0.748376991049,-0.696891602236,0.799300765465,0.000411155441,-0.00134050679,0.991374828,-0.131049546,-0.189689285016,-0.00998313299754,0.0169721214113,0.212021243527,-0.0279040513001,0.0240909490301,-0.246228245379,0.0661561559832,0.134201753959,0.312126278361,-0.239520826819,0.0670462516779,-0.0744000003,0,0,0.669194685684,0.128973704167,0.0638065523497,0.123825708223,0.00106669054971,-0.0869612338861,-8.53653827602e-21,0.411194262929,-0.307787750865,0.27955071339,0.13400366356,-0.000623898889346,-0.0966049974106,0
0.754812637758,-0.699649713424,0.799300765465,-0.0049720664,-0.00426177094,0.995413676,-0.0954396607,-0.183518348233,0.00861538208299,0.0764979131646,0.194726594452,-0.02819906752,0.0298900236503,-0.282869857021,0.0308881646327,0.0341600714321,0.337041444309,-0.264521240456,0.047070207114,-0.0697999969,0,0,0.661057320323,0.13924145346,0.0616897760965,0.123475329081,0.00102851679382,-0.0869817285126,-4.79653379548e-22,0.409772298348,-0.305116440496,0.278525851746,0.133801980983,-0.000618108679906,-0.0957801225586,0
0.763087078891,-0.703327248946,0.800220135554,-0.0147035783,-0.00665161854,0.998242946,-0.0570138742,-0.176410458351,0.0262351852579,0.143193229284,0.156268421714,-0.0166369425174,0.035083842429,-0.304392400266,-0.0189477481853,-0.123873850503,0.338764114475,-0.290206378121,0.0138184221342,-0.0606000014,0,0,0.644763869157,0.140268994581,0.0710286402194,0.122693073878,0.0010155476904,-0.0865109373788,8.11858844963e-21,0.386051854127,-0.302105623964,0.289501539628,0.134123527231,-0.000620378720718,-0.0961031150516,0
0.768603409755,-0.707004784467,0.801139505644,-0.0136955852,-0.0067078376,0.999677754,-0.0202934593,-0.172241712556,0.0483581536194,0.21033455677,0.172776715795,-0.0339373255378,0.0344737109054,-0.313026577558,-0.059910731974,-0.263815416949,0.380850480376,-0.314699940689,-0.0401112426714,-0.0482000001,0,0,0.64329382347,0.140533149499,0.0761433908126,0.122652086634,0.00104639625745,-0.0876554440235,-2.36035198142e-21,0.403360102535,-0.318704303924,0.293203346376,0.13309537804,-0.000501212319606,-0.0956525414512,0
0.774119686375,-0.710682319989,0.801139505644,-0.0157957416,-0.00655823238,0.999730527,0.0156957687,-0.161073792049,0.0645816315237,0.276434861715,0.1642874641,-0.0374814991263,0.0360099665199,-0.317531701358,-0.0906683452661,-0.366946963564,0.413573390531,-0.314561142406,-0.0805799092321,-0.0368999988,0,0,0.639202250363,0.132489181074,0.0869736376472,0.122398031944,0.00109389232163,-0.0879730239964,1.42534321891e-21,0.40370908852,-0.325255475103,0.295627311169,0.132673090358,-0.000449668347744,-0.0965652737265,0
0.778716591986,-0.71435985551,0.802058930896,-0.0161947366,-0.00586809267,0.99867541,0.0484842424,-0.148615121744,0.0763946615807,0.333978349327,0.159083539392,-0.0437128458866,0.0367676291923,-0.319347250342,-0.115153207724,-0.426758433446,0.455073428938,-0.305866643418,-0.102608708798,-0.0299999993,0,0,0.640899500952,0.127624651883,0.0925288041193,0.122336935667,0.00112667669188,-0.0882593262717,8.41645588147e-21,0.404491211592,-0.328237920367,0.298200848257,0.132477856519,-0.000422049975201,-0.0973516487714,0
0.781474757417,-0.718037391031,0.802058930896,-0.0157937598,-0.00437827015,0.996606261,0.080668134,-0.135716569167,0.0877652586613,0.387364882705,0.160058976015,-0.0555400226706,0.035300587531,-0.318489575334,-0.131485487753,-0.451984442986,0.492413587844,-0.301187617709,-0.11230175438,-0.0243999995,0,0,0.646142146301,0.122677031265,0.0961567539353,0.122367901286,0.00115806030786,-0.0885298144507,-1.1583502885e-20,0.403975647047,-0.333194066245,0.300663618009,0.132308048835,-0.000391260053449,-0.0981176570532,0
0.785152237776,-0.7207955013,0.801139505644,-0.0145958072,-0.00210939401,0.993714541,0.110968122,-0.126492637639,0.0964026643131,0.435683137974,0.166308444546,-0.0705457694634,0.0376836866155,-0.308056922864,-0.148981572196,-0.472651658277,0.514231827413,-0.284914746467,-0.117053698335,-0.0214000009,0,0,0.653506613684,0.112821681957,0.104134520973,0.122339698566,0.00120006664615,-0.0885663577474,1.38027564669e-22,0.402935880052,-0.338616507395,0.300458210291,0.132148316032,-0.000365904010292,-0.0985319493257,0
0.787910403208,-0.722634296642,0.801139505644,-0.0128990487,0.000373972403,0.989926971,0.1409896,-0.116559191113,0.106370078375,0.485256110123,0.177737578011,-0.0891996354366,0.040839022132,-0.288619280087,-0.164184939371,-0.495791287912,0.517326626938,-0.277674357351,-0.125001290273,-0.0170000009,0,0,0.658212515639,0.100530268077,0.114706597378,0.122355874689,0.00125927378246,-0.0892250025421,-1.02013704325e-19,0.404290674628,-0.335594190915,0.28579025284,0.131759735191,-0.000377005252251,-0.0993316003198,0
0.78974919855,-0.723553666732,0.800220135554,-0.0108021906,0.00344069755,0.985199782,0.171034684,-0.106053866509,0.117081481507,0.532818898598,0.189301642871,-0.102011041755,0.0403142289105,-0.262556594757,-0.174752786124,-0.521779432331,0.504608113489,-0.281731614509,-0.137946705507,-0.0125000002,0,0,0.662041862998,0.0812543999868,0.129290424048,0.122461616515,0.00134528217422,-0.0902269793823,-1.21454552118e-20,0.410929177785,-0.328395094218,0.26475990129,0.131198595544,-0.00040045827717,-0.0995481920429,0
0.792507309738,-0.723553666732,0.799300765465,-0.00915937613,0.00715951246,0.979933283,0.19898645,-0.0970437258985,0.124816875666,0.573584456836,0.199020888034,-0.111218945163,0.0401969280495,-0.232989801099,-0.183283803988,-0.551193811155,0.480665388591,-0.269448285789,-0.141758785467,-0.00923999958,0,0,0.665631488621,0.0646478703762,0.13948563905,0.122678401849,0.00141945662006,-0.0911963343709,7.01586099062e-21,0.412692735115,-0.323131134605,0.24855447717,0.13080172333,-0.000421055506159,-0.100020676585,0
0.793426679828,-0.723553666732,0.798381395375,-0.00671871558,0.0114978021,0.97381382,0.226956612,-0.0822299106503,0.129721757393,0.617106632984,0.205196078756,-0.121221587174,0.041114615331,-0.197536672579,-0.192795166642,-0.592519715896,0.444942511563,-0.247379532257,-0.125350627984,-0.00686000008,0,0,0.669964187625,0.0495344221775,0.145018841266,0.123049263142,0.00148688742812,-0.0921182507879,9.38822164508e-21,0.413165634631,-0.323954924697,0.244188414909,0.130599936862,-0.000413232819062,-0.100117278653,0
0.79618484526,-0.722634296642,0.796542600033,-0.00523891624,0.0164965878,0.966800036,0.254947262,-0.0690691516879,0.134321714503,0.66079430407,0.208948472416,-0.127639946244,0.0412615878114,-0.170847701284,-0.186391681002,-0.610736709206,0.397278440097,-0.244347960765,-0.0974494934708,-0.00541999983,0,0,0.673409190683,0.0386056780338,0.147330186749,0.123386056898,0.00153323657299,-0.0927167606155,-1.29253269132e-20,0.408444086157,-0.329304495423,0.249003404184,0.130594741149,-0.000386173965265,-0.100149037099,0
0.798023585439,-0.719876131211,0.795623229943,-0.00371061574,0.0212035174,0.959159134,0.282046802,-0.0550575378702,0.140278878899,0.699569377785,0.212140565713,-0.131810274888,0.0398162543823,-0.155267798837,-0.161659028563,-0.585352075678,0.339814251535,-0.226544518795,-0.0829499664059,-0.00761999981,0,0,0.680220923885,0.0270647913843,0.152784761819,0.123657224389,0.00157315774671,-0.0930739082183,-2.69064073332e-23,0.399009263756,-0.333452354307,0.258504971883,0.1308878302,-0.000375350002271,-0.100352742764,0
0.799862380781,-0.716198595689,0.795623229943,-0.00190945235,0.0250928034,0.95172706,0.305912256,-0.0426934274033,0.145284369106,0.73150111845,0.216333346393,-0.135809553073,0.0426186526292,-0.142645119622,-0.141588563241,-0.554080914778,0.294289432824,-0.209553932884,-0.0724131883696,-0.0126999998,0,0,0.685149522685,0.0232405280609,0.155470165147,0.123850383448,0.00158638719619,-0.0934213807932,-1.49387859474e-20,0.393509128032,-0.329820334625,0.261804641215,0.131254452082,-0.000405534753334,-0.100476915928,0
0.802620546213,-0.712521060168,0.795623229943,-0.00136073135,0.0293157569,0.944507652,0.32717584,-0.0391439553971,0.149997513827,0.751148156271,0.227947989048,-0.144923816063,0.0501527149242,-0.14638032405,-0.12694559374,-0.515729481322,0.276299768088,-0.19702773243,-0.0668718573381,-0.0187999997,0,0,0.688640303087,0.0220656749803,0.155566854666,0.12408213434,0.00159024948791,-0.0937421243588,5.72254349614e-21,0.391756995016,-0.323295649501,0.25984626677,0.131558844177,-0.000451391256335,-0.100285948073,0
0.803539916302,-0.707924154557,0.796542600033,0.000354876548,0.0336882815,0.93767384,0.345879667,-0.0462852189082,0.16068417836,0.756675636394,0.264647735487,-0.166846792554,0.0647356078145,-0.146879867056,-0.11626032139,-0.482753442534,0.264877439303,-0.192680138615,-0.0659385327501,-0.0237000007,0,0,0.691668577231,0.031407602089,0.14503895817,0.124248867559,0.00155144225794,-0.0933326579602,-1.84165495434e-20,0.397719239292,-0.316077546314,0.250929377419,0.131636516404,-0.000498612934612,-0.10018416065,0
0.804459286392,-0.704246619035,0.797462025285,0.0012700347,0.0376010266,0.931025427,0.363009922,-0.0830831691585,0.170144305076,0.702764993758,0.32610261398,-0.194048940054,0.0842351250129,-0.144464969426,-0.108061272298,-0.462007537141,0.250851419401,-0.189143942267,-0.0640361194707,-0.0269000009,0,0,0.690847071652,0.0462847798623,0.131266278245,0.124248821697,0.00149082690733,-0.0925939245452,2.22778228773e-21,0.407394681182,-0.314267543442,0.243681163382,0.131513893063,-0.000512253743,-0.0995447598706,0
0.805378656482,-0.700569137757,0.797462025285,0.00180053514,0.040612073,0.925275033,0.377112094,-0.144175017921,0.171226643581,0.598400568092,0.400924022164,-0.201963530696,0.10353070798,-0.143303377465,-0.102055067238,-0.447812518378,0.241130993738,-0.186001607352,-0.0612813582094,-0.0288999993,0,0,0.679840736246,0.0659214539862,0.11451038246,0.124218333754,0.00141848422831,-0.0924556889686,5.41178455409e-21,0.419708696113,-0.315186257934,0.233823690886,0.131211060011,-0.000512285376943,-0.0989813295056,0
0.805378656482,-0.697810972326,0.798381395375,0.00272955144,0.0426929831,0.916849302,0.396934775,-0.197373243273,0.16853671297,0.514599650523,0.465319291629,-0.203550550943,0.100162099495,-0.144506095573,-0.0923399798963,-0.419617500849,0.230849091832,-0.177655241552,-0.0589796209475,-0.0264999997,0,0,0.666714362329,0.0786455977489,0.105620725245,0.124032332491,0.00137166854482,-0.0923881471627,-3.2089366038e-22,0.42957775667,-0.323585233323,0.233891188987,0.130920432486,-0.000467477967122,-0.0988009069569,0
0.803539916302,-0.696891602236,0.799300765465,0.00464743388,0.0450751109,0.90649947,0.419768206,-0.237900863145,0.146814367629,0.43071158563,0.498866849313,-0.18799362511,0.0925071763634,-0.143603924549,-0.0837229819556,-0.380241611032,0.215901609911,-0.16062347775,-0.0543347648625,-0.0222999994,0,0,0.656460826945,0.0812455287064,0.102961237007,0.12382701,0.00135450211027,-0.0917511761596,-4.60100871453e-23,0.433854171792,-0.334059265186,0.233625352473,0.130709906124,-0.000421179799796,-0.0998901564039,0
0.800781750871,-0.696891602236,0.801139505644,0.00595853786,0.0478882459,0.894780383,0.443891065,-0.268262574282,0.114670097306,0.351564016216,0.507499626648,-0.160435944225,0.0816154632699,-0.143573925177,-0.0755067103931,-0.333806975652,0.197622507576,-0.140506721155,-0.0484077772983,-0.0172000006,0,0,0.648003046625,0.0715797580536,0.106205013002,0.123727502379,0.00137787963753,-0.0908437514245,-1.4416263844e-21,0.43640336682,-0.344383869969,0.230429415268,0.130435939061,-0.000375676234968,-0.101018505083,0
0.79618484526,-0.696891602236,0.802058930896,0.00799769751,0.050085577,0.880746379,0.470864405,-0.286132400794,0.0801381309621,0.276899001581,0.498779557149,-0.141660296385,0.0707697073614,-0.140318037088,-0.068583018365,-0.287293386854,0.177565011154,-0.121272844881,-0.0414027265952,-0.0121999998,0,0,0.647866500928,0.0599144393409,0.112023418613,0.123485134736,0.00139570623987,-0.0890603205742,-2.24512382572e-20,0.438910596354,-0.348107411532,0.226363150356,0.130228597149,-0.000355492532523,-0.102115552788,0
0.792507309738,-0.697810972326,0.802978300986,0.00834698155,0.0518812393,0.865686968,0.497819986,-0.297353190856,0.0442168240603,0.199026421434,0.474234425011,-0.125095533904,0.0629153157397,-0.143653450655,-0.0618207802618,-0.242444782485,0.165232411498,-0.106503807182,-0.0351159341766,-0.00889000017,0,0,0.647526683816,0.0525549589235,0.114689166291,0.123235724924,0.00139445614882,-0.0872686712353,-4.78815432505e-21,0.436209086187,-0.349603459202,0.223870240604,0.130165769687,-0.000349192888769,-0.103457199463,0
0.786071663028,-0.698730342415,0.803897671076,0.0069711616,0.0565094152,0.84914147,0.525087472,-0.283033421365,0.00113958662428,0.128302519684,0.398953407087,-0.087197767769,0.0529503119825,-0.151793334284,-0.0607271842811,-0.195958649616,0.148685917606,-0.0843848364584,-0.0252245439529,-0.00800999999,0,0,0.6449683629,0.0431787864353,0.112197859585,0.123192800881,0.00138972683148,-0.0851331060897,-5.41230781615e-21,0.411242491145,-0.355419871607,0.233846170165,0.130465996375,-0.000330272595721,-0.10498011467,0
0.780555332165,-0.697810972326,0.803897671076,0.00725814623,0.0545860598,0.830787797,0.553858571,-0.268866570705,-0.0237875498546,0.0493960847958,0.3563898563,-0.0862827416966,0.0374877267646,-0.155635043352,-0.0456014372165,-0.14082967039,0.143267403088,-0.0716891657502,-0.0211728415388,-0.00295999995,0,0,0.644923473093,0.0489288106657,0.109760338742,0.122865690364,0.00136287611632,-0.0841971483905,1.14408429667e-21,0.411790949695,-0.355723504756,0.238994999444,0.130414091934,-0.000311507089327,-0.105392204493,0
0.775039056464,-0.696891602236,0.802978300986,0.00773988399,0.0509992359,0.812987859,0.579991305,-0.249968213016,-0.0413948637553,-0.0157215853362,0.321158897472,-0.0891432035344,0.0241883374044,-0.157413181031,-0.0325406165574,-0.0957492345671,0.143099090243,-0.0638852872052,-0.0157736156468,-0.00362999993,0,0,0.645987429832,0.0534948696336,0.110510018513,0.122698003725,0.00134850025641,-0.0842237174428,3.76727386374e-20,0.412883810654,-0.355107365637,0.245032368382,0.130552249108,-0.000311097193858,-0.105018604533,0
0.770442150853,-0.695972232146,0.802058930896,0.00785903259,0.046194312,0.794902143,0.604925536,-0.229312558292,-0.0496638081762,-0.0611998120265,0.293701660788,-0.0825661406638,0.0138316357046,-0.161050934659,-0.0187097084063,-0.0564559759601,0.149261140951,-0.0594770239538,-0.0113634227321,-0.00872999988,0,0,0.646600437544,0.0644324332566,0.109594347307,0.122570926374,0.00131780002339,-0.0848662225296,1.97997160415e-20,0.417048300085,-0.344572967748,0.243375549135,0.130749545667,-0.000364101778009,-0.104216154874,0
0.765845244323,-0.695972232146,0.801139505644,0.00721935374,0.0413962946,0.777930355,0.626943849,-0.210275058561,-0.0528558254932,-0.0888665632243,0.27135993121,-0.0688725823136,0.0126276100053,-0.165805211979,-0.0071742177451,-0.0239852535282,0.157387139533,-0.0568003099859,-0.00639768963229,-0.0190999992,0,0,0.647509409928,0.0779628624888,0.102486023443,0.12266321981,0.00127028184811,-0.0854751605135,8.41493629612e-20,0.420431898283,-0.329323269148,0.235360096887,0.131054471133,-0.000454443913284,-0.103303274424,0
0.761248338712,-0.695972232146,0.800220135554,0.00840726248,0.0330892262,0.762751627,0.645789731,-0.197560359898,-0.0432482145183,-0.0802559467684,0.283918627338,-0.0878947821746,0.0146723922819,-0.169184620785,0.00262677347459,-0.012096451608,0.178596378051,-0.064681136757,-0.00303747212728,-0.0333000012,0,0,0.652197484341,0.102199496609,0.0903167594448,0.122852929415,0.00119140726598,-0.0866697126936,-7.20526009874e-22,0.444326341578,-0.31475904852,0.221425340508,0.13110221018,-0.000538067880417,-0.10117504979,0
0.755732063011,-0.696891602236,0.799300765465,0.0055602488,0.0284012712,0.748033503,0.66302966,-0.179127226183,-0.0344322105288,-0.0605929821323,0.261623132974,-0.0782485006375,0.0216014472366,-0.179324924549,0.0111531789065,0.00341505249014,0.19113027447,-0.0666193285017,-0.000749910465404,-0.0494000018,0,0,0.652445665182,0.118518634022,0.0811859614016,0.123039663313,0.00112292147233,-0.0873250668364,1.67908261656e-20,0.447232925227,-0.301612588351,0.214680400059,0.131513982431,-0.000627574999391,-0.0998767724538,0
0.751135102237,-0.699649713424,0.799300765465,0.000732953961,0.025298411,0.7309541,0.681957152,-0.167737739261,-0.0203435287125,-0.0301502410428,0.244280518589,-0.078972983621,0.022617702723,-0.201040283316,0.0243062589063,0.0301473499701,0.210980840007,-0.0723891819476,0.0023838315187,-0.0615999997,0,0,0.653790648313,0.123247122699,0.0827675324084,0.123012181083,0.00109328377184,-0.0874552006187,-3.12201638279e-21,0.445344779962,-0.295789574634,0.217996759873,0.131988165871,-0.000671232012359,-0.0986265385784,0
0.745618826536,-0.703327248946,0.799300765465,-0.00537893972,0.0243951909,0.712859484,0.700861825,-0.166868789132,-0.00795618663076,0.000768271164354,0.235738614682,-0.0809547488646,0.020504582388,-0.232663574625,0.035181899044,0.0527386663146,0.242650229809,-0.0949571398455,0.00926801875185,-0.0729999989,0,0,0.655906868106,0.128296226896,0.0854194205765,0.122840752895,0.00105490904154,-0.0869966520199,8.45917814532e-22,0.441484157616,-0.286766189912,0.220005492254,0.132549416246,-0.000731626113946,-0.097683087039,0
0.740102549916,-0.707004784467,0.800220135554,-0.0105041467,0.024409636,0.696274856,0.717283178,-0.169112687364,-0.00129954832538,0.0252677898958,0.23058250563,-0.082892652857,0.0216293633027,-0.264827833987,0.036314054039,0.0545582970258,0.278024085715,-0.123988197819,0.0150108577043,-0.0839999989,0,0,0.661662917383,0.136346176196,0.0843486140544,0.122750686242,0.00100701666846,-0.0861790501781,2.23616146711e-20,0.438700632881,-0.281311390297,0.226128000477,0.133136343541,-0.000771122717912,-0.0967463682483,0
0.735505644305,-0.711601690078,0.800220135554,-0.0146959949,0.0252931064,0.679814728,0.732800261,-0.173079395076,0.00447423040717,0.0536292420924,0.228658504326,-0.0850572453502,0.0256702551386,-0.293980117097,0.0192392820987,0.0105376130572,0.311271231225,-0.151131290934,0.0234999230127,-0.0891999975,0,0,0.657460531973,0.151641719755,0.0807032042973,0.122527545555,0.000941158654506,-0.0862629363534,-2.25085200686e-21,0.442026363503,-0.275608512786,0.22847339899,0.133389876728,-0.000797177184583,-0.0963065843907,0
0.730908738694,-0.716198595689,0.801139505644,-0.0206042327,0.0272055887,0.667137033,0.744152875,-0.170840842946,0.00773868119306,0.0746170393537,0.200749074169,-0.0702803976536,0.028962112895,-0.308799964945,-0.00516298134444,-0.0537232452187,0.32081742384,-0.163628199894,0.0198187290208,-0.0939999968,0,0,0.644755579038,0.174093103658,0.0769494403656,0.12200099635,0.000838326206529,-0.0864394866453,-5.8047808653e-22,0.435498895808,-0.258749004817,0.232452804182,0.134238153879,-0.000885961233492,-0.0963387839918,0
0.728150573262,-0.719876131211,0.802058930896,-0.0228973116,0.0256969818,0.65492307,0.754911353,-0.166846498826,0.0175440241879,0.102641743362,0.195951430519,-0.0694232751042,0.0307049371973,-0.313071416402,-0.0212248826878,-0.11414864932,0.337925402161,-0.172558804218,-0.00165145675858,-0.0904999971,0,0,0.634587662231,0.186939304441,0.0776238636655,0.121661672435,0.000790949253482,-0.0871256896425,1.46176645486e-21,0.45110002514,-0.252644990659,0.228425298887,0.133873165608,-0.000887466117585,-0.096521638137,0
0.725392407831,-0.721714926553,0.803897671076,-0.0237932046,0.02279349,0.645815566,0.762782141,-0.160196784911,0.02739280049,0.128252444674,0.191249202694,-0.0691374835759,0.0320165429575,-0.308282003899,-0.0372965818639,-0.172504755472,0.35313070761,-0.1757525454,-0.0195502989546,-0.0852999985,0,0,0.625914063761,0.187540408538,0.0857648013998,0.121325969254,0.000794266677196,-0.0878205449721,-6.33771233046e-20,0.470653333495,-0.245573081885,0.219445044168,0.133331335429,-0.000893749909046,-0.0970919568345,0
0.722634296642,-0.723553666732,0.804817041165,-0.0242107652,0.0195086749,0.639284256,0.76834165,-0.152820839966,0.0357744284631,0.146746666757,0.187279714442,-0.0683423775053,0.0331584202909,-0.297901026112,-0.0502482191384,-0.221927291888,0.367623706335,-0.167777249378,-0.0331774637277,-0.0813999996,0,0,0.623290972766,0.180556014281,0.0973221469816,0.121019505529,0.000824305889504,-0.0879071935211,4.80440514656e-20,0.489784899202,-0.238274541543,0.208809649324,0.132850211581,-0.000910380585424,-0.0979411988527,0
0.721714926553,-0.724473037741,0.804817041165,-0.0212954324,0.0144968907,0.632864299,0.773834041,-0.149077492462,0.0437056847582,0.160574777788,0.207652174849,-0.0812547736628,0.0341593314396,-0.294988134078,-0.0551494745529,-0.226929772635,0.406808452872,-0.165401910326,-0.045587804217,-0.0762000009,0,0,0.631303200308,0.172242697205,0.100886530445,0.121123114883,0.000869633268949,-0.0875160802715,-9.16702688654e-21,0.517935704884,-0.241637153239,0.200544678165,0.131990942251,-0.000868143209398,-0.0989007768271,0
0.7207955013,-0.724473037741,0.804817041165,-0.0208005548,0.0120003201,0.629016782,0.777020731,-0.141417190432,0.0471249683312,0.165911259121,0.202403647676,-0.0816488086739,0.0352792059853,-0.28346202644,-0.0519489960055,-0.22156399144,0.420692240049,-0.158342711073,-0.0493934922717,-0.0762000009,0,0,0.638141777518,0.170645438432,0.100264045894,0.121181112568,0.000875591400762,-0.0868683500838,-3.76628364129e-21,0.525311351432,-0.239489562186,0.198658867448,0.132009799273,-0.000885055580557,-0.100481267919,0
0.721714926553,-0.725392407831,0.805736466418,-0.0228140379,0.0117072032,0.628386669,0.777478395,-0.129177226056,0.0484546071583,0.167483841841,0.171736940231,-0.064561074747,0.0345322273241,-0.260540212621,-0.0403692052925,-0.213982422712,0.39701414266,-0.141765926221,-0.0494965368283,-0.0793000013,0,0,0.635981991151,0.172329247778,0.0979927117498,0.121135691663,0.000858325501377,-0.0865952087614,6.9396845327e-23,0.514587875789,-0.227670978304,0.200675292026,0.13278225888,-0.000971160971161,-0.102134377657,0
0.722634296642,-0.725392407831,0.805736466418,-0.0204041204,0.0102020602,0.630127221,0.776156733,-0.122596975517,0.0476623667582,0.164424742831,0.168110014645,-0.061494965802,0.0327522547385,-0.235022701763,-0.033907770454,-0.196589080902,0.382839455797,-0.133261677408,-0.0452667453718,-0.0824000016,0,0,0.637416693251,0.174506872408,0.0885351907059,0.121550453893,0.000852659386355,-0.0871048304604,-1.17172222448e-21,0.520697146204,-0.225300249413,0.194299174477,0.132658083467,-0.000992038787852,-0.102777971524,0
0.723553666732,-0.724473037741,0.803897671076,-0.0156991243,0.00999944236,0.632964731,0.773956845,-0.117917778455,0.0393350209845,0.157555788053,0.168686226365,-0.0590865604308,0.0333909674781,-0.196011289769,-0.031841973386,-0.185209208536,0.340433245612,-0.128369255234,-0.0380147813378,-0.0866999999,0,0,0.637391865855,0.170759080519,0.0791099795278,0.122080727479,0.00086955960762,-0.0879146752478,-1.06045764102e-20,0.52835535465,-0.226576952521,0.185267680434,0.132281384482,-0.000991560930105,-0.102839735831,0
0.724473037741,-0.723553666732,0.802058930896,-0.00879940199,0.0106992734,0.637956659,0.769947659,-0.111016828594,0.0267412291997,0.152202059759,0.169680564593,-0.0572340934244,0.0367028762207,-0.149184652599,-0.0381753760581,-0.187246413891,0.283393704283,-0.143425653119,-0.0270806551859,-0.0892999992,0,0,0.63791142144,0.163441321221,0.0688839355557,0.122632993164,0.000899421822788,-0.0883835766823,-3.91781359969e-21,0.532908964832,-0.231038457376,0.177640884701,0.131903814064,-0.00098009704727,-0.103223313642,0
0.725392407831,-0.722634296642,0.800220135554,-0.00140957619,0.0120963628,0.64180704,0.766769466,-0.10571155429,0.0142920068232,0.148564107747,0.174892519058,-0.0607513760821,0.0385147797786,-0.108610152767,-0.0465416440644,-0.193917354645,0.232781689966,-0.152307911456,-0.0236678971813,-0.0882000029,0,0,0.632082023331,0.155230985747,0.058660876829,0.123158988877,0.000937711295374,-0.0894522485779,3.67831345402e-21,0.542726039377,-0.2376601685,0.167132090582,0.131162874772,-0.000940144014965,-0.102807726359,0
0.728150573262,-0.721714926553,0.799300765465,0.00403977411,0.0115993512,0.643963981,0.764957206,-0.0926273536618,0.0104287191931,0.149175811527,0.16870353098,-0.0603483995208,0.0379077697112,-0.0844107039804,-0.0489450965313,-0.199080083112,0.207933966646,-0.154736106114,-0.0225041692,-0.0832000002,0,0,0.628106151731,0.150205920314,0.0525876949578,0.123554168085,0.000973377683056,-0.0905279055619,-1.18157692248e-20,0.547711203288,-0.239367620521,0.161466134823,0.13084093408,-0.000928922618813,-0.10327407714,0
0.729989368605,-0.7207955013,0.800220135554,0.00774951526,0.0101993626,0.643959724,0.76495215,-0.0716607599271,0.0099965636482,0.156953467366,0.146753543437,-0.0508324205935,0.0380282794152,-0.0718016696257,-0.0483839283022,-0.195541173297,0.195233003647,-0.140521771196,-0.0189283662458,-0.0775000006,0,0,0.627970237123,0.134415046945,0.0600452347274,0.12379030262,0.00105338864823,-0.0913978487078,7.16498631213e-21,0.550289769398,-0.24180071181,0.159599409113,0.130636577011,-0.000909738623168,-0.103396908582,0
0.730908738694,-0.7207955013,0.801139505644,0.0104991229,0.0097891819,0.643946206,0.764936092,-0.0543099277049,0.0070169388794,0.161475668439,0.122862134816,-0.0406423970711,0.0386844965577,-0.0600722089665,-0.0491081805127,-0.194601961061,0.180347006437,-0.12913600909,-0.0138974386584,-0.0755999982,0,0,0.636247008118,0.111512764705,0.0725616923757,0.124061800607,0.00114867206526,-0.0914028667021,-6.63654566176e-22,0.549371460075,-0.241715387866,0.156653977736,0.130532202914,-0.000908751437261,-0.103132238722,0
0.732747478873,-0.7207955013,0.801139505644,0.0111956594,0.0100960857,0.647748889,0.761704735,-0.0473972372233,0.00456453188912,0.155047210095,0.107663898217,-0.031975469157,0.0349161044488,-0.049800319431,-0.0505245213619,-0.209484457989,0.168578709584,-0.127378874166,-0.012043652261,-0.079400003,0,0,0.64634633585,0.0972946677249,0.0769195120591,0.124421874677,0.0012009091133,-0.0910848439672,-7.5733328114e-21,0.546292797006,-0.234544199214,0.146788904799,0.130484673103,-0.000956119485646,-0.102797454605,0
0.734586274216,-0.7207955013,0.800220135554,0.0118940034,0.0100949098,0.653670407,0.756618546,-0.0490418092812,0.00349061920444,0.140074610357,0.106389754463,-0.0329807209113,0.032842237734,-0.0413794938379,-0.0523312350467,-0.228498987853,0.163746822568,-0.136566017428,-0.0126879161513,-0.0833000019,0,0,0.647473271318,0.101491276029,0.0658434632051,0.124756348924,0.00118421540368,-0.09129099966,3.87336410599e-20,0.547016463659,-0.229102134479,0.137383779945,0.130337724994,-0.000990705114413,-0.102492564453,0
