0,0,0.821645002289,-0.0265092311,0.0571913788,0.686109082,0.724762536,-0.282632251446,-0.0835838511495,0.175213257497,0.206406570991,-0.205114645363,0.115351205667,-0.303773243334,-0.00629247429423,-0.0157954785673,0.179373247513,-0.138785263272,0.0508074739903,0.0570913614,0,0,0.434519943949,0.36635902761,-0.308541019771,0.12734288728,0.000397803805497,-0.106983984711,2.13523599878e-21,0.451527878083,-0.407698363971,0.314953163334,0.127070435147,1.27485272645e-05,-0.118824472693,0
-0.000986202903056,0.0017277788482,0.820956528564,-0.0271512232,0.0597352078,0.686605985,0.724062661,-0.292770607588,-0.0849729251496,0.180864264672,0.22286425539,-0.217047553716,0.116584501882,-0.331045035925,-0.0117050833863,-0.0136479756731,0.232913260681,-0.170418183089,0.0473550037586,0.0547906249,0,0,0.433244366396,0.366510154995,-0.30554589287,0.127968356068,0.000422084059683,-0.112210304208,-3.45669304621e-22,0.45106380587,-0.408848076845,0.309641669581,0.127887893764,2.57658126121e-06,-0.121998687624,0
-0.00251447760425,0.00316611444035,0.8207088783,-0.0255152149,0.0620787115,0.686430996,0.724090944,-0.297301808359,-0.0959131802689,0.180565454629,0.234259105207,-0.220930318389,0.133419228745,-0.343127458529,-0.0264875130812,-0.0194788933212,0.259005449121,-0.188915778249,0.0399380306639,0.0457070057,0,0,0.433932695503,0.35796194709,-0.300882768528,0.12842523292,0.000428852988017,-0.11117707569,-5.99315333264e-21,0.458622769302,-0.372589500956,0.269696322767,0.126851953835,-0.000176717777276,-0.126354343638,0
-0.0026430437591,0.00668990179489,0.821285280275,-0.0252012257,0.0588331462,0.687246974,0.723598753,-0.304262973069,-0.0914800868091,0.172855507921,0.274326934168,-0.244392799565,0.123034946568,-0.3065854702,-0.01754807119,-0.00575703401486,0.208808796738,-0.156248710844,0.0115952507603,0.064260257,0,0,0.42728426139,0.327343374865,-0.303057542464,0.123737165451,0.000519255256935,-0.093436752932,9.29875021726e-22,0.470067903829,-0.385281360239,0.26940281332,0.116146737474,-8.18187630641e-05,-0.118196841432,0
-0.00411940858727,0.0090605333446,0.820715758036,-0.0253345163,0.0593035939,0.688956388,0.721928211,-0.312300003869,-0.09474541232,0.16823633472,0.296767803423,-0.257708589022,0.127772577319,-0.324330198994,-0.0230621559414,-0.00852820761868,0.253252938485,-0.179251984279,0.0122914869341,0.0540075463,0,0,0.431897912716,0.327222034045,-0.302211207655,0.123434606602,0.000509297653508,-0.095797961389,7.57643775058e-22,0.470700562882,-0.384250005298,0.267501568621,0.116532038404,-0.000125796977807,-0.121193370918,0
-0.00572482541774,0.0126361284564,0.819869041193,-0.025760001,0.0599925334,0.689061879,0.72175553,-0.322704822633,-0.0985195239637,0.167452574808,0.325954804166,-0.278387875872,0.130540801013,-0.343487212229,-0.0258529322064,-0.00388897943341,0.301582514878,-0.208936511256,0.00842676804076,0.0521763857,0,0,0.433431398489,0.324112617954,-0.300602425662,0.123258361317,0.000526818435534,-0.0970016076221,-3.9005737021e-21,0.471421137081,-0.382382027682,0.26579543598,0.116211560787,-0.000147796299738,-0.123185504295,0
-0.00708868176037,0.0168320016435,0.819024450881,-0.028151683,0.0636933913,0.690016591,0.720435798,-0.332350194249,-0.109254021914,0.15731878335,0.338337212971,-0.290599063001,0.136580241372,-0.361446690056,-0.0289242480229,0.00144908493805,0.334687499212,-0.232582057934,0.00592103046795,0.0518121338,0,0,0.418049623221,0.31882839831,-0.300012966155,0.123493747614,0.000553373781722,-0.096340510688,9.08601609694e-21,0.457907641634,-0.389874064523,0.260107698354,0.115674864456,-0.000105835790948,-0.123085639506,0
-0.00807772776965,0.0212635868259,0.817585161053,-0.0285435619,0.0642738049,0.690497013,0.71990834,-0.33884749462,-0.115690349501,0.149931989132,0.362656978505,-0.308827864816,0.140835099729,-0.387746596308,-0.0301191874465,0.00647174965056,0.399115058159,-0.261374815826,0.0021256456673,0.0557270957,0,0,0.414893448288,0.31990350787,-0.305786516607,0.124289930219,0.000554383294769,-0.0960202689964,7.55636898879e-22,0.45842607489,-0.391814220995,0.260356800026,0.115500525639,-8.65392409023e-05,-0.123460541664,0
-0.00964257593895,0.0256428882227,0.815023406884,-0.0287547027,0.0667938723,0.689561156,0.720567247,-0.349419667181,-0.121392670384,0.152665362843,0.391238196081,-0.330613390969,0.148033603075,-0.436483597029,-0.0420840394046,-0.000666046743986,0.503491683157,-0.291436116794,0.00300201071523,0.0609076862,0,0,0.411827141966,0.315518226578,-0.306357001305,0.124330794861,0.000613256574951,-0.0994491740155,-8.47168407146e-22,0.460827044154,-0.398155694199,0.25978214885,0.114854150295,-4.83973902555e-05,-0.124836254397,0
-0.0113064861534,0.030828917481,0.811603759864,-0.0293121415,0.0696951643,0.687768709,0.721981707,-0.360693105177,-0.127575568947,0.155233371893,0.419794433331,-0.353736972213,0.161659383082,-0.496035464735,-0.0541620628813,0.000508627961422,0.62539460642,-0.308627368986,0.0154491687084,0.0726050601,0,0,0.402280870417,0.321734554261,-0.321837115784,0.125085373894,0.000671460769323,-0.106492102942,-1.52605242733e-21,0.464335903522,-0.40261100554,0.254224429232,0.114067335339,-3.2451482119e-06,-0.127736638896,0
-0.0128637098046,0.0356460487403,0.808521344016,-0.0308101587,0.0742832106,0.6851814,0.723919324,-0.378047547811,-0.137251206371,0.155786127972,0.449924400529,-0.367741617638,0.172160222927,-0.56492936487,-0.0589312626271,0.0107320130602,0.741754822075,-0.321445453972,0.0194904506573,0.0833215832,0,0,0.388951582151,0.317862932275,-0.333969785383,0.126106600196,0.000770690810819,-0.112133364547,9.49358952349e-22,0.466970354672,-0.405708634891,0.245107841676,0.113038536525,3.72030443847e-05,-0.130470439627,0
-0.0139265535991,0.0431512649838,0.80658749928,-0.0323574014,0.0785384269,0.680802263,0.727525252,-0.386016441839,-0.134683519506,0.175003181414,0.473559917349,-0.391159963776,0.168150543706,-0.630196891904,-0.0459699776914,0.0354682876816,0.82550236104,-0.337902133202,0.0150991759384,0.110654926,0,0,0.373105295103,0.317504708557,-0.349096665082,0.127145043633,0.000929181765771,-0.118825215308,-3.00926553811e-36,0.478739718575,-0.4125024427,0.241966705797,0.112207008641,0.000137771413324,-0.132497512078,0
-0.0152501659511,0.0517730413884,0.805671048229,-0.0328699664,0.0831646361,0.676996614,0.730533225,-0.383820818219,-0.139065540394,0.186852151073,0.484337261886,-0.4122305929,0.166670351071,-0.688926395576,-0.0369266659245,0.0526873423572,0.864699996542,-0.331427697866,0.0172235794133,0.133588713,0,0,0.357247207649,0.306564833362,-0.359170952722,0.127948810704,0.00113725436654,-0.124044191159,-1.54751732482e-20,0.497305433686,-0.412981718194,0.232213549715,0.111458377661,0.000185389218312,-0.134069731358,0
-0.0165242720626,0.0599688531992,0.804208479648,-0.0273995152,0.0860578632,0.674673796,0.732569846,-0.370639321682,-0.153077745277,0.201640347687,0.492144872096,-0.429552052917,0.166048570213,-0.746914853025,-0.0470099684903,0.0628642758287,0.882789703545,-0.322476910527,0.0212411578066,0.142124286,0,0,0.360364741418,0.302012814294,-0.380773547638,0.127737179685,0.00126156514481,-0.134390132702,-6.78499303465e-22,0.530912966851,-0.428724934555,0.244001783849,0.11314990367,0.000167362118743,-0.135288626278,0
-0.0165261479697,0.0695501348569,0.803679789005,-0.028330556,0.0902915972,0.671868392,0.734600348,-0.358941559636,-0.155900575584,0.212100909498,0.485074399175,-0.443442052926,0.158914374917,-0.802744638134,-0.0459787970544,0.0626179890215,0.853774548538,-0.305841788311,0.0237391393339,0.151375782,0,0,0.341269734231,0.297931364277,-0.390329162652,0.127333073267,0.00145982905721,-0.143398735281,-3.35466663521e-20,0.546219113899,-0.438484701178,0.249140966488,0.114082320952,0.00017364652904,-0.135969435717,0
-0.0162304641322,0.0815668266288,0.802836121752,-0.0306453238,0.0945872125,0.668888158,0.73668362,-0.341060578477,-0.159292258888,0.220641573842,0.466820287554,-0.445307518783,0.149418165992,-0.852843025675,-0.0345832068118,0.0644664531509,0.803827822057,-0.28017904707,0.0265602355751,0.165352638,0,0,0.316753688797,0.292026653545,-0.400779185951,0.127395690552,0.00171814495505,-0.151460766794,1.35161053077e-20,0.564689197962,-0.447393296883,0.251243019366,0.115526064594,0.00016627914195,-0.134533494001,0
-0.0158637397363,0.0933497534727,0.802569806194,-0.0317989306,0.103627377,0.664990424,0.738943794,-0.284977238394,-0.177562816959,0.231749759911,0.352612230783,-0.410757138774,0.146578855726,-0.892951856376,-0.0231796173783,0.0750796717228,0.709930348034,-0.219639166774,0.0474443992306,0.167619518,0,0,0.279079230667,0.290367858896,-0.414757499145,0.129329050447,0.00181143157542,-0.150286315497,1.06319234228e-20,0.573864771366,-0.450108805613,0.244000361901,0.117409492728,0.000172622312809,-0.12205652712,0
-0.015725569211,0.108009069361,0.80019117546,-0.0373426432,0.110846203,0.661589999,0.740687059,-0.281203009247,-0.178934869166,0.236785490334,0.354758268213,-0.435123237176,0.140333555539,-0.948273129614,-0.00431611230225,0.0771976612834,0.65618478868,-0.209055982986,0.0597487244244,0.181429966,0,0,0.233891997874,0.295221336749,-0.428697387554,0.129199140586,0.00209594826071,-0.157744184284,-5.08852562223e-21,0.58118213499,-0.449813621313,0.238180944251,0.117304681909,0.000178028274862,-0.12342357521,0
-0.0147666227585,0.122924099412,0.797083977669,-0.0387706058,0.116195396,0.659162572,0.741956989,-0.264055746141,-0.184726591566,0.243350321227,0.348775377438,-0.453606930764,0.136054533808,-0.990721621465,0.0053542084462,0.0778895914934,0.601068141587,-0.191120021493,0.0667055950554,0.188796008,0,0,0.206411381703,0.295568974138,-0.438089970216,0.12931002516,0.00228510999627,-0.161934106651,1.71254100647e-21,0.597132113245,-0.45039530479,0.235941326063,0.118490745593,0.000138051212741,-0.119674554946,0
-0.0141483014683,0.139537994859,0.792559183788,-0.0313856622,0.116922348,0.65706192,0.744052241,-0.223939187611,-0.206369282183,0.244445237288,0.340371501393,-0.459588685728,0.136353617312,-1.01151968529,-0.000151857454848,0.0739554368711,0.55832060211,-0.166261163097,0.076419060213,0.17446737,0,0,0.218320675155,0.295819100138,-0.442682943339,0.12690725219,0.0022045658863,-0.166987662491,6.53218278864e-22,0.627283765045,-0.457740549451,0.246316883998,0.120718803799,2.89498395223e-05,-0.114274785463,0
-0.0127792698046,0.158389734229,0.788535477024,-0.0377083814,0.123977686,0.654286485,0.745061613,-0.211895049032,-0.206203688151,0.245615531747,0.339916506412,-0.477198703569,0.131215845959,-1.0472412011,0.0119230066503,0.0675176099945,0.519443118513,-0.162774834195,0.0801290053877,0.18264828,0,0,0.18164407552,0.299028513508,-0.446455217624,0.128125883668,0.00236990465495,-0.167178022847,-1.4962669788e-20,0.626063014916,-0.453905192873,0.235423786015,0.120360244059,4.41017395712e-05,-0.112867921546,0
-0.0113115392609,0.178672118478,0.784112818214,-0.036879035,0.12614298,0.652563704,0.746249621,-0.179181895516,-0.219789781119,0.231470581242,0.334500303688,-0.473465189353,0.128330552676,-1.06069817003,0.0165415029471,0.0648546699998,0.502521375966,-0.15917737306,0.0817344441054,0.177376917,0,0,0.172676982785,0.302921354015,-0.446183293025,0.12965899923,0.00224538962628,-0.161280839524,3.7158912831e-21,0.63489035557,-0.455590706079,0.233722816639,0.120975158529,2.77208193794e-05,-0.106259281249,0
-0.00901975381397,0.201349081981,0.779693105104,-0.0365153546,0.126986433,0.650929868,0.747550253,-0.144454252078,-0.229452719293,0.214471904958,0.336641648122,-0.464928829079,0.11399049347,-1.06230196454,0.0289016018313,0.0692775185972,0.506466921183,-0.157972842252,0.0724045091638,0.170195752,0,0,0.176591093115,0.307855991622,-0.443990321018,0.130951111702,0.00204562652688,-0.154144861012,4.33839741818e-20,0.64099704369,-0.463947863533,0.245406467506,0.121677497316,2.0928653312e-05,-0.102876958188,0
-0.0066227796979,0.22553733212,0.77534707127,-0.0269405362,0.119920939,0.649687173,0.750199809,-0.0810880217833,-0.240030503187,0.207527683707,0.340951240321,-0.449013434815,0.0966836166766,-1.03586000228,0.0417749228482,0.0846086012487,0.547018879056,-0.154945440519,0.0666525199532,0.160077903,0,0,0.219045821262,0.309567089364,-0.443981521647,0.133574198008,0.00156463352993,-0.133565168144,1.90292607221e-21,0.669065581791,-0.470103590405,0.257420063772,0.122513538337,-2.74091234118e-05,-0.0895285400057,0
-0.00320269119065,0.251538044661,0.771355811337,-0.024925048,0.115630693,0.648456072,0.752005989,-0.047312039824,-0.234780134658,0.205990414372,0.380134367864,-0.428753062555,0.0722406765377,-1.00996554084,0.0456495818179,0.0841617029539,0.594984484612,-0.109051454746,0.0381294007445,0.168949542,0,0,0.246789407225,0.311726782714,-0.443421419511,0.135026304417,0.0013933056171,-0.123206385457,8.63831694726e-21,0.682893069937,-0.468110751405,0.260136201194,0.122745734371,-6.61299956571e-05,-0.0860525121113,0
-0.000219810738583,0.279483834027,0.770552814788,-0.0252597661,0.110766388,0.646048854,0.754793766,-0.0183734857926,-0.222392089664,0.208418299484,0.421754345062,-0.381554242985,0.0390663722545,-0.991704978243,0.0561128390366,0.0835876732138,0.657639894083,-0.114169468786,0.0273433651563,0.180188775,0,0,0.279634800841,0.310627173578,-0.435713124844,0.136503803988,0.00119094333111,-0.108754380794,-6.74934128593e-21,0.688966315888,-0.460007293341,0.256274668018,0.122238887513,-8.70716708597e-05,-0.0796423482767,0
0.00309411901174,0.308143353463,0.770849184025,-0.023969503,0.0944910287,0.646017255,0.757072397,0.0215013597308,-0.186891926987,0.213444364837,0.486908901529,-0.28482501583,-0.0153514618776,-0.945577949688,0.0755280973949,0.0678384620117,0.719200939642,-0.141525380151,0.00490056348985,0.181113817,0,0,0.335936617419,0.346649567744,-0.436599183566,0.13441332911,0.000799221129994,-0.102438681588,-6.91943582938e-21,0.700038723438,-0.446964282531,0.27616305366,0.12345666078,-0.000157365606215,-0.077506774891,0
0.00679599189971,0.337409590576,0.772191902882,-0.0270590991,0.085175554,0.647886329,0.756476196,0.0374743223809,-0.154941867555,0.208790333284,0.5421509551,-0.124970385581,-0.0601546659884,-0.908974562199,0.0815758399923,0.044244524539,0.769085821181,-0.193245599651,-0.0459463581215,0.179570679,0,0,0.363735109195,0.369027381061,-0.428226518798,0.134047872222,0.00057139632024,-0.0958671434537,5.87807007136e-21,0.686816514389,-0.427774912895,0.277319153114,0.124563360066,-0.000187200003416,-0.0823873771128,0
0.0110907393666,0.363497477083,0.773826288338,-0.0318876462,0.0784590769,0.653165083,0.752464435,0.0046477915674,-0.11104411595,0.200828189154,0.652280046162,0.0280205052901,-0.0826819079403,-0.877636027154,0.0884614431738,0.0249178686514,0.806837914472,-0.24688489655,-0.086991927945,0.180309837,0,0,0.374493841835,0.399702909502,-0.430606181232,0.132620777514,0.000417259218324,-0.0953565923516,5.86606743067e-20,0.665528408817,-0.401851605873,0.26336937,0.123264192079,-0.000207760066509,-0.0884767979124,0
0.0149446059279,0.389898600729,0.776660783625,-0.0362851095,0.0752292352,0.659329222,0.74720073,-0.0780842547621,-0.0292521526041,0.223066599811,0.831476910761,0.0461490244566,-0.0648238712662,-0.84407433069,0.0884999261331,0.00925855411632,0.833139747847,-0.302433742556,-0.120100118407,0.159556052,0,0,0.398308792382,0.408821169089,-0.411323216489,0.130099840413,0.000362728931107,-0.10233027554,-1.70935366113e-21,0.626205627944,-0.392128636368,0.264614859967,0.121678518179,-0.000175355391184,-0.1013840739,0
0.0181171163436,0.414514870097,0.781340377537,-0.0419826967,0.0801068225,0.665368645,0.741016137,-0.21246888675,0.0495760831898,0.239320590574,0.998802980083,-0.026755469398,-0.0281749217871,-0.814061163046,0.0742280632005,-0.00287665971109,0.830104597692,-0.338174091598,-0.124067683079,0.127676396,0,0,0.406856073224,0.403356895712,-0.399441997272,0.128023973434,0.000326688023389,-0.0996651403228,-6.08323944559e-21,0.55425501624,-0.40503669986,0.26833182161,0.117527219878,-1.9086866612e-05,-0.112256598309,0
0.0212866077845,0.440154826319,0.787224332504,-0.0452913173,0.076120935,0.674101441,0.73330863,-0.335413187467,0.100087709873,0.216053327063,1.09031379075,-0.0934530786638,-0.00611356404237,-0.753360773391,0.0589722541694,-0.0313641692588,0.808732007794,-0.377996274508,-0.130003523981,0.0962150968,0,0,0.42957531329,0.413937294015,-0.384020840264,0.125946182543,0.000227192909592,-0.100231788286,1.7631237987e-20,0.499026340736,-0.40269796117,0.282384130184,0.115905750572,4.53565290116e-08,-0.12242881488,0
0.0242467461891,0.466972076068,0.793857913893,-0.0465229605,0.0718212928,0.682717917,0.725653885,-0.453495639577,0.094541950259,0.163141391354,1.11061253222,-0.148851509021,0.0121195275184,-0.677272585211,0.0446733861967,-0.0592253452718,0.768732587464,-0.407859426967,-0.127891809429,0.0510228838,0,0,0.46412527026,0.40940880206,-0.359159230324,0.12413732903,0.000168913987202,-0.101791522481,5.19875017048e-22,0.447448678516,-0.380140994826,0.276243391026,0.112750693369,-0.000200620557648,-0.139653656961,0
0.0264588563335,0.492986203312,0.800590516405,-0.0484492947,0.0668077043,0.691564153,0.71758513,-0.554793391062,0.0691828296904,0.114936738893,1.05681625049,-0.176388088116,0.00409209044956,-0.588533593436,0.0338844454154,-0.091023852329,0.69771571412,-0.413954083161,-0.118482012912,0.00689160333,0,0,0.495228354341,0.411359012485,-0.339178716369,0.12267669534,0.000122068138743,-0.106417028864,-3.2132419948e-22,0.390861265877,-0.372798436852,0.290273894996,0.111915050973,-0.000442564692652,-0.154645457116,0
0.0285467880278,0.518284484988,0.80540720489,-0.0524341274,0.0645218814,0.697311064,0.711930382,-0.648909070017,0.0588770955836,0.0867749734869,0.970683534715,-0.207143239,0.00933333624411,-0.5090573938,0.0329982763758,-0.11892619672,0.621646630806,-0.411115163372,-0.0980432152879,-0.0297477015,0,0,0.522262386617,0.412373096678,-0.325090394672,0.121252237512,0.000101730993917,-0.111016263878,2.15404681574e-22,0.327200315243,-0.3719715697,0.310032113727,0.109943773701,-0.000734245461657,-0.169528518385,0
0.0293680532501,0.54393522648,0.807971681349,-0.0557209333,0.062445783,0.702627937,0.706618485,-0.717224730931,0.0314912180326,0.0632110496838,0.836971001927,-0.200503864916,0.00786961771811,-0.421614803221,0.0369159420041,-0.14196189381,0.529225562767,-0.397809932978,-0.0672729023059,-0.0419858072,0,0,0.539753774856,0.409655246001,-0.318103952264,0.120968417351,0.000122229430437,-0.115630730888,-2.3229533776e-21,0.273774721765,-0.380388493647,0.328194357214,0.105567132457,-0.00091840403124,-0.186779582953,0
0.0299514057524,0.569748052268,0.807846533227,-0.0616161385,0.0618947808,0.704847636,0.703961858,-0.777883137987,0.0235403378337,0.0554398375005,0.692372119592,-0.193755213997,0.00504487878057,-0.347234206471,0.0514905046018,-0.151305852702,0.446163229271,-0.382453600023,-0.0566276421586,-0.0405465298,0,0,0.549225093853,0.404359962159,-0.314735361158,0.121012726268,0.000165344739166,-0.120741587516,-5.01766096488e-22,0.21730534038,-0.394251225402,0.342929004458,0.101153971705,-0.000979452882671,-0.202238447978,0
0.0297141439549,0.595814612789,0.805192455633,-0.0675426721,0.0620942996,0.705818354,0.702426321,-0.82728260533,0.00746946661756,0.0480027594418,0.53800214618,-0.164992995481,-0.00123580214159,-0.271958227037,0.0640687101501,-0.161738359276,0.358636432655,-0.366001084657,-0.0392645392324,-0.0348086608,0,0,0.556037601277,0.399478643442,-0.312344613654,0.119441518183,0.000193757939837,-0.120434076895,4.62297966071e-22,0.161584754725,-0.415813054738,0.359375418106,0.095816887821,-0.000913048834713,-0.21435381853,0
0.030398360298,0.623613286319,0.800352032381,-0.0728943336,0.0614191568,0.706321329,0.701444426,-0.891003293156,-0.00318757850264,0.0451794454766,0.455574530475,-0.185380053149,-0.00875088671398,-0.19587580198,0.0819883560468,-0.166101112023,0.281205846398,-0.355625708747,-0.020143655158,-0.0219367566,0,0,0.559500218274,0.398004397089,-0.317771936581,0.120553544433,0.000190013414367,-0.117346885065,1.78791467505e-21,0.115450273958,-0.439950062366,0.371172091994,0.0916002007189,-0.000702061502358,-0.224638860081,0
0.0310439664568,0.65288300881,0.794044022561,-0.0773158669,0.0610971457,0.705949512,0.701373425,-0.968779510256,-0.0157900356169,0.0372443264842,0.461789779448,-0.243957220081,-0.00897957939675,-0.148480313431,0.094718627386,-0.164433129582,0.271117205063,-0.368468989134,-0.00549544963251,-0.012101211,0,0,0.562696091435,0.405555892848,-0.328616329775,0.120377734319,0.000165152721495,-0.114856126222,-2.56687203121e-21,0.0803597603843,-0.458061556646,0.378722594117,0.0886310579991,-0.000502331240842,-0.229446800207,0
0.0309300513443,0.683462911389,0.787779299086,-0.0803716215,0.0679649081,0.705624265,0.700725032,-1.01812186818,-0.0261067726068,0.0570622141772,0.485125920931,-0.282496211039,0.00550439951961,-0.127517827332,0.0872618410609,-0.159419681231,0.300884295539,-0.384094385074,0.00724592474287,-0.0110868253,0,0,0.555210730019,0.385903596208,-0.321414306164,0.12004550924,0.00024108166848,-0.115751415174,1.05698473921e-21,0.0498193236318,-0.475733671875,0.377456500551,0.0857953627686,-0.00045315730042,-0.235047376501,0
0.0305321757106,0.716005503395,0.782103062862,-0.0805540153,0.0693452863,0.704746009,0.701452311,-0.996130007727,-0.0343108799651,0.0759703879238,0.478404419929,-0.266644124263,0.0222115123886,-0.0939260601829,0.0847238948101,-0.151234886964,0.337581086412,-0.373418563377,0.0356651991024,-0.0151640407,0,0,0.554065216488,0.372358150352,-0.317742042102,0.121094659976,0.000247459279964,-0.104855425185,-1.08634374722e-20,0.0382317432148,-0.480925233217,0.36910741521,0.0905241361229,-0.000462694762308,-0.225682611444,0
0.0296004870049,0.750214182989,0.777662631477,-0.0783211706,0.0658992156,0.70510268,0.701678914,-0.953272033773,-0.0440237538122,0.0763221299683,0.489855297706,-0.181300424788,0.0453247622168,-0.0567837911682,0.0860164397072,-0.140235862641,0.388222282577,-0.329604420591,0.057405239526,-0.0273331777,0,0,0.56489194554,0.375404497209,-0.323700629047,0.120551947608,0.000205820064394,-0.0961881651214,2.99491062333e-21,0.0593645782155,-0.464663136111,0.360142600614,0.0962080570444,-0.000649714879264,-0.213059784815,0
0.0284901754237,0.784962809219,0.776485492406,-0.0740367161,0.0642510154,0.703419023,0.70398299,-0.921375649744,-0.0433130193495,0.0723287517637,0.539798270102,-0.122500089939,0.061461546988,-0.0365533124176,0.0784771057292,-0.117416970807,0.466903024822,-0.239187010286,0.0781084787461,-0.0262155682,0,0,0.575337500209,0.367564245891,-0.319466707263,0.119218445084,0.000207105335823,-0.0894323871321,5.83019121798e-21,0.107345039495,-0.451423319386,0.346717128811,0.100626042349,-0.000611411715693,-0.200891812687,0
0.0274396108958,0.820654286557,0.776702911549,-0.0600969312,0.0619191137,0.703051211,0.705884818,-0.880780167154,-0.0536469309177,0.0913686343482,0.622190447074,-0.130504516896,0.0735647931662,0.00368549879672,0.0559681734711,-0.105710788164,0.522485646669,-0.0341494347282,0.116732479457,-0.0176442488,0,0,0.597391697873,0.36209617818,-0.336426781769,0.118246296304,0.000198682769407,-0.0819621439934,-1.61689080051e-20,0.195510264368,-0.451069793429,0.333815946367,0.104279404677,-0.000397916391862,-0.186875324844,0
0.0261159233383,0.856144701478,0.779074433621,-0.0538011246,0.064070345,0.700397365,0.708832816,-0.839588909763,-0.0641676071473,0.104815134994,0.66895393629,-0.167990319183,0.119882457271,-0.00252289658303,0.0348353926425,-0.0815594508214,0.610834290163,0.141066358171,0.119135863768,-0.00729359691,0,0,0.582519917253,0.356627473172,-0.351143041261,0.120516644783,0.000206565395154,-0.0809219737132,-9.93302820896e-21,0.257813589535,-0.452559123635,0.320853967983,0.108787917016,-0.000218648597465,-0.174444624094,0
0.0235271974425,0.889760740052,0.78252819615,-0.0508608516,0.0685901482,0.694082106,0.714813679,-0.796866886677,-0.0674862250182,0.125071730508,0.695074645052,-0.21577259699,0.156341068476,-0.0587034975364,-0.0271924151728,-0.08895815377,0.747838259476,0.255553401404,0.124572503307,0.0115569835,0,0,0.549699315556,0.351150395316,-0.351054613879,0.119819149685,0.000234935154092,-0.0830440328073,-1.35662118526e-22,0.306864940503,-0.458602053016,0.31216876748,0.110005632346,2.63692711329e-06,-0.162418469282,0
0.0214114840455,0.922961802671,0.788493601011,-0.0462413024,0.0702449348,0.688424423,0.720415994,-0.730231816737,-0.0678880633106,0.150113074889,0.691377000306,-0.260599132759,0.16744871534,-0.170704250698,-0.0835659122654,-0.0808892604255,0.900278165991,0.194288975718,0.0929255220366,0.0475753709,0,0,0.510116426433,0.341255489831,-0.355818894518,0.122875362339,0.00032211963877,-0.0886615766715,1.0293644506e-20,0.370305980162,-0.470631414711,0.308659916647,0.110025102921,0.0002243162379,-0.155030220746,0
0.0201518453299,0.955691352854,0.794752649141,-0.0403695336,0.0722450861,0.682666339,0.726028661,-0.655246700437,-0.0773934134549,0.171959835025,0.667401695272,-0.293947624229,0.175318350888,-0.305350278373,-0.126621428628,-0.0551514473625,1.01007199331,0.086508367995,0.0502268210659,0.0861115429,0,0,0.461405543415,0.341210979087,-0.367818134396,0.12484562081,0.000424916185341,-0.09367643021,4.69386133561e-21,0.436173530926,-0.486252773657,0.316324245021,0.110768111143,0.000355259935637,-0.145515375342,0
0.0193630377872,0.987750223032,0.80108087893,-0.035797119,0.0749528237,0.677237287,0.731061077,-0.573250600315,-0.0849713624173,0.19672354419,0.621152976071,-0.319913047295,0.172830670513,-0.44518334354,-0.131504954313,-0.0155611366151,1.05873144213,-0.00976093634008,0.021189948232,0.113710697,0,0,0.409729888126,0.335655246153,-0.364064400229,0.126966702958,0.000651898981927,-0.105271114419,7.7850483053e-21,0.494832318477,-0.49275553746,0.315017710832,0.113212713572,0.000329878097468,-0.135157379583,0
0.0188159102245,1.01906127705,0.806421754925,-0.0307104211,0.0781483197,0.672703476,0.735132467,-0.483434923111,-0.0989753040377,0.220144463679,0.552362764169,-0.332054404679,0.16701828282,-0.572643461737,-0.117936770521,0.0161700349452,1.04519473296,-0.0929670456083,0.00914763028345,0.144253019,0,0,0.356296596382,0.332717016444,-0.366324838625,0.128312924546,0.000983345530321,-0.119954275506,1.39887644345e-20,0.554016446126,-0.501701670822,0.318071909864,0.115612775524,0.000232366520302,-0.126291391804,0
0.0191414760929,1.05075115325,0.80957854878,-0.0266784509,0.0821014082,0.667534827,0.739557215,-0.390882910366,-0.113514184776,0.245850116314,0.472400060703,-0.334373601517,0.151366243027,-0.674023332197,-0.105831051118,0.0296827360889,0.968351244239,-0.142432419843,0.01231831353,0.168502915,0,0,0.304187892669,0.323668164069,-0.362481323836,0.129112626919,0.00144100845235,-0.135865770869,2.55738752927e-20,0.603736959001,-0.502562242668,0.315327528406,0.118422808077,0.000118408642387,-0.116914867253,0
0.0200936653633,1.08229818505,0.810074545279,-0.0243192552,0.0866152613,0.662762074,0.743406217,-0.29829651692,-0.136788242776,0.254382709681,0.375915103884,-0.320851828394,0.131420537456,-0.754155202905,-0.0833319484721,0.0329251869609,0.840772716806,-0.147752501805,0.0327149906398,0.182860256,0,0,0.249835991445,0.326056814329,-0.357849131516,0.126488030695,0.00196425182882,-0.155891862384,3.50329745435e-22,0.641798761476,-0.51050669847,0.320752085785,0.121428858005,7.65732144639e-06,-0.109682308838,0
0.021336890903,1.1143590319,0.808462025486,-0.0226058263,0.0919190469,0.659931313,0.745339203,-0.202639205707,-0.161763699602,0.266333275635,0.272884910024,-0.313386578017,0.113795035893,-0.81009329159,-0.0639915728139,0.0316816369526,0.67012748364,-0.124887287033,0.0561130456463,0.181645406,0,0,0.198531771424,0.336347823624,-0.357788532091,0.12069544499,0.00238123448322,-0.174899703147,-3.60224464722e-21,0.675510467405,-0.502658568158,0.312431514487,0.1227730569,-9.64064449793e-05,-0.105350310552,0
0.0232574552565,1.14705851829,0.803755398984,-0.0225705061,0.0963608843,0.657604483,0.746834316,-0.115143070305,-0.180801605603,0.273060129756,0.188546113986,-0.30899804478,0.0975611024196,-0.848433703501,-0.0320477852903,0.0352997564862,0.472260317218,-0.0969675437514,0.0828459946662,0.170607927,0,0,0.154079033991,0.352507465175,-0.35332554173,0.113799499474,0.00265301592958,-0.192973823508,4.35815712915e-21,0.700522329877,-0.490920046892,0.301582283028,0.123553744784,-0.000157595203824,-0.100690394164,0
0.0242806387484,1.18164404339,0.797674393783,-0.0308883957,0.10285751,0.65548299,0.747534808,-0.0461450144555,-0.186766787771,0.27744985453,0.1197775844,-0.309032514421,0.0770152119239,-0.901376933251,0.00141234585651,0.0320196065584,0.310243977217,-0.103251556435,0.109195470996,0.171235604,0,0,0.0850000591423,0.368343184656,-0.343211253321,0.109796397118,0.00303287137804,-0.202246170521,-1.366344618e-21,0.698446522377,-0.481150191309,0.291435919479,0.122904482099,-0.000153620863781,-0.0944810466765,0
0.0260986892461,1.2166105696,0.789451359898,-0.0287672347,0.10567598,0.65407859,0.748455899,0.0389462688827,-0.210146869641,0.272507447461,0.0563371348658,-0.284544832728,0.0633669478127,-0.98896978,0.0123474269396,0.0243474846713,0.344787582447,-0.182927545592,0.130550189878,0.157795171,0,0,0.073878416172,0.374683787953,-0.331466245759,0.102264781837,0.00317069882506,-0.216788939165,4.52545518279e-22,0.717254439619,-0.478566876364,0.28523552389,0.123379170049,-0.000185403125359,-0.0949937791229,0
0.0277838237627,1.2523284424,0.782158382999,-0.0268293361,0.105143983,0.654958657,0.747832927,0.100037931905,-0.218052746672,0.251469378611,0.0597759980059,-0.273591552186,0.0447860721591,-0.989502364088,0.0184142026665,0.0272211866478,0.338250362024,-0.173777006131,0.115801140192,0.16008497,0,0,0.0580462391266,0.376961615112,-0.328323975986,0.10075962088,0.00334007606338,-0.221521603507,2.57091106802e-21,0.733523250767,-0.472620678821,0.278309832492,0.124252013032,-0.000210155079708,-0.0891239261286,0
0.0308672209595,1.29086476359,0.775881343482,-0.0241739837,0.0993476318,0.655151844,0.74854641,0.113512634584,-0.201169267152,0.24167056374,0.189454199634,-0.282802048952,0.0160893091461,-0.936893399704,0.0341598935744,0.0378516187313,0.342162161305,-0.121281816821,0.088544107515,0.178176742,0,0,0.066466215874,0.362688887931,-0.324759085482,0.106484863973,0.00352719830263,-0.214696253039,-3.40494827045e-22,0.751139573443,-0.467841830445,0.28030657595,0.125467946549,-0.000256600270533,-0.0806993333574,0
0.0338585943576,1.3300271104,0.769528858555,-0.0132461728,0.0817861527,0.658762687,0.74777489,0.127543014953,-0.181332703634,0.227903944941,0.375526450402,-0.26322705375,-0.0139521395756,-0.896516724876,0.0359750664111,0.0370429370073,0.453385956597,-0.0333568019911,0.0433232609173,0.177406052,0,0,0.139522341112,0.350556120755,-0.323828557864,0.109429398143,0.00310363745959,-0.205077048983,-2.14108082391e-21,0.796539861815,-0.459063788446,0.29669058862,0.126148877256,-0.00036806258447,-0.0747759517147,0
0.0370979423767,1.3699662339,0.767740479366,-0.0147230536,0.0678016818,0.661859212,0.746410442,0.149319234335,-0.137628426202,0.230537433207,0.479935945018,-0.10402148505,-0.0532843121655,-0.87364015753,0.0660537668947,0.0450860593466,0.571082318816,-0.0277480800094,0.00983578439372,0.200979858,0,0,0.184452231788,0.349211688656,-0.32837174777,0.11696580247,0.00280038010462,-0.186806619873,-3.14099020036e-23,0.806828527685,-0.434072783376,0.306428065809,0.128300572887,-0.000480823089881,-0.0719462802173,0
0.0405938816492,1.40861600683,0.769220135582,-0.0170122921,0.0569936848,0.66301968,0.746235356,0.152495308295,-0.0967194208083,0.237386658108,0.56773834016,0.0988199511351,-0.0921370417094,-0.840243992055,0.0887395960488,0.0336701595647,0.657854064101,-0.0791853782601,-0.0526047899483,0.205932296,0,0,0.237709517287,0.357122072051,-0.32485736525,0.123366698215,0.00218021490636,-0.165386783097,-1.41137120106e-20,0.786127426409,-0.420444730484,0.316574070532,0.128538810658,-0.000478512378259,-0.0727034063037,0
0.0446125661969,1.44368765519,0.773002729809,-0.0220830153,0.0546379459,0.6670649,0.742665103,0.0560568990394,-0.0153691213027,0.265846354468,0.769305246363,0.131123911749,-0.0639401074028,-0.809822425488,0.0907589482778,0.0161700387742,0.712013033152,-0.146667485404,-0.103741599886,0.193997966,0,0,0.273833146259,0.358966687256,-0.328792536685,0.128440157446,0.00154178492808,-0.137915899194,-1.16024459363e-20,0.736268765952,-0.413465727117,0.315007360928,0.125346028948,-0.000387084371898,-0.0779598338355,0
0.0476669008999,1.47722306212,0.780583880573,-0.0267239894,0.0549618901,0.673875612,0.736312895,-0.0939049311115,0.0432159147831,0.253777878897,0.953564284106,0.0380446068619,-0.0364973109943,-0.757557161694,0.0743715065675,-0.00487477035158,0.714476249493,-0.199461491954,-0.126055274311,0.162621003,0,0,0.30416965898,0.372441186912,-0.340260390349,0.129238196546,0.00093601763372,-0.112764970617,1.70102837413e-21,0.66964793385,-0.392982678695,0.282182606559,0.121281490531,-0.000259586500124,-0.0897608219372,0
0.0494526413706,1.51088504957,0.788905919033,-0.0291586383,0.050220362,0.679032462,0.731807765,-0.231480060299,0.0759354723844,0.227384002012,1.04855818818,-0.0363819038307,-0.0208967005854,-0.684196343541,0.0676005884493,-0.0250948964166,0.696685236616,-0.245265421259,-0.128801062129,0.120682662,0,0,0.358726806522,0.391372451986,-0.345105572898,0.126218558362,0.00049009525726,-0.0976879550558,-5.93402053312e-21,0.597173365437,-0.383518213456,0.28298440634,0.118153233997,-0.00018493948206,-0.107744648196,0
0.0510710693877,1.54517765955,0.797154498868,-0.0307816143,0.0433277345,0.683000961,0.728481219,-0.357170684365,0.0964320289985,0.198942227338,1.0707646241,-0.105746809147,-0.00532013603055,-0.594083191564,0.0650749593673,-0.0486409879077,0.655066371984,-0.277724668884,-0.124079038765,0.0737352317,0,0,0.424780850092,0.408041072401,-0.340967551427,0.123326094677,0.000221540561398,-0.0916817663086,2.27972785784e-21,0.523808672457,-0.371222865765,0.289622315459,0.115408318425,-0.00022665418682,-0.13028383945,0
0.0525256756608,1.57876148113,0.804206186709,-0.032292325,0.0378075917,0.686496156,0.725431471,-0.47118024251,0.103140202518,0.172211218905,1.02809185954,-0.159068387108,0.00419448276573,-0.500113038967,0.0628969917884,-0.0715200315983,0.594478885588,-0.294311057134,-0.111405811522,0.031785698,0,0,0.489696942945,0.418526079671,-0.333903187218,0.121760962178,8.12418387188e-05,-0.0882834807867,2.67610524919e-21,0.445747443149,-0.367066430405,0.302814980416,0.110785150879,-0.000365834242879,-0.156220165883,0
0.0535128836415,1.6114165246,0.808427681051,-0.0350839392,0.0345857181,0.690004833,0.722126219,-0.570406290745,0.1089113971,0.155276505514,0.929109058976,-0.203911573927,0.00669515548742,-0.414400649073,0.061901747813,-0.0931526991611,0.534584591156,-0.299645016097,-0.0979196043838,0.000184085725,0,0,0.545180824996,0.415503704499,-0.321793327237,0.12057351411,5.52999683113e-05,-0.0856509246568,-9.20981999985e-22,0.371338827623,-0.366388412423,0.316497081549,0.103883612453,-0.00061841717903,-0.184934524906,0
0.0535618730055,1.64418168245,0.810366410463,-0.0380189688,0.0338486736,0.692057925,0.720044897,-0.651491326483,0.103541698501,0.147998021019,0.787284096192,-0.224387788006,0.0125509295851,-0.323021122604,0.0599885415324,-0.113816322414,0.453461569173,-0.293102843303,-0.065482532696,-0.0113062632,0,0,0.584768632786,0.418310639948,-0.322467588043,0.120772601806,5.5718890145e-05,-0.0881426374709,-9.60544933167e-22,0.298865851364,-0.379852395335,0.326263673717,0.0942491489911,-0.000797362711665,-0.214310222327,0
0.053278089925,1.67664004251,0.809178507266,-0.0420836788,0.0338050896,0.692450648,0.719443035,-0.713623280652,0.0823160208175,0.123342897094,0.609054300295,-0.220621514693,-0.00227590368342,-0.243188333562,0.0567682298128,-0.13647113359,0.39014015636,-0.304522405026,-0.0449875859689,-0.00795244556,0,0,0.61620515344,0.411644854995,-0.321944081989,0.121150661959,7.81292456872e-05,-0.089531088678,-2.0047468647e-22,0.229975314006,-0.403443379162,0.337326405219,0.0850501526454,-0.000767119272844,-0.23914329097,0
0.0535811762589,1.7093317877,0.804493207669,-0.0478228553,0.033131608,0.692561438,0.719008989,-0.782932322998,0.0715879786715,0.0981166342858,0.464922236888,-0.222379984124,-0.0132876440766,-0.171382704816,0.0643434767624,-0.155051146612,0.340328368373,-0.322176794603,-0.0277763153718,0.011034671,0,0,0.637943701281,0.411173741022,-0.322468858217,0.121518702062,6.96980486283e-05,-0.0924889678343,-1.08529670068e-21,0.168468912251,-0.430897997316,0.346006623913,0.0745921765642,-0.000431162489385,-0.259052590588,0
0.0526919914124,1.74382071333,0.79796824851,-0.0535317404,0.0430012078,0.691628294,0.718982303,-0.892401234282,0.0609449768769,0.0989912409861,0.437115154191,-0.295839247626,-0.0105228085977,-0.126239187871,0.0504059637805,-0.158614796501,0.320442381173,-0.347462425461,-0.0036976044066,-0.00328055421,0,0,0.640621017911,0.382563522438,-0.311450118662,0.122270360579,0.000169094943443,-0.092984595951,-2.80708025364e-21,0.0758821595949,-0.465462122832,0.35827639859,0.0678160732415,-0.000526548475136,-0.276135479514,0
0.0519440085696,1.7797244484,0.788748468423,-0.0567443946,0.04260501,0.695300625,0.715207612,-0.972643984379,0.0769411520683,0.137498889687,0.482598828491,-0.372549102469,-0.0770401162306,-0.0960661119485,0.0413020028141,-0.179016479234,0.373517826349,-0.398198114928,0.00298407891255,0.000651116865,0,0,0.669834738054,0.37144943826,-0.285842679214,0.121693022315,0.000221802468866,-0.0959281049005,2.53144245258e-21,0.0480432236761,-0.497054557506,0.345903408179,0.0568164838596,-0.000411057375257,-0.295859902907,0
0.0496130637914,1.81640568648,0.780661773378,-0.0543177749,0.0447700879,0.697702899,0.712920671,-0.961185099868,0.0700190558255,0.164565815398,0.463880123925,-0.351829006376,-0.0641437687851,-0.0660876307035,0.0195337166228,-0.180081407935,0.44693122749,-0.420076320465,0.0328224641098,-0.0168509871,0,0,0.686896886843,0.355694901487,-0.280256889304,0.122087228981,0.000304171638487,-0.0955264395291,-1.40822193262e-21,0.0221090015471,-0.50909727246,0.336747797855,0.0545535717425,-0.000807801576845,-0.306448843078,0
0.0475844806902,1.8549952123,0.773661860537,-0.0493509171,0.0438475631,0.70244354,0.708671257,-0.903042864202,0.0376307657248,0.166222518577,0.436258801936,-0.293365528657,-0.0350804550268,-0.0238566509851,0.000321066294203,-0.18590157567,0.511745290084,-0.386404607416,0.0831495978228,-0.0456702069,0,0,0.706162452558,0.345354488848,-0.282091310674,0.122717292466,0.000359858291745,-0.0900633515542,1.65133693774e-23,0.0311323670322,-0.499073620058,0.330929857379,0.0612989372354,-0.00146562571467,-0.300727573464,0
0.0449804748488,1.89363632466,0.767425924753,-0.0403086733,0.0375023323,0.705308331,0.706759467,-0.841973005618,0.00134882398861,0.139603675076,0.427918671587,-0.123764565231,0.0101521384992,0.0291468430561,-0.0175792415883,-0.191000321648,0.576944884339,-0.267249510829,0.109142387788,-0.0800201156,0,0,0.73659789843,0.344016712132,-0.294060717391,0.12452778587,0.000427503009962,-0.08733368749,1.60241841603e-21,0.0640186988262,-0.477188535712,0.334431920137,0.0719037567381,-0.00208466772748,-0.287556911855,0
0.0403995619803,1.93305478372,0.765593364659,-0.0316379381,0.034908149,0.70436914,0.708268718,-0.806023953674,-0.0344815738046,0.112844059377,0.490810410715,-0.0415193799608,0.0447062762497,0.0658103591887,-0.0539018066817,-0.192916983188,0.636825062165,-0.0478022335103,0.109165987245,-0.10571935,0,0,0.755348785794,0.330890114961,-0.302268575076,0.125942569959,0.000507124033471,-0.0832228161527,4.56349783611e-21,0.106965915575,-0.445855198897,0.32510474612,0.0901592621462,-0.00223757171011,-0.255354557495,0
0.0372223765069,1.9700041136,0.765892665806,-0.0188741522,0.0307667991,0.704926598,0.708361251,-0.786498834565,-0.0607690561257,0.112233945689,0.620640714979,-0.0885026020588,0.105542175927,0.0979837364153,-0.0808384511312,-0.196955330635,0.697469439436,0.188679128254,0.154703703268,-0.102026774,0,0,0.769095293607,0.33366443654,-0.325468112848,0.126777211927,0.000511069012125,-0.0835274963457,5.14560271918e-22,0.201278911311,-0.417580802638,0.295873196508,0.0996762555421,-0.00188091806778,-0.230952778698,0
0.0340337534612,2.00383516621,0.769983079253,-0.0159229514,0.0330233661,0.704674078,0.708583348,-0.755048259441,-0.0708498060375,0.12716671957,0.673687490349,-0.138535660616,0.151921271569,0.032370656278,-0.164783196605,-0.222672716228,0.846715838274,0.24737949344,0.108683852716,-0.0841289793,0,0,0.731568708754,0.341697781603,-0.33582481338,0.126082056972,0.000411324177348,-0.0853338450444,1.16837072843e-20,0.258820743085,-0.416684249589,0.29311106456,0.106947627591,-0.00129478017182,-0.206820738341,0
0.0304609019969,2.03579112996,0.776709910804,-0.0124288773,0.0364377225,0.702914059,0.710232104,-0.703331305494,-0.0835632642819,0.142085413456,0.683339735554,-0.184019788119,0.174469424756,-0.105126954118,-0.249210012676,-0.210192069281,1.00553616338,0.119917529918,0.0467632534319,-0.0505965406,0,0,0.676311265216,0.347762874605,-0.344566238959,0.124677943065,0.00031406355608,-0.0905726329761,4.13376368892e-21,0.312272300074,-0.434382592734,0.299396974671,0.1118951822,-0.000608736903907,-0.179612553095,0
0.027754409973,2.06623952781,0.784231773379,-0.00866177591,0.0368889198,0.701578954,0.711583552,-0.639634548655,-0.0867169738209,0.161359409383,0.675348538789,-0.223106595476,0.172599981666,-0.253899190216,-0.270291348681,-0.156324433692,1.09264536593,-0.0113716404015,0.0104398439092,0.00495952333,0,0,0.617470694005,0.330527569057,-0.330324593806,0.122402655055,0.000343328265522,-0.0965225458237,-4.41310422321e-21,0.382393406327,-0.447315135898,0.304835463845,0.112327539564,-8.16364287743e-05,-0.153533473485,0
0.0258220596934,2.09580751622,0.791119153858,-0.00588297416,0.0375001492,0.701860573,0.711302232,-0.574824180646,-0.095504214615,0.170356466158,0.652382166854,-0.249257863016,0.162614405324,-0.39530981855,-0.245318694797,-0.0929455383885,1.10532735925,-0.107963073776,-0.00863286235733,0.0560957211,0,0,0.556863369738,0.292008397812,-0.302454904302,0.121864307574,0.000614824583365,-0.106053625097,-6.39327522517e-21,0.453658567253,-0.44993842848,0.299703552416,0.110859229774,8.08199977461e-05,-0.135498467163,0
0.0248136635422,2.12486442935,0.796842537831,-0.00417780561,0.038484796,0.704647659,0.70850063,-0.515434439001,-0.0989380868715,0.185030976399,0.633391712653,-0.274635887066,0.152608243205,-0.515886902191,-0.219155317193,-0.0568106667125,1.05879107758,-0.198357869766,-0.0161454667344,0.099718294,0,0,0.493147501241,0.29049839476,-0.300529017142,0.121659866812,0.000937054578071,-0.128500718355,3.45631528998e-21,0.51599088877,-0.456017567336,0.29761693431,0.11249072067,0.000126521593586,-0.124687911037,0
0.0238241628985,2.15364778035,0.800957670704,-0.00237649233,0.0396521229,0.71036143,0.702715234,-0.455432291087,-0.121275385322,0.171882858366,0.60693699119,-0.293680868694,0.138703315059,-0.604394456767,-0.199930548504,-0.0385961295633,0.951816361767,-0.244387760222,-0.0136571834927,0.11968759,0,0,0.431529397607,0.294285902562,-0.301952686676,0.11869975089,0.00135513972197,-0.154342662968,-1.18273766962e-21,0.570564486746,-0.447311488823,0.287824718532,0.114798291735,3.49239220152e-05,-0.115866713979,0
0.023646124842,2.18119497623,0.80270888939,-0.00295581373,0.0401555852,0.716786825,0.696128896,-0.410843294276,-0.129651443601,0.161783649963,0.603472458122,-0.322670701843,0.129581889229,-0.673206058849,-0.145935672189,-0.000785778478047,0.810852309249,-0.254150011747,0.0212051070092,0.134793594,0,0,0.372588029562,0.298388305141,-0.296246744089,0.112087966267,0.00189969452701,-0.181334003104,4.73888724785e-21,0.615013702886,-0.440978395839,0.285493063821,0.11718016459,-6.43645539439e-05,-0.109980666338,0
0.0235039072889,2.20875197272,0.802916211879,-0.00403282795,0.0395718626,0.724956079,0.687645612,-0.369521652792,-0.14276400576,0.135357743808,0.60480785498,-0.335073559781,0.123957374767,-0.712876192722,-0.0865231216261,0.0513855520438,0.630454261432,-0.223504158225,0.0468437406443,0.132095785,0,0,0.32136304812,0.307571616578,-0.290442954469,0.102146767177,0.00235458577422,-0.207580543615,2.70480122391e-21,0.651304644267,-0.424119225042,0.278574975646,0.118425958587,-0.00018772262564,-0.10736087322,0
0.0234815236459,2.23580495479,0.801336323714,-0.00637972187,0.0404521691,0.733897993,0.678024083,-0.345478023197,-0.146767768174,0.115538176079,0.63237436581,-0.373240265863,0.118408326905,-0.745183205469,-0.0334509824502,0.117639356911,0.461360344817,-0.182867875985,0.072827559267,0.122163663,0,0,0.277632817459,0.310163030914,-0.278335439042,0.0912643196856,0.00277504084437,-0.231511385367,4.40556128623e-21,0.676973566325,-0.406246594606,0.270643247585,0.11917559174,-0.000290367250805,-0.107025276954,0
0.023332231448,2.2645979593,0.798847429653,-0.00889577261,0.0411178393,0.744608372,0.666174572,-0.313551341137,-0.149332884682,0.0936655620255,0.651400085865,-0.40143988919,0.103045071792,-0.782007582717,0.00928829729427,0.181474534779,0.353091586758,-0.185876799847,0.0990677779964,0.107739714,0,0,0.240092004681,0.318879578657,-0.266985745024,0.0802040025662,0.00301683348186,-0.252049724373,-3.9909290394e-21,0.700454447746,-0.386227841193,0.260306958942,0.120035852354,-0.000397582501641,-0.109360885753,0
0.0227536686503,2.29342681972,0.795212202254,-0.00862527103,0.039942041,0.755805967,0.653519378,-0.274353463637,-0.147870384964,0.0766362070437,0.671619763437,-0.425271999476,0.0783473295516,-0.82024315504,0.0359272547279,0.219883340669,0.333779811205,-0.215324001408,0.128718483093,0.0989830938,0,0,0.21577529449,0.324180070913,-0.26054684066,0.0719126655244,0.00316905240764,-0.266620896839,-1.60597184892e-21,0.722880209551,-0.376439566418,0.260524114925,0.121076370863,-0.000471755662082,-0.111903135839,0
0.02203727651,2.32269622042,0.791189398323,-0.00618329449,0.0375341235,0.76712322,0.640370925,-0.232165553123,-0.142672392023,0.0633589564029,0.698476017775,-0.445391488644,0.0642757765879,-0.822511252541,0.0472286225342,0.255661995227,0.339933153534,-0.225825531289,0.140656453033,0.103527163,0,0,0.201578595494,0.323345193359,-0.253777803089,0.069735503808,0.00341434443301,-0.272396750107,2.52230653025e-20,0.742836750251,-0.381112395512,0.274516707951,0.122803643051,-0.000522899513158,-0.114731753522,0
0.0227078262391,2.35255759284,0.785916473855,-0.00409410223,0.0314236806,0.778103634,0.627336055,-0.199305941379,-0.10349837718,0.0771937738119,0.760129453787,-0.487411434008,-0.00309007018882,-0.790853016414,0.0743988039462,0.301962895764,0.353771518755,-0.233630149664,0.218681757492,0.134119072,0,0,0.198025714568,0.326239215576,-0.238990801164,0.0712242907396,0.00396158857459,-0.27694679182,3.14039841203e-22,0.772020347334,-0.359852869865,0.257595041042,0.129739200335,-0.000765398190522,-0.11927689987,0
0.0240747857995,2.38426806319,0.779746163561,0.00258435305,0.0276401811,0.787912282,0.615161424,-0.138642664872,-0.077911222342,0.0780985082497,0.777965806369,-0.486793568651,-0.0329797249126,-0.747184454095,0.0742842983268,0.307117409049,0.383859358331,-0.137836371962,0.227768163285,0.165519867,0,0,0.21228918058,0.312846433145,-0.25692704224,0.0774812002099,0.00418952571996,-0.270199107498,9.1004588643e-21,0.788101501813,-0.385183170811,0.301852459975,0.132892525453,-0.000815962516556,-0.118569946317,0
0.0260224622697,2.41359271876,0.775073868622,0.0064946234,0.024535082,0.797547122,0.602722522,-0.0948982536666,-0.0481946104648,0.0768583540222,0.801679194671,-0.468710466767,-0.0527239282162,-0.717760684009,0.0689865555234,0.287058479483,0.431461119095,-0.0356317463848,0.222439660213,0.190049333,0,0,0.23980886752,0.299209898122,-0.269299971968,0.0877501372763,0.00409770796201,-0.254696928686,1.07569658407e-20,0.792247190529,-0.403718755272,0.332714985855,0.134352368378,-0.000803667183535,-0.110943386844,0
0.0265179428108,2.43948029215,0.773642897363,0.00914031202,0.0235661819,0.807049144,0.589943022,-0.0589973483535,-0.0168240067484,0.0883247360239,0.809167232432,-0.406178056666,-0.0685709327718,-0.698556068997,0.0523587016296,0.253993606586,0.483519110573,0.00761133441465,0.206190384917,0.198728657,0,0,0.280123154563,0.296109331039,-0.277867455494,0.102264750712,0.00337196945026,-0.223875661868,-1.11944359195e-21,0.790612113618,-0.410462679884,0.335048737586,0.13437930392,-0.000711875367541,-0.0988375119611,0
0.0279642076225,2.46226137475,0.773598946305,0.00795568931,0.0237604483,0.819452693,0.572598841,-0.0513773295164,0.022920959545,0.102190742033,0.832935874839,-0.336588509008,-0.0902860111538,-0.696279681149,0.034593594651,0.210353976339,0.546912576293,0.016356105672,0.139962659399,0.195282592,0,0,0.327697648931,0.307065065649,-0.287921209833,0.113858619688,0.00248782374887,-0.194941190505,3.76894718431e-22,0.781561797936,-0.408507411903,0.328700241955,0.134875672319,-0.000667841025914,-0.098774035767,0
0.0293257336351,2.48249170542,0.775727521672,-0.000219534738,0.0284240111,0.832361238,0.553504107,-0.0723084000916,0.099415974694,0.155912491267,0.86184986937,-0.288502737996,-0.0988338308119,-0.705952832253,0.0191015823792,0.176750084411,0.594215875603,-0.0234593146229,0.0842020801389,0.199156525,0,0,0.357006813615,0.323530351294,-0.307870232982,0.125184395783,0.0017032354655,-0.160136832961,5.57738750357e-21,0.747401697274,-0.41541919616,0.326985144931,0.134404555222,-0.000568821674589,-0.102302080011,0
0.0299238054439,2.50061592491,0.77967188025,-0.00780302902,0.0319034872,0.847368563,0.52998849,-0.101492063489,0.200841139667,0.234689265085,0.895190098386,-0.284741293456,-0.0741579659974,-0.70314859277,-0.00759593892864,0.141051423803,0.623605476244,-0.0668472459939,0.0642319171356,0.207980529,0,0,0.382279028969,0.346316805235,-0.331222265112,0.130668216772,0.00110645071405,-0.131609982669,-3.22959703517e-21,0.71199420514,-0.423666067581,0.32489234665,0.132880441782,-0.000506852465294,-0.114740206695,0
0.0299310915465,2.51553177689,0.784558970415,-0.0185417036,0.0408551202,0.861037625,0.506558261,-0.144779995226,0.258756914682,0.30943286678,0.894273542917,-0.282465698732,-0.0675599840966,-0.700299623145,-0.045100459838,0.108192262869,0.616493500332,-0.0905794780333,0.0608794433391,0.202398792,0,0,0.403954564882,0.350774079028,-0.330831287729,0.131691340727,0.000782714828487,-0.109162268601,-4.6684352945e-21,0.657452309098,-0.450397818933,0.31368624126,0.129201201928,-0.000247688153441,-0.127821283388,0
0.0296731945868,2.52882844999,0.789115698111,-0.0249637525,0.0455979504,0.875261508,0.480848136,-0.1789679026,0.275266003125,0.358372690463,0.866719367484,-0.263317883926,-0.0854963180556,-0.685538922094,-0.0851482884865,0.0672296360412,0.611222629063,-0.112141175014,0.0566647877108,0.180559312,0,0,0.444303287316,0.36470354724,-0.324636278884,0.129193019324,0.000501817781313,-0.0990108829814,1.55412384445e-20,0.610360024279,-0.474439673822,0.30066272667,0.123931243208,-9.25781264348e-06,-0.148409502975,0
0.0301648366159,2.54081967415,0.792533753681,-0.0311532985,0.0483688476,0.88762835,0.456952776,-0.191722916731,0.330921783032,0.450062277437,0.854495361227,-0.246736948912,-0.0816508051696,-0.673966516112,-0.116021344883,0.0262007991284,0.612643923984,-0.137670883957,0.0438609131371,0.163689402,0,0,0.490042360257,0.364576805073,-0.292476282768,0.127026908365,0.000397901655117,-0.0983718269418,-5.11615296398e-21,0.56773774397,-0.496897601164,0.282969082514,0.1176616157,0.000236538011719,-0.169990457385,0
0.0300182322313,2.55162178796,0.795675154323,-0.0378295504,0.0509944816,0.899321341,0.432654149,-0.182296565015,0.400347558849,0.563229350494,0.846391166995,-0.21998888574,-0.0640803324424,-0.658338126656,-0.141970600411,-0.00781690146675,0.603155203502,-0.149810318775,0.0357039478319,0.161172054,0,0,0.516355790441,0.363927725499,-0.2605064709,0.124681396716,0.000376091557935,-0.0994784010574,-5.40069811901e-21,0.533782219232,-0.518512683842,0.256976069209,0.110852757714,0.000514126162637,-0.188325425427,0
0.0296571211225,2.5619020881,0.799162348341,-0.0504122677,0.0601408456,0.910882431,0.40513563,-0.194689673584,0.423175648947,0.63273570195,0.818255387101,-0.191655592794,-0.0447896354302,-0.645483500897,-0.162946762323,-0.0228880621243,0.557751104014,-0.144223978907,0.0305203683051,0.17535512,0,0,0.491284268951,0.366345331202,-0.247253124849,0.124808389144,0.00046125794803,-0.0991633037782,9.58703010674e-21,0.493615064506,-0.545255231474,0.202904081731,0.104617899581,0.00107894754046,-0.200837507334,0
0.0291881378155,2.57069209753,0.801343356987,-0.0541829624,0.0618130596,0.922998355,0.375922051,-0.185343579936,0.453335059079,0.691200070368,0.795528680152,-0.180702663233,-0.0219373875241,-0.626273892576,-0.184752996954,-0.045778797382,0.552468434236,-0.15764694215,0.0250645852253,0.172412017,0,0,0.497060296676,0.385708790483,-0.244928421698,0.124380346649,0.00038788521801,-0.102342563272,2.7302104645e-20,0.485432783754,-0.55061439949,0.156115440003,0.100616003626,0.00131476480212,-0.210046150326,0
0.028071528927,2.57859984038,0.802938824081,-0.0566011281,0.0622657995,0.934375276,0.3462111,-0.177307256064,0.464108888529,0.723822838347,0.76099586783,-0.17594582753,-0.0306766477874,-0.609367287473,-0.206649754083,-0.0698360424391,0.558177318053,-0.17480442079,0.0240562617187,0.164358517,0,0,0.502941953684,0.403415841838,-0.234514938525,0.123626346205,0.00033168568506,-0.106401392892,6.65405993271e-21,0.481111763618,-0.547486624615,0.108970035337,0.0972126333306,0.00144778513748,-0.217228101997,0
0.0275255885623,2.585562293,0.803902041339,-0.0584543218,0.0632138714,0.944783347,0.31618274,-0.186860948569,0.458899080229,0.708694148978,0.729891176262,-0.167519352911,-0.0299911287754,-0.59882913843,-0.224497503365,-0.0817243814181,0.572121649449,-0.193614950597,0.0219868119018,0.148183335,0,0,0.508867944047,0.416368274722,-0.222417887917,0.122810471924,0.000288527958778,-0.110472737558,2.04587989563e-20,0.474596186351,-0.547148987853,0.0752901376284,0.0952088996795,0.00144937723,-0.221050647994,0
0.0274750748628,2.59050205916,0.803949311366,-0.0602417578,0.0636234303,0.953752659,0.287539312,-0.209484900273,0.444860529102,0.663430641622,0.70317512718,-0.163021607601,-0.0300345023068,-0.593368939479,-0.237674134075,-0.0834262469448,0.589020008269,-0.213841514194,0.0218416208109,0.142644455,0,0,0.510671422672,0.423356674386,-0.210308469513,0.122531458582,0.000301680566609,-0.116404521539,-4.147313369e-21,0.475458507048,-0.553713561303,0.047557588778,0.0962625488917,0.00149372336764,-0.219669996613,0
0.0270729787139,2.59474199171,0.803770711292,-0.0615219513,0.0630258786,0.96165665,0.259729236,-0.238481720566,0.429297408773,0.603484369857,0.68691258621,-0.155962700546,-0.0369133464378,-0.587913720495,-0.243294125482,-0.0783781828317,0.607386245761,-0.242126120633,0.0217731303488,0.138573882,0,0,0.509218597127,0.421738222804,-0.194282692246,0.122828095328,0.000346664464453,-0.120044960569,-1.1269016568e-21,0.472196162855,-0.552833180692,0.0242125718671,0.0984698262999,0.00153719069362,-0.214231599109,0
0.0269924889308,2.59805773385,0.80300439073,-0.0635761466,0.0625478534,0.968823169,0.231143911,-0.272391560245,0.413994605958,0.542264150543,0.678176915115,-0.151654810959,-0.0424261129921,-0.582936072172,-0.255230947457,-0.0842029767921,0.624515528826,-0.25684684884,0.0237555115487,0.130814536,0,0,0.505954478422,0.429437847818,-0.18265294776,0.121332724225,0.00034792858047,-0.123399826114,8.86004159483e-21,0.469781683075,-0.560486932179,0.019452794701,0.099988297617,0.00152969782784,-0.208250589118,0
0.0268237143838,2.60060803527,0.802545492217,-0.0674671213,0.0630470852,0.97502822,0.201973323,-0.308311991993,0.394276593676,0.485487634832,0.66609163637,-0.144906070156,-0.0430971181707,-0.584691908039,-0.271842066491,-0.0937319722619,0.639445188421,-0.278882342656,0.0113557009157,0.11735822,0,0,0.496330908542,0.428173914875,-0.169825325026,0.120933181501,0.000402280576853,-0.127583894643,-9.2216323223e-21,0.46239337499,-0.571931314268,0.0260406863641,0.100878826631,0.00147272327553,-0.203469942493,0
0.0275262907863,2.60221342342,0.802503786289,-0.0699450173,0.0634297272,0.98032715,0.173329291,-0.33944072908,0.372965479334,0.437067858255,0.652781047277,-0.138416324931,-0.0465882941022,-0.578865647315,-0.302343009193,-0.127911034349,0.653467582478,-0.287376695972,0.0163378393549,0.101068785,0,0,0.491862078658,0.426505728632,-0.159569507995,0.12012729349,0.000420968444446,-0.130345196365,-2.59507302008e-20,0.455407122092,-0.583338966401,0.0336246792003,0.10249005685,0.00136209126306,-0.197646397928,0
0.0284799342432,2.60399510307,0.80249677784,-0.074488049,0.0644978137,0.984451604,0.14541871,-0.368588160234,0.351734193712,0.399344965053,0.632221314795,-0.123255249602,-0.0543888978315,-0.575122930408,-0.334549797894,-0.166660188217,0.658436945934,-0.301016938469,0.0164452857179,0.0800209936,0,0,0.485771335705,0.424318570628,-0.151896530577,0.118807841384,0.000414527769524,-0.132962038933,-2.63989323745e-20,0.440532783057,-0.593274618189,0.0461583703807,0.103320224007,0.00122536521509,-0.194242912391,0
0.0286279760816,2.60488352033,0.802875476819,-0.0776781967,0.0652973804,0.987880015,0.117453934,-0.393381146146,0.328236086754,0.363779844679,0.613075048611,-0.115218421056,-0.0487344911308,-0.566928545048,-0.365273969869,-0.200196797711,0.662532386812,-0.305988291389,0.0138751749916,0.0639412583,0,0,0.481762128975,0.422215155458,-0.146711482796,0.118090012656,0.000408793059272,-0.135573284623,-1.3086385688e-20,0.431112131184,-0.602030911558,0.0619716340394,0.103446459425,0.00107999948917,-0.192822508506,0
0.0297891922835,2.60576470204,0.803110471788,-0.0826794605,0.0645207023,0.990269304,0.0914761831,-0.41981606336,0.311112988965,0.330750068006,0.592249176383,-0.105409923819,-0.0563779814752,-0.569306890223,-0.378291734489,-0.211194932121,0.671817459402,-0.30727817403,0.0220635670258,0.0483093,0,0,0.479365129193,0.422515021401,-0.13948098265,0.117674753367,0.00039809234586,-0.140269449772,8.13084563682e-20,0.417528885766,-0.599667025913,0.0771729128101,0.103982360912,0.000898832485243,-0.192294844931,0
0.0311556393803,2.60572481925,0.801182435709,-0.0786305249,0.0596968854,0.992891613,0.0664813373,-0.436227318328,0.300214588084,0.286285959895,0.597470536802,-0.0835334543358,-0.0569028384939,-0.572743584658,-0.385621493388,-0.201399296434,0.721708731147,-0.328903835635,0.024573926349,0.0392895553,0,0,0.51015327837,0.433157078301,-0.142639030688,0.115800917362,0.00034002233462,-0.149896127759,1.73438537118e-20,0.433427793459,-0.5799980836,0.0945133353082,0.102236468143,0.00064788112055,-0.199300600416,0
0.0320617043569,2.6058589387,0.801084045282,-0.0839149458,0.0584079057,0.993963494,0.0397915911,-0.47317190549,0.277195198616,0.241819476286,0.593485883166,-0.100953437649,-0.0629365359669,-0.573464428036,-0.374501880468,-0.172600545595,0.713671609794,-0.327725203263,0.0372250879263,0.0392990441,0,0,0.501781138444,0.435056018925,-0.15031227237,0.115261329651,0.000341438685785,-0.152440443124,3.02305676129e-21,0.431327047197,-0.5706833976,0.097257303408,0.100591896602,0.000569337653584,-0.20299397177,0
0.0337325149013,2.60550140022,0.800391575922,-0.0895459885,0.0564937437,0.994279664,0.0140684833,-0.508812799124,0.256058855086,0.204097121897,0.591352218994,-0.0979858724788,-0.0628744969281,-0.582583569934,-0.355052802883,-0.132137246009,0.714221058975,-0.341892839324,0.0473533943323,0.0392363879,0,0,0.497393069699,0.430273521908,-0.153583323097,0.11445688437,0.000365569992177,-0.153068577246,1.42670175797e-20,0.427020838572,-0.569362735395,0.108153971431,0.0989209384857,0.00054914280568,-0.207283882137,0
0.0353089457306,2.60496259638,0.799704072144,-0.0951786362,0.0537039869,0.993946416,-0.011288505,-0.543983669766,0.237943395095,0.174363832597,0.590394440605,-0.0925010287653,-0.0664474229722,-0.58381035577,-0.341861558338,-0.108314118685,0.708367421628,-0.348046508587,0.0517246826697,0.0369493256,0,0,0.494418068447,0.430082223032,-0.159047169674,0.114912031115,0.000359580015263,-0.153281133915,1.40185249807e-21,0.418138200351,-0.561752161581,0.115475091144,0.0978222513301,0.000485549933048,-0.208956085113,0
0.0379310209228,2.60462114708,0.799530992039,-0.101924217,0.0506888183,0.992878053,-0.0351464128,-0.580601858746,0.224319451722,0.154115252359,0.589629650432,-0.0840440068331,-0.0619577585593,-0.588578164852,-0.335706167657,-0.101444656217,0.704851947429,-0.357148934479,0.0548918045759,0.0291667083,0,0,0.495114784158,0.427253334341,-0.164508332862,0.11522204979,0.00032981245347,-0.1510346722,-2.31961827857e-21,0.402381080798,-0.552325942972,0.127662237169,0.0964438385099,0.000372130750505,-0.210667162218,0
0.0402850898142,2.60368897643,0.79833711194,-0.106854352,0.0476129729,0.991515198,-0.0566812568,-0.616361161667,0.208671386701,0.135612469116,0.600996245036,-0.0843178482297,-0.0672552512255,-0.600064110919,-0.350558472346,-0.118614422786,0.728975480579,-0.383210038001,0.0616110196724,0.0154019239,0,0,0.51375113633,0.418434280942,-0.157086371875,0.113577536988,0.000364281412836,-0.157756705914,-6.02327790423e-21,0.389891568986,-0.54417137227,0.143366003053,0.0922668036007,0.000149702194256,-0.220829864055,0
0.0425849479871,2.60210900001,0.798150093084,-0.11297112,0.0444666727,0.989789214,-0.074683012,-0.644545062557,0.192671344726,0.118675391023,0.597555845455,-0.0802949268477,-0.0668500224911,-0.604221561346,-0.376776830567,-0.157179419317,0.731615103557,-0.393138046175,0.0554876489224,-0.00362809523,0,0,0.530644899054,0.411548421457,-0.159760954035,0.113428178245,0.000342138831595,-0.159366711347,-6.52002510882e-20,0.363252982423,-0.540448622652,0.165446341351,0.0908505640819,-7.24869874874e-05,-0.225145374992,0
0.0453900687421,2.60024937515,0.797924276306,-0.119469698,0.040903608,0.988136655,-0.0874061637,-0.668661332593,0.178416795504,0.104377840968,0.589697624646,-0.0788837832761,-0.0653031204271,-0.610427715493,-0.392159715174,-0.184446032778,0.72702451557,-0.39650669428,0.0449089754572,-0.0170929651,0,0,0.550332044114,0.407392534334,-0.162007610423,0.113738553706,0.000330993367186,-0.15955675076,0,0.329994414344,-0.5362537097,0.186091668303,0.089291366566,-0.000257265312884,-0.228923776715,0
0.0481706972515,2.59779349426,0.797294922523,-0.126578751,0.0376774519,0.986362559,-0.0982198155,-0.692513140107,0.167117502399,0.0935093651246,0.582452878671,-0.0793311304131,-0.0646044053834,-0.619805017933,-0.405076888969,-0.204405970839,0.721811095416,-0.399307007967,0.041259000423,-0.0268065819,0,0,0.568231864693,0.405000299974,-0.167548907583,0.114764675661,0.000306539658845,-0.155755370749,-2.13528693349e-20,0.29134655643,-0.541341336092,0.209676218647,0.0870496514363,-0.000383364441887,-0.234359931431,0
0.0508984655226,2.59437067169,0.796164584595,-0.13362382,0.0340797451,0.984549605,-0.107913487,-0.718231598459,0.15400900136,0.0824774319125,0.582217527625,-0.091329501709,-0.0630194501949,-0.62690887712,-0.419059904105,-0.225788412524,0.715170453672,-0.395924835654,0.0533925009438,-0.0320093216,0,0,0.588456725395,0.391790092056,-0.171848921837,0.115118842803,0.000361945043053,-0.153000841153,2.74826864214e-20,0.250822889884,-0.551746870853,0.236646986664,0.0828209242092,-0.000472027150599,-0.243328796857,0
0.0539833904565,2.58998848316,0.795862209035,-0.142720677,0.0292993677,0.982420341,-0.116716015,-0.737553263238,0.146868297745,0.0808732739759,0.559138313778,-0.0870310248326,-0.0742894483455,-0.621007078612,-0.423055824289,-0.247028267864,0.664030159281,-0.357339063826,0.0538266438109,-0.0293465615,0,0,0.590730363002,0.371958872887,-0.176729411088,0.115497920523,0.000361852105168,-0.135281710469,4.19237330845e-20,0.19863733486,-0.567732113313,0.269566853604,0.0814113553914,-0.00038732427881,-0.24353383513,0
0.0557660313226,2.58481179225,0.794889974478,-0.147561179,0.0245108234,0.98021091,-0.12965913,-0.756665477934,0.145625624282,0.0842061057375,0.557959675089,-0.102087738673,-0.0917536833211,-0.622879440574,-0.438439339807,-0.266595922965,0.664205116002,-0.353181605213,0.0587398866083,-0.0247923266,0,0,0.602301471626,0.361768811826,-0.188739458137,0.115635981329,0.000393796323995,-0.130158877958,1.259714464e-20,0.172244647568,-0.579831905508,0.290544736117,0.0743277475055,-0.000364876768335,-0.255212545033,0
0.0570239556666,2.57836745738,0.794055408188,-0.151826832,0.0181677993,0.977323747,-0.146481528,-0.783110066307,0.165033753505,0.11170915625,0.578317224891,-0.141065654008,-0.106701285312,-0.618867889471,-0.458314794635,-0.294527658796,0.666427446938,-0.353589023534,0.0620914415476,-0.020471765,0,0,0.609591497218,0.355734094008,-0.200895033724,0.116064481959,0.000399864791386,-0.12563084241,-1.30104955579e-20,0.150516805556,-0.586812836211,0.308255126188,0.0665273703675,-0.000351858880742,-0.270045351036,0
0.0570734702736,2.57039665412,0.794466049257,-0.163866924,0.0122617425,0.97233985,-0.165989446,-0.819985452417,0.191149624845,0.1620365399,0.585904682093,-0.188113370309,-0.11361260488,-0.602886141666,-0.471802077973,-0.327380029369,0.613926559471,-0.32941818543,0.0584628138058,-0.0203405528,0,0,0.583183860995,0.338025821872,-0.204511310396,0.116959000856,0.000437102712204,-0.119547911675,4.65920665847e-20,0.10578898868,-0.602749656441,0.321209479151,0.063353361756,-0.000320749628817,-0.280573842353,0
0.0571794678518,2.56085563827,0.793603515365,-0.1657163,0.00253177265,0.967887741,-0.189010633,-0.842883404554,0.254636586515,0.235814800324,0.614482736243,-0.216828826132,-0.102738934119,-0.570279421687,-0.487533343204,-0.372686439422,0.594323983049,-0.317544886137,0.0550936897788,-0.0148813593,0,0,0.587447156167,0.324568869491,-0.203540367218,0.116764918483,0.000492498695158,-0.117716361643,-7.93175531066e-22,0.102199537592,-0.601752519901,0.323527706817,0.0544219523779,-0.000326619265414,-0.293672130271,0
0.0557712697776,2.54945815103,0.793344098851,-0.16552688,-0.0098627019,0.962247591,-0.215831307,-0.852360613747,0.327738010013,0.320730801596,0.636275112223,-0.223214649634,-0.0845555048411,-0.511873187064,-0.495899115255,-0.436570122337,0.55246785971,-0.295918651423,0.0610234690325,-0.017322484,0,0,0.592171437564,0.317559445379,-0.20310206586,0.117061964366,0.000518753713347,-0.116587541807,1.06859092519e-21,0.106992156778,-0.584211333943,0.326362963786,0.0498872553534,-0.000529451987507,-0.300646097177,0
0.0546452155258,2.53615418723,0.792421074218,-0.163710003,-0.0205336014,0.956159812,-0.24194177,-0.851479555387,0.397284382563,0.407164943235,0.671411180681,-0.235040839136,-0.0522265363098,-0.445822394034,-0.500690325597,-0.496249738979,0.500175822459,-0.269854227823,0.068603688057,-0.0170290177,0,0,0.600260092208,0.29712636939,-0.193819304076,0.117307166092,0.000620949692557,-0.116183356586,-5.31776246652e-22,0.116825437003,-0.581818726281,0.324740450138,0.0483915863243,-0.000547046427713,-0.304779302225,0
0.0517312636572,2.520751311,0.790557990641,-0.159662439,-0.0340775956,0.948668583,-0.270877359,-0.853903238806,0.430741936935,0.445775867903,0.701612384691,-0.238830580906,-0.0301076128999,-0.363027146946,-0.500908902298,-0.580991141566,0.452435444462,-0.247975744268,0.0904090732659,-0.033852519,0,0,0.609610061019,0.29663162469,-0.196321768418,0.11826063061,0.000629183136138,-0.116852971803,-2.27521433273e-22,0.12384111476,-0.556280588176,0.319700823008,0.0511718310653,-0.000987537106344,-0.302943608762,0
0.0492504031561,2.5029474318,0.78707435647,-0.153346679,-0.0469285182,0.940784602,-0.298675145,-0.858090293622,0.429861789936,0.443644537177,0.726659775974,-0.235846691957,-0.0128298053553,-0.287108155748,-0.501538437224,-0.647149291694,0.424195518771,-0.232299378867,0.104959826649,-0.0564118303,0,0,0.625996236427,0.294125057812,-0.189026783031,0.117486276735,0.000641158421699,-0.117693244699,-6.99316367762e-22,0.134718276087,-0.537245906275,0.319865473027,0.0561007349779,-0.00141381555129,-0.296066106581,0
0.0473444997283,2.48264799118,0.782063478868,-0.146070694,-0.0580497419,0.932660755,-0.324711404,-0.865360163672,0.392055422461,0.404301507737,0.750356242166,-0.251884626282,0.0111950979626,-0.223419260394,-0.509427545781,-0.691527733368,0.427293061589,-0.218178885167,0.123244033513,-0.0775669111,0,0,0.641976378557,0.292819850571,-0.184055403644,0.116872111564,0.000652777223279,-0.118994348754,-4.54849358202e-22,0.150886937553,-0.52667293279,0.327256341263,0.0609783052259,-0.00167008176522,-0.288366254037,0
0.0468584631716,2.46071170115,0.776209307282,-0.140909564,-0.067791543,0.92482445,-0.34676871,-0.89954157927,0.341510637776,0.341375027089,0.819692038625,-0.302409697135,0.0499918791028,-0.181711034888,-0.524552980495,-0.704999442327,0.449844474271,-0.189611331754,0.139924063314,-0.0892409188,0,0,0.650547969403,0.29233791417,-0.183781200543,0.117307666586,0.000644661208415,-0.117642597652,2.71481498753e-21,0.16722846363,-0.521198376419,0.325931075713,0.0685270585411,-0.00168308930347,-0.27547072237,0
0.0465446136321,2.43640510632,0.770908069525,-0.137042901,-0.0747695018,0.916068994,-0.369386468,-0.920810711674,0.28803651221,0.300440555202,0.882659936976,-0.34958132492,0.0739330850539,-0.155371401338,-0.553596954369,-0.702903978129,0.504259305074,-0.138692041964,0.154210382055,-0.091253307,0,0,0.646891820876,0.298555698265,-0.192460640056,0.117608693937,0.000612347042779,-0.117485694186,2.65170152602e-21,0.201326200084,-0.505586121096,0.303779068441,0.0763381201569,-0.00161623474215,-0.26181925909,0
0.0471676901501,2.41152264735,0.766783524939,-0.134052175,-0.0785269865,0.907126063,-0.391134034,-0.920802849287,0.241424243,0.289523773121,0.934520850732,-0.415574644637,0.108541372485,-0.161161612655,-0.594572646413,-0.652237193357,0.594670236026,-0.0729336156542,0.125918460378,-0.0734919672,0,0,0.622235921661,0.315185650813,-0.204295844469,0.117796190913,0.000479119851349,-0.111385210644,-4.34527375735e-21,0.246514706411,-0.495613360057,0.267020312025,0.0874667065312,-0.00118341946118,-0.237334031516,0
0.0481451447745,2.38842551798,0.764357236197,-0.131230146,-0.081450312,0.897710935,-0.41262522,-0.907958073522,0.197148115319,0.284554961976,0.964632049032,-0.467829019988,0.141090251766,-0.230624889981,-0.599481425103,-0.528204837059,0.718006667074,-0.0356275032224,0.0767586233011,-0.0405228731,0,0,0.587931921225,0.329019277722,-0.209065093587,0.118215821367,0.000421577991956,-0.11247234548,1.17933205571e-21,0.304836402009,-0.496925845329,0.237554161686,0.0950082662748,-0.00062556949295,-0.219016104625,0
0.047837848866,2.36552372052,0.764165083512,-0.127329109,-0.0861431724,0.887515232,-0.434376985,-0.883910028491,0.163086407814,0.281349768493,0.980613959327,-0.522292481217,0.151234407195,-0.366407102624,-0.490861775184,-0.319241882156,0.842767378942,-0.09402850324,0.0785294455481,0.0187533497,0,0,0.537626890358,0.3371296345,-0.205549642059,0.118416658027,0.000486629100711,-0.117327248373,-2.46085309909e-21,0.379309989322,-0.501282665523,0.207907118448,0.100179061433,6.89216646233e-06,-0.203778560461,0
0.047118355742,2.34357303297,0.7656069329,-0.119435088,-0.0864888227,0.877161794,-0.456992484,-0.843252670024,0.135612740494,0.283473233917,0.993275339315,-0.562746741334,0.156863609443,-0.466156822596,-0.381950738646,-0.195580929801,0.95011025315,-0.138807480381,0.0759553724375,0.0645936165,0,0,0.504834258143,0.355464272256,-0.216923550539,0.118567699256,0.000573969913221,-0.129453847826,-3.04897136361e-21,0.471229572525,-0.501293840505,0.203695680418,0.105108570397,0.000249488116436,-0.191690304718,0
0.0468534008702,2.31999203283,0.770389997745,-0.121004578,-0.0885369263,0.864998767,-0.478848867,-0.796973109767,0.0946132247511,0.289176942407,0.954083043457,-0.584356271821,0.165046841804,-0.570065508849,-0.274112979373,-0.104920307782,1.00264371674,-0.1603184994,0.0785298551807,0.108358175,0,0,0.429213742642,0.360255157519,-0.226560152435,0.120083937524,0.000877173469707,-0.139001301827,1.0366724365e-21,0.532523011285,-0.503299779351,0.201106820855,0.109548867067,0.000331713802999,-0.180257855627,0
0.046771642064,2.29593174044,0.77719162838,-0.122457336,-0.0889938998,0.853775281,-0.498148629,-0.733955206252,0.0391592136954,0.286090158387,0.876617007242,-0.578115044442,0.162066194076,-0.668008915388,-0.180943005614,-0.0403944042991,1.01279041793,-0.18455054279,0.0747809642215,0.140755092,0,0,0.355344140887,0.361744914705,-0.242676814774,0.121611511416,0.00125069563139,-0.147542572936,-7.88310419297e-23,0.581845526428,-0.51122513871,0.213374363299,0.114498043437,0.000299022867852,-0.168416644473,0
0.0461712277617,2.27072901474,0.785399611062,-0.124095912,-0.0856420706,0.842711036,-0.51682081,-0.644733411971,-0.015580544092,0.291798378867,0.766135764466,-0.559253709106,0.153026432508,-0.759411615616,-0.113480246452,0.00898010018421,0.992838981894,-0.203719539427,0.0737167717785,0.162450419,0,0,0.291039060782,0.352609472735,-0.253370553275,0.122246979847,0.00172257145553,-0.15685192759,1.34613056289e-21,0.627793233696,-0.51770066577,0.224715092428,0.118383005783,0.000164882521458,-0.159619097883,0
0.0443219586354,2.24387998839,0.792283230349,-0.125083428,-0.0813105332,0.835400553,-0.529007229,-0.542725460141,-0.054805137314,0.310642715219,0.645136420675,-0.536342023237,0.116741609513,-0.836003759152,-0.0501970703265,0.0434197916224,0.931441735506,-0.200779165265,0.0657241583465,0.194944507,0,0,0.233536654353,0.337582922267,-0.260447789956,0.12286637598,0.00242687131431,-0.168329010364,-3.16750647125e-21,0.670468910612,-0.525472325147,0.236628488392,0.122386938538,1.49830621479e-06,-0.153004825098,0
0.0421473730691,2.21668068668,0.795696084055,-0.126565552,-0.0791159702,0.828608953,-0.539563737,-0.449672801291,-0.0917472913999,0.316524601324,0.533157380963,-0.499564958624,0.0927023325079,-0.904587034648,0.00741733821327,0.0636141141743,0.842353151272,-0.187766765135,0.0799414427048,0.226312717,0,0,0.173195575499,0.3335415097,-0.276973559813,0.123273204261,0.00319250709791,-0.181750004548,-4.51087771814e-21,0.70543225674,-0.531147872822,0.248444471166,0.126070545733,-0.000181212879491,-0.145478776043,0
0.0399679157893,2.18917607657,0.79533530659,-0.128915698,-0.0756694756,0.82168878,-0.549984019,-0.360532429929,-0.134840123348,0.315629107673,0.426512855763,-0.467062431251,0.0787853341583,-0.963326311313,0.0560191757832,0.0733603652293,0.725978834067,-0.14120968976,0.0949758869366,0.249622344,0,0,0.118484900359,0.325408924411,-0.292974319802,0.120630071821,0.00401778711342,-0.194630380525,1.1419482872e-21,0.739760785006,-0.534581893803,0.251760417357,0.12834736602,-0.000380802691107,-0.13990012966,0
0.0377016441134,2.15988037235,0.791030281793,-0.127052543,-0.0671864049,0.816324019,-0.559427149,-0.254659177481,-0.175078624777,0.330991413652,0.329759294237,-0.446040269221,0.0755213274618,-1.00085084371,0.0949005340851,0.0751108634444,0.602062235674,-0.115122169394,0.129266987153,0.262721132,0,0,0.0944576305057,0.321616976749,-0.315312535557,0.113786027431,0.0047434445275,-0.215410830781,1.62158735127e-22,0.791091139361,-0.533982181259,0.250619374389,0.131837885711,-0.000687220862927,-0.137207834137,0
0.0354773044411,2.12869510818,0.783177718417,-0.127933167,-0.0613118678,0.812108742,-0.565997659,-0.123721534017,-0.229631971401,0.330048885531,0.16647167427,-0.378015080299,0.0650798894964,-1.03352759559,0.122753695618,0.0690227259039,0.466404350645,-0.0838048609273,0.168060004505,0.252061781,0,0,0.0672763863276,0.331131244733,-0.326498966434,0.106188956446,0.00503195203845,-0.230923423506,1.60098608257e-21,0.816508959068,-0.537683348863,0.241090950286,0.133505206319,-0.00071946379794,-0.131141253947,0
0.0327483967798,2.096775791,0.773114947742,-0.128133092,-0.0576622641,0.809131195,-0.570581881,0.00743590971157,-0.280703682345,0.297800991785,0.00625869077117,-0.300841020867,0.0447186616407,-1.07489787126,0.140781150493,0.0456155042558,0.377082863197,-0.0792530746181,0.178433682222,0.246715002,0,0,0.0454361746633,0.35180150681,-0.341847520863,0.099256236852,0.00518115117308,-0.244786718312,-6.80134871766e-24,0.83573552564,-0.545193345854,0.236572465325,0.13521177024,-0.000750834194972,-0.128398160679,0
0.0290385287065,2.06194703419,0.763636712814,-0.14113825,-0.0739952719,0.804711213,-0.571878096,0.0201891344005,-0.278506624988,0.281984960911,0.00380890851953,-0.281088464821,-0.00370810506558,-1.13420982972,0.185233215078,0.0367809884312,0.301241378864,-0.0863659880579,0.169234443387,0.282004482,0,0,-0.0523874254016,0.365002623739,-0.367044108372,0.107147578286,0.00591207689994,-0.237104737703,4.79142180201e-23,0.800116847879,-0.54228175596,0.22691761131,0.133934755581,-0.000602503834634,-0.12526011032,0
0.0256489835417,2.02523987873,0.75668563295,-0.139769135,-0.0728769666,0.801817162,-0.576405044,0.0801262964325,-0.291477845205,0.259132715932,0.00337730739335,-0.195535854915,-0.0449240797213,-1.1184129043,0.209837998292,0.0427558011571,0.270967564478,-0.0785701944112,0.151636484691,0.29524394,0,0,-0.0637743146436,0.371778061742,-0.392223347845,0.114627973667,0.00560663122589,-0.224545650003,6.74124646788e-23,0.806728956483,-0.549452094648,0.226652374192,0.135395409953,-0.000583688795547,-0.115960479648,0
0.0236423500432,1.98512246867,0.751065395367,-0.136959969,-0.0708374604,0.800393525,-0.579304951,0.144613391766,-0.30806673763,0.235304828421,0.00272648727506,-0.0853828941903,-0.0983889089796,-1.08595643514,0.234400392286,0.0711450049837,0.307673356495,-0.067049075332,0.1233815518,0.31402409,0,0,-0.0472204443473,0.367365789719,-0.408179727192,0.124628580372,0.00510447389634,-0.203894252607,-3.99280300716e-23,0.812070518172,-0.554915219191,0.229793076428,0.136729175562,-0.000570517755419,-0.105444541687,0
0.0220205882549,1.94320553374,0.746482674902,-0.110230325,-0.0581445464,0.796440248,-0.591735936,0.268029573118,-0.309401900617,0.188066995618,0.00170011158692,0.0627144415681,-0.130602968764,-1.04873845179,0.206098742878,0.0391651492283,0.479849996544,-0.0242561457541,0.0529720151661,0.315766014,0,0,0.060531842933,0.396888631622,-0.430431096363,0.124318175856,0.00379570268968,-0.195789450057,2.61769604887e-23,0.867802179419,-0.527875167493,0.264538588867,0.142029285277,-0.00105807665845,-0.105240777736,0
0.0192301555474,1.89989198394,0.745812826937,-0.105743501,-0.057652766,0.790570596,-0.600410363,0.32175175985,-0.306051220669,0.150423798963,0.00155489896099,0.287829157792,-0.16705666768,-1.04687470906,0.203855945376,0.0559748599277,0.617577451598,-0.0235648869891,0.0148835912294,0.342200819,0,0,0.100686318817,0.393948415453,-0.446491595152,0.134364698157,0.00319611491114,-0.174955877269,3.06136368049e-26,0.86433480853,-0.50375000536,0.266597865086,0.144065219179,-0.00112839244005,-0.100985982781,0
0.0165058490255,1.8593880197,0.747714923571,-0.10054568,-0.0570670638,0.786153436,-0.607121644,0.208780976715,-0.241034890088,0.216578544409,0.327245286641,0.387167261228,-0.173944004206,-1.03730285588,0.188698635568,0.0438421149485,0.748273842334,-0.114477431036,-0.0637832065888,0.337292828,0,0,0.155455868786,0.400246279232,-0.424597999504,0.135783293916,0.00254060710708,-0.157810741758,6.92172574055e-22,0.835945849983,-0.478115535494,0.254773037036,0.14222042473,-0.000944354552483,-0.0968498772299,0
0.0117047587762,1.82032321013,0.752597007701,-0.0981650882,-0.0582698616,0.774216643,-0.622540624,0.0635633110891,-0.0908094699087,0.301358129326,0.668250135436,0.290170489361,-0.154181291136,-1.00802569768,0.145760812509,0.0150826936318,0.840004582454,-0.226978818128,-0.104732947491,0.281664036,0,0,0.212774179346,0.429661152619,-0.41664976816,0.132316942063,0.00162436250686,-0.147023208013,-1.98676160492e-21,0.770953288167,-0.4781322953,0.260419714435,0.136159940474,-0.000559399940093,-0.102951571994,0
0.00792115014018,1.78298737204,0.762088564475,-0.0942312576,-0.0581832896,0.763672842,-0.636033776,-0.110865706013,0.0194209274387,0.294496393805,0.932851283881,0.0807795268946,-0.073335919918,-0.942933115123,0.105428976036,-0.0107157549124,0.86607454967,-0.298955483573,-0.11169607196,0.195133942,0,0,0.29605738211,0.444732218215,-0.385423159471,0.129033728787,0.000860566298905,-0.141456883217,1.1128284683e-20,0.675235928867,-0.483974791453,0.272417823018,0.130251258852,-0.00011205867894,-0.115363285953,0
0.00523980384036,1.74577714912,0.772974059799,-0.0895159424,-0.0587227354,0.753652902,-0.648495057,-0.27069220465,0.094725183603,0.263646965883,1.07212940485,-0.0505561451911,-0.0367295159252,-0.86134733281,0.0743265205161,-0.032833644917,0.860612978439,-0.358771528917,-0.110478159596,0.13373041,0,0,0.377814987824,0.452733228675,-0.36863483218,0.127108441063,0.000375888462993,-0.134510641227,1.6175739911e-20,0.577534709348,-0.488340264541,0.294714648053,0.12496961378,0.000159269170617,-0.134103439169,0
0.00291364320453,1.71024402615,0.784720539857,-0.0893759332,-0.0620521134,0.743339819,-0.6600056,-0.44373929619,0.117036282624,0.213364434618,1.11641888146,-0.139447186269,-0.0139024169978,-0.771485791768,0.0409607475782,-0.0584708698612,0.806977186979,-0.38356415427,-0.0979420168581,0.0839078244,0,0,0.445280535618,0.435291476572,-0.335833971982,0.125765657102,0.000204376394099,-0.122691400225,7.27398342923e-22,0.47344756714,-0.481970041274,0.291584676662,0.117708256538,0.000282971573712,-0.159793882453,0
0.00155567533838,1.67182902661,0.796373977532,-0.0823106463,-0.0612688972,0.734241958,-0.671088538,-0.56935203631,0.11049534199,0.16810849219,1.06672114983,-0.197253422567,-0.00429577060975,-0.646272302646,0.0154564958611,-0.0948239704444,0.722115568812,-0.393521670613,-0.0691987963127,0.0301265856,0,0,0.529347282375,0.43199618592,-0.321567543833,0.122952248215,7.16271988522e-05,-0.117128544028,-8.31691914771e-22,0.39210100658,-0.465856728528,0.294106143264,0.108606136911,3.31600446875e-05,-0.191093496761,0
4.74122278452e-05,1.63412804675,0.805129500947,-0.0754513805,-0.0621145934,0.726388405,-0.680300487,-0.670401512569,0.095348084374,0.133065690039,0.956147085397,-0.238280157353,-0.00927554197704,-0.513553468584,0.00674763862842,-0.130544404954,0.607418677357,-0.378225695463,-0.0295391785775,-0.0116465886,0,0,0.602461940642,0.436194854833,-0.310772406772,0.122609740456,3.70928866609e-05,-0.110797570753,9.90796995015e-22,0.308697579653,-0.461438558679,0.307070623976,0.0993259503841,-0.000374771392755,-0.219822023575,0
5.0033616351e-05,1.59799664511,0.808974824611,-0.0724257157,-0.0648962964,0.720345902,-0.686763982,-0.757537275821,0.0776736143688,0.118986469925,0.805966556659,-0.251246230146,-0.0111611901152,-0.395518370295,0.000683835588588,-0.164555736879,0.494198430994,-0.349107110146,0.00905902615789,-0.0334919204,0,0,0.657594236606,0.442402126991,-0.31367749009,0.121656186324,6.72458295767e-05,-0.107014908015,-5.50566621064e-23,0.224022770258,-0.467630848633,0.321397622708,0.0876723360157,-0.00075189409655,-0.244417608072,0
0.000146268477276,1.56130694872,0.808403450737,-0.0708172712,-0.0688585044,0.715362517,-0.691736865,-0.824351762294,0.0430871587033,0.0971352994369,0.620634184952,-0.237762119368,-0.03175926334,-0.278333950756,0.0088662720589,-0.186988393988,0.371414897517,-0.330659359269,0.0219179940991,-0.0439582589,0,0,0.701207364975,0.44990371486,-0.31781411078,0.121653480123,9.44729387266e-05,-0.105196210225,-2.39520466522e-22,0.141210303807,-0.493517610671,0.340707031743,0.0750000639002,-0.00101087905477,-0.274738120619,0
0.000482889900935,1.52392123415,0.802843690105,-0.0686745481,-0.0729360337,0.711038468,-0.6959802,-0.897922378395,0.0151917857152,0.0797343328106,0.480213074281,-0.241833063548,-0.0414604369028,-0.169033059924,0.0159078451952,-0.221255801239,0.27351264813,-0.32389833522,0.034530343622,-0.0408037205,0,0,0.735642258645,0.463086100141,-0.322255774589,0.121697073093,8.56289443709e-05,-0.106015546886,-6.32432715593e-22,0.0716361717038,-0.516659248207,0.344889364745,0.062615531805,-0.00112762294832,-0.299115211918,0
0.00154079152686,1.48606065877,0.793631532614,-0.0666356942,-0.0770494275,0.708221069,-0.698602882,-1.00563213705,-0.0098697276943,0.0651333923472,0.472351418705,-0.312722245879,-0.0485136856156,-0.0818529441321,0.0226253718366,-0.249544028406,0.224605526069,-0.332365275486,0.0525673053717,-0.0351694836,0,0,0.769656380697,0.464062528528,-0.314879585532,0.121020645029,9.3815674404e-05,-0.105855027942,-7.31503591267e-22,0.0197395254636,-0.526547071624,0.331960598716,0.0511789348928,-0.00120351835724,-0.318444144473,0
0.00219991841216,1.44498829577,0.783394130836,-0.0743922406,-0.0802896666,0.703916981,-0.701797868,-1.06986079751,-0.0491110475231,0.0590310079549,0.468269153874,-0.343818418636,-0.0441302244488,-0.0322740332467,0.00698127296648,-0.255206132981,0.235954873754,-0.348634969159,0.0739482019149,-0.0667853507,0,0,0.780003942424,0.450964064075,-0.308914833598,0.122440597711,0.00023654816416,-0.103010387152,-1.40296237736e-21,-0.0584377995818,-0.551676279591,0.332602888659,0.0487458186734,-0.00208371889112,-0.325701222571,0
0.00372118620861,1.40420127218,0.774429992281,-0.0730735745,-0.078807729,0.701596556,-0.704423074,-1.04456544789,-0.0845776216654,0.0354725490615,0.435556935366,-0.284316574321,-0.0261684752579,0.0154618287579,-0.00191096924207,-0.248523130066,0.287485913815,-0.334223171955,0.108128492923,-0.102553261,0,0,0.813612716993,0.42753920084,-0.293986916972,0.12484537754,0.000394206876538,-0.0906573909057,2.1931177695e-22,-0.0872299000673,-0.546341777085,0.339371960708,0.054818311785,-0.00301332417779,-0.321232431416,0
0.00519653512882,1.35981547469,0.765657899762,-0.0697300497,-0.0733854012,0.702724509,-0.704223379,-0.996448546209,-0.112963323168,0.0191666657971,0.458821525469,-0.1868304541,-0.0126711490441,0.0545228713724,-0.0133706150431,-0.231055714727,0.376760612158,-0.26443630479,0.138864840718,-0.129685514,0,0,0.844745479336,0.404696298379,-0.290209509438,0.127300632099,0.000511780517749,-0.0804424859723,-1.45518563446e-21,-0.0760996015102,-0.533647830337,0.349892910263,0.0642150763738,-0.00342971551737,-0.309692556787,0
0.00687696140723,1.31508993795,0.760020202195,-0.0651440919,-0.0659716256,0.707761674,-0.70034092,-0.964752280925,-0.111669695099,0.0243442345233,0.543656812981,-0.0818746951663,0.028249004381,0.0898802404541,-0.0254049844379,-0.2018956871,0.462056640509,-0.076584267856,0.15606687775,-0.138644953,0,0,0.860471147661,0.388515068759,-0.298563148183,0.127717000059,0.00053119340465,-0.0719646478271,7.20172504659e-22,-0.033817263956,-0.526172146348,0.355176379158,0.0764191369055,-0.00311234417955,-0.28863295466,0
0.0082496257608,1.27025106899,0.759930126659,-0.0601325993,-0.0510690982,0.712353645,-0.697372428,-0.933395498056,-0.11988948751,0.0527520647699,0.685882623288,-0.114548712823,0.0672611234568,0.129985198511,-0.0496529717538,-0.176650178469,0.534338852468,0.174906182818,0.165222702225,-0.119742192,0,0,0.865554210782,0.389158916955,-0.328145164376,0.12692492781,0.00046877736633,-0.0697319223279,-4.75304736438e-22,0.0697896725963,-0.537480550033,0.343932260166,0.0852385505025,-0.00203074952591,-0.267080902613,0
0.0102994044427,1.22995625496,0.764948164408,-0.0640649335,-0.0493478666,0.718541581,-0.69076658,-0.897989101588,-0.116490149722,0.075602014287,0.747284351741,-0.178398409788,0.134299041955,0.0700646832428,-0.117197839373,-0.179565423371,0.694408656427,0.356601377103,0.132365468401,-0.0948491755,0,0,0.809174343633,0.385000706097,-0.326063049401,0.124696340683,0.000341558842686,-0.0714809256543,-1.45519614525e-21,0.142253207228,-0.511193352413,0.307163945656,0.0993955620086,-0.00133116625359,-0.230489095169,0
0.0121087022395,1.19082858724,0.774279190641,-0.0659246871,-0.0458109233,0.725410601,-0.683618867,-0.828287067841,-0.110939906011,0.100358015112,0.754025826349,-0.232286697268,0.155329708581,-0.0794038682443,-0.170835552119,-0.143874690351,0.901336495111,0.258991590844,0.0929975411141,-0.0455427962,0,0,0.736088839839,0.382560423341,-0.320108132454,0.123505472337,0.000215914125197,-0.0824291186919,5.30762514484e-21,0.233536277678,-0.512084032756,0.292452851923,0.106906202596,-0.000417128029379,-0.205054963578,0
0.0139052838794,1.15264700962,0.78534864328,-0.0679639983,-0.0397896299,0.729390448,-0.679549303,-0.735439223535,-0.119626803824,0.123286412933,0.714277228868,-0.264501839094,0.173742799143,-0.242697268118,-0.20150337375,-0.0952518977904,1.03412078539,0.136142435434,0.0677271660468,0.0101385161,0,0,0.643835655204,0.37786432931,-0.317780657739,0.122465703598,0.000155259042988,-0.0935979570358,4.96019714792e-21,0.334862616964,-0.529569459647,0.292769094963,0.113605572457,0.000250714541419,-0.174386917124,0
0.0148248600026,1.11457014041,0.79647433084,-0.0712440721,-0.0342542002,0.734367964,-0.674132499,-0.634383725994,-0.122769905505,0.157969014922,0.650804324859,-0.28141154565,0.171850532848,-0.404402184892,-0.205869367161,-0.0423882215717,1.09244044525,0.0372897336666,0.0401989877079,0.0629642588,0,0,0.559170053035,0.354816261201,-0.305452333735,0.123617874703,0.000338522244435,-0.111415013804,-2.95623060337e-21,0.438405858479,-0.538203925629,0.29304513269,0.118681654782,0.000466438482456,-0.149762086569,0
0.0154047289663,1.07616925339,0.806969958532,-0.0732923051,-0.0269534578,0.737005305,-0.671360506,-0.508116560758,-0.143860908192,0.17622836271,0.539416352644,-0.266602471435,0.165257488548,-0.536196880847,-0.181391712448,0.008631685388,1.06505665323,-0.0265673967947,0.0241363883914,0.111882419,0,0,0.469029508213,0.307688045138,-0.292054718816,0.123100265635,0.00086585610129,-0.123734654108,7.23210499218e-21,0.547362924509,-0.526561157958,0.291056656022,0.116298190432,0.000322028087384,-0.124079739804,0
0.0154643425253,1.0392608544,0.812949269966,-0.0777091362,-0.0237056159,0.738213739,-0.669656486,-0.405072904274,-0.163800201785,0.191237945562,0.446034438702,-0.264191002599,0.146384256633,-0.659894729185,-0.138213926138,0.0505760679002,0.986453567659,-0.0796387828969,0.0192626709032,0.152440788,0,0,0.373398872325,0.288061776343,-0.286476485707,0.123059309299,0.00160758665221,-0.146964141747,5.79728442354e-21,0.632877147238,-0.538252874394,0.311995148974,0.120858073047,0.000125878497337,-0.105023822581,0
0.0141195627808,1.00143676928,0.815665072112,-0.0819782747,-0.0206721985,0.738500295,-0.668931638,-0.288448928309,-0.187562502838,0.19711464004,0.324709957113,-0.240500660162,0.11635041976,-0.74289519149,-0.0993879528857,0.0693968646692,0.837345912777,-0.104590479501,0.0398379132578,0.177316386,0,0,0.281399910465,0.286172477269,-0.292402355886,0.120102671963,0.00244364267654,-0.172639899771,2.2487975635e-20,0.708136667482,-0.531269978326,0.314059733648,0.124373795059,-9.85067731175e-05,-0.0931327554969,0
0.0129348733764,0.963702314723,0.81439261151,-0.086314947,-0.0191017211,0.738871173,-0.668022637,-0.174819247464,-0.206825721016,0.209375117396,0.207317385452,-0.225935848099,0.0976189524261,-0.801587728497,-0.0615190820044,0.0785455275202,0.648875470911,-0.110221785499,0.0714354235874,0.186699683,0,0,0.188449305457,0.301268477019,-0.297363589075,0.11369884437,0.00316400260269,-0.193875096961,-1.50139002594e-20,0.767979431981,-0.527317516764,0.31299768451,0.126676876352,-0.000243327654792,-0.0825768046731,0
0.0123844179265,0.925708952986,0.809259122361,-0.0911057615,-0.021192306,0.740865885,-0.665107785,-0.0693576645764,-0.22406765588,0.220599958048,0.0948548139585,-0.213436800686,0.0769168533514,-0.841354579248,-0.0261717396228,0.0774211553781,0.423644498889,-0.0930731677986,0.101222054441,0.183956607,0,0,0.107827145612,0.320754179894,-0.293597998343,0.10213410701,0.00400136036369,-0.225284805364,2.99070259424e-21,0.812078578312,-0.514056570245,0.299839976132,0.127825412566,-0.000328898064198,-0.0770545422774,0
0.0113370772117,0.886778964359,0.80171300373,-0.0995353068,-0.0289090883,0.743430975,-0.660732451,0.0149712097474,-0.236380090128,0.223736814271,0.00336334037046,-0.197913892581,0.0549626491065,-0.90555317117,0.00957846193841,0.0693188568253,0.270965785061,-0.121741826177,0.114598456029,0.197131045,0,0,0.00579564702761,0.33929337364,-0.29008667764,0.0949483401961,0.00496504756226,-0.241745678346,8.74570724952e-23,0.831299416605,-0.495073909763,0.265375790254,0.12785923163,-0.000395107816718,-0.0748429297224,0
0.00902380234957,0.84700429532,0.792167717351,-0.102075637,-0.0287897031,0.745539665,-0.657968331,0.0768962186247,-0.245480719495,0.221465037659,0.00252814377083,-0.188387761277,0.0317389538089,-0.976680336347,0.0362665767448,0.0546079720114,0.288270088737,-0.169396726645,0.117773742988,0.196105191,0,0,-0.0427576396317,0.367473742998,-0.283234426971,0.0839593179496,0.00552809018055,-0.26104334626,1.90010624049e-21,0.862826330717,-0.488512024573,0.246149259102,0.128822822275,-0.000467663039721,-0.0752431345784,0
0.00714430007118,0.805393652522,0.783171224822,-0.100288549,-0.0262874129,0.74837247,-0.655125808,0.151810209345,-0.254467552174,0.205919867497,0.00201145520581,-0.170151255121,0.0140957326183,-0.956365099793,0.0691771394565,0.0800914668862,0.264906623606,-0.140358944254,0.0979850112445,0.217300683,0,0,-0.0722036989648,0.367835464985,-0.279364687046,0.0809098003014,0.0063840308782,-0.269618024043,-6.74312473461e-21,0.894944118298,-0.485164178006,0.238500210856,0.13121499391,-0.000590207932454,-0.0732131687195,0
0.00609487446457,0.762186738171,0.773734375876,-0.0860196077,-0.0138647456,0.750443671,-0.655166157,0.156596008058,-0.246689184272,0.205770723081,0.22142791589,-0.216707822212,-0.0158129856195,-0.906364003913,0.0911350202915,0.100720910064,0.341391166842,-0.0645397725067,0.0770011774481,0.221356574,0,0,-0.0255695701576,0.372251349256,-0.276365313462,0.077579752256,0.00629323443044,-0.274515411497,9.9518721037e-21,0.950706639717,-0.481495195765,0.240039059113,0.134715389851,-0.000746593583972,-0.0717979549767,0
0.00415397579828,0.718550083507,0.766934590441,-0.0701149653,-0.00934120339,0.749595841,-0.658105393,0.178232609536,-0.218526586764,0.208869793593,0.376964026447,-0.134436150079,-0.0618211091822,-0.890202425158,0.104169864439,0.0964385338341,0.489983122646,0.00763674953487,0.0276062745913,0.245703011,0,0,0.0162132757544,0.353451733171,-0.292687321566,0.0845239633771,0.00640511109923,-0.271600247799,-1.01563615184e-21,0.98433612135,-0.456820979402,0.251832387388,0.140325549438,-0.00102483825042,-0.0739581287256,0
0.00120916124903,0.675403052186,0.765497993483,-0.0590345857,-0.0131672094,0.749871502,-0.658812775,0.202692415383,-0.171749242741,0.244857878196,0.454066505755,0.102455787979,-0.151731499393,-0.861315304578,0.137289179247,0.087194749467,0.590726509555,-0.0107616141627,0.0397263028257,0.288734749,0,0,0.0282331649514,0.384332157308,-0.299960803072,0.0978912932519,0.00621045568217,-0.256206525429,3.04774452597e-22,0.974325651603,-0.449441456184,0.272293168586,0.145709725688,-0.00109633850902,-0.0677169692637,0
-0.00172574398912,0.634469659298,0.767879767584,-0.0541984265,-0.0164823028,0.747450147,-0.661898136,0.155468387598,-0.0942519785105,0.290686781423,0.622827487695,0.244165178688,-0.145688421355,-0.847047984184,0.136527067635,0.0616155094354,0.702861457235,-0.112852427949,-0.0402990722537,0.27883813,0,0,0.0889342658756,0.385281055043,-0.311692403055,0.108535337084,0.00486061131528,-0.235075307908,-5.51855032762e-21,0.924603895495,-0.451919729462,0.285614321371,0.142656447474,-0.000913701089487,-0.067673805319,0
-0.00431819394301,0.596815900738,0.774531555496,-0.0500602805,-0.0186958819,0.739013529,-0.671567894,0.0237724917189,0.0142820829066,0.31032656132,0.867573924175,0.132625317268,-0.100803110187,-0.799178459224,0.114621017673,0.0331889480539,0.750058126738,-0.188214843175,-0.0687883633401,0.234935166,0,0,0.152065008144,0.404365513026,-0.32200143379,0.119096150623,0.0030607436765,-0.203534774596,-4.16597474983e-21,0.858956338674,-0.448547398282,0.281200702849,0.139470389311,-0.00076519056585,-0.0847388987277,0
-0.00522470268693,0.56189503196,0.783755165728,-0.0471327486,-0.0213126084,0.731025166,-0.68038701,-0.137335837951,0.0801612560727,0.28334685039,1.03484843082,0.0157833823453,-0.0511342761474,-0.733899799429,0.0935280655733,0.00786311401937,0.747219633482,-0.230796057646,-0.0867434428324,0.181733811,0,0,0.223136415716,0.429813099082,-0.333355155862,0.127338607324,0.00149183289315,-0.163484338348,-4.46397104091e-21,0.76879812086,-0.449955702083,0.279295207363,0.133171136432,-0.000455152355251,-0.102143555241,0
-0.00601744246333,0.525824900692,0.79412274097,-0.0412292897,-0.0226840997,0.726817794,-0.685216369,-0.273136260017,0.116885066307,0.251243396929,1.09195584339,-0.0663973459392,-0.0365996293571,-0.649766504793,0.0852968721847,-0.0125529688572,0.722109975318,-0.269852705556,-0.0865756939194,0.131082575,0,0,0.322411863302,0.432970705888,-0.325164685037,0.126394925215,0.000703949335825,-0.139757555848,1.33489528164e-21,0.673954985156,-0.43837110331,0.270906404476,0.127110945221,-0.000242539094788,-0.130569868329,0
-0.00639847260008,0.489456821609,0.804354225605,-0.0371556923,-0.0243401575,0.723578587,-0.688811323,-0.403927673429,0.133278575221,0.218833413541,1.07875399821,-0.141005955665,-0.0231363917112,-0.550946549582,0.0686992731512,-0.0434491687579,0.657883140915,-0.282488609938,-0.0749818582571,0.0810737057,0,0,0.42513635521,0.435565337817,-0.317591897563,0.124827581536,0.000224182482774,-0.115939732458,2.89423066415e-21,0.566999210307,-0.438328802496,0.275327127638,0.118222016389,-8.92557483398e-05,-0.16267089384,0
-0.00622299949992,0.454229647832,0.81211230225,-0.0370206358,-0.028393405,0.721911099,-0.690411219,-0.518247909484,0.13629632213,0.194723890669,0.988636423197,-0.172391722044,-0.0209704317798,-0.459276459014,0.0640883308481,-0.0592936706549,0.576546570951,-0.272703801897,-0.0580352338418,0.0522758544,0,0,0.508291654138,0.422979067779,-0.308233984496,0.123424643414,8.00862855327e-05,-0.0958965498725,2.39068919591e-21,0.455387754573,-0.445944811827,0.284636671858,0.108169401954,-3.488654452e-05,-0.195783394844,0
-0.00518201694635,0.420120016944,0.816469218808,-0.0350509315,-0.0314883225,0.719963063,-0.692411082,-0.610215514731,0.137294615558,0.175311642921,0.852597492318,-0.203482069595,-0.0169357867941,-0.366694886676,0.0624828469114,-0.074300659514,0.499252642763,-0.262301559855,-0.0313064259001,0.0282895651,0,0,0.590620029685,0.416733798959,-0.302233818324,0.120834328636,2.63224237196e-05,-0.0823944790988,-1.2319119501e-21,0.354751625394,-0.451163078762,0.294535971943,0.0932845967135,-0.000158425345312,-0.233285615843,0
-0.00412263502983,0.385893705441,0.817489132518,-0.0354276441,-0.035842327,0.718823341,-0.693363696,-0.683860222737,0.134778068734,0.168636102934,0.684790558012,-0.226832389674,-0.0359036677191,-0.287105813117,0.0583707436727,-0.0913299647705,0.435072616444,-0.278669234454,-0.0193536328207,0.0198353336,0,0,0.658642366722,0.41280132605,-0.302216035305,0.11915787517,1.33478159406e-05,-0.0743736617073,2.00696483409e-22,0.260546355511,-0.482496301724,0.319808883878,0.0726090160049,-0.000143342230025,-0.275922377358,0
-0.00340428845798,0.351414653977,0.814946740535,-0.0363439239,-0.0415228242,0.717140755,-0.69474032,-0.753731486575,0.119599205738,0.149141358778,0.518777210233,-0.237205515997,-0.0634628034887,-0.207588058994,0.0599121330739,-0.10890587561,0.369459281449,-0.283343267886,-0.00439065420751,0.0272328885,0,0,0.713171029079,0.405066725217,-0.29372412601,0.116277556177,7.03518102031e-06,-0.0686442868696,-7.62899646648e-22,0.182934058173,-0.503632775626,0.317653736768,0.0503744176542,9.31065850235e-07,-0.315446913911,0
-0.00145312050574,0.317512183767,0.808483037963,-0.0369615017,-0.0471460144,0.714570862,-0.696993245,-0.8497914467,0.101723244077,0.129114825645,0.457984768446,-0.284426127362,-0.0788274261877,-0.157787694315,0.0552548120463,-0.130839085616,0.366980421072,-0.318856820031,0.0124474460013,0.0243149651,0,0,0.762743801947,0.405516202898,-0.296965142331,0.115488023176,6.30925584342e-06,-0.0663298747335,-2.41506276524e-21,0.118257512725,-0.517516919351,0.308992468136,0.0312933528504,-5.07283016654e-05,-0.344597536156,0
0.000496991919608,0.280280476727,0.801317057144,-0.0453261205,-0.0527130735,0.710646408,-0.700106105,-0.932361263718,0.0502854251994,0.0940636296016,0.45015367906,-0.329962501025,-0.0825063389172,-0.11011924468,0.0384504978933,-0.139364348369,0.35831652051,-0.339240947581,0.0294349976956,-0.0130486528,0,0,0.778671179021,0.386149449213,-0.286233522033,0.118861046661,0.000116943922175,-0.0661665024785,6.70963737772e-21,0.0277300226839,-0.530824810844,0.306255998927,0.0237610837775,-0.00101053313319,-0.358192847698,0
0.00221191790156,0.242686867818,0.793131069758,-0.0426317861,-0.0539095502,0.705911844,-0.704957275,-0.932784751826,0.0221011866736,0.0771828013271,0.435830304264,-0.302155271438,-0.0667838365821,-0.0675203433632,0.0396450792663,-0.143634673896,0.407324292978,-0.354035869741,0.0424154232844,-0.0314796796,0,0,0.813502992259,0.394856014994,-0.289682606508,0.118916225599,0.000143457656061,-0.0635089065924,-1.50644257243e-20,0.00470804450344,-0.526839023532,0.29861967362,0.0178171652465,-0.00168874607281,-0.366972240397,0
0.00520945713536,0.203283386407,0.784990847371,-0.0384102664,-0.0500488504,0.701758523,-0.709615909,-0.882644479382,-0.0299048838848,0.0435681823108,0.429730411371,-0.247151307223,-0.0547219384933,-0.0144752293694,0.0381865034955,-0.138438712074,0.459036005262,-0.325885544896,0.0792265655932,-0.0471500028,0,0,0.839843086452,0.401164448489,-0.292109488505,0.118377030687,0.00016201285217,-0.0589898645722,1.66147061479e-22,0.0115616235339,-0.519348547066,0.292291430068,0.021500892651,-0.0021378983457,-0.362912652139,0
0.00899364635198,0.16269542374,0.776186717146,-0.0259272088,-0.0327150358,0.701630115,-0.711317572,-0.813404295483,-0.0836977602203,0.000696852638522,0.466975852983,-0.12113421643,-0.0250549363593,0.0501001678563,0.0134843978796,-0.149334008219,0.558011441532,-0.244398901814,0.108574288524,-0.0563171289,0,0,0.899073161726,0.395785574819,-0.297699793188,0.120282425765,0.000222227702518,-0.0583977502408,-5.31342024465e-21,0.0811248478136,-0.522581609189,0.299681078768,0.0294440229386,-0.00212400360803,-0.354366816389,0
0.0126179255194,0.123159284693,0.772108760406,-0.0259635437,-0.0225146526,0.703039419,-0.71032004,-0.785092031289,-0.111545393218,0.0095877413681,0.551415740852,-0.0570956555131,0.0353640130448,0.100472418687,-0.025435720513,-0.165693775587,0.600465156172,-0.0128285692458,0.135789578008,-0.0747398605,0,0,0.907682718659,0.376993670902,-0.304351390919,0.121489339762,0.000293894946783,-0.0548328447919,6.40113763267e-22,0.119227213634,-0.515812215575,0.312379612621,0.046877252039,-0.00208341638634,-0.327680853388,0
0.0153282915434,0.0844441699917,0.772669622985,-0.0263795089,-0.0169978258,0.704137477,-0.709369867,-0.762829457503,-0.136918402463,0.00873200874456,0.644964112536,-0.0956579553903,0.097950960526,0.114498279997,-0.0517628442464,-0.169524366912,0.662756348635,0.232697925314,0.133082302168,-0.0910317481,0,0,0.888626806593,0.370227772113,-0.308894546604,0.122026247707,0.000324644624185,-0.0532752798893,-4.81752619734e-22,0.167054180697,-0.503651701491,0.323504048458,0.0730328180106,-0.00175061278784,-0.28415680518,0
0.0188075409059,0.0510583942352,0.776942870261,-0.0313250584,-0.016429419,0.707550791,-0.705776659,-0.734879737716,-0.145910139896,0.0241663237202,0.686965026343,-0.146785202501,0.147079938615,0.0320611738529,-0.130988312524,-0.194174547396,0.830171215892,0.314301894718,0.105472330064,-0.0871825566,0,0,0.829232619509,0.372578489328,-0.314576184454,0.121597533728,0.000278474728425,-0.0563277675325,8.6313140825e-21,0.217166766232,-0.472018633352,0.301315255307,0.0984630657361,-0.00127644595676,-0.230545234825,0
0.0215091209473,0.019390753938,0.78514307681,-0.0357520991,-0.0127936103,0.713642963,-0.699479687,-0.675844617653,-0.148269805249,0.0487094160095,0.678403557566,-0.192601140164,0.15821449211,-0.111953606406,-0.196706946858,-0.175984125898,0.99100946017,0.210033236609,0.0664678648488,-0.0509204633,0,0,0.752374998757,0.373988869044,-0.319137036154,0.120955434479,0.000188568948226,-0.0651830235728,-1.15507261875e-20,0.279765335415,-0.491837283307,0.315679108447,0.113531195401,-0.00038988782132,-0.188599680472,0
0.0231068867724,-0.0129529023663,0.794280202613,-0.0374595966,-0.00674591349,0.718884803,-0.694086386,-0.591617551688,-0.150049076864,0.0720043775477,0.636970519659,-0.227907857048,0.168093261304,-0.257784887947,-0.238576554562,-0.146110789995,1.08421324833,0.0736565216294,0.0251543812533,-0.00260255713,0,0,0.665494378145,0.374819132309,-0.320534214684,0.121524619497,0.000138747996506,-0.0804666701988,1.1831455262e-20,0.358300854128,-0.515712263545,0.327323467668,0.120288152403,0.000165530616528,-0.152540683854,0
0.0242366361126,-0.0437275453236,0.80267709624,-0.0398842127,-0.00123533287,0.720570971,-0.692232041,-0.507557270783,-0.156048214577,0.0971341276082,0.582990274987,-0.240978236193,0.158640328546,-0.391423909975,-0.23677780382,-0.10826047466,1.09732425194,-0.0137609053237,0.016629952145,0.0431529819,0,0,0.567607063865,0.370694049156,-0.322606029547,0.122800365848,0.000192494914354,-0.0936140019425,-5.95402659618e-21,0.444900667281,-0.535837692389,0.323977051677,0.124023027949,0.000356368243653,-0.130571042479,0
0.0236470663811,-0.0742125892816,0.810161824974,-0.0421517884,0.00352972154,0.723575959,-0.688947458,-0.409028347215,-0.157438456936,0.122883813993,0.496440866619,-0.230819246518,0.145579939983,-0.504477311847,-0.204582200853,-0.0695603551179,1.03312088744,-0.0731951556146,0.00729175192405,0.101690604,0,0,0.468492363863,0.321337724684,-0.306935528643,0.124889449182,0.00063293342547,-0.105113791236,2.34081163903e-20,0.540100135273,-0.529139226082,0.3180183762,0.119342169441,0.000282384587079,-0.112474513457,0
0.0232058452859,-0.104987677496,0.814468372268,-0.0452876217,0.00665582804,0.725049799,-0.687173574,-0.322382764216,-0.164503050917,0.145153911109,0.422527244012,-0.231478604619,0.124259930329,-0.586940944942,-0.171953272371,-0.0464534511492,0.902678498192,-0.111907332647,0.0242290637083,0.138980476,0,0,0.370449337214,0.317478017946,-0.318981926284,0.126262165423,0.00115057848252,-0.129179624942,7.92121820649e-21,0.618753632529,-0.530576243371,0.313404504596,0.121364079705,0.000144820690783,-0.0999909338316,0
0.0229718812197,-0.135656792311,0.816510826362,-0.0498388453,0.00848787151,0.72440932,-0.687513769,-0.231013927082,-0.181854442118,0.149052149995,0.326191743404,-0.223755763212,0.106872332725,-0.639914918919,-0.138341367213,-0.024522526731,0.709644139841,-0.113517451977,0.0560772451477,0.153701407,0,0,0.272312118851,0.328939165568,-0.338473024076,0.123817475946,0.00166964350951,-0.151933005495,-1.4083778232e-21,0.682288635246,-0.52336680782,0.304164198062,0.12314212973,-2.33111712266e-06,-0.0909648192288,0
0.0227233129537,-0.166844789802,0.815484111064,-0.0546762953,0.00785320949,0.723775327,-0.687821275,-0.142531095491,-0.201073949249,0.139241857922,0.23089893751,-0.2118786288,0.0996022359042,-0.672029026568,-0.105170467839,-0.000158595121566,0.476584390338,-0.09680624654,0.0859107223562,0.143119477,0,0,0.191017290432,0.335682794078,-0.335885959598,0.11765716234,0.00213773684937,-0.17537033334,-1.32256671454e-20,0.726899599019,-0.506700986439,0.286624805385,0.123536584349,-8.82634966747e-05,-0.0860735588281,0
0.0221223669728,-0.197591918781,0.810901815353,-0.0610727237,0.00841429265,0.722790265,-0.688312106,-0.0727001252053,-0.216267388133,0.140310655851,0.172774530526,-0.24190419669,0.0951588974634,-0.713017532953,-0.094571430607,0.00560164728041,0.287938826004,-0.0820434454052,0.117205555195,0.112526786,0,0,0.12335890432,0.349662154017,-0.325178492284,0.10783076916,0.00229275115094,-0.199312712429,2.80384231796e-21,0.757928028848,-0.497110984016,0.270807811785,0.122544224545,-8.00832297455e-05,-0.0806954800444,0
0.0196929029619,-0.230440961968,0.803574402999,-0.0673051664,0.000881121298,0.72358405,-0.686946403,-0.0263144360476,-0.213656596573,0.131226748893,0.152799111963,-0.267024057566,0.0816466977423,-0.811051382737,-0.0749767798938,-0.0182788533509,0.282298406297,-0.136638197015,0.135434622783,0.111649982,0,0,0.0313859769108,0.361625165518,-0.308488809624,0.0987023676348,0.00276153834374,-0.215719611606,-7.32220493265e-21,0.762681740462,-0.48388987206,0.265600559976,0.120978016065,-9.59342928713e-05,-0.0748182223257,0
0.0177792649569,-0.262986083194,0.79491029374,-0.0690442829,0.00432032545,0.724497105,-0.685797468,0.0183791753298,-0.224684524561,0.126913194299,0.177420760782,-0.299171777892,0.0744401429196,-0.85641935637,-0.0630807895764,-0.00848272562144,0.317751526698,-0.153834421807,0.133949794568,0.0997432072,0,0,0.00256675961977,0.360648757759,-0.287380860648,0.0875114784824,0.00303808743895,-0.236172840312,-1.30211206416e-21,0.786669721693,-0.487043530842,0.266725432313,0.121387310331,-9.89758788771e-05,-0.0755172791546,0
0.0162359190097,-0.295584998383,0.786400273831,-0.063366942,0.0173869849,0.728014022,-0.68240597,0.0465906553117,-0.236477580385,0.135837018808,0.294815918146,-0.3665907205,0.0641297179329,-0.820247062983,-0.0722164387875,-0.00949339482401,0.341391612957,-0.103517001012,0.111783495762,0.0775720062,0,0,0.0288067258801,0.347972957033,-0.254391049537,0.0742855516935,0.00306825964451,-0.2574203293,1.79953619776e-21,0.822372922007,-0.501594397446,0.271152736587,0.12119725835,-5.12920349492e-05,-0.0746767000906,0
0.0140170839535,-0.330565627914,0.778827853519,-0.058354405,0.0219402781,0.731163655,-0.679347553,0.0600466580614,-0.22888682849,0.147971705746,0.417947106445,-0.392397904506,0.0433424906557,-0.766721874742,-0.0794248502155,-0.0247166935385,0.356816450416,0.042242187275,0.0708223662129,0.117600695,0,0,0.0384730744334,0.30275018808,-0.254581454114,0.0823927353526,0.00410101381985,-0.254336224574,2.54517441476e-22,0.846154033708,-0.49232325682,0.275824857106,0.124136646383,-0.00021505121694,-0.073508134077,0
0.0107743778915,-0.365637273509,0.775347377425,-0.0491202217,0.0250822373,0.734708769,-0.676136902,0.0893535925636,-0.213793283337,0.149263596045,0.508001641706,-0.332922061102,0.00897693820184,-0.743536767841,-0.043934584596,0.017916427966,0.442965527468,0.090822690113,0.0459077747809,0.153474008,0,0,0.0582057858321,0.284495718117,-0.26536751267,0.0991030604654,0.0044456413948,-0.237498624714,-1.07996886353e-20,0.864832674181,-0.463869006817,0.260331760684,0.127449605779,-0.000411471861908,-0.0746318449821,0
0.00842501498574,-0.401478114573,0.775314269558,-0.0329085517,0.0289160097,0.740160863,-0.671001333,0.138813905828,-0.182644990769,0.17527843407,0.57290694038,-0.177618329486,-0.0501398647977,-0.702531067164,-0.00292857411545,0.0240188239818,0.542449758428,0.0578074135026,0.0226316072513,0.169936206,0,0,0.127717598774,0.273919387827,-0.259819246273,0.0999288469517,0.0042938072774,-0.225993155562,6.90126672707e-21,0.875475227118,-0.440643730235,0.261666105055,0.129555424541,-0.00057483899345,-0.0792598261956,0
0.00437125288728,-0.433438908752,0.777250643513,-0.0278891292,0.0256468977,0.746638277,-0.664150372,0.137125739985,-0.155542845575,0.197533893922,0.636410949626,0.0417668352239,-0.0949071376624,-0.673176930882,0.0167630316744,0.0175317359235,0.59162608515,0.0106630529422,-0.0403429296206,0.205771243,0,0,0.176402824817,0.256137119045,-0.285585721243,0.118735244461,0.00371427547353,-0.188474640008,4.88733818182e-21,0.84684265594,-0.413832552272,0.253014894103,0.12983733634,-0.000717591710067,-0.0858241759431,0
-0.000447980685324,-0.462618479398,0.781642243759,-0.0277050573,0.0199683622,0.749300276,-0.66134922,0.0643145170889,-0.0940985567811,0.229787375133,0.781311464655,0.167299112559,-0.0978807342451,-0.6403110497,0.0472377138113,0.0330060672728,0.606009209868,-0.0239974288666,-0.0842213946734,0.239964377,0,0,0.202476858822,0.253879292525,-0.297948652045,0.134392993977,0.00297259077567,-0.146681697491,-2.85483044097e-20,0.804805980167,-0.388106385898,0.230679118724,0.128646854187,-0.000774936257096,-0.0939048193218,0
-0.00343148023915,-0.490562623989,0.78714846234,-0.0260111519,0.0195636983,0.753826716,-0.656266687,-0.03661353777,0.00455273732089,0.293284450388,0.95717982071,0.0888449001887,-0.0657201286049,-0.580877150386,0.0226716406881,0.00452366635602,0.596887738037,-0.039424394886,-0.106742735953,0.230776042,0,0,0.265634274148,0.274853222066,-0.304222403841,0.136405187705,0.00172403896579,-0.104615528308,-2.71923574935e-21,0.749140720448,-0.373628330881,0.208952623324,0.123755141292,-0.000668387466665,-0.108799290109,0
-0.00598996079181,-0.519128750759,0.793584411526,-0.0239944079,0.0161813639,0.761250358,-0.647811951,-0.141128007608,0.0905216566227,0.330509666355,1.06010181713,0.00030598741585,-0.0303345569659,-0.526194600757,0.0215719139707,-0.00770207854564,0.579406706531,-0.0769979756005,-0.11491178739,0.20713659,0,0,0.332589176597,0.277592829355,-0.259660010233,0.132031995833,0.00117703560396,-0.0851680000114,2.10745545715e-21,0.67668487982,-0.368590825589,0.200143190058,0.118354047965,-0.000458781652558,-0.126782904966,0
-0.00772338853473,-0.547441507789,0.799496818609,-0.0213258116,0.015458854,0.769947505,-0.637563387,-0.247162000093,0.139935801173,0.329044470061,1.10265825247,-0.0701999722064,-0.00542455115824,-0.460388117757,0.0132756583904,-0.0214776221242,0.547161399383,-0.101326901454,-0.104236161168,0.157770438,0,0,0.423586869571,0.283878320629,-0.216437267736,0.124079066531,0.000722919620005,-0.0731798663918,-8.6346721019e-22,0.593768152909,-0.370011469385,0.201009006889,0.111490227113,-0.000260094366848,-0.148774751022,0
-0.00975165740035,-0.572939642895,0.804743639982,-0.0200805726,0.0110550111,0.775929741,-0.630402724,-0.345541835146,0.174208595943,0.317795144618,1.06212192497,-0.10911933654,-0.0032360476509,-0.395166865098,0.0101182377664,-0.0407594158482,0.489381782443,-0.101293906436,-0.088105929968,0.124916025,0,0,0.505031599579,0.290302351534,-0.194242660619,0.119393538023,0.000489344409318,-0.067685157399,-5.70038902787e-22,0.516058978676,-0.367722044416,0.206303963336,0.103587164447,-0.000198863706228,-0.176709760922,0
-0.0122136017078,-0.598121849831,0.807798125004,-0.0173829026,0.0062182641,0.780462541,-0.624929908,-0.424798788446,0.127217561541,0.237479041931,0.918228198913,-0.0372962373983,0.00344033087294,-0.330764043039,0.0094807622909,-0.0610579059035,0.436932679748,-0.0901620429891,-0.0762701037807,0.052058555,0,0,0.583949362042,0.301846005598,-0.176083922062,0.114691570642,0.000283954152145,-0.059295337623,-9.80005178147e-23,0.429315312798,-0.350704269803,0.211788209368,0.0942282389351,-0.000643889117391,-0.204303760124,0
-0.0135279512858,-0.626339711924,0.808968593039,-0.0151823952,0.00525525028,0.788131827,-0.615296758,-0.443700124348,0.172022440036,0.257319751578,0.738998207857,-0.0241955573326,-0.00509586714003,-0.228816192265,-0.000831123172863,-0.0720085632433,0.325631448682,-0.0477981290647,-0.0521262655045,0.0721563482,0,0,0.638661650214,0.312852014662,-0.188669544043,0.113370198973,0.000214070900682,-0.0585584299644,-1.32229070895e-22,0.385930684287,-0.371023386637,0.219592329931,0.0801964982549,-0.00040732474904,-0.238127617931,0
-0.0144484549735,-0.654071528911,0.808098295885,-0.0195448563,0.00451631629,0.794587658,-0.606817976,-0.447005861489,0.200981078281,0.293838003938,0.486203459953,-0.00312050016296,-0.00693496882286,-0.15521799435,-0.0218797617714,-0.0805497030786,0.245207913925,-0.00370061494631,-0.0136132560844,0.0733957917,0,0,0.679591362452,0.309912178011,-0.196531375314,0.110840746137,0.000174172381558,-0.0552483393751,-1.50340239488e-21,0.331693364105,-0.413262232797,0.245871602858,0.068316894201,-6.29655077065e-05,-0.258510989793,0
-0.0145778528473,-0.679961415463,0.803078640943,-0.0276391639,0.00498413579,0.800308051,-0.59893093,-0.479149275292,0.238959832352,0.369214694493,0.336613951885,-0.021293587245,-0.0162842462795,-0.122937388166,-0.0480586994059,-0.0698854051731,0.231582174632,0.0193885908733,0.0235148904761,0.0955595574,0,0,0.703263593013,0.32763952037,-0.248859366815,0.110034697392,0.000109780256621,-0.0584918440411,-9.98390054935e-21,0.295139739099,-0.534982391907,0.337901664988,0.0693016718142,0.000577684662516,-0.267348124956,0
