-0.0129255618943,0.0192348380508,0.81252090959,0.0340121947229,0.033032041043,-0.716560900211,0.695911288261,-0.122929265308,-0.0357049315877,0.0804277074463,0.124569591765,-0.184820713222,0.0858088550888,-0.143412495447,0.0240673439893,-0.131073472046,0.158205624834,-0.25056473693,-0.123131710994,-0.0524395406246,0,0,0.372731506269,0.454101115381,-0.575601689799,0.135872437525,-0.00013114778437,-0.0999433190925,-4.15332377436e-21,0.435327637095,-0.108562209615,0.168348163136,0.126907570235,-0.000896801412618,-0.0581529540309,0
-0.0154537212152,0.0175748722515,0.812991307983,0.0408692918718,0.0395600609481,-0.717358648777,0.694378316402,-0.138342211219,-0.0332433606744,0.0878435053822,0.134657703717,-0.200709790013,0.0738606419155,-0.159432376217,0.0221599017275,-0.120799580273,0.167723611549,-0.26694762059,-0.126211466169,-0.050782263279,0,0,0.355343325815,0.446339660702,-0.567632261075,0.136746254329,-0.000120678253363,-0.102631872358,-2.08635653016e-22,0.412359506675,-0.109386787333,0.166091234642,0.127979944973,-0.000937378286241,-0.0602836619653,0
-0.0165944623204,0.0178512566522,0.813101400058,0.0419038943946,0.0404823496938,-0.717978835106,0.693622112274,-0.148935777608,-0.0298324008204,0.0927581224208,0.143934773061,-0.209953920149,0.066127706903,-0.169602775033,0.0233649464715,-0.113513785707,0.177096387299,-0.275940396446,-0.13029970339,-0.0507217273116,0,0,0.354851733187,0.446710840967,-0.565042618859,0.136942209298,-0.00012042674905,-0.103407904969,5.66759464844e-21,0.409239642578,-0.108524447361,0.168714328209,0.128318936983,-0.000946248995387,-0.0605850675273,0
-0.0180447774496,0.018195090601,0.812714242015,0.0430970527232,0.0416448824108,-0.717825889587,0.693638503551,-0.158325400782,-0.024929964961,0.0947957344811,0.155179953639,-0.215612377246,0.0631823652878,-0.181302210731,0.0276833183013,-0.110157962912,0.191590794581,-0.287051115251,-0.135593179622,-0.0527939535677,0,0,0.353412808932,0.450018043729,-0.564703015519,0.136806193538,-0.000131614771833,-0.103441695463,2.88207602483e-21,0.406678655246,-0.107756711141,0.172554857797,0.128520088383,-0.000947797169366,-0.0601389014018,0
-0.0182056206559,0.0197774655306,0.811950063824,0.0404199585319,0.039073176682,-0.71784645319,0.693927943707,-0.170610068169,-0.0190968809079,0.0941794806922,0.182660333303,-0.222665937304,0.0623871546696,-0.190773583416,0.0345547475193,-0.109187447677,0.220050133962,-0.296046334023,-0.142590717957,-0.0559595525265,0,0,0.364039875745,0.456514340754,-0.565345300017,0.136794885858,-0.000140108833756,-0.103226401041,-1.88848303986e-20,0.417171201386,-0.105348859649,0.18008404938,0.128627481847,-0.000939819096117,-0.0590303716733,0
-0.0204143959968,0.0198092971553,0.810986032075,0.0410959906876,0.0398514457047,-0.71671628952,0.69501131773,-0.191321898996,-0.0135232913568,0.0896653468777,0.223953787269,-0.238394439941,0.0607899040053,-0.203642438488,0.0409647226172,-0.109743045602,0.249280183675,-0.315225525076,-0.150410136301,-0.0585774555802,0,0,0.36523907888,0.458886834419,-0.562820268999,0.136601662396,-0.000148540130463,-0.102798908923,2.31673021739e-21,0.417391401768,-0.10574521255,0.185555046004,0.12863723468,-0.000930251587084,-0.0581702721306,0
-0.0227257319147,0.0194597760521,0.809801268183,0.0420057736337,0.0409911647439,-0.714463710785,0.697206497192,-0.221447287127,-0.00918202000347,0.0804058334716,0.274394460954,-0.262792515237,0.0595542914483,-0.214544195767,0.0464819296614,-0.112032179515,0.265103177055,-0.337902708582,-0.15758186028,-0.060057926923,0,0,0.367276088233,0.458490905778,-0.556698462071,0.136373843153,-0.000151029115129,-0.10252336469,8.88128928786e-22,0.418791503764,-0.109667649224,0.193462402899,0.128660878636,-0.000908717250762,-0.0574055405229,0
-0.0250494370936,0.0190363407792,0.808126652096,0.0429789610207,0.0423581562936,-0.710933983326,0.700664997101,-0.262204547863,-0.00674515902293,0.0655163512479,0.350549125777,-0.293171874123,0.0604014421887,-0.221238614934,0.0516261369856,-0.117515383021,0.278372430745,-0.356657610252,-0.164289297734,-0.0610214546323,0,0,0.368200070139,0.457598718057,-0.548965634761,0.136094303571,-0.000153408207741,-0.102231050989,3.68106786918e-22,0.419962246055,-0.11329506234,0.198447893751,0.128439197888,-0.000887239580516,-0.0567236297316,0
-0.027368689818,0.0186460899922,0.805671801582,0.0441249981523,0.0441560037434,-0.705479800701,0.705975532532,-0.321776471628,-0.00771990789883,0.0429220294997,0.446414551475,-0.338070422692,0.0627369550051,-0.23348885754,0.0551134571284,-0.128649659385,0.289573385446,-0.382130342131,-0.170510360676,-0.0623662173748,0,0,0.368250230136,0.45683905302,-0.53929500075,0.135745867413,-0.000158257032752,-0.101763983899,-2.22189287512e-21,0.422064216684,-0.117614795195,0.201242374786,0.128039409625,-0.000856858024451,-0.0554210399165,0
-0.0293966972187,0.0181111498463,0.80244564895,0.0456827171147,0.0466364324093,-0.698271811008,0.712849617004,-0.405186334589,-0.0140559871044,0.0127276580727,0.612228136008,-0.39168530526,0.0661435298465,-0.248949638689,0.0568567519792,-0.146443714903,0.329174896763,-0.406768757882,-0.173459712775,-0.0652637705207,0,0,0.368517918852,0.458057458119,-0.525063788723,0.135266533935,-0.000173222340496,-0.102385171405,3.39895380625e-21,0.423009356877,-0.126388543629,0.208478499419,0.127730128776,-0.000820897934779,-0.0545030091284,0
-0.0310167501883,0.0169419798191,0.798906920312,0.0481931492686,0.0504918433726,-0.688764691353,0.721617043018,-0.504253717013,-0.025443240682,-0.0188378624802,0.779489526971,-0.432216477637,0.0725250549547,-0.270806521147,0.0544722292473,-0.171639549032,0.366194953709,-0.440316789541,-0.168345227072,-0.0712764114141,0,0,0.366335331888,0.460714880401,-0.509739830683,0.134621376677,-0.000200751066887,-0.103818835719,-9.59957601191e-21,0.419974521045,-0.136944615314,0.215274241351,0.127180004389,-0.000772676196618,-0.052435264491,0
-0.0323147879486,0.0148019897628,0.795800066062,0.0506342686713,0.0548122003675,-0.676666021347,0.732499063015,-0.603969237436,-0.0396810432683,-0.0426517276387,0.945854637158,-0.436138467248,0.0838315693187,-0.286043436298,0.0492161262398,-0.201004612155,0.403661022947,-0.470400177865,-0.156602238509,-0.081045307219,0,0,0.362289635038,0.471808217082,-0.502751565613,0.13394668001,-0.000250710729271,-0.104995926621,-1.13685268315e-21,0.416527942629,-0.150715959753,0.229520365025,0.126440307494,-0.000700453337876,-0.0487262811153,0
-0.0328154082328,0.0110304825227,0.793771555191,0.0526774898171,0.0588929094374,-0.66459685564,0.743012607098,-0.688539491265,-0.0546780477659,-0.057076315409,1.05733765027,-0.425159920071,0.0955784177197,-0.291135905202,0.0419825574125,-0.229965025742,0.414314940378,-0.497824574426,-0.145407504484,-0.0932069718838,0,0,0.364949849455,0.48013039133,-0.495172806502,0.133390580716,-0.000290680378459,-0.104829476282,-1.34016278961e-20,0.410441524975,-0.17517350718,0.257867765133,0.125260615979,-0.000588105734064,-0.0437844196749,0
-0.0323845168111,0.00614761224288,0.793029954369,0.0544798634946,0.0626630112529,-0.65384632349,0.752057313919,-0.751542617433,-0.0677536601657,-0.0633590173177,1.10598639022,-0.421988660234,0.101391758019,-0.286072394449,0.0350745868222,-0.254054335807,0.40807437363,-0.514126526824,-0.140222907681,-0.105044275522,0,0,0.375658245992,0.483193931092,-0.482203553059,0.132981167483,-0.000312236484952,-0.104380984824,-3.6064965439e-20,0.39982470936,-0.203116630153,0.295918585654,0.124581786151,-0.00048446779309,-0.0394837816701,0
-0.0309598135702,0.000272222559746,0.793275894256,0.0563802160323,0.0663807466626,-0.644899129868,0.75928914547,-0.797741624343,-0.0762302543036,-0.0612650044908,1.10205811855,-0.42623342422,0.100673861405,-0.276524196067,0.0293431232309,-0.271967503655,0.394187504363,-0.522907825927,-0.140806874817,-0.113616488874,0,0,0.393916466619,0.479937150037,-0.464240824873,0.132758537743,-0.000307854407349,-0.104174600149,-1.15692524283e-20,0.387252508616,-0.211401178175,0.312038179238,0.125586444857,-0.000479537143904,-0.0391168248538,0
-0.0290943481585,-0.0067063755891,0.793912444551,0.0588106289506,0.0704507380724,-0.638133764267,0.764436602592,-0.832109829102,-0.0803325154132,-0.0567197902246,1.05650622603,-0.427973816397,0.0965825984754,-0.265851980925,0.0248144269592,-0.285060771683,0.377428402932,-0.529406343856,-0.144924048114,-0.116665124893,0,0,0.419718256237,0.467344857545,-0.43895576444,0.132803695005,-0.000266359107773,-0.103962599425,-3.50006424722e-21,0.368708489767,-0.210725435869,0.318327305235,0.127697660591,-0.000529711782501,-0.0417837911694,0
-0.0268417623777,-0.0148492166051,0.794346510916,0.0614338815212,0.074557594955,-0.632939457893,0.768150150776,-0.856583963028,-0.0819448538507,-0.0575037675311,0.978553367454,-0.423494430675,0.0915421172869,-0.254767784309,0.0215655643049,-0.295113328466,0.363337271139,-0.533361868474,-0.149245791339,-0.113387435675,0,0,0.446732969699,0.453276559241,-0.41746478737,0.133161866819,-0.000199179069631,-0.103320015816,-1.78540038465e-21,0.342990099144,-0.212865856855,0.325924224824,0.129548188513,-0.000572241124893,-0.0447124103446,0
-0.0243828224558,-0.0244259496151,0.794182112596,0.0641667321324,0.078844293952,-0.62794905901,0.77158677578,-0.871032132777,-0.0800057618657,-0.0602826147861,0.876732378546,-0.416529112277,0.0822398995425,-0.242610202773,0.0192620447985,-0.303508427562,0.352056558338,-0.535931490405,-0.150352998395,-0.104324415326,0,0,0.46956212539,0.444217857467,-0.408454092974,0.133657364226,-0.000131678260482,-0.100496801125,-1.31298704436e-20,0.314778716967,-0.21684392751,0.331790934022,0.130605621032,-0.000594129842805,-0.0471925426178,0
-0.021452434389,-0.0356184783631,0.793249371327,0.0663090571761,0.0824776664376,-0.623058319092,0.774983108044,-0.874924289452,-0.0716195779099,-0.0555182097634,0.76208166697,-0.413540519526,0.0643318751033,-0.226860918852,0.0179992247633,-0.310822251421,0.34302691641,-0.536149829359,-0.147836663389,-0.090423129499,0,0,0.488720397079,0.438625214205,-0.409445416315,0.133902379712,-7.71114943845e-05,-0.0951532116041,-1.25439567233e-20,0.286455801543,-0.226608450652,0.338443616898,0.130626032185,-0.000575466458482,-0.0489269689235,0
-0.0175240286461,-0.0487066019399,0.791557767414,0.0675028264523,0.0847485512495,-0.619360029697,0.777595162392,-0.870029190426,-0.0561419195346,-0.0347250720428,0.650178782787,-0.418689037118,0.0427481855911,-0.203739419958,0.0184066184245,-0.316936979674,0.335628905571,-0.535576336386,-0.142524964799,-0.0728710740805,0,0,0.51196017056,0.426109312606,-0.405514145823,0.134082796138,-1.37133961092e-05,-0.0898605978031,-1.49214779567e-20,0.260332951894,-0.245827678836,0.352933836243,0.130053325952,-0.000510705851718,-0.0505139808631,0
-0.0124863854823,-0.0640109039195,0.789292906559,0.0677910223603,0.0858970209956,-0.615797877312,0.780268549919,-0.860474828633,-0.0353024660877,0.00992748464476,0.557983909601,-0.430526259255,0.024380019473,-0.170866629198,0.0198337626971,-0.320748512629,0.322924306326,-0.540479727954,-0.133947737202,-0.0551335066557,0,0,0.536019887426,0.409193373368,-0.396623839616,0.133990655309,4.64215718966e-05,-0.0864286027075,-9.99817578977e-21,0.239176312002,-0.260713548348,0.36094634369,0.129000350741,-0.000443188689572,-0.0515319029027,0
-0.00638985530801,-0.0814042187764,0.786820355826,0.0670602694154,0.0855870172381,-0.613102912903,0.78248488903,-0.84373859951,-0.0158357442983,0.0641022681583,0.495710128755,-0.439326662241,0.0161720809681,-0.126565100211,0.0204967597453,-0.319377285142,0.303445384156,-0.547938849276,-0.123498042236,-0.0443704947829,0,0,0.562924296645,0.389336810874,-0.38220330012,0.133837731302,0.000109835188684,-0.084542665382,6.68015706017e-21,0.222059515133,-0.273232171574,0.370887634346,0.128619710058,-0.000395399541105,-0.0527329796697,0
0.000604355035395,-0.100641055294,0.784526232069,0.0658065751195,0.0844918265939,-0.610934317112,0.784404158592,-0.806132534729,-0.00941466890016,0.0952229769284,0.448516521069,-0.43314617822,0.015859395121,-0.0760968348883,0.0176372650952,-0.311012666898,0.270841098848,-0.55262684317,-0.114991980732,-0.0459958724678,0,0,0.592277103519,0.365082759173,-0.36430168485,0.133836885375,0.00019116804015,-0.084200762728,2.6862923856e-21,0.208518600448,-0.27904780138,0.377648227247,0.129262032714,-0.000395012021735,-0.053470454007,0
0.00699870405803,-0.123150274621,0.782613512416,0.0662495940924,0.0847947522998,-0.612090528011,0.78343218565,-0.765890568301,-0.0212999189335,0.089783804139,0.410521447519,-0.406016141314,0.0175544210944,-0.0337862383129,0.0107138242258,-0.298428420691,0.234110141116,-0.563154065215,-0.10560667654,-0.0561897605658,0,0,0.616003815901,0.322648789142,-0.349600368754,0.134306853741,0.000332879385162,-0.0845490989511,4.88000773331e-21,0.19161812147,-0.297845762352,0.384859533138,0.130400602447,-0.000390645042372,-0.0543951963678,0
0.017030254867,-0.144458338173,0.781211139947,0.0660134702921,0.0849393904209,-0.610087037086,0.784997701645,-0.740364085318,-0.0506813154499,0.0546726884797,0.426352126712,-0.327789586599,0.0304690916343,0.00650751557706,0.00728949546261,-0.285990630735,0.235929079513,-0.56737561651,-0.0892420648906,-0.0661029145122,0,0,0.628793230014,0.320143744721,-0.348632875776,0.13465592947,0.000360420417841,-0.0855835994022,4.67194228084e-21,0.184849771895,-0.294319683883,0.388450408068,0.131642667939,-0.0004327684666,-0.0544799061436,0
0.0282010693369,-0.167207353,0.78063443064,0.0642574429512,0.0841097086668,-0.60367166996,0.790175318718,-0.73530787894,-0.0857965156735,0.00904241738254,0.471138904313,-0.258900036823,0.0526952820316,0.0333038142476,0.00255978286339,-0.275897425252,0.271372484678,-0.581416657378,-0.0691746235744,-0.072297975421,0,0,0.624600792433,0.343859296504,-0.372513550636,0.134449238193,0.000279002386705,-0.0820484127111,9.05026398394e-22,0.193950040268,-0.292826831403,0.385554709516,0.132085895042,-0.000453915025098,-0.0548562172091,0
0.0401575399532,-0.19132505234,0.781226538589,0.0613214634359,0.0819593220949,-0.595927357674,0.796487867832,-0.713697898815,-0.115685901312,-0.0241882810921,0.517327089446,-0.231303073605,0.0748836107351,0.037483548414,-0.00860619082166,-0.265183480613,0.358845071479,-0.610042768441,-0.0612415316062,-0.0759937465191,0,0,0.6088691538,0.379794680619,-0.409340980675,0.13309209363,0.000156212505839,-0.0744730406377,2.69397603744e-21,0.215334048251,-0.29714280922,0.386242218299,0.131921051503,-0.000442762665863,-0.0552690595976,0
0.0526055033218,-0.21655935877,0.782851561183,0.0567472539842,0.0762003362179,-0.594580054283,0.798403322697,-0.665810977847,-0.136394044705,-0.0346616169735,0.535235718567,-0.233534680559,0.102477233467,0.00673235351022,-0.0322768796704,-0.250775596444,0.514126065314,-0.631035992921,-0.0835462842103,-0.0752458944917,0,0,0.60344633134,0.392373270592,-0.416876457243,0.132428545245,0.000118350180524,-0.071236720463,-4.62732254374e-21,0.239405080622,-0.305179729508,0.395388606692,0.130985325799,-0.000390325268886,-0.0535620973016,0
0.0659613735376,-0.242078224991,0.784718413706,0.0512304194272,0.0682331249118,-0.598227202892,0.79677093029,-0.59886560147,-0.153788324182,-0.0300508414978,0.528547433323,-0.250611639762,0.140526972316,-0.0681528468782,-0.0700275098576,-0.230178279237,0.728291455634,-0.537537973093,-0.13251048247,-0.0649890899658,0,0,0.599911950606,0.38500894961,-0.40592569492,0.133250670304,0.00013562693805,-0.0756112984851,-2.55517087539e-20,0.266410688137,-0.304424497835,0.384533974345,0.129480228883,-0.000351259948381,-0.0524432441315,0
0.0797756890184,-0.266206007428,0.785883668998,0.0453611761332,0.0597910322249,-0.60270267725,0.794428646564,-0.529503877345,-0.175766865762,-0.0226636959744,0.526632279821,-0.280852068384,0.181433527623,-0.177792945226,-0.111666875937,-0.202254919456,0.953590190027,-0.248469606014,-0.179216437164,-0.0443412289023,0,0,0.582202850318,0.381280463869,-0.412182675203,0.134277576647,0.000136834196835,-0.0820655063471,8.34370161876e-21,0.29276735908,-0.298862144991,0.349658791499,0.127924988051,-0.000333750481867,-0.0554007203601,0
0.0927451957824,-0.289137353692,0.786097058017,0.0409147590399,0.0534648187459,-0.606351435184,0.792341709137,-0.473328660829,-0.199107888333,-0.00895145009117,0.529596878603,-0.316593768595,0.217888284571,-0.303636343166,-0.1400820445,-0.169273940045,1.11053215307,0.0109254521069,-0.218192041702,-0.0204305108637,0,0,0.541007197352,0.393759990637,-0.445521239769,0.134638642841,8.2896203671e-05,-0.0844683159808,-1.14325695054e-21,0.310968019752,-0.300846305627,0.314964179751,0.127089023973,-0.000309017507479,-0.062065274614,0
0.0989325526035,-0.308284332828,0.786103250354,0.0306254252791,0.0399084948003,-0.608022689819,0.792324304581,-0.42048930044,-0.212694571011,0.0122758597969,0.586443609931,-0.336110313989,0.241642369979,-0.442523863346,-0.142505319771,-0.136366377572,1.38338575057,0.0324765919655,-0.253547875005,-0.00310546625406,0,0,0.506359580697,0.40285550028,-0.496961693994,0.13497526394,4.60399053837e-05,-0.0805850655971,-1.64721493205e-21,0.348140758517,-0.320165700648,0.289872240564,0.126744927547,-0.00024740982655,-0.0701128960036,0
0.105868134128,-0.331662102729,0.786839261632,0.0275544542819,0.0356379598379,-0.611049354076,0.790309667587,-0.349835898104,-0.215228468143,0.0270752521679,0.538774340944,-0.349592136988,0.248687818321,-0.558756734417,-0.112474543686,-0.103088611315,1.45718533541,-0.0630658926294,-0.261789999991,0.00347571843304,0,0,0.455158400928,0.416263094843,-0.518275862224,0.134516576372,1.3712855734e-05,-0.0751503447688,1.13070141018e-22,0.368341355302,-0.307929059675,0.262944082019,0.127056290258,-0.000299586712963,-0.0765950039428,0
0.112232143794,-0.355559864517,0.788439624478,0.0251824147999,0.0323453135788,-0.613803386688,0.788393974304,-0.263876669192,-0.211653447509,0.0300951594758,0.465663323161,-0.351120662305,0.247507307329,-0.65064243831,-0.0666325794097,-0.0739482776749,1.45196834041,-0.138605294863,-0.260324651524,0.00252862158231,0,0,0.404369499728,0.423071543992,-0.529663271631,0.134274152432,-9.29172536474e-07,-0.0735067071565,3.89414535433e-25,0.389151193373,-0.296145725395,0.239585894534,0.127704601689,-0.000373621143415,-0.0811129703712,0
0.118590824215,-0.379384386853,0.790273652136,0.0240684859455,0.0308249872178,-0.614958286285,0.787589251995,-0.182095397152,-0.203560083325,0.0283077264796,0.394150460532,-0.350680323181,0.242057432369,-0.723726861708,-0.0170263933959,-0.0437598901715,1.38232196917,-0.213300134085,-0.25125987169,0.000236229650909,0,0,0.348107127111,0.424876111227,-0.535085591947,0.135399543601,-4.4260106894e-06,-0.0790993776034,-1.119851234e-22,0.409056508507,-0.288960425764,0.218640742544,0.127585490617,-0.000425926520275,-0.0837006731393,0
0.12517119577,-0.403031112406,0.791514859452,0.0243730954826,0.031370870769,-0.613041043282,0.789051651955,-0.111088007449,-0.188176836437,0.0190934464079,0.335551247691,-0.349331058411,0.226662847398,-0.759130685329,0.0261254741001,-0.0100652112005,1.248880503,-0.268096793779,-0.230172785405,0.00141910114326,0,0,0.28829832812,0.417672287001,-0.527937993065,0.136842114024,1.9323330607e-05,-0.0903779340194,-2.20742941639e-21,0.434319041094,-0.285226689175,0.19772911404,0.127254153002,-0.000452743374007,-0.0850816170576,0
0.132795318558,-0.429372573021,0.791314074304,0.0329281762242,0.0431715473533,-0.605563044548,0.793942928314,-0.0560832121963,-0.169365037375,-0.00179518969632,0.248706471067,-0.365882975182,0.209291645225,-0.752777516345,0.0563278695698,0.0300510745962,0.920509971088,-0.315581421437,-0.208801982476,0.00646232441068,0,0,0.200646816265,0.434227459504,-0.514649667801,0.137803420317,1.68618352668e-05,-0.106895678845,-1.01355729587e-21,0.444768149335,-0.247421541796,0.170235901833,0.126765504426,-0.000574998598485,-0.0839964581581,0
0.139408364279,-0.454452002533,0.789034965594,0.0340322032571,0.045866843313,-0.594896435738,0.801770687103,-0.00884190653513,-0.154685610685,-0.026649956113,0.244533185626,-0.39178251642,0.200889181991,-0.736670408576,0.0669973627822,0.0758735617676,0.694761223175,-0.358154764683,-0.195554417379,0.0116149783134,0,0,0.13824318825,0.419557883227,-0.514487157777,0.137583675077,0.000120961248073,-0.125162139441,-7.91358787786e-21,0.485309394648,-0.248076954336,0.154494175937,0.125372425356,-0.000535020729012,-0.0794188026627,0
0.147149593471,-0.481249668487,0.784841602847,0.0337361656129,0.0472571514547,-0.580041944981,0.812514603138,0.0356444000967,-0.144178783113,-0.0513785767277,0.244470385726,-0.430375442415,0.194211471118,-0.733689646758,0.0606956864879,0.117152329002,0.499086403386,-0.433486107543,-0.185550294251,0.0137307839468,0,0,0.0834798088168,0.400768055053,-0.520637828213,0.136024563672,0.000264384941732,-0.146400179182,-4.86306983454e-22,0.531761423231,-0.262698734891,0.159374977311,0.123759499736,-0.000430409721062,-0.0708897344607,0
0.155356042509,-0.510536681201,0.779797369194,0.0318763591349,0.0467329882085,-0.562590837479,0.824797868729,0.076410989922,-0.130430471324,-0.0774929791921,0.260052971889,-0.476520789139,0.179680757085,-0.748302309055,0.0458936622411,0.139743079726,0.419125613548,-0.523760016808,-0.158238514667,0.0130432965234,0,0,0.04634589713,0.381578685517,-0.528217174009,0.133354074843,0.000399848907892,-0.164860978326,-4.53221731359e-22,0.58364879157,-0.279940547104,0.175524924941,0.121533263317,-0.00031888810317,-0.0601273293076,0
0.16247694204,-0.541652570426,0.775234329424,0.0301484540105,0.046449393034,-0.543598711491,0.837516546249,0.107561025853,-0.110496122538,-0.104460469922,0.307755817695,-0.530498344216,0.16105068258,-0.738222289711,0.0234783570937,0.139357843219,0.411771872707,-0.549565454848,-0.11825755298,0.0110493656248,0,0,0.0244311308551,0.366788953055,-0.536360369096,0.13040559154,0.0005012955897,-0.180427148962,1.24055617529e-20,0.628586440641,-0.291704047641,0.197949836441,0.119512659707,-0.000246027646733,-0.0517204197192,0
0.168744463592,-0.575142919387,0.772109994152,0.0286975763738,0.0460739992559,-0.527911663055,0.847562909126,0.121554853367,-0.093314327685,-0.13577453495,0.387061110716,-0.594681727197,0.152930538849,-0.702168041073,0.00520517012377,0.126697962915,0.434021321126,-0.482479131617,-0.0917732112149,0.00760838575661,0,0,0.0258617672379,0.35177649913,-0.534643468546,0.12705627567,0.000576928338081,-0.192069365984,-2.73856070384e-20,0.660739410913,-0.289946313883,0.212457456661,0.118031777943,-0.000223805989972,-0.0465770539339,0
0.17503689149,-0.60984351398,0.770694250619,0.0268676560372,0.0445695519447,-0.515574216843,0.855263054371,0.111982621027,-0.0898097404068,-0.170025510353,0.516392003218,-0.657233458398,0.169159231187,-0.677767470384,0.00184583562779,0.117911363832,0.467482723327,-0.388476342761,-0.062698535898,-1.24251237139e-05,0,0,0.0460603191129,0.348217502457,-0.524995041895,0.124973075277,0.000532535536853,-0.197713758882,1.87274265989e-21,0.681354372446,-0.26944594604,0.206098675478,0.118541503695,-0.000272694294632,-0.0472293047884,0
0.182646643125,-0.644200680482,0.770463490177,0.0232544727623,0.0395439267159,-0.506378591061,0.861090183258,0.0644775669354,-0.0947667926887,-0.178943214557,0.698308416046,-0.662347013407,0.198138518685,-0.644896053325,0.00407655874448,0.113303645544,0.521803541614,-0.32233864956,-0.0166396115621,-0.0156195573509,0,0,0.0979782925536,0.353102901027,-0.515258716732,0.126468178769,0.000299965558313,-0.184220406833,-2.72792762528e-20,0.683715291528,-0.254952266081,0.201154895448,0.118942044915,-0.000308636430159,-0.0486078982786,0
0.191378344796,-0.676524130167,0.770409183932,0.020492201671,0.0352677404881,-0.501976966858,0.863918602467,-0.0405345140358,-0.0889072557546,-0.136478856255,0.915770919216,-0.495238632508,0.203939912277,-0.614382562501,0.00906937212996,0.10248900771,0.563169695044,-0.325104687705,0.018762398471,-0.0407529696822,0,0,0.173269956762,0.364541875468,-0.499789180714,0.130507979644,2.01355739976e-05,-0.157351732336,-1.04102984272e-21,0.659634382151,-0.259184461421,0.210196027874,0.120246158028,-0.00031386380602,-0.0518721738641,0
0.199947538727,-0.705608165756,0.769998681327,0.0186054073274,0.0328658893704,-0.492288351059,0.869612455368,-0.198084284189,-0.0697451625678,-0.0674417341211,1.15394298162,-0.155044113054,0.178997100667,-0.599460068939,0.0165293202736,0.0815894630313,0.637682895255,-0.370020774088,0.00561333988432,-0.0711436718702,0,0,0.244952131671,0.38513476067,-0.505901234458,0.132972848859,-0.000181859701692,-0.128081834266,1.78821035849e-22,0.615434183767,-0.27871677619,0.233937462618,0.122587363108,-0.000301894036207,-0.057191401373,0
0.20851551337,-0.727616497652,0.76992700366,0.0123717570677,0.0224986001849,-0.481685936451,0.875967681408,-0.366786574654,-0.0601606903719,-0.0133457525405,1.43769344884,0.101684884348,0.170673603719,-0.585830056326,0.0241275735164,0.0566672838391,0.793044614009,-0.416561275873,-0.0394341560598,-0.0967511460185,0,0,0.320670087593,0.441989259156,-0.53512984089,0.133306347714,-0.000282658488592,-0.110836665161,-4.22335151052e-21,0.576228989632,-0.288441952967,0.28416044453,0.124584375898,-0.000287735120578,-0.0581533559458,0
0.220054220455,-0.752146096983,0.771411794487,0.0124341743067,0.023211568594,-0.472040146589,0.881183683872,-0.496392523772,-0.084295122444,0.00789405413021,1.55088048366,0.104078217934,0.192406139791,-0.546488490964,0.0290655287778,0.02952308346,0.797073429828,-0.4614335611,-0.0734112500891,-0.109224960208,0,0,0.377844177855,0.457560076494,-0.547254874874,0.133670064132,-0.000217151114623,-0.095666415411,-5.19456039795e-21,0.504251301628,-0.318311831504,0.321294074952,0.125116208502,-0.000238283087688,-0.0536026760589,0
0.233042783725,-0.775311354656,0.774745628018,0.0121914567426,0.0234296564013,-0.46143117547,0.886782765388,-0.599449918489,-0.135702894587,0.00819616145855,1.58802878275,0.0101656015452,0.191784168016,-0.472672998295,0.0260931320395,-0.000352339991366,0.737921289058,-0.482604379673,-0.089129513417,-0.109221041203,0,0,0.432855149142,0.466882266743,-0.559412516487,0.133942590742,-0.00012915927155,-0.0844054193784,-1.12899222278e-20,0.437482521357,-0.339244119915,0.341464062545,0.126466352071,-0.000233539989569,-0.0520840244103,0
0.246199581275,-0.798295006985,0.778988529459,0.0122594740242,0.0245541073382,-0.446532815695,0.894346237183,-0.685471030914,-0.184364798145,0.00131394664189,1.57257229299,-0.0730599541682,0.159271811307,-0.381465175486,0.0177427026762,-0.0343582422642,0.672948317361,-0.486418629715,-0.0939677363259,-0.102687738836,0,0,0.47777996592,0.475130640063,-0.566072134342,0.134380668721,-7.21171337853e-05,-0.0780439156852,-5.58750503618e-21,0.375541513227,-0.34968913702,0.343657404511,0.12875498025,-0.000273816871002,-0.0557580436935,0
0.260175246857,-0.821653542283,0.782819941906,0.012318414636,0.0258552357554,-0.429939240217,0.902403473854,-0.747506463971,-0.209570589981,-0.00452068222603,1.47944417878,-0.155694803434,0.134570079233,-0.27923457807,0.0119405481519,-0.0705939113676,0.542134198879,-0.483285893838,-0.0938603051808,-0.0929671600461,0,0,0.521360673946,0.472127158178,-0.548028763067,0.134852926903,-3.08895880119e-05,-0.0763105057509,-4.08599049585e-21,0.319460303922,-0.362124171566,0.344467674498,0.131278900908,-0.000313051891011,-0.0626883712398,0
0.273915494044,-0.844857214364,0.78520234756,0.0134476777166,0.0294413994998,-0.415254622698,0.909129261971,-0.78760209826,-0.207443975757,0.00039853825918,1.33590652045,-0.225656173493,0.130656300641,-0.17658303717,0.013560827946,-0.100676301691,0.42769031411,-0.465354534526,-0.0960831738243,-0.0802065879107,0,0,0.561786982354,0.459815664711,-0.516347439773,0.135469837685,5.62812750127e-06,-0.0782352283549,7.23032188734e-22,0.263961258431,-0.368902981738,0.338915400891,0.133043456467,-0.000357721441404,-0.0706157923792,0
0.288184309231,-0.868077545474,0.785491469406,0.0153771014884,0.0347180552781,-0.404677331448,0.913670837879,-0.803234115404,-0.186628221325,0.0157775086456,1.13222203549,-0.271781302598,0.131655286839,-0.0881618006827,0.0204386951454,-0.120823206697,0.310229178071,-0.45156279442,-0.101059858191,-0.0644397437572,0,0,0.602072277691,0.434079305723,-0.469332096245,0.136089850592,6.16133616646e-05,-0.0827253884929,-1.71928296914e-22,0.205740574353,-0.376260634772,0.333226150065,0.133993550674,-0.00037779732386,-0.0788650864061,0
0.303637093718,-0.891147890517,0.783441312756,0.0177898500115,0.0409203618765,-0.398298621178,0.916169881821,-0.791906389677,-0.157968869651,0.0385230725637,0.871807419278,-0.29484449736,0.112771724476,-0.0176965042899,0.027699608046,-0.133827308193,0.241383843996,-0.450059927922,-0.0986211760994,-0.0458962097764,0,0,0.636046875846,0.406278564646,-0.426767435035,0.136103900604,0.000125670019493,-0.0861454422121,1.69034729395e-21,0.144696986172,-0.393540592928,0.338533853733,0.133982826864,-0.000319388147102,-0.087029528575,0
0.32044375317,-0.915019129376,0.779340232265,0.019935477525,0.0462165959179,-0.395570784807,0.917055249214,-0.774729320372,-0.128165268888,0.0661219383554,0.600665521547,-0.334307574017,0.0668573608551,0.0311724180861,0.0304390027588,-0.143536380582,0.217220817462,-0.476888199984,-0.0862865863159,-0.0253905579448,0,0,0.665272682721,0.384242882772,-0.393876048275,0.135361585535,0.00016555582825,-0.0854362414872,-4.31796277358e-22,0.0841588334194,-0.414245667712,0.354497377284,0.133746331172,-0.000200496290319,-0.0971479374033,0
0.339453432309,-0.9395298229,0.774205415138,0.0209014378488,0.0485301315784,-0.395009845495,0.917156040668,-0.777199622995,-0.101218585481,0.0950679163648,0.464566868022,-0.407078725885,0.018195282175,0.0711753481702,0.0288134758652,-0.148755174085,0.238544336592,-0.519663039177,-0.0718201302638,-0.0080237435177,0,0,0.692710957172,0.375591585664,-0.372072065505,0.133917354522,0.00015792350825,-0.0812298194101,-1.01853498183e-20,0.0341744112369,-0.427405499727,0.381007032788,0.133087418406,-6.79769616042e-05,-0.106323626787,0
0.360932045418,-0.963861870249,0.769665500732,0.0211957022548,0.0489382334054,-0.396870285273,0.916324019432,-0.786540291267,-0.0754730977135,0.13747005086,0.424985707246,-0.474911339761,-0.00741855120106,0.109120813796,0.0236358092996,-0.146956378479,0.283128026866,-0.565021743806,-0.0586300137885,-0.00388201139867,0,0,0.718670127723,0.369782892308,-0.364918811524,0.132699942299,0.000156918482683,-0.0756838904098,2.66367294786e-20,-0.00356761433287,-0.427503699456,0.408397752249,0.133509658661,-4.93538755449e-05,-0.114086417099,0
0.384914883336,-0.988579596058,0.767217226151,0.0202254094183,0.046807218343,-0.396138221025,0.916773974895,-0.737976266612,-0.0611751360647,0.191072862152,0.407807267374,-0.437048758274,0.00372919833669,0.137038191855,0.0150644891353,-0.139320741365,0.348072542377,-0.602050728421,-0.0451009908707,-0.0181976947933,0,0,0.739457241098,0.37060478784,-0.379392937764,0.132244854101,0.000171078686504,-0.0696669891757,1.31854247837e-20,-0.0187281416277,-0.414216091971,0.431217390246,0.135467512718,-0.000211675031727,-0.116256285297,0
0.411452991742,-1.01461733078,0.767300850096,0.023532949388,0.0536589734256,-0.40094730258,0.914225459099,-0.692157423966,-0.066038975232,0.215346667101,0.391174178108,-0.351590472442,0.0421053127937,0.14291181174,0.00427555370485,-0.129815121571,0.398224726807,-0.642329265574,-0.038727347123,-0.0414329320192,0,0,0.738426749722,0.34684982445,-0.389584790307,0.133096951819,0.000266359430325,-0.0673999176101,1.76591084103e-20,-0.0394552536166,-0.398835670026,0.455785070779,0.139014188362,-0.000454963709169,-0.116347610518,0
0.439594257765,-1.03910741971,0.769068132037,0.0210634265095,0.0490218997002,-0.39421248436,0.917469203472,-0.648210551149,-0.0907632316245,0.188890988972,0.39830938153,-0.244113275466,0.0704431638116,0.123469805099,-0.00674613161197,-0.119397238219,0.525814309209,-0.649734045898,-0.0617449030954,-0.0559932738543,0,0,0.729836788269,0.362311182319,-0.413308652665,0.133672532398,0.000248466018544,-0.0664766924242,-5.52478251841e-22,0.00375375799196,-0.374144632318,0.456010690436,0.140830198495,-0.000593954366469,-0.109741047064,0
0.467138812686,-1.06275425486,0.771089683378,0.0175222698599,0.0420782528818,-0.384022593498,0.922197937965,-0.602056147813,-0.119678594682,0.16276942042,0.432852519385,-0.18553022281,0.0975178445117,0.0505100659311,-0.0247633592015,-0.102639309029,0.729868925922,-0.500513956435,-0.0913711450256,-0.0506886132061,0,0,0.69627546702,0.384433178844,-0.436803594429,0.133288490114,0.000171519136116,-0.0658425575092,2.51126984287e-20,0.0808663957821,-0.366909832764,0.447369670174,0.138476327572,-0.00045251889111,-0.0957634072046,0
0.4945666448,-1.08320978983,0.772529319466,0.0146417627111,0.0353058502078,-0.382796525955,0.923041701317,-0.564987747678,-0.154175864355,0.165165255112,0.458682250733,-0.193453273041,0.164813659833,-0.0838240096668,-0.0476796369141,-0.0732849991598,0.965483176743,-0.173244683213,-0.0909137481124,-0.026353225112,0,0,0.657319846172,0.371963118142,-0.430288515256,0.134441409104,0.00016493131125,-0.073181936612,6.75955338025e-21,0.150053584473,-0.390299586209,0.453264690214,0.134580425499,-0.000175301369432,-0.0839032083157,0
0.514718426468,-1.10139334001,0.773860726661,0.00859341211617,0.0207634884864,-0.382316917181,0.923757970333,-0.523969750186,-0.194859825569,0.172569815584,0.564755158789,-0.211460097862,0.233902254705,-0.249346591185,-0.0584468349117,-0.0360463559992,1.32354250402,0.0734459222405,-0.0934571022903,0.00522355409339,0,0,0.613368593939,0.341875535501,-0.459553759454,0.136843624733,0.000228077476729,-0.0838780697683,1.28549243905e-20,0.21803313581,-0.473416813966,0.474109502989,0.131794856924,0.000143703938948,-0.0810577556195,0
0.536850824296,-1.12199792945,0.776194525212,0.00670564360917,0.0161095559597,-0.384231090546,0.923072040081,-0.458122835815,-0.224409415753,0.173031331899,0.52536878031,-0.24467846581,0.256267089568,-0.384589540201,-0.0477910386453,-0.00155671478767,1.47585009256,0.0861777059628,-0.113747852611,0.0286816507578,0,0,0.526633754035,0.37448613845,-0.502610215684,0.137427510998,0.000132666780971,-0.0877586257164,4.54683192652e-24,0.268807631561,-0.502185564061,0.484121283448,0.130560734195,0.000247489522,-0.0822064190789,0
0.55802456072,-1.14226341996,0.779864114912,0.00499978335574,0.01225233078,-0.377788245678,0.925797462463,-0.360138556287,-0.244901376985,0.158990637091,0.459208358885,-0.25616299575,0.25638178973,-0.492693115426,-0.0303309768574,0.018524549123,1.55754945638,0.0250531598548,-0.133933433184,0.0372688174248,0,0,0.419176773144,0.426771746385,-0.568487773401,0.13783752165,1.75990448658e-05,-0.0833040228152,3.52030482895e-20,0.346651621658,-0.492544130859,0.445169354428,0.129947125023,0.000240061876787,-0.0855892817768,0
0.579613841298,-1.1623686769,0.784142087995,0.00316731981002,0.008066768758,-0.365461915731,0.930785953999,-0.251888592659,-0.261745203882,0.129651141641,0.357452724358,-0.254190250395,0.257164732459,-0.581445702414,-0.0218656770518,0.0212123824697,1.56843065651,-0.0339049544259,-0.160502693427,0.0352103337646,0,0,0.30689603305,0.473318762383,-0.628349818729,0.138052514714,-4.48419985635e-05,-0.0770050275648,1.16786208172e-20,0.442671043815,-0.452840907844,0.37100152421,0.128950801599,0.000137862607633,-0.0898779179497,0
0.60116755704,-1.18228816374,0.788157078566,0.00207388121635,0.00552501669154,-0.35141441226,0.936201393604,-0.146169761397,-0.268773388025,0.0925337945235,0.256349204964,-0.246326332311,0.256103302714,-0.650564924814,-0.0202199990699,0.0128549359512,1.51898036876,-0.113529956023,-0.194585863271,0.0300043933094,0,0,0.212817160729,0.481607016028,-0.636023433805,0.138421520179,-4.10484012618e-05,-0.0764071999692,6.79792370167e-21,0.532756761299,-0.409918620593,0.30121032501,0.128307170773,-1.69902028827e-05,-0.0917201290705,0
0.62235641811,-1.20236152741,0.791295826091,0.00206762878224,0.0057893008925,-0.33633312583,0.941722989082,-0.0605784164044,-0.256895860073,0.0530580381008,0.187569791872,-0.24343543117,0.246408527516,-0.683932764637,-0.0138009089024,0.00377072974916,1.41122401382,-0.188747523165,-0.217067900024,0.0265531502664,0,0,0.130455082662,0.462527401845,-0.608792587058,0.139805713884,1.16186747821e-05,-0.0849512548527,-6.94385630322e-21,0.609778723102,-0.378662073194,0.256320344458,0.12760014005,-0.000136582515053,-0.0876132954231,0
0.64661311623,-1.22275316623,0.792797221148,0.00699145486578,0.0206330958754,-0.320847213268,0.946880400181,-0.00554468223474,-0.232405589112,0.0153061791554,0.125220276004,-0.265470773046,0.232376319143,-0.675574735643,0.000944123477387,0.00347364483108,1.08309244841,-0.250880939642,-0.219434439013,0.0249255541712,0,0,0.0263645256545,0.470304563285,-0.566436116226,0.141040711262,4.24604656572e-05,-0.10374115935,-2.97532362155e-21,0.653415858195,-0.313995300111,0.237479861082,0.126491174352,-0.000310073856072,-0.0770475243201,0
0.667585300314,-1.2432081532,0.791830504227,0.00776409870014,0.0241025071591,-0.306514412165,0.951529145241,0.0317750266696,-0.211550957633,-0.0180833983681,0.145467030387,-0.302982510374,0.227190695852,-0.664572370813,0.015546993643,0.0149118316586,0.870834279139,-0.292857675242,-0.208417321356,0.0218199007213,0,0,-0.0422681964698,0.43088133089,-0.52286699264,0.139664541606,0.000237142495286,-0.135562424943,2.56510900401e-20,0.716381657306,-0.29569481493,0.226778218288,0.124092969904,-0.000313870411588,-0.063832171407,0
0.689484471725,-1.26398568967,0.788241414904,0.00846254546195,0.0276090111583,-0.292934209108,0.955696463585,0.0648060166147,-0.199754631918,-0.0500139552584,0.17760811403,-0.352150491234,0.228246505254,-0.651409342175,0.0224237447383,0.0338849114344,0.625583384845,-0.353912142684,-0.179581318732,0.0151572823524,0,0,-0.0964003639161,0.39258800706,-0.484806168033,0.131301372668,0.000520994010561,-0.17971604317,2.48713903491e-21,0.76895956054,-0.28637820067,0.233272261509,0.120716690913,-0.00026959116541,-0.0509952092203,0
0.713324529702,-1.28510714743,0.7828597263,0.00869846064597,0.0298959389329,-0.27923732996,0.959717214108,0.0986151554764,-0.190117783342,-0.0785636190757,0.213371648795,-0.4085324393,0.226413114144,-0.651843873313,0.0230721892689,0.0487175562926,0.42554136501,-0.448653400421,-0.136371921271,0.00592741649598,0,0,-0.137495880068,0.376828240422,-0.477057203659,0.116480174242,0.00066833112246,-0.224422992436,-2.15979085038e-22,0.81107350762,-0.279206189843,0.24100423581,0.118242057751,-0.000238465820004,-0.0437423559553,0
0.738854218813,-1.30752691352,0.777060794759,0.00869772676378,0.0314064212143,-0.26675337553,0.963213682175,0.130194288774,-0.173844762246,-0.0916265821934,0.25339868463,-0.473631680986,0.214832629525,-0.69775790968,0.0222967508595,0.0496346567548,0.385104258474,-0.57022092649,-0.0764515908833,-0.00305998208933,0,0,-0.156479678961,0.368482496176,-0.477493053964,0.0988167990154,0.000714397992871,-0.265228584007,-1.17027452783e-21,0.83808802843,-0.26536705607,0.236645791425,0.118225945672,-0.000256609032262,-0.0441134788066,0
0.764316504613,-1.33148742067,0.772222442602,0.00882029533386,0.0333096161485,-0.255823105574,0.966109335423,0.160737085439,-0.151266690659,-0.0964900929674,0.309903527068,-0.535260519355,0.196776007174,-0.70368967376,0.0188425485552,0.0402419702458,0.391827007789,-0.598346769857,-0.0326965033354,-0.00865829642862,0,0,-0.15357352808,0.362972522071,-0.476467826771,0.0830933094858,0.000749562923858,-0.296118481238,3.75357333115e-21,0.847712070468,-0.239518105883,0.220808698919,0.119571965212,-0.000330912775152,-0.0481772863757,0
0.791536701649,-1.35641108277,0.769344485612,0.00843671243638,0.0328893959522,-0.248329758644,0.968080282211,0.178547914345,-0.134240005433,-0.110692993934,0.382611634201,-0.598968688807,0.185238304205,-0.666021088522,0.0188786436618,0.0317184702478,0.399649541256,-0.507219810439,-0.0447769672489,-0.0105672804639,0,0,-0.117712274932,0.354459177003,-0.47521807659,0.074292952474,0.000827781319248,-0.311779646314,2.15170497573e-20,0.841715952183,-0.228531879614,0.216391491511,0.120092118071,-0.000364349472219,-0.049550595662,0
0.8190293067,-1.38207333173,0.768719333601,0.00805049110204,0.0327464453876,-0.238598823547,0.970532536507,0.171289470707,-0.130972232478,-0.13470180167,0.50715056387,-0.653787040741,0.18788488478,-0.642669366009,0.0229438318326,0.0300233039678,0.43122561434,-0.386264186119,-0.0490749390828,-0.0137264020741,0,0,-0.0708292618404,0.353897921569,-0.485970741521,0.0777912192361,0.000722360459415,-0.306203566216,-6.46817103465e-22,0.82696879645,-0.22328332032,0.217361884122,0.121396116424,-0.000395430631132,-0.0522807094534,0
0.847427472498,-1.40633720857,0.769774003623,0.00653573824093,0.0278966482729,-0.228013694286,0.973236262798,0.118539287297,-0.13417826281,-0.139979749847,0.691588081337,-0.638299784792,0.196428611204,-0.609603290798,0.0236502204471,0.0291406995788,0.478556675673,-0.303446567134,-0.00794709153388,-0.0249535441399,0,0,0.00307789508619,0.36541356578,-0.502029021286,0.094279084499,0.00032492887197,-0.27373849614,5.31463943538e-21,0.796603225507,-0.24284661199,0.236929188533,0.120311038322,-0.000315397958454,-0.050282105526,0
0.875380447645,-1.4282346264,0.771458702807,0.00539101473987,0.0238945391029,-0.22001901269,0.975188016891,0.00405103319506,-0.124092455701,-0.101595707507,0.914015238836,-0.414230795595,0.169771216566,-0.571918293297,0.0211627946286,0.0167157703754,0.509042125736,-0.294549965532,0.0271564918597,-0.0469706766307,0,0,0.094606031796,0.388522893416,-0.513913779278,0.115118597407,-0.000145392081393,-0.222616688861,1.87975795443e-20,0.741529988022,-0.280979352033,0.268040169991,0.119848538327,-0.000201130602284,-0.0494790772193,0
0.900457274184,-1.44799672925,0.773274208254,0.0048956698738,0.0235293284059,-0.20364522934,0.978749752045,-0.163828850639,-0.0969391831833,-0.0375741407745,1.14043707171,-0.0879800728055,0.129841769243,-0.546379780925,0.0192757333858,-0.0117094152173,0.555762646874,-0.329673185582,0.0159207719752,-0.0750492364168,0,0,0.164565672896,0.440291260577,-0.561988050367,0.129020570839,-0.000479463674777,-0.17178881985,-6.99889749289e-21,0.666792651844,-0.318878264286,0.30060972419,0.12195704061,-0.000127982871026,-0.0545464905854,0
0.921242920974,-1.46111527679,0.775841123623,0.00322822597809,0.0169649980962,-0.186905294657,0.982226133347,-0.351034450977,-0.0719763964287,0.0199022388125,1.47554169175,0.0609831487898,0.153167975172,-0.515929501642,0.0197885130579,-0.0472248941963,0.665024315725,-0.359122955981,-0.0230017929468,-0.0986322313547,0,0,0.238808475844,0.528003469246,-0.624964143969,0.134009298297,-0.000480367277162,-0.12650055592,-2.54590825069e-20,0.586487561581,-0.355929491892,0.371470114181,0.125276893996,-6.69168828606e-05,-0.0581973189238,0
0.945332426003,-1.47588186269,0.779783011741,0.00374616519548,0.0212563741952,-0.173522055149,0.984593451023,-0.48536480616,-0.0705309027236,0.0507751792866,1.57601924666,0.0440665685598,0.200948527814,-0.455349754293,0.0217216191235,-0.0821282921296,0.60693528025,-0.382830271872,-0.0508126983073,-0.10977421701,0,0,0.311299748982,0.554378170464,-0.632732503081,0.135551009445,-0.000333482422589,-0.101649826169,2.93036750049e-20,0.474658974775,-0.414772901247,0.431043358642,0.126916406934,-5.15874733757e-06,-0.0544542730812,0
0.97266890745,-1.49344278164,0.784325282523,0.00580754131079,0.0349966362119,-0.163603872061,0.985888063908,-0.576273683234,-0.0897489899273,0.0665524603618,1.47296993243,-0.0048805370688,0.214096040765,-0.367372720408,0.0232396836236,-0.113311267602,0.467718193867,-0.390613662323,-0.0586110447278,-0.110413275659,0,0,0.37971242992,0.518815799929,-0.595313977533,0.135147376397,-0.000219216863504,-0.0870610316396,4.82321498986e-21,0.350690468923,-0.480377844037,0.450714743143,0.128475909391,1.98314254967e-05,-0.0515341673633,0
0.99507113772,-1.50185000212,0.787926866118,0.00395285710692,0.0253799017519,-0.153841435909,0.987761616707,-0.682072982776,-0.109601464,0.082611989497,1.57488901787,-0.0595703636402,0.202010653711,-0.271646281388,0.0261082661272,-0.141769188661,0.412958430733,-0.369973431684,-0.0515347191592,-0.107444770634,0,0,0.47995649742,0.541202777183,-0.566544422965,0.137030367153,-0.000112411820177,-0.0847480030529,1.57973350928e-22,0.287729800113,-0.465474465457,0.448493398099,0.130552760892,-5.85010138383e-05,-0.0531371466914,0
1.02045851269,-1.51383376286,0.789830872661,0.00417842855677,0.0282869935036,-0.146070122719,0.98886090517,-0.754793046297,-0.127634838031,0.0886947552135,1.48840575869,-0.144725613247,0.168472901457,-0.190338280251,0.0283016865252,-0.168119058824,0.324099316564,-0.363534545535,-0.0367696283114,-0.103636734188,0,0,0.547654051518,0.528003907023,-0.528422877108,0.138253174204,-4.31976391909e-05,-0.0870672827848,4.61094647893e-21,0.202764950574,-0.468848338202,0.42590823552,0.133622775847,-0.000140243638206,-0.0591824130137,0
1.0462621442,-1.52594849426,0.790120706899,0.00456520589069,0.0319147631526,-0.141528740525,0.989409029484,-0.790994609524,-0.135958887824,0.0913278744976,1.34504418617,-0.219267963413,0.130153208426,-0.113559042975,0.0336651252658,-0.184727876797,0.256336733039,-0.357530905152,-0.0329939145712,-0.0971989184618,0,0,0.61128998623,0.501604950036,-0.477895325007,0.139167650748,3.22022644002e-05,-0.0918835791866,-2.42816490524e-21,0.119169637278,-0.46899614977,0.406915196452,0.137046533055,-0.000245279334356,-0.0695942119377,0
1.07287417705,-1.53821874647,0.788892103454,0.00501562375575,0.0358818769455,-0.138344749808,0.989721179008,-0.793171596516,-0.13032017564,0.103944801114,1.14105972687,-0.271658818973,0.109119709646,-0.0472335715528,0.0410657758368,-0.189822457993,0.199574692213,-0.366608289887,-0.047056589729,-0.0869840830564,0,0,0.668344880426,0.469344786695,-0.428155610272,0.139587589476,0.000127111686325,-0.0970954920363,3.04048628849e-21,0.0453215101478,-0.448844680356,0.366776259683,0.140073768686,-0.00044946666001,-0.087608665648,0
1.10076687281,-1.54991086459,0.786138650792,0.00540571426973,0.0395866930485,-0.135190159082,0.99001377821,-0.761567875987,-0.117459480516,0.127677805661,0.860809429653,-0.31066892055,0.096152489879,0.0113772847829,0.0473110860001,-0.187379844171,0.172172037903,-0.389971711087,-0.0648807719011,-0.075793504715,0,0,0.716298478184,0.43759438876,-0.389835225297,0.139267687643,0.000219475421095,-0.09821161328,-1.60036880081e-21,-0.0160051475748,-0.421015912352,0.320645633935,0.140841621307,-0.000714361459013,-0.107573537403,0
1.13052801028,-1.56110091023,0.782145853995,0.00559433735907,0.0416734926403,-0.132930964231,0.990233004093,-0.702146136455,-0.102521675364,0.16906420666,0.573159563807,-0.357623292154,0.0836007092208,0.0607617802396,0.0479385820204,-0.182831760134,0.170910104754,-0.422398102755,-0.0728035868566,-0.0675408095121,0,0,0.757010066199,0.416393373404,-0.366072636242,0.13871167567,0.000276389423959,-0.0944824766533,-9.32142413116e-23,-0.0641437889898,-0.387427386725,0.283104013242,0.139630717706,-0.0010424787534,-0.127713723997,0
1.16351694436,-1.57247804117,0.777733841481,0.00653866957873,0.046811722219,-0.13818256557,0.989278256893,-0.679424798986,-0.0822559035776,0.21477082361,0.34442621726,-0.45163916178,0.0770818191694,0.099943067467,0.0411250033539,-0.180139200704,0.184611985664,-0.469296264001,-0.0666614945049,-0.0628872364759,0,0,0.788338378094,0.36517998207,-0.343709163621,0.137791668341,0.000396633690826,-0.0875928463443,3.0398765394e-23,-0.117667062401,-0.379482944324,0.280638134011,0.137379839799,-0.00130697368573,-0.149798719233,0
1.19577353873,-1.57955396406,0.774157794425,0.00574323348701,0.0428830683231,-0.132618278265,0.990222454071,-0.672581326225,-0.0716339841778,0.250586421023,0.318871254129,-0.480674600571,0.0864896535763,0.144844427671,0.0326971477154,-0.178584423359,0.22352038023,-0.502146971109,-0.0467889309556,-0.0618008486927,0,0,0.823957765751,0.36225532346,-0.33108605175,0.136788843072,0.000398904039042,-0.0807954709561,5.03082307702e-21,-0.126421650082,-0.3473989321,0.276910893137,0.134613025971,-0.00166581659622,-0.167192779531,0
1.23154014683,-1.58726753324,0.772528826272,0.00720871333033,0.0521152354777,-0.13682821393,0.989196658134,-0.649810719598,-0.0707097372081,0.288217528143,0.315265687235,-0.406089107143,0.120248212573,0.159513694921,0.0210183910813,-0.17716031095,0.281095250563,-0.551196067208,-0.0210253501594,-0.0641867816448,0,0,0.830224361263,0.309073440482,-0.322963053576,0.136124943401,0.000524045547722,-0.0748433531082,1.17925951054e-21,-0.150109800757,-0.356238810387,0.308858599369,0.132282605628,-0.00178264456638,-0.181173478512,0
1.26735947199,-1.59355774176,0.773177487243,0.00674228044227,0.0517397075891,-0.129042997956,0.990265369415,-0.619777567564,-0.0858679660725,0.290071349273,0.341117560098,-0.281815985047,0.159237222305,0.154250598485,0.0125277150587,-0.171764524317,0.393438181633,-0.608690381643,-0.0165230305128,-0.0653255432844,0,0,0.821612043521,0.320662154158,-0.350386578484,0.135409905661,0.000457340747504,-0.0702155901121,2.03121210387e-21,-0.114340982213,-0.352304770205,0.323976373833,0.13219896868,-0.00175964851626,-0.182163581997,0
1.30364141403,-1.59958973532,0.775642914048,0.00516472756863,0.0460020788014,-0.111451044679,0.992691218853,-0.582442802919,-0.113227929092,0.251394894646,0.377777087444,-0.210723084785,0.177285089332,0.116087180386,0.00454982354185,-0.157850154455,0.558435022242,-0.599319869724,-0.0292739762668,-0.0597125515342,0,0,0.776144083093,0.373148051515,-0.40888886754,0.133926670789,0.000260561781353,-0.0659561824122,1.93635761223e-21,-0.0276999540124,-0.349420615122,0.32347465879,0.134037181686,-0.00141718213311,-0.16655244705,0
1.33951696341,-1.60346723409,0.779144379067,0.00374472956173,0.0377689749002,-0.0985934436321,0.994403719902,-0.51643305283,-0.148201113615,0.219312228052,0.375832989413,-0.193460814937,0.205419349682,0.023292746554,-0.00704941096431,-0.132094889309,0.789524598921,-0.354887343033,-0.0197374024604,-0.0474357567728,0,0,0.72207888413,0.389166133064,-0.427399621408,0.134420136441,0.000173676364519,-0.0702920165502,8.40013883689e-22,0.0691715898051,-0.371054193789,0.354592731557,0.136859894204,-0.000757562127336,-0.135016391279,0
1.37309827944,-1.60493322871,0.782986696602,0.00279072509147,0.0299594271928,-0.0927066281438,0.995238721371,-0.428582092188,-0.186622911994,0.199767793452,0.331366133539,-0.18925956146,0.243971117912,-0.101895141175,-0.016744614242,-0.0977085635896,1.02010246313,-0.0250916047399,-0.0213330988938,-0.0322220735252,0,0,0.665664688975,0.360363586929,-0.404481092235,0.136105206677,0.000230036797084,-0.0840615001149,-2.98598711099e-21,0.147773470371,-0.426091005821,0.413235821023,0.136375889375,-0.000172850411375,-0.0994034528583,0
1.40524406934,-1.60923421756,0.786712948923,0.0021017852705,0.0248539950699,-0.0842383131385,0.996133387089,-0.332864828335,-0.219128015517,0.181498347189,0.258779148617,-0.190607691025,0.258445559809,-0.223055115406,-0.0180485411773,-0.065799365336,1.19958165417,0.0710220426331,-0.0759432516753,-0.0178375914693,0,0,0.582055031066,0.36501396576,-0.404865905771,0.136750425915,0.000220410593123,-0.0984297016112,2.41874234296e-22,0.22294664366,-0.461114641273,0.449285707149,0.130885609689,5.52144426655e-05,-0.0715420905788,0
1.43583004798,-1.61389359474,0.790026342264,0.00150539318565,0.0216678567231,-0.0692924410105,0.997359931469,-0.237929865121,-0.244075952914,0.154372833087,0.194015336563,-0.191367223426,0.258721832261,-0.335536756121,-0.0155579010252,-0.0465473964396,1.3312908907,0.000996966366078,-0.138910092664,-0.00649535562843,0,0,0.476515616088,0.395338377845,-0.436605384265,0.136884711328,0.000120441350337,-0.107579362731,-6.31541045448e-21,0.309384160874,-0.461552063088,0.442495495019,0.126551872868,9.04102985711e-05,-0.0586829402482,0
1.46571864895,-1.61831985511,0.792650851844,0.00101665267721,0.0199276693165,-0.050940733403,0.998502314091,-0.148867443501,-0.263909480608,0.115390870474,0.121761654103,-0.19158662288,0.259254268782,-0.43966561953,-0.0155628078554,-0.0387845856472,1.38850653977,-0.079250696859,-0.195690670512,0.00164111866616,0,0,0.367592397282,0.421236118335,-0.469407971823,0.13748540734,4.99501426843e-05,-0.1137477577,4.57069963821e-21,0.402869653203,-0.43546287731,0.406195193174,0.124019650451,5.91876530068e-05,-0.0537515902238,0
1.49499042742,-1.62271904456,0.794331989064,0.000623670930509,0.0195549689233,-0.0318709127605,0.999300479889,-0.069209358658,-0.276642885872,0.0740735169827,0.0641013306816,-0.188607729929,0.259830499417,-0.530375230693,-0.0155454142582,-0.0324133037058,1.37637179195,-0.167970036296,-0.244518960968,0.00727370241657,0,0,0.264287966846,0.431353796373,-0.488835348678,0.138061591036,5.33003192659e-05,-0.122964405719,8.44479988624e-21,0.492760857979,-0.387111637401,0.343868287376,0.123295358927,-2.83255924932e-05,-0.054557554421,0
1.52377745005,-1.6269815642,0.794895875302,0.000262891233433,0.0211706329137,-0.0124139906839,0.999698758125,-0.012003338979,-0.279625600091,0.0355923486377,0.0501833518007,-0.199122866089,0.260242925778,-0.602112067831,-0.0087818032022,-0.0171038375219,1.29767052209,-0.254931493342,-0.261524454521,0.0107041401789,0,0,0.169390092058,0.428385679773,-0.497789141012,0.137524632877,0.000123167897589,-0.137978791838,-4.3840496047e-22,0.566749837464,-0.344447501078,0.294110894989,0.123494769877,-0.000133184186721,-0.0572694179904,0
1.55298423638,-1.63166987549,0.794204361168,-0.0001610344043,0.0236377771944,0.00681052450091,0.999697387218,0.0238100255945,-0.274432818058,0.000213296322066,0.0710051563455,-0.231427534336,0.260430073348,-0.64692227904,0.00655174681906,0.0132591349342,1.15230930544,-0.324243667823,-0.26178940527,0.0117074726149,0,0,0.0857482722589,0.421117661795,-0.499152380148,0.135718208827,0.000219441155833,-0.15519643605,-2.83231331647e-22,0.628944627757,-0.308061452464,0.261608320106,0.123512524587,-0.000233624794779,-0.0583443770878,0
1.5829852858,-1.63623675122,0.792090637168,-0.000647822453175,0.0263275485486,0.024590279907,0.999350667,0.0521230794634,-0.263283367467,-0.0293488781094,0.110060992183,-0.278889406598,0.26040144679,-0.659438723633,0.0240676042031,0.0589485375089,0.943574388335,-0.374666898163,-0.257887768464,0.0103870462626,0,0,0.0165876640382,0.412229765116,-0.497675874682,0.132331267788,0.000319845274513,-0.174326745525,2.23300090249e-20,0.680538563376,-0.280031786897,0.243301139226,0.12283891602,-0.000300315489059,-0.0563942505839,0
1.61394127026,-1.63995050927,0.788473764529,-0.00120169029105,0.0283221174031,0.0423742160201,0.99869954586,0.0828313176106,-0.249036433126,-0.0545317157407,0.155784398624,-0.334808293794,0.260142673138,-0.643832962953,0.0342998092954,0.112801628004,0.691347428313,-0.41961142277,-0.236237012988,0.00758249685168,0,0,-0.0394451060707,0.402958850798,-0.496751764106,0.127178772652,0.000407479150539,-0.194180988141,3.65292116843e-21,0.724294623307,-0.257802161791,0.230206607573,0.121732667413,-0.000336383547531,-0.0527450096482,0
1.64659822933,-1.6416888571,0.783649441029,-0.00177633634303,0.0287309419364,0.0616831928492,0.997680604458,0.11670706604,-0.233424729027,-0.0777546087561,0.201091543181,-0.397809274821,0.259528921623,-0.62804264816,0.0348599373606,0.158242815756,0.462636491271,-0.482214725859,-0.195066995844,0.00372655852698,0,0,-0.0798327725034,0.392072681393,-0.503601736821,0.120800370573,0.000474831800502,-0.214168756243,-4.01173419826e-21,0.760775329404,-0.24388767369,0.218017623544,0.120503272647,-0.000350183022889,-0.0497670832721,0
1.68153089956,-1.6432057056,0.778461687643,-0.00229836627841,0.027822887525,0.082294523716,0.996216952801,0.149851921319,-0.212998830934,-0.0989857622558,0.253859394435,-0.467339023005,0.251919273354,-0.645619993108,0.0305302888314,0.176254724624,0.379158505182,-0.569004283525,-0.138905936413,-0.00187617598567,0,0,-0.0995000293537,0.382944409451,-0.514483313643,0.114119347019,0.000477879038983,-0.231804558748,-6.86306248045e-24,0.788061160817,-0.234828795447,0.20864026729,0.119567633284,-0.000355102990348,-0.0481072552916,0
1.71793318116,-1.64620838612,0.774068964533,-0.0028248897288,0.0270880516618,0.103684492409,0.994237303734,0.174998567461,-0.187239973097,-0.119981963004,0.33012697569,-0.538394825227,0.232794022661,-0.647945225383,0.0136982937853,0.162281412339,0.37918144045,-0.580763814889,-0.079800768481,-0.00986527465284,0,0,-0.103005680007,0.384239544447,-0.529761254051,0.108094086318,0.000355250516922,-0.245628239644,3.87184430558e-22,0.801863238697,-0.230704322393,0.209257869409,0.119576986048,-0.000358354551416,-0.0486878784344,0
1.75530771443,-1.65003963417,0.771427302728,-0.00340999942273,0.0282825957984,0.119653344154,0.992406964302,0.183540765651,-0.170066762391,-0.145495053515,0.43931245905,-0.609644725919,0.222556763296,-0.624421984026,-0.0058782593842,0.132097495117,0.41142390994,-0.474251203627,-0.0340080024013,-0.0197721533477,0,0,-0.0871959394702,0.392006241611,-0.535057921879,0.103795650991,0.000162886475374,-0.255591157388,1.36110191513e-20,0.79679873832,-0.240512892093,0.224641932995,0.120384265798,-0.000335269323172,-0.050837921516,0
1.79392378381,-1.65207751574,0.770863690488,-0.00295803998597,0.0223071910441,0.131420776248,0.991071224213,0.170350484558,-0.171007462128,-0.16952057408,0.574524193382,-0.660329694705,0.234437766922,-0.606483706487,-0.0128401276859,0.107035964957,0.485053954874,-0.353881303437,0.00697121964446,-0.0307375006378,0,0,-0.0339541413085,0.404450280039,-0.540099886899,0.104506557153,-6.88621772755e-05,-0.250595912307,1.50096402308e-20,0.777493596177,-0.270386570225,0.252801272674,0.119799116269,-0.000239614940764,-0.0494751394441,0
1.83121874829,-1.65236630879,0.7719192921,-0.00216870312579,0.0155887063593,0.13777603209,0.9903383255,0.111324375955,-0.170216341462,-0.157642176579,0.762421009456,-0.600205737628,0.239187013404,-0.573767851624,-0.0107409661973,0.0893683280797,0.545037665097,-0.305640495155,0.0335898014017,-0.0428572967649,0,0,0.0584544823865,0.40995747026,-0.53219695888,0.11473892851,-0.000222753811627,-0.219110659631,-8.67739700024e-20,0.732567348169,-0.311843997957,0.28813850725,0.119040370277,-0.000129110712898,-0.0465800179178,0
1.86628326596,-1.65174817111,0.773627829041,-0.00144284626003,0.00940162409097,0.151684954762,0.988383114338,-0.0107577931345,-0.147004469722,-0.101744736336,0.990709254211,-0.319579186117,0.198585621467,-0.526024520325,-0.00290188234175,0.0678996448384,0.577750581736,-0.324376348072,0.0144901868132,-0.0571622103453,0,0,0.149573487362,0.433018918806,-0.555197240828,0.128771000786,-0.000340894340254,-0.173540881175,-6.80362050385e-21,0.679877750681,-0.330409886594,0.296851265668,0.121719380991,-0.000112379250522,-0.0524980579,0
1.8981616346,-1.65204858164,0.775376259973,-0.00123880151659,0.00705993780866,0.172824263573,0.984926581383,-0.168513505226,-0.110259156754,-0.0376604393671,1.18844665489,-0.0101124084902,0.158934211703,-0.488706672665,0.00795647189195,0.0360612471512,0.62537273162,-0.367481575831,-0.0348645249848,-0.0729184746742,0,0,0.223269636668,0.478096538541,-0.595986276442,0.135950436385,-0.000372944574676,-0.128140123587,-6.43106975908e-20,0.612176245461,-0.347262971938,0.309454990126,0.125429059919,-0.000119814701949,-0.0624392612205,0
1.92274575937,-1.64839992532,0.777528398381,0.000843537680339,-0.00429661152884,0.192646801472,0.981258392334,-0.333006961633,-0.0859881502961,0.00665003503746,1.49308300025,0.0729018656663,0.180506161183,-0.44782606872,0.0179988660102,-0.00373846579832,0.736273990469,-0.387218393834,-0.0731824069893,-0.0856761112809,0,0,0.31672176889,0.530006087658,-0.618917038516,0.136027784485,-0.000285478201596,-0.0986124322941,7.56133709045e-21,0.555579230788,-0.361341935217,0.345640308235,0.128072454561,-0.00012080955688,-0.0685037538995,0
1.95086598241,-1.64390297368,0.780716794198,0.000639714300632,-0.00297126872465,0.210476100445,0.977594256401,-0.455178093994,-0.0897536401967,0.0249166178306,1.55984503357,0.0215178840628,0.209952799296,-0.372180686535,0.0252702959751,-0.0478652958972,0.652723742084,-0.39301438541,-0.0899594730272,-0.0913623645902,0,0,0.405682473349,0.526748083576,-0.590160447352,0.134907623212,-0.000172896073595,-0.0813389325154,8.87860584483e-21,0.472397864181,-0.400634623929,0.372238969604,0.129647385182,-8.21507372872e-05,-0.0679892880185,0
1.97818087287,-1.637863089,0.784659559107,0.000407166517107,-0.00176651589572,0.224601984024,0.974448919296,-0.552309702196,-0.111551226386,0.0348608647556,1.55383362701,-0.0305848350005,0.208154440484,-0.271228171355,0.0286735043111,-0.0897736819509,0.527873612061,-0.384177197878,-0.093411572524,-0.0910264998674,0,0,0.494123119504,0.513390389161,-0.550343886309,0.134909809695,-8.02312592138e-05,-0.0752698437644,-1.05250913328e-20,0.38980876708,-0.443733438224,0.398175656867,0.130749308853,-3.97371504046e-05,-0.0649275759829,0
2.00486513139,-1.63086300853,0.78822119391,-0.000557895575184,0.00230559869669,0.235186263919,0.971947431564,-0.637117094734,-0.132183733149,0.0517666907103,1.51827711774,-0.111234814037,0.19535833512,-0.173667253132,0.0312045849596,-0.124536583243,0.436237119967,-0.37228897692,-0.0900221957707,-0.088137164712,0,0,0.564382820239,0.507537262004,-0.515146773416,0.1365081441,-2.51143161581e-05,-0.0785054006737,-4.40370923809e-21,0.307297746455,-0.47706305354,0.413437798223,0.131929896826,-2.86725760455e-05,-0.0636253588261,0
2.03131243712,-1.62360657629,0.790345439403,-0.0018451778451,0.00738146156073,0.242505416274,0.970120191574,-0.696340101669,-0.142079904258,0.0751609696579,1.40278338316,-0.190041550433,0.179183667342,-0.0797457047121,0.0367436862879,-0.148832445728,0.303875636518,-0.362196746771,-0.085249545424,-0.0836791917682,0,0,0.62395570292,0.500203918127,-0.483145209154,0.137757903321,2.3503706501e-05,-0.0846919428401,-1.84417745582e-20,0.227501995707,-0.503508875781,0.419219742487,0.133641268984,-3.33621282715e-05,-0.0661393072179,0
2.05755413536,-1.61624032596,0.79046506658,-0.00356555893086,0.0139674870297,0.247317954898,0.96882712841,-0.72541913362,-0.14187805018,0.102427807167,1.20673841395,-0.238649284187,0.168095986031,-0.00433288593806,0.0443341537839,-0.160217662832,0.198141063795,-0.36465855081,-0.0848677273329,-0.0760245472193,0,0,0.682388135558,0.472852703357,-0.436942187942,0.138431876306,0.000102499181682,-0.0903774460328,2.76839124232e-20,0.14928636497,-0.523050188663,0.415723005221,0.135868322221,-4.93657741708e-05,-0.0737242690752,0
2.08389666456,-1.60793547083,0.78840131967,-0.00561397103593,0.0218229852617,0.249075457454,0.968221902847,-0.729553269902,-0.137232114482,0.124984239619,0.970500040963,-0.260448362681,0.153501383301,0.0465755651707,0.0517769614468,-0.161938536217,0.173152599636,-0.383695362846,-0.0889197464328,-0.0634415373206,0,0,0.734017302252,0.438484990757,-0.386246622485,0.138202620902,0.000189961757066,-0.0932896713752,-3.3557518752e-22,0.0768193276401,-0.52331837128,0.394412386682,0.138320832129,-0.000100512390478,-0.0884619783359,0
2.11071200333,-1.59827948071,0.784408906468,-0.00750650279224,0.0291320830584,0.249408096075,0.967931091785,-0.712466392562,-0.129285299443,0.152086844573,0.684032723891,-0.276819902927,0.121877806149,0.0738476190044,0.054303923193,-0.16141607097,0.181632293888,-0.433275595738,-0.0886127730988,-0.0458717346191,0,0,0.773400664002,0.410312752719,-0.351072823386,0.136646565067,0.000226442056186,-0.0903694596546,-4.74537516318e-22,0.0177356094554,-0.514736822169,0.3634921422,0.138470523561,-0.00012438137556,-0.10567386579,0
2.13849027787,-1.58660314483,0.779375413506,-0.00882187113166,0.0341765396297,0.249778553843,0.967659473419,-0.701052808566,-0.115644194298,0.192591102746,0.456552548722,-0.328490725936,0.0855907187757,0.103707722308,0.0532791133647,-0.160532374684,0.212715893715,-0.485776411423,-0.0806947535538,-0.0269234739244,0,0,0.801638873727,0.39463095128,-0.33573440575,0.134319514488,0.000196531102749,-0.0817396419719,-1.40293500402e-21,-0.0249103890054,-0.504525813869,0.335811336097,0.136246318673,-9.04313341543e-05,-0.124756383814,0
2.16716244086,-1.57311700264,0.774777082896,-0.00921071879566,0.0361281447113,0.246871829033,0.968330621719,-0.714275467631,-0.101353625586,0.223123629191,0.380273761604,-0.414111505705,0.0701041708781,0.137505526495,0.047424812476,-0.158205351409,0.248493353888,-0.539655973242,-0.0675980552864,-0.0164734590799,0,0,0.829037844558,0.374055094703,-0.322218443682,0.131783237153,0.00019946450966,-0.0725399710916,4.40381642017e-24,-0.0543956861828,-0.485506729927,0.323788416689,0.133481221106,-0.000112254980616,-0.141372526945,0
2.19710726606,-1.55752042442,0.772073333326,-0.00867539551109,0.034207418561,0.245675861835,0.968709409237,-0.687460697758,-0.097144511183,0.247255173756,0.358139002253,-0.42880285948,0.079075481193,0.174407955838,0.0390565129556,-0.153153545847,0.30031913617,-0.568630017618,-0.0489187327679,-0.0243045482785,0,0,0.853982331101,0.346584030207,-0.319228502138,0.131438851659,0.000285482183603,-0.0678810121433,5.45821222375e-21,-0.0643845973685,-0.462955032168,0.325363165302,0.133009648687,-0.000329982167747,-0.150011098969,0
2.22955138411,-1.53950083417,0.771861149895,-0.0102462545037,0.0409492738545,0.242518514395,0.969228029251,-0.630900407554,-0.10058178716,0.275042710345,0.336274892878,-0.348977513526,0.10828687681,0.185553844558,0.026883572553,-0.147330332112,0.343471401639,-0.606231257886,-0.0291566618632,-0.045165874064,0,0,0.846957483861,0.30478954776,-0.325427804198,0.133560548747,0.000454577601561,-0.0685683229151,-9.79764729104e-23,-0.0741443262384,-0.442781478721,0.336297858005,0.13481219186,-0.000705071125853,-0.155071543124,0
2.26053257631,-1.5197994491,0.77364262489,-0.00954898167402,0.0375341996551,0.246368721128,0.968402028084,-0.585410670947,-0.120677240488,0.263970518871,0.327760748445,-0.239169264822,0.156415415606,0.174805030429,0.015477115383,-0.14032350639,0.464767478445,-0.643511433009,-0.0307126921365,-0.0608427897096,0,0,0.83391258845,0.297514588141,-0.33659310546,0.135409580793,0.000525790942327,-0.0720848312328,-7.20483694599e-22,-0.0360220738482,-0.416558885077,0.345993138917,0.137328271459,-0.000928726182106,-0.150279661296,0
2.29053680409,-1.49932572072,0.776316673163,-0.00824952684343,0.0309941247106,0.257077008486,0.965858519077,-0.535017015338,-0.156051144333,0.214904317371,0.350072653107,-0.183664940016,0.207764706472,0.115592843852,0.000622904383066,-0.128690846662,0.655165355249,-0.575091800139,-0.0449954181408,-0.0600857883692,0,0,0.787573872902,0.321203679861,-0.373130594264,0.13532074819,0.000428280232377,-0.0728382005221,-1.33817105884e-20,0.0458576804094,-0.401321010055,0.347053132562,0.138293538922,-0.000751853290654,-0.131798824021,0
2.31811275909,-1.47834235755,0.778785442735,-0.00701957568526,0.0253320746124,0.266947209835,0.963352560997,-0.475383810707,-0.193459842048,0.178091857103,0.347903942787,-0.191762998375,0.24571885758,-0.000365643375647,-0.0217396561288,-0.107685749924,0.892275402848,-0.2536318464,-0.0450913381463,-0.0448206216097,0,0,0.712507533081,0.348890397974,-0.415322789352,0.135032483965,0.00028570555955,-0.0766307576894,1.38011837873e-21,0.145090139157,-0.400888928563,0.35322717867,0.136746472439,-0.000379538197124,-0.104497765224,0
2.34284856872,-1.45973005655,0.780567520524,-0.00623616017401,0.0222449935973,0.269861400127,0.962621986866,-0.415172024774,-0.230400486194,0.181372344992,0.329964457093,-0.211037467561,0.258741354165,-0.150893105236,-0.0486659735056,-0.0788608710934,1.08383665785,0.0749819567015,-0.0589929312198,-0.0221176538616,0,0,0.625355856203,0.35278365104,-0.434829883894,0.135389933288,0.000227347035739,-0.0876371803257,-5.07839617022e-22,0.228920774998,-0.416565884412,0.368363240545,0.131303008862,-7.68886648894e-05,-0.0759018976872,0
2.36555942943,-1.44742659588,0.782242410608,-0.00303019816056,0.010598057881,0.274887412786,0.96141320467,-0.349610156829,-0.2655207766,0.205749878344,0.35017388663,-0.215073408356,0.257160448235,-0.319045230748,-0.0722644694314,-0.0530575959187,1.42285254537,0.130202470284,-0.112962602464,-0.000939318560995,0,0,0.542508565825,0.330501815543,-0.474456345977,0.136604182675,0.000287847384638,-0.098486274811,1.53270929443e-22,0.321807496196,-0.464212379687,0.371169584803,0.125574284807,0.000104161012026,-0.0591935214099,0
2.38972576328,-1.43109515717,0.784897553075,-0.00316359917633,0.0107563044876,0.282146990299,0.959305644035,-0.26666146244,-0.292688279529,0.203340459248,0.263121563217,-0.210018745979,0.256528644216,-0.452946596974,-0.0796726637559,-0.035429509577,1.52596036218,0.0312761675664,-0.180093133999,0.0110727548599,0,0,0.431677626854,0.343926043835,-0.490638144053,0.13696700238,0.000266030672385,-0.103338688144,4.40076235437e-20,0.399346376585,-0.444307052946,0.35342614151,0.121387836472,7.92005874027e-05,-0.0489204932652,0
2.4137669352,-1.41441464603,0.788778449416,-0.00332214543596,0.0106975082308,0.296562105417,0.954947888851,-0.167926949948,-0.30538131114,0.16318494015,0.161322826824,-0.189134218606,0.25754538771,-0.544940440332,-0.0703341208726,-0.0255675429099,1.55800793459,-0.036230013212,-0.235674567703,0.0138825858012,0,0,0.317044957333,0.362369522876,-0.511972486931,0.13760481005,0.000229828694559,-0.105461585001,6.87960680527e-22,0.485951974091,-0.392281039182,0.30238102358,0.120494776456,-1.25400590519e-05,-0.048454474023,0
2.43893653719,-1.39418236398,0.79278330209,-0.00746681541204,0.0227842964232,0.311331391335,0.949998915195,-0.065965749556,-0.304372905894,0.1096415277,0.0159136476311,-0.163095839443,0.258807106171,-0.594398272799,-0.0502267003217,-0.0164568287441,1.36677919003,-0.103907940497,-0.25930206019,0.0134954703972,0,0,0.180558332659,0.417075465691,-0.521175553413,0.137481054329,9.41658663315e-05,-0.110410678841,-1.85137044497e-22,0.539283558314,-0.294981432773,0.253938151,0.121080267559,-0.00022185103869,-0.0509053460669,0
2.46172521311,-1.37846402141,0.795463323503,-0.00869872327894,0.025022868067,0.328240960836,0.944222450256,-0.023091824493,-0.294668744955,0.0734716264696,0.0330866452766,-0.185166810478,0.259570852516,-0.643671057102,-0.0301270005811,-0.00516838878066,1.27739629963,-0.165787673519,-0.261789990062,0.0139756221324,0,0,0.0777272174366,0.415253905861,-0.527030606551,0.137539116926,0.000143569642169,-0.121988817351,8.34844422575e-22,0.603522145608,-0.254684633556,0.215845064701,0.121662761625,-0.000343318791845,-0.0534341300945,0
2.48504763558,-1.36310461517,0.796150618079,-0.0105044385418,0.0284963790327,0.34571313858,0.937848627567,-0.00254302834479,-0.284309992665,0.0484508431675,0.0783728714622,-0.228156849003,0.259793455604,-0.679806445562,-0.0135194282578,0.00991358794585,1.12435411299,-0.230265933695,-0.261789992861,0.0145027944818,0,0,-0.0136731667482,0.397676824563,-0.514842514922,0.135738793854,0.000305673064987,-0.146556063363,-4.10399299918e-22,0.658689874215,-0.221433293488,0.193885641305,0.12184616464,-0.000437082998911,-0.0534000919414,0
2.50902129459,-1.34704059773,0.794944263207,-0.0124409003183,0.0321433208883,0.360737383366,0.932030320168,0.0213922673984,-0.269587085795,0.0309037964736,0.119044104896,-0.273992839179,0.258259871398,-0.686724712184,-0.000771976023991,0.0254108973467,0.913609339081,-0.281935913539,-0.25565304743,0.0131541956216,0,0,-0.0852846440768,0.373898091008,-0.492412336468,0.129923151586,0.000546907837908,-0.177764475159,4.93295080268e-21,0.704165812208,-0.199966976483,0.189564360746,0.121455807148,-0.000474431812251,-0.0507835362474,0
2.53352519298,-1.32972693386,0.792114200928,-0.0143044162542,0.0353351645172,0.374967098236,0.926254034042,0.0507360484495,-0.2506418721,0.0132153253939,0.154777364312,-0.32568350389,0.249555301079,-0.66888319954,0.00592974250761,0.0326963776415,0.660188818696,-0.335760646244,-0.226710767943,0.0101788751781,0,0,-0.140716851212,0.355957792921,-0.477548432129,0.119658560631,0.000788074329581,-0.212981945868,-1.62181835665e-21,0.741235099821,-0.18161977719,0.185641481607,0.120963281343,-0.000497320257693,-0.0481277838846,0
2.55889886809,-1.31029560043,0.787993940633,-0.0156616084278,0.03695448488,0.389896482229,0.919983565807,0.0841019336818,-0.229511108577,-0.0102193607489,0.189914416672,-0.385068377967,0.229925804197,-0.658311420447,0.00454437798817,0.0213078583609,0.438385497589,-0.423306030536,-0.16118285403,0.00677997106686,0,0,-0.176166035398,0.344056113029,-0.477005640907,0.106361791523,0.000980476015204,-0.248481934165,4.01731501586e-22,0.770231345457,-0.166725308543,0.179603729361,0.120996118332,-0.000527243049488,-0.0473420836026,0
2.58592682869,-1.28961670295,0.783263762571,-0.0168463848531,0.0379220470786,0.405630677938,0.913094699383,0.116302670841,-0.20291913268,-0.0289235706559,0.234805384477,-0.451654743924,0.201487263041,-0.695258681991,-0.00532431237401,-0.0111053150184,0.378308460913,-0.553499390643,-0.0623780709497,0.00307333189994,0,0,-0.19311751414,0.337138806991,-0.486580546714,0.0918828864337,0.00108116877065,-0.27976748359,2.94646330743e-21,0.790407883665,-0.152345319331,0.167954369928,0.121412846605,-0.000572904807901,-0.0484039804731,0
2.61484383559,-1.26899633127,0.77896397931,-0.0181951485574,0.0391999296844,0.420626193285,0.906204104424,0.14421998648,-0.172143745222,-0.0414525644402,0.299275886693,-0.519062242035,0.173264969137,-0.713512032083,-0.0168771677828,-0.0505914102297,0.388415876102,-0.610478742107,0.000285513804255,-0.00129460822791,0,0,-0.19169719108,0.338651252169,-0.501359662605,0.0798212996579,0.00104484347426,-0.302982359207,-4.47862417489e-21,0.799970563267,-0.139193826055,0.157919002685,0.122139357184,-0.00062583033295,-0.0503722093112,0
2.6440326477,-1.24723054169,0.776130409867,-0.0192384775728,0.040185842663,0.431376695633,0.901071071625,0.159702724943,-0.149601652813,-0.0600064750683,0.377520795892,-0.588801683775,0.155810894598,-0.684057510922,-0.0134178231183,-0.0739856829749,0.391479275062,-0.515770808021,-0.0253603613795,-0.00661214441061,0,0,-0.1667575679,0.345260214175,-0.511715903145,0.0733695414052,0.000893187765015,-0.313440700182,-2.3252618999e-21,0.793942550278,-0.147162569645,0.164163871583,0.121718204585,-0.000594498125731,-0.049962042791,0
2.6734093123,-1.22461733358,0.775351874223,-0.0197741445154,0.040281612426,0.440220952034,0.896767437458,0.158602117231,-0.147141512564,-0.0892676117257,0.486726494068,-0.647491119974,0.155044762656,-0.668098935092,-0.000717944737919,-0.0693775114665,0.433017276587,-0.379715173959,-0.0612387879664,-0.0141314547509,0,0,-0.118262085029,0.354770511026,-0.518048609839,0.0768779126587,0.000627428711933,-0.307279597401,8.64399006241e-21,0.777512461995,-0.169716015138,0.180388635092,0.121597076153,-0.000533467159894,-0.0503000608683,0
2.7022480656,-1.2002391451,0.776464302855,-0.017612548545,0.0354951992631,0.444135844707,0.895082831383,0.124698484279,-0.157976573563,-0.107241010523,0.632786535847,-0.639335637344,0.163834667366,-0.640676485259,0.0106126566119,-0.0520194788829,0.496690305871,-0.290982748919,-0.0542805109808,-0.0261345356703,0,0,-0.0274474787277,0.366494414601,-0.515493930001,0.0928852281532,0.000247234312445,-0.271971343621,4.95871108671e-20,0.743218464997,-0.218219110826,0.21394322793,0.119586534518,-0.000370102854821,-0.0466479833227,0
2.728669506,-1.17544053532,0.778667240343,-0.0149538358673,0.0297676734626,0.448644697666,0.89308911562,0.0338051591604,-0.156302447716,-0.0864684323729,0.839804073086,-0.435715398711,0.146183415047,-0.594130621395,0.0173833460493,-0.0479907479397,0.519338344034,-0.270818429977,-0.0583340029821,-0.0447589680552,0,0,0.0821884686906,0.378766428158,-0.514495811177,0.115671486928,-9.8028470358e-05,-0.216432076014,-2.00856155911e-20,0.691736966397,-0.266749870003,0.243094313927,0.120054781021,-0.000261109346319,-0.0478590488966,0
2.75328300327,-1.15310559876,0.78135860524,-0.0133659588173,0.0256403014064,0.462057650089,0.886378407478,-0.113917799079,-0.130534609286,-0.0296343218386,1.05367644762,-0.0961451547844,0.111757441988,-0.547571429093,0.0213742192952,-0.069411279654,0.533424139041,-0.29252340364,-0.0995285269267,-0.0687211975455,0,0,0.164822437326,0.426301517185,-0.561841274163,0.130607874445,-0.000379460274134,-0.161275251306,-5.62137778244e-21,0.626029046559,-0.304448797147,0.267929260655,0.123491928448,-0.000220417668815,-0.0554453435464,0
2.77057726814,-1.13395560565,0.784881716037,-0.00857624318451,0.0158724468201,0.475291341543,0.879643499851,-0.287188722234,-0.0993997208159,0.033969718687,1.3743599877,0.0947081719167,0.129399411207,-0.497261366763,0.0243612405446,-0.104701196458,0.61651196185,-0.311676826721,-0.13697708537,-0.0900138542056,0,0,0.250994719239,0.514923666015,-0.625625497042,0.1341967742,-0.000397910499904,-0.115674222581,-1.29590263111e-20,0.560569229971,-0.330736508631,0.318274520459,0.126370439588,-0.000190888718704,-0.0598658772481,0
2.78936777692,-1.11188030884,0.789685599346,-0.0102091301233,0.0183373708278,0.486325740814,0.873525500298,-0.416137756592,-0.0903855402959,0.0696279766947,1.49711394159,0.0669645705342,0.187466606456,-0.424707708821,0.0256770257115,-0.138358252498,0.554855430476,-0.331411956129,-0.147753384706,-0.100051872432,0,0,0.326640690893,0.542174256001,-0.63271147044,0.134251180589,-0.000282364234232,-0.0938986768744,5.06559018219e-21,0.466055573797,-0.374284796834,0.351389952908,0.128243971656,-0.000150382693233,-0.0597960654217,0
2.81199490409,-1.08749006449,0.794755643535,-0.016403734684,0.0287608839571,0.49516004324,0.868170619011,-0.495768481214,-0.104539009136,0.0803526438129,1.40633196524,-0.00534261497903,0.223664777844,-0.324624243261,0.02833922902,-0.164585108018,0.404283303048,-0.340841323574,-0.147149013328,-0.0998940765858,0,0,0.398544914946,0.506520024612,-0.591787478538,0.134134250825,-0.000190760740502,-0.0865955586087,1.62490597665e-20,0.3543710802,-0.443144665821,0.370503711194,0.130517753101,-8.72964794873e-05,-0.0607259005923,0
2.82918592681,-1.06482666009,0.79806366653,-0.0174916312099,0.0299438852817,0.504091739655,0.862953603268,-0.588136166969,-0.115737561062,0.0949787935683,1.38341030541,-0.0717550442253,0.240170113258,-0.226677819113,0.0358063621265,-0.189245691832,0.299715120254,-0.3375521887,-0.143477329278,-0.0968881472945,0,0,0.48288771916,0.492303998592,-0.541100361814,0.135524093138,-0.000105345873792,-0.0902473988975,2.39361946709e-20,0.27032331235,-0.478734078975,0.386969044179,0.132967691834,-8.31716756249e-05,-0.064581357594,0
2.8418987393,-1.04425429272,0.798696326065,-0.0144018996507,0.0240111127496,0.514168858528,0.857231855392,-0.696269768282,-0.114501825843,0.115671745382,1.449211278,-0.156733842996,0.249944702542,-0.142442974003,0.0483277905355,-0.215107778656,0.239963102161,-0.330805818226,-0.136896366407,-0.0938894450665,0,0,0.568411502056,0.519101491047,-0.500838123087,0.13722775823,-5.20838889166e-05,-0.0972688184781,8.07759986377e-21,0.213340568597,-0.475190554133,0.395062614056,0.135671815088,-0.000152771250854,-0.0715780162483,0
2.85855711147,-1.02183452662,0.797444597256,-0.0173868611455,0.028502209112,0.52048009634,0.853220820427,-0.762771186332,-0.110664730185,0.135360996487,1.33813375999,-0.237104360051,0.251481543793,-0.0722265662734,0.0598944180447,-0.234216883171,0.18860670738,-0.339385248637,-0.130216245755,-0.0893887504935,0,0,0.627963838019,0.508974302737,-0.451484802762,0.137438065263,4.50376375005e-06,-0.102019916164,-2.69620563358e-21,0.131850369263,-0.491680008514,0.396304072971,0.138778532338,-0.000220756023645,-0.0834098897627,0
2.87495310392,-0.998573917925,0.795351203849,-0.0196571070701,0.031760878861,0.52590239048,0.84972435236,-0.778035918289,-0.11030455226,0.15529315404,1.11862323151,-0.279620069989,0.242755315687,-0.0279525263017,0.0616947115742,-0.240359291866,0.158877611586,-0.387244988032,-0.125969799342,-0.0852222591639,0,0,0.686158867863,0.481832391058,-0.406855408218,0.137554818084,0.000100172571614,-0.102167809701,2.25675346763e-22,0.0600118285978,-0.507956553353,0.392056620681,0.140657829465,-0.000282683117519,-0.0942967409466,0
2.89118754762,-0.974597957337,0.792648495468,-0.022266279906,0.0355885401368,0.52993285656,0.846999883652,-0.742596833829,-0.110693223025,0.18374290739,0.844751004471,-0.294176583579,0.205345965338,0.022955404202,0.0645174986165,-0.231400635481,0.153919268748,-0.416665109284,-0.126379086684,-0.0864941850305,0,0,0.733788795932,0.460031145882,-0.374457977646,0.13771876486,0.000193903948247,-0.0978114794081,-8.05822860001e-22,-0.00142617725483,-0.501888939572,0.37890395553,0.142546672891,-0.000443460292641,-0.104811349785,0
2.9088818484,-0.948040066333,0.789134974572,-0.0262319054455,0.0423248969018,0.526147902012,0.84893399477,-0.678793703269,-0.103398500892,0.225713038153,0.455411287867,-0.33352510544,0.143722846856,0.062359255525,0.0621865095726,-0.218662200083,0.154446401086,-0.453666194723,-0.124927307282,-0.092805236578,0,0,0.770436637091,0.41049400392,-0.349205590041,0.137836680391,0.000351677741551,-0.0913194749926,2.37032478722e-22,-0.0695130984269,-0.498818753153,0.379215975183,0.144294150159,-0.000656150426685,-0.115867146908,0
2.92488810723,-0.920248311138,0.78502720855,-0.0264457352459,0.0428940691054,0.52414137125,0.850139141083,-0.648799175882,-0.0909420174357,0.259769846701,0.290671441112,-0.400331033864,0.105380193525,0.105799234434,0.0563384861745,-0.212057805818,0.159891029911,-0.491187561702,-0.112077760223,-0.096655741334,0,0,0.81041326767,0.384729623338,-0.329161006609,0.137695785653,0.000447840504923,-0.085268309752,2.176291297e-22,-0.100812663074,-0.460533745632,0.37125011228,0.144961837527,-0.000987292576464,-0.128292741571,0
2.94008662231,-0.889447573493,0.781261171835,-0.026355471462,0.0427517071366,0.524109899998,0.850168526173,-0.661650568814,-0.0830742322961,0.273631825924,0.273549859819,-0.466522880624,0.0987211637821,0.151812252074,0.0472146167379,-0.214065720175,0.185400797969,-0.522843971011,-0.0805021909908,-0.0933034569025,0,0,0.833629511648,0.365620201948,-0.324877162551,0.136906035047,0.000477020950139,-0.0789058424848,7.40346642962e-23,-0.10779413148,-0.427337416983,0.364004859354,0.143595250001,-0.00123997095416,-0.141382936778,0
2.95386298233,-0.857153715505,0.778983871507,-0.0272672399879,0.043904222548,0.526885986328,0.848363161087,-0.627978289625,-0.103162027354,0.275613606664,0.269788795835,-0.384997924169,0.126808011937,0.17315131342,0.0335831754525,-0.220022304754,0.259378329475,-0.571642417663,-0.0403108519496,-0.0857826024294,0,0,0.839048330862,0.346854569737,-0.327372095177,0.13632094747,0.000488980872558,-0.0756595639093,-2.92188790324e-21,-0.0931267537757,-0.399653962678,0.356425794743,0.141020845565,-0.00141113020813,-0.154542017538,0
2.96635922743,-0.82411195476,0.778798704199,-0.0278921797872,0.0440620779991,0.534135401249,0.843789041042,-0.608723124514,-0.129606207209,0.256677947774,0.290087786905,-0.275215390647,0.181383419864,0.166024671791,0.0207748397144,-0.221066733562,0.39001222512,-0.637061944344,-0.0263051524056,-0.079121299088,0,0,0.825087616945,0.339903641456,-0.338891374681,0.136154351186,0.000474618164826,-0.0758391141416,8.61511314633e-22,-0.0500425944313,-0.376102515702,0.349757860772,0.139145485722,-0.00145317282874,-0.159983436749,0
2.9785262375,-0.791117650331,0.780486855748,-0.0260032173246,0.0394868403673,0.5493709445,0.834239900112,-0.578121234151,-0.159594771145,0.216685897844,0.339263010755,-0.209622342662,0.21720653609,0.124608055041,0.00718777179214,-0.211693261013,0.555133628988,-0.64426156161,-0.0501460691876,-0.0742064118385,0,0,0.780145891816,0.36621120717,-0.374801411817,0.134723659907,0.000332179430334,-0.0722511608921,1.63005761032e-20,0.0375237838405,-0.351973964907,0.340501617113,0.139001106011,-0.00121556539778,-0.141843000929,0
2.98920927873,-0.75910589986,0.783313082067,-0.0227343663573,0.0335657261312,0.560324430466,0.827280461788,-0.52893670317,-0.185908066584,0.198163747697,0.362306183653,-0.197162356704,0.237573599774,0.0318934433816,-0.0143518972478,-0.191689385079,0.780814857657,-0.435767229406,-0.0765761436749,-0.0677646994591,0,0,0.723042346925,0.373083062767,-0.395657830977,0.134275950454,0.000256662816545,-0.0737202542065,-2.01490764885e-22,0.137931275437,-0.345816078329,0.358512617164,0.139217585458,-0.000754986148472,-0.109100537475,0
2.99718983077,-0.72862858851,0.786564113644,-0.0188781917095,0.0276859328151,0.563049376011,0.825743615627,-0.461452984972,-0.210858211281,0.201613411901,0.352747822863,-0.198268323426,0.255274372204,-0.0974079497841,-0.0415056913148,-0.164794780823,1.01908750996,-0.101016351022,-0.101680334061,-0.0569958873093,0,0,0.663275897971,0.346743392766,-0.392628156434,0.135043101778,0.000295551904219,-0.0850927324793,-4.98224125524e-22,0.219068888374,-0.374120416775,0.398235486321,0.134760130754,-0.000302077132856,-0.076174771541,0
3.00603248761,-0.699975660115,0.789870383057,-0.0167096816003,0.0244523212314,0.563956677914,0.825273096561,-0.385946133121,-0.234087451969,0.20055972646,0.314715590208,-0.206550084654,0.259602377762,-0.22509965376,-0.0624222432293,-0.136786419562,1.19462174833,0.0492859220966,-0.149033441607,-0.0429465100169,0,0,0.582469646867,0.345331647576,-0.40465492329,0.135212819172,0.000276005542517,-0.0992047708041,3.99969942282e-22,0.277435380421,-0.401731688892,0.433287178294,0.12927622151,-9.2326692249e-05,-0.0577429233142,0
3.01525041101,-0.672892078084,0.79308963096,-0.0154160289094,0.0222595948726,0.569139540195,0.821794986725,-0.307023332341,-0.255742661806,0.185586999512,0.266890296187,-0.212662986663,0.259221511865,-0.342757990551,-0.0716031697617,-0.111402331913,1.33720848888,0.00307463937085,-0.205766133248,-0.0286753419787,0,0,0.475933544013,0.382134487598,-0.455293936771,0.134800535109,0.000116413637917,-0.107277086464,3.72958297433e-23,0.339726846918,-0.417732583184,0.45355437747,0.125314220677,-6.96920127106e-06,-0.0483990651514,0
3.02417680139,-0.646352983288,0.796038443626,-0.0140891922638,0.0198508854955,0.578615605831,0.815237045288,-0.225334813456,-0.277016438615,0.159442030589,0.209795122615,-0.213060795163,0.25915182043,-0.449648537085,-0.0705935861674,-0.0869732027959,1.41112426974,-0.0729548351473,-0.247324888473,-0.0158551037312,0,0,0.358466289098,0.425712267741,-0.521874684783,0.1352073551,-3.05124982523e-05,-0.109419318802,4.55606264147e-21,0.4189094988,-0.402570608257,0.427696583702,0.123798201312,-7.93167370007e-06,-0.0476341075724,0
3.03245831196,-0.619976971626,0.798444029443,-0.0131160384044,0.0179690718651,0.58942502737,0.807516694069,-0.143703162999,-0.294545839859,0.12970494708,0.144030341779,-0.207661836164,0.259171322237,-0.542190426747,-0.0615957182277,-0.0606059894786,1.42279277418,-0.136922539027,-0.261788658261,-0.00416354183108,0,0,0.248323246506,0.446572983619,-0.56402923399,0.136271057682,-6.63842943752e-05,-0.110482971823,-3.40373289533e-22,0.502218268699,-0.364918220108,0.367219034065,0.124459512308,-7.6182128158e-05,-0.0528351148695,0
3.04075516638,-0.594419280001,0.800049433837,-0.0131061701104,0.0174432769418,0.60055232048,0.799287736416,-0.0716997887606,-0.302923591311,0.10095400261,0.0927457076588,-0.204149945877,0.259234592801,-0.615393347709,-0.0457212585176,-0.0332725350624,1.36600584501,-0.198630692745,-0.261786139687,0.00686970585957,0,0,0.156309943362,0.439069202394,-0.568394619796,0.137413213591,1.24389614746e-06,-0.114871939947,4.25343344932e-23,0.569092541464,-0.337109111283,0.322548233708,0.125569269052,-0.000157271151259,-0.0580876775989,0
3.04976441351,-0.569398294092,0.800652172878,-0.0142057109624,0.0183109566569,0.612803757191,0.789895236492,-0.022315086061,-0.300295116866,0.0752444261682,0.0859056757492,-0.218088180852,0.259315306748,-0.665215429733,-0.024777323015,-0.00710631428864,1.2495762804,-0.255851615314,-0.261789984837,0.0160541236401,0,0,0.0754146531327,0.419168160792,-0.555032055853,0.13808627184,0.000142092762547,-0.124759357177,-4.59085159396e-23,0.626759803822,-0.311562105965,0.290839932503,0.126087976661,-0.000241127472961,-0.0605747851904,0
3.05863534686,-0.544177564223,0.800065599672,-0.0164646394551,0.0205076560378,0.625834286213,0.779512584209,0.00929526783558,-0.289825259419,0.0505698792217,0.109330357837,-0.25160748246,0.259438849108,-0.687893802765,-0.00295094407795,0.0170909126823,1.07344890404,-0.300284819424,-0.261789999998,0.0211173333228,0,0,2.81040514465e-05,0.393808593783,-0.53642614629,0.137267094279,0.0003549652883,-0.143731524172,-1.55307883109e-21,0.677990901289,-0.284494189488,0.263497040215,0.125791480929,-0.000321056018247,-0.0598378987852,0
3.06757028595,-0.518287404396,0.798123507518,-0.0189231280237,0.0227576810867,0.639074265957,0.768575370312,0.0379015742219,-0.275429322221,0.0234062704467,0.142169934887,-0.295605922163,0.259614757487,-0.680810965825,0.0142963682656,0.0379096925569,0.842095073668,-0.333376051465,-0.254307386205,0.0212301984429,0,0,-0.0642517079925,0.373581606706,-0.522645694114,0.13393878172,0.000570148453812,-0.167272893392,1.01090899817e-20,0.720555004013,-0.262453314984,0.248766026753,0.124589713105,-0.000364763304482,-0.0563621745171,0
3.07615275505,-0.49072772483,0.794815265325,-0.0210861973464,0.0244689118117,0.652462363243,0.757132411003,0.070242659718,-0.259459414203,-0.0053531785459,0.171613062252,-0.346467387561,0.259616621259,-0.653075263463,0.0239798335016,0.0519646606032,0.578515498041,-0.37892671555,-0.213479691518,0.0179472081363,0,0,-0.115262863286,0.362321496963,-0.520106386718,0.127770119484,0.0007278320279,-0.193907972709,5.54542674963e-21,0.757288052631,-0.243890972449,0.239999866897,0.123511781486,-0.000390426756491,-0.0527856261743,0
3.08360942445,-0.46091080153,0.790504467378,-0.0222935061902,0.0250213034451,0.664862334728,0.746213793755,0.104001462441,-0.241043441371,-0.0283996482204,0.206747863568,-0.404747404641,0.253985418282,-0.649418127743,0.0279655286549,0.0520233435849,0.38920431505,-0.472426501988,-0.137930776408,0.0133386217058,0,0,-0.148964865606,0.356337706029,-0.527856433177,0.118363714418,0.000819889139326,-0.221998601704,4.06088032114e-22,0.78543738471,-0.236663370789,0.23710762282,0.122482166026,-0.000385523169717,-0.0499218273364,0
3.0922157861,-0.429280866158,0.786015626049,-0.0232829581946,0.0253245476633,0.676409900188,0.735721588135,0.135918681101,-0.218354537506,-0.0431133596768,0.256711026141,-0.469171678826,0.237303482372,-0.684958154166,0.0277556852044,0.0351123484506,0.368192267225,-0.580120684891,-0.0536065679003,0.00856442935765,0,0,-0.162118998849,0.354550944356,-0.538951503392,0.107193059921,0.000854726271456,-0.24931391858,-8.48299182155e-21,0.803212056209,-0.22869930808,0.231588196094,0.122146988781,-0.000395629552338,-0.0491829043826,0
3.10142669517,-0.396532255018,0.782408124114,-0.0235006902367,0.024869626388,0.686417639256,0.726402103901,0.161832486992,-0.194826963904,-0.0550613849376,0.321095270819,-0.534316022814,0.216889296999,-0.668355974516,0.0259738760443,0.0132893414261,0.367836098758,-0.565430478806,-0.00825080007563,0.00437956862152,0,0,-0.152109421879,0.357203471629,-0.54636796977,0.0982604375888,0.000829471044997,-0.268859423123,-5.21909000364e-21,0.810448790791,-0.219490206772,0.224797822778,0.12225185009,-0.000418744420787,-0.0499637026651,0
3.11037281335,-0.362642692137,0.780548559917,-0.0243310928345,0.0253126360476,0.692563295364,0.720502138138,0.17596766795,-0.179195972044,-0.070564749753,0.402237334422,-0.596593322961,0.204394751102,-0.637653993891,0.0318118735176,0.00296967028439,0.390344954364,-0.46687251184,-0.0181947105873,0.000969091139268,0,0,-0.119332353786,0.360595917025,-0.544398736672,0.0940302151932,0.000778273620129,-0.27740544685,3.92092821323e-21,0.800010239383,-0.22474007813,0.227769677243,0.122777604313,-0.000414893648867,-0.0516569556386,0
3.11888623515,-0.327633083502,0.78076655209,-0.0219518952072,0.0224271863699,0.69914919138,0.714286744595,0.169182894242,-0.176103105668,-0.0899891132675,0.519537493605,-0.644646153843,0.200381582848,-0.616313114259,0.040136165702,0.00727919242518,0.441215173482,-0.357209453302,-0.0157319261385,-0.00324967969209,0,0,-0.0631043822106,0.370119578911,-0.551356857614,0.0994183162948,0.00058933626041,-0.265593768584,2.98316809096e-21,0.783751209167,-0.234185469072,0.230373294152,0.122869746799,-0.000393822239775,-0.0526406100526,0
3.12547115506,-0.292668109011,0.782765526062,-0.0173814371228,0.0175141114742,0.704198777676,0.709573984146,0.118824004317,-0.171272420525,-0.0883381090267,0.692114679648,-0.607723498899,0.183597162939,-0.57822496178,0.0437000280115,0.0121456336173,0.487494068356,-0.299587939586,0.0151052252422,-0.0112812975422,0,0,0.0276179553393,0.376705978281,-0.549117222422,0.114885047301,0.000315399142932,-0.225585557318,4.28930477305e-20,0.750653057172,-0.259957864537,0.244443779495,0.121115581494,-0.000298210994293,-0.0494699662305,0
3.13104447731,-0.259193268292,0.785848432958,-0.0138209080324,0.0135243926197,0.714598536491,0.699267506599,0.00893700451376,-0.148129661003,-0.0499241638215,0.911881686026,-0.357234944405,0.131396561759,-0.523246192949,0.0430895892743,0.00327448825667,0.502061053362,-0.302393515124,0.00930560848839,-0.0253167971969,0,0,0.111524783306,0.407745986827,-0.579786070611,0.130579140327,-3.73908322446e-05,-0.174524902406,2.42018559744e-21,0.709012878779,-0.276524837088,0.247330374553,0.122002933734,-0.000269676246024,-0.0526532089262,0
3.13626182239,-0.22882855609,0.789395162314,-0.0122290560976,0.0114262886345,0.730580151081,0.682621777058,-0.137187675613,-0.116028915065,-0.00506630733714,1.1023477828,0.0185004256618,0.0828388576866,-0.469764702499,0.0418968534961,-0.0203721369168,0.509067734691,-0.333854470233,-0.039457220348,-0.0442509800196,0,0,0.168027138295,0.469978891686,-0.645367143512,0.136759586268,-0.000267823144703,-0.130095411894,-9.64392110192e-21,0.65449885635,-0.296693990923,0.257385767417,0.12459276286,-0.000260097335359,-0.0608364567295,0
3.13966903237,-0.201064913008,0.793138731258,-0.0141695449129,0.0126582626253,0.74562305212,0.666097044945,-0.282892361476,-0.0932797462392,0.0254180719304,1.26856889367,0.212128643002,0.0939517643602,-0.418288177097,0.0414880334455,-0.0500701962725,0.535653417044,-0.368334357964,-0.0869451188093,-0.0634163692594,0,0,0.226813567738,0.51595693394,-0.671859156714,0.136073424937,-0.000298854875468,-0.104585671536,1.2190770406e-20,0.577287048049,-0.335571241061,0.287575555558,0.125589162944,-0.000184222141378,-0.0631691443276,0
3.14086168738,-0.173044808547,0.796811992521,-0.0165309384465,0.0142643088475,0.756923615932,0.653138518333,-0.405221980387,-0.0872486899809,0.0485185667484,1.3705764369,0.165972727067,0.140349489607,-0.356983173192,0.0418207353334,-0.0793589119007,0.489248771346,-0.394955198572,-0.115757302257,-0.0782279521227,0,0,0.308099164895,0.525642757809,-0.64463271503,0.13580595499,-0.000255954877235,-0.0946750759353,2.37691177052e-20,0.492076316325,-0.389951232545,0.324848475915,0.126403467514,-8.73626313438e-05,-0.0608824795449,0
3.14057168875,-0.145688202005,0.799707540131,-0.018536221236,0.0155276367441,0.766351521015,0.641966223717,-0.50534372776,-0.0965356431779,0.0658940425615,1.40518376348,0.0615269289688,0.172237299922,-0.280549355529,0.0440999190009,-0.107673277574,0.423483015195,-0.399212617501,-0.132498580763,-0.0875880047679,0,0,0.399365053062,0.514798357744,-0.589965931626,0.136471961324,-0.000193432417004,-0.0943774451502,-5.3294834478e-21,0.408067319041,-0.440923006538,0.356130956978,0.128004222468,-3.08762535056e-05,-0.0595684918011,0
3.1389419534,-0.118884946509,0.801075553351,-0.0201214291155,0.0164320878685,0.774278461933,0.632311582565,-0.601234014019,-0.11369748596,0.0765667986025,1.37458667887,-0.0415680787907,0.183385904587,-0.209437158243,0.0476412418914,-0.138407478933,0.348311975882,-0.403759433044,-0.138121966376,-0.0924420431256,0,0,0.482572722244,0.501599591618,-0.533722403106,0.137369652103,-0.000115281556068,-0.0981062786706,-3.86945185464e-21,0.325939881043,-0.485046072973,0.378353713854,0.129695435104,-5.40476816929e-06,-0.059314271237,0
3.13510314303,-0.0962232203403,0.800885673292,-0.0142129063606,0.011326212436,0.781922280788,0.623110949993,-0.698576854303,-0.129889788238,0.0810092510062,1.44830681617,-0.137089314223,0.169897114003,-0.133017285004,0.0548713331124,-0.168726801697,0.340614800282,-0.386664937825,-0.132109324954,-0.093023262918,0,0,0.571496631758,0.531132226315,-0.4947343391,0.139012397741,-5.2820668545e-05,-0.102903802447,3.69016728129e-21,0.273666246244,-0.484204380452,0.39179133488,0.131671849994,-5.02633559674e-05,-0.0618107093052,0
3.13295610097,-0.069277883596,0.799643643984,-0.0173953250051,0.0136233353987,0.78710180521,0.616427242756,-0.746284332329,-0.144304391348,0.0797126613185,1.28536957827,-0.219107621802,0.138565813349,-0.0616180391563,0.060208157106,-0.193702864849,0.241701622707,-0.383198041183,-0.121300299038,-0.0888062343001,0,0,0.634753531075,0.517375698997,-0.451728790355,0.139490405585,2.01178156368e-05,-0.104964130912,7.63299354931e-21,0.199554012672,-0.514258330844,0.394916774157,0.134006141876,-5.34742023315e-05,-0.0673105629929,0
3.13037154018,-0.0417102786607,0.797531783165,-0.0215834639966,0.0166647434235,0.791228175163,0.610912799835,-0.755536109252,-0.152710335113,0.0789443096114,1.0832215738,-0.259510717484,0.120470080622,0.00404584328295,0.0651799264492,-0.206993505807,0.183620496552,-0.382980515506,-0.117226912934,-0.0793766081333,0,0,0.68889936409,0.505422094969,-0.411365445432,0.139521860984,6.63293778577e-05,-0.102729741141,-4.1441777318e-21,0.132105632791,-0.5281337487,0.386711654628,0.136291930666,-7.96700016385e-05,-0.0771458411238,0
3.12692728578,-0.0136899198958,0.794291711476,-0.0261206589639,0.0199526809156,0.794250428677,0.606700837612,-0.735825783242,-0.150634771217,0.0919085506231,0.81820672558,-0.28378088505,0.117244500552,0.0505175530244,0.0678639339549,-0.211170261284,0.168178230001,-0.402877775448,-0.118261446975,-0.0645338520408,0,0,0.733557359571,0.490830733833,-0.377455823989,0.138646411331,7.93653593537e-05,-0.0963521148686,2.89102967496e-22,0.0725913477408,-0.529009608783,0.366387811694,0.138302812086,-0.000123148318687,-0.0944725601323,0
3.12254267299,0.0154855288651,0.789936525981,-0.0299282483757,0.0227793436497,0.795165061951,0.605225503445,-0.705754831619,-0.137033307457,0.126340711157,0.534547851354,-0.324886254678,0.11049522222,0.0809532063875,0.0661318367735,-0.211188855915,0.182776231691,-0.437519769985,-0.117579155814,-0.0451923310757,0,0,0.772409724,0.470954516822,-0.342712263887,0.136877103937,7.55739278875e-05,-0.0893634719427,-2.92412960577e-22,0.0222781963927,-0.522872123692,0.346799035757,0.137940937075,-0.000120289835359,-0.11224946098,0
3.11661929192,0.0460527164351,0.785240213973,-0.0319495722651,0.0244769807905,0.793175339699,0.607661902905,-0.699747086806,-0.116825749857,0.170567413373,0.394475488134,-0.397004896069,0.100148988353,0.113951161545,0.0610374782877,-0.208936493211,0.215409976775,-0.467448733781,-0.107317157205,-0.0269564464688,0,0,0.811523865782,0.438902727741,-0.297844065544,0.134181777665,9.74455173376e-05,-0.0823636937079,5.73688361999e-22,-0.0198324686731,-0.506893128097,0.338277964504,0.13599992434,-9.19464965059e-05,-0.12854703447,0
3.10882111241,0.0779073089615,0.781505686937,-0.0318008475006,0.0246209427714,0.790072798729,0.611692368984,-0.70228519297,-0.0996647763132,0.206778470346,0.363656746388,-0.461596623361,0.0969710135647,0.149271230549,0.0509030632637,-0.205240635017,0.266509057373,-0.500554628578,-0.083724848115,-0.0212620254606,0,0,0.848830094835,0.3936241896,-0.262595431907,0.132306715465,0.000203309926459,-0.0773265461885,-2.81923097552e-22,-0.0506428936627,-0.486128596253,0.343548333557,0.13441588897,-0.000148466267361,-0.139890670955,0
3.09981142688,0.111510099523,0.779791615253,-0.0291517674923,0.0225169677287,0.79087138176,0.610872864723,-0.638665538958,-0.102112880069,0.231810489672,0.346808626442,-0.405554805465,0.115608341074,0.175721373497,0.0373186371988,-0.199022317219,0.338614769503,-0.5355715228,-0.054845128897,-0.0350087881088,0,0,0.87273032795,0.364539171525,-0.264020072693,0.132747899994,0.000325636856059,-0.073836372887,-3.05512117952e-22,-0.0543698409332,-0.45327902573,0.343479490396,0.135350902052,-0.000469963909681,-0.147260012633,0
3.08887323946,0.14813117474,0.780178499299,-0.034440331161,0.0267734788358,0.788749992847,0.613164305687,-0.589545920963,-0.10631735865,0.245521915922,0.322711831096,-0.319370779936,0.140881176795,0.181536957747,0.0239338652499,-0.189989719915,0.388527365749,-0.581620257057,-0.0391458833635,-0.058330565691,0,0,0.865355102993,0.327913351186,-0.274027702675,0.13496293656,0.000498519523359,-0.0740913832726,7.82551949183e-22,-0.0639272963286,-0.420602068208,0.351768826155,0.137484657133,-0.000946027147062,-0.154887004272,0
3.07678448299,0.183327909763,0.781806864659,-0.0297064054757,0.022813167423,0.792556345463,0.608647227287,-0.539430555571,-0.123705845857,0.225411968588,0.327169948257,-0.223745050258,0.163268054376,0.161738257423,0.0124210675628,-0.180375576119,0.523756016361,-0.599571852987,-0.0587278107199,-0.0724762231112,0,0,0.850389871889,0.330776460878,-0.294197700075,0.136331439169,0.000522437792401,-0.0752198418088,1.41604547879e-20,-0.0136871681058,-0.384730906113,0.349020763504,0.138864854437,-0.00119542729871,-0.151678561593,0
3.06440616629,0.216870715488,0.783588558852,-0.0244384948164,0.0183164682239,0.799821615219,0.599460303783,-0.494816952999,-0.14882437775,0.193780606588,0.366980943777,-0.191033161716,0.199715798854,0.0909018367207,-0.00640690064644,-0.170468220505,0.718457965391,-0.456970759835,-0.0919263397183,-0.0692073553801,0,0,0.802326559975,0.34740462917,-0.321405011367,0.135710647606,0.000418079164165,-0.0751306433574,-5.28474911731e-21,0.0683772813144,-0.369512890602,0.343393994576,0.139338104205,-0.00096329906766,-0.132952817205,0
3.0512038852,0.24758370553,0.784847521186,-0.0201186537743,0.0148778352886,0.80378061533,0.594399392605,-0.445325436775,-0.177976674452,0.179367537893,0.395333626728,-0.203934769792,0.242642994971,-0.0278999326689,-0.0370931801436,-0.157067741289,0.950518757108,-0.127889423787,-0.12437447371,-0.0536777190864,0,0,0.73618708239,0.35131321528,-0.346682027686,0.135620503701,0.000339247086144,-0.0801009227768,3.59967744332e-21,0.146925831979,-0.386111830832,0.359153647788,0.137934238935,-0.000508016867959,-0.109378896862,0
3.03941477207,0.276345027217,0.785748917175,-0.0173297934234,0.0127946464345,0.804307341576,0.593822896481,-0.394475644412,-0.210167615471,0.186703301377,0.390252686963,-0.234629380602,0.259561341641,-0.168924282311,-0.0737969028649,-0.13889640442,1.12328028288,0.0746694026256,-0.184089972782,-0.0339925922453,0,0,0.649529683747,0.364545169568,-0.387759061523,0.135871344959,0.000240572896723,-0.0879164590945,2.25179038284e-24,0.208176246562,-0.42198212889,0.391995971027,0.133694242849,-0.000127873742111,-0.0858503853728,0
3.03304006282,0.300807469834,0.787347088043,-0.00639829179272,0.00467945123091,0.807138741016,0.59030854702,-0.338150315313,-0.239837374418,0.198373237272,0.44516461722,-0.253637967199,0.258611747696,-0.326186571707,-0.101066339974,-0.119839952795,1.44733668877,0.0341173283322,-0.245673923401,-0.016598790884,0,0,0.56756308296,0.36141241886,-0.458634235317,0.13738023723,0.000209948075188,-0.0948942263915,-1.52723374769e-21,0.288870790149,-0.487781769999,0.415080126405,0.129452817635,0.000121111541114,-0.0709085527129,0
3.02328006336,0.328548288949,0.790523975978,-0.00585395656526,0.00421958742663,0.811201691628,0.584721922874,-0.25287558022,-0.255784994433,0.183505056497,0.366353996828,-0.259082671267,0.258396589508,-0.437986040452,-0.0955260069109,-0.0981177338992,1.51333165848,-0.0530374271031,-0.26179,-0.00540376780555,0,0,0.457352521003,0.388260502582,-0.51220648133,0.138033863834,0.000113857481014,-0.100737377893,-1.02195201613e-20,0.361844225823,-0.485718213308,0.401378772711,0.125428454303,0.000136705785264,-0.0589191698161,0
3.01032328376,0.359333408755,0.794634481973,-0.0157708171755,0.011131268926,0.816841781139,0.576538681984,-0.151159495235,-0.257310396373,0.144287728568,0.20290804879,-0.254388523802,0.258763018687,-0.500273750248,-0.0668998074448,-0.0779164952735,1.34094416293,-0.107878848068,-0.261789056174,0.000625217624474,0,0,0.319682748872,0.453077797435,-0.548886474326,0.138019287837,-5.19095035463e-05,-0.107334948435,-8.10985414512e-25,0.422235294836,-0.412151515778,0.359521277976,0.122386410873,2.06964859707e-05,-0.0517469905202,0
3.0020117431,0.386006707379,0.797898720215,-0.0170962251723,0.0117047624663,0.824964880943,0.564804077148,-0.0736021598012,-0.25337312026,0.107313751239,0.152525328371,-0.251984479985,0.259352011665,-0.566036813987,-0.0325721670778,-0.0569976042292,1.28303651177,-0.176635384504,-0.261107128962,0.00512964697555,0,0,0.20918907379,0.466972735003,-0.584490078696,0.138324174517,-6.83362648387e-05,-0.11726317265,-3.00193479735e-23,0.499102866906,-0.378101906652,0.31391238113,0.121655191395,-4.36290412506e-05,-0.0518555286358,0
2.99405026126,0.412665292354,0.799078332961,-0.0201422628015,0.013294457458,0.834355592728,0.550698041916,-0.0241784006032,-0.247338796275,0.0779101391812,0.135907482722,-0.268870705452,0.259640058679,-0.622339249147,-0.0028717463488,-0.0324951284452,1.16333083207,-0.254359228316,-0.260894171833,0.00912813469768,0,0,0.107179477576,0.46167528391,-0.597356939629,0.13813001289,-8.44067024633e-06,-0.136094657981,-1.01970513377e-21,0.566058517062,-0.349628137129,0.281283438676,0.122068030023,-0.000113787680982,-0.0545723532695,0
2.98580119195,0.43978068546,0.79807933917,-0.0241989903152,0.0153628094122,0.843891620636,0.535747408867,0.0119596511459,-0.237183177848,0.0497583927598,0.147560003982,-0.296984629954,0.259877550973,-0.651714331107,0.0207743906985,-0.00222954809167,0.98736018083,-0.310669402779,-0.259967043147,0.0112134208903,0,0,0.0214728129381,0.440938228135,-0.593711173463,0.135772235646,0.00012248787337,-0.158969345477,-2.08515239018e-22,0.621769594507,-0.329501195356,0.26451679841,0.122209481464,-0.000167854605396,-0.0555203555933,0
2.97698483885,0.467923979062,0.795268401895,-0.0277447290719,0.0170046370476,0.852152407169,0.522280931473,0.0456916316024,-0.222674850377,0.0238179977916,0.172956882922,-0.335880257491,0.256924912315,-0.652608442352,0.0362196625398,0.0295254948103,0.759642560258,-0.359189449838,-0.246427336829,0.0108555117622,0,0,-0.047322972557,0.42183140158,-0.581798237633,0.130470424784,0.000268626989801,-0.183962601047,-1.78510402665e-20,0.672371768757,-0.306037173479,0.249639584413,0.121744629715,-0.000222339520755,-0.0540017869969,0
2.9663815856,0.496946255682,0.791032953177,-0.0300751812756,0.0177985113114,0.86006462574,0.508986771107,0.0824981929983,-0.20577280811,0.00122366740194,0.19777460144,-0.387114765984,0.245980796613,-0.639778627127,0.0403851636531,0.0513765424434,0.520348855502,-0.421000674133,-0.204290317198,0.00894005782902,0,0,-0.0991352700056,0.403009050775,-0.574949330162,0.123165745673,0.000412091824466,-0.208740287737,-1.52863091474e-22,0.717162487551,-0.282729318182,0.233291430421,0.120668694142,-0.000265707435998,-0.050932357583,0
2.95401554397,0.527810615478,0.785969375322,-0.0304552428424,0.0174184143543,0.867519319057,0.496164560318,0.12033818665,-0.186948359555,-0.0193328151445,0.230289295536,-0.448195484159,0.227910811956,-0.654869583831,0.03586410284,0.0539339320589,0.383876011932,-0.523576182906,-0.130018650611,0.00631407555193,0,0,-0.128851059649,0.385216548121,-0.573441906552,0.114639482295,0.000544366181404,-0.233255624665,6.03015491941e-21,0.756723429208,-0.263573778429,0.219349542422,0.119517816017,-0.000294252267792,-0.0480426589043,0
2.9414189063,0.560505166971,0.781025260246,-0.0307175088674,0.0169103760272,0.87548750639,0.481966912746,0.155953416761,-0.164890294005,-0.0385290576788,0.280044247308,-0.512179255941,0.208351616408,-0.676964902658,0.0264005477031,0.0412053525088,0.373117439864,-0.600442232803,-0.060775278155,0.00298943603411,0,0,-0.140852717613,0.372468855214,-0.577064242471,0.106209375586,0.000613874435762,-0.253146837699,5.70087432428e-20,0.787956538991,-0.244762216933,0.206710306352,0.119505424047,-0.000335548433002,-0.0476506393343,0
2.92884199642,0.59475602256,0.777230453825,-0.0302463695407,0.0160370320082,0.882976949215,0.468166291714,0.181619850105,-0.142330645599,-0.056708791206,0.35193495339,-0.57704218997,0.192609811892,-0.651369390876,0.0197223230906,0.0272194159677,0.374572230618,-0.546214606795,-0.0362139381906,-0.00141409225762,0,0,-0.133287460807,0.368404113981,-0.584549624142,0.100645521268,0.000576744638197,-0.264507252612,2.496219685e-22,0.804936389935,-0.237919504418,0.208773207884,0.119715139682,-0.000347587465641,-0.0479805683838,0
2.91629708942,0.630170489458,0.775157829406,-0.0307531282306,0.0158997364342,0.887768268585,0.458986878395,0.189885939892,-0.13043795349,-0.0795200947235,0.450575824002,-0.639673878982,0.189612934269,-0.624533361501,0.0224582196677,0.022401840162,0.405750735148,-0.419599391281,-0.028506787694,-0.00789860170335,0,0,-0.104616236621,0.369966273824,-0.580863821378,0.0985675979358,0.000465957483499,-0.268849767585,2.17455588737e-20,0.804954428188,-0.245720857315,0.22447763438,0.120637507178,-0.000331601510256,-0.0498397067391,0
2.90207005881,0.66559624504,0.77463383716,-0.0252571590245,0.0127806589007,0.89191031456,0.451325565577,0.169768042144,-0.133576125997,-0.106166818577,0.588109865451,-0.659083297121,0.204707009788,-0.595781727697,0.0284927191509,0.022647907468,0.45908152146,-0.312085958718,0.000801696399446,-0.019713357091,0,0,-0.0416576527422,0.378925778689,-0.579306763984,0.103864138791,0.000192329646487,-0.254057740419,-1.72503704909e-20,0.790174396266,-0.274263417081,0.252544352455,0.120081722116,-0.000238780946481,-0.0486062592801,0
2.88687132452,0.698935621543,0.775289074064,-0.0195519123226,0.00975787360221,0.894544303417,0.446444839239,0.0857157174428,-0.127754785913,-0.0908850319982,0.780407351206,-0.546358732823,0.206424830692,-0.570626068638,0.0328160756442,0.0133358063145,0.503374218382,-0.291332122473,0.0252379592511,-0.0391951352358,0,0,0.0608758917482,0.381327095953,-0.556683069584,0.117464369026,-8.36875767575e-05,-0.212201988514,4.44538325429e-20,0.748567547346,-0.311251081458,0.283312273079,0.119230841005,-0.000128316163006,-0.046830998006,0
2.87390950338,0.724705989795,0.777431074575,-0.00487308949232,0.00234777410515,0.900882124901,0.434030145407,-0.0763654805538,-0.102798694809,-0.0272299415391,1.18365130172,-0.264674576144,0.175412277093,-0.535392818212,0.0351970744414,-0.00984370772229,0.634883231985,-0.30075231213,-0.00239322682047,-0.0604377388954,0,0,0.172830234753,0.427770199979,-0.586322031283,0.13150386832,-0.00030958428287,-0.160821606456,5.65196064645e-22,0.719192533691,-0.320132699435,0.304491080025,0.12202153599,-0.000109055380548,-0.0534643135789,0
2.86116863358,0.75205047196,0.781682963125,-0.00703932764009,0.00319246086292,0.91069149971,0.413014888763,-0.230671346517,-0.0845293703946,0.0100622415864,1.36170856778,-0.0225648110054,0.162862528624,-0.478572304576,0.037020172579,-0.0414327116826,0.621286923911,-0.328830830458,-0.0594711382235,-0.0734664946795,0,0,0.226992966219,0.497580954706,-0.647674679122,0.135890192227,-0.000334992287268,-0.114209593394,-1.03066824826e-20,0.649490704919,-0.322984424375,0.317333778866,0.124796494346,-0.000143869822213,-0.0596654434819,0
2.84558739921,0.781903782088,0.787589794763,-0.0212274380028,0.00906708836555,0.919375956059,0.392702251673,-0.340550043012,-0.0871807718908,0.0149792982497,1.35393743004,0.027618369934,0.186801302684,-0.39326341289,0.0354443060599,-0.0740172050944,0.491688486364,-0.342633132671,-0.0929992284548,-0.0775654315948,0,0,0.262336235592,0.512012010139,-0.666479232067,0.134989093008,-0.000260064940362,-0.0904327156212,-2.13417242445e-21,0.544230912397,-0.374511653911,0.332426278115,0.12615789762,-8.44428474407e-05,-0.0613395634227,0
2.83002128948,0.805259248617,0.793427962702,-0.0239289067686,0.00973489135504,0.925971388817,0.376708865166,-0.445060917098,-0.101331984252,0.0321514394445,1.41764676584,-0.014355352496,0.210403588164,-0.301761886448,0.0306283415459,-0.106007759897,0.41434248605,-0.332300167396,-0.0997088757958,-0.080740109086,0,0,0.337309393682,0.529737983632,-0.650278409371,0.134593967915,-0.000200844832602,-0.0807868978123,-1.70091189943e-21,0.459234095268,-0.417521847934,0.361435772106,0.127705467233,-3.74540950758e-05,-0.0606610944198,0
2.81374804777,0.828030772314,0.797553154947,-0.0257030185312,0.0100298626348,0.931230127811,0.363385736942,-0.53665569261,-0.12029496393,0.0556980474775,1.41472994201,-0.0715482776998,0.21334770784,-0.217606656104,0.0258008682117,-0.140372209153,0.32735008339,-0.325767261682,-0.0954514825141,-0.0873363912106,0,0,0.420402521799,0.531539018579,-0.603973566221,0.135917496152,-0.00015883151427,-0.0832711324697,6.65476613231e-20,0.37268946593,-0.459720848643,0.387851894706,0.129682851458,-1.14611730174e-05,-0.0611137367391,0
2.79733671148,0.84958109049,0.799343123855,-0.0275592748076,0.0103786624968,0.93543189764,0.352278202772,-0.607693775877,-0.138533958703,0.0762798288862,1.35836842181,-0.144032897545,0.202683542234,-0.138890470287,0.0259184225206,-0.173504995212,0.252969202851,-0.32023390065,-0.087079570059,-0.0942666307092,0,0,0.499058062386,0.521966637835,-0.542814397867,0.137455963773,-0.000104229551172,-0.0903694836276,-2.96873149995e-20,0.282351994772,-0.503616411543,0.418191107767,0.132238739597,3.191595337e-07,-0.0626218462592,0
2.78071363015,0.870720412866,0.7990940604,-0.0303075890988,0.0111289005727,0.938225448132,0.344514966011,-0.668096696202,-0.149691585563,0.0987808934704,1.24327225768,-0.226037050793,0.204189473414,-0.0677500659157,0.0318050821828,-0.199351788959,0.192936349283,-0.324790644266,-0.0824102379007,-0.0980096384883,0,0,0.574446722119,0.502997646134,-0.476670708186,0.138478647656,-1.77552296928e-05,-0.0986286975467,8.25405074526e-21,0.187797826275,-0.542795623067,0.448354631212,0.134544807579,-6.10849211077e-06,-0.0636631785864,0
2.76415608896,0.888862863468,0.79750679462,-0.0236004609615,0.00843792036176,0.941330015659,0.336555600166,-0.702245362255,-0.152677987871,0.127890274867,1.20290843459,-0.270800001915,0.214577763233,0.00236442892605,0.04113069737,-0.213781770099,0.158689319302,-0.326678463279,-0.0845479413441,-0.100281447172,0,0,0.660564352773,0.51589837628,-0.428179950652,0.139470341506,6.69200484296e-05,-0.102746472425,3.03506597967e-21,0.126235672821,-0.534775753094,0.457916607322,0.136717506746,-7.95339209171e-05,-0.0663028022852,0
2.74526146124,0.912457858349,0.79500267941,-0.0349391363561,0.0124615412205,0.941236376762,0.335705369711,-0.66373315881,-0.15825642522,0.159971335949,0.805311356267,-0.306458216936,0.208336777827,0.040130111683,0.041396918087,-0.220232155105,0.135635607382,-0.361922641227,-0.0842050779898,-0.10444239527,0,0,0.709083825046,0.461363954822,-0.380501068021,0.139260264058,0.000220377519949,-0.098327328145,-1.82917752679e-22,0.0220135154953,-0.565118395266,0.461224534942,0.140738155871,-0.000154404252636,-0.0741258316594,0
2.72551546943,0.933317319986,0.79148669254,-0.0364429913461,0.0128851989284,0.942099094391,0.33309930563,-0.606813040824,-0.162560107268,0.204531402549,0.523638254979,-0.330719957898,0.177561946115,0.08866344161,0.0424753170903,-0.222008888393,0.130284750902,-0.387110707048,-0.0812438369384,-0.109536737204,0,0,0.761789889384,0.446719706282,-0.360004030677,0.139338410293,0.00030730527694,-0.0879153810877,-1.47332774716e-21,-0.0466221775063,-0.558425991853,0.457206168326,0.14435100377,-0.000304488701985,-0.0843456621128,0
2.70413755029,0.954746093004,0.787005358735,-0.0367940105498,0.0129789104685,0.942330241203,0.33240249753,-0.567269029384,-0.162094797076,0.259084974022,0.287210700776,-0.373797981034,0.144447262317,0.134022884342,0.0413727568244,-0.223434535387,0.135922671424,-0.425158424129,-0.073122566174,-0.111968114972,0,0,0.805637579554,0.430595788716,-0.348248623273,0.138405626945,0.000360896523078,-0.0766089327242,-6.24580563704e-22,-0.101586297124,-0.545913268468,0.452972395754,0.146872278231,-0.000489420966929,-0.0977465527214,0
2.6800146176,0.976015838047,0.78230773154,-0.0373955741525,0.0132032949477,0.942210078239,0.33266711235,-0.564070584898,-0.152690578345,0.301471294277,0.204049587614,-0.441749339062,0.133623186793,0.178252831137,0.0403095131121,-0.222934855222,0.158914559714,-0.461564768177,-0.0583801335413,-0.109825477004,0,0,0.841220802995,0.398977243858,-0.328811709343,0.13760014887,0.000435546262471,-0.0706554795432,1.55888577378e-22,-0.13834932036,-0.528768402643,0.44121317091,0.147738675123,-0.000696944023097,-0.113870247177,0
2.65412517017,0.997895610457,0.778527282573,-0.0364731401205,0.012847517617,0.942490458488,0.33198851347,-0.547120962276,-0.154461144109,0.322215076459,0.204259516884,-0.444004401347,0.151418916298,0.202990722232,0.0372217565197,-0.218851451224,0.218315551759,-0.516111420407,-0.0417921075722,-0.103274181485,0,0,0.863866562087,0.364173200254,-0.308372300769,0.137807350293,0.000528257038399,-0.0718465457287,-7.50682095091e-21,-0.151978577675,-0.511912461038,0.426871216191,0.146534820253,-0.000861708992017,-0.129699926773,0
2.62768356358,1.01942181688,0.776552201156,-0.0369211472571,0.0128954658285,0.943350672722,0.329484522343,-0.518058900811,-0.166352008098,0.324005981399,0.233414607959,-0.36625053607,0.198221782783,0.200921359982,0.0336086848019,-0.20898303435,0.340215350801,-0.583455422083,-0.0292034620198,-0.0934018939734,0,0,0.867593841001,0.338218872988,-0.294779508637,0.138186049412,0.000599814970955,-0.0767878345392,7.8650851974e-21,-0.142967041789,-0.48989660666,0.400280761834,0.144028300915,-0.00101676699049,-0.14618782991,0
2.59979108701,1.03963798789,0.776648154976,-0.0344273000956,0.0117214554921,0.946010887623,0.322088122368,-0.496082461059,-0.175206881913,0.30608451347,0.268725389376,-0.302979729533,0.240884743097,0.163500953431,0.0277277384219,-0.190513351151,0.506384969861,-0.620128972471,-0.0237130420801,-0.0812892243266,0,0,0.846124286765,0.343209824557,-0.313256266224,0.137180679885,0.000520455822819,-0.0771171147886,5.1213663484e-22,-0.0987526979742,-0.470749006231,0.368703792898,0.140692470357,-0.00101358349236,-0.154078504587,0
2.57227891856,1.05832021298,0.778407107401,-0.0295584984124,0.00962772406638,0.950373768806,0.309553474188,-0.450531105119,-0.188146356468,0.286513598992,0.300727628664,-0.278902397198,0.253248409205,0.0797685320221,0.0178252700375,-0.160829962098,0.718485615981,-0.479401265652,-0.0114081882698,-0.0675714984536,0,0,0.792454732217,0.369332135125,-0.353176386936,0.134434516368,0.000321376567002,-0.0700349150047,3.75856216485e-22,-0.0104433396065,-0.441768194976,0.329651249369,0.138320179867,-0.000842521850753,-0.144714595544,0
2.54641424047,1.07450467959,0.78107090818,-0.0237514730543,0.00755337579176,0.952675104141,0.302967011929,-0.384857958484,-0.205550105883,0.281793687929,0.293620300881,-0.27528023095,0.255343119049,-0.0464901070483,0.0049271193028,-0.122653433948,0.9621083684,-0.15368363884,-0.00236850989147,-0.0529982820153,0,0,0.731650915883,0.36157220203,-0.366320705894,0.133997326551,0.000265244369576,-0.0716043541278,1.00205157186e-21,0.0714518166752,-0.44165273913,0.331645053384,0.137795655791,-0.000474055430921,-0.124201045352,0
2.5221429109,1.0897781603,0.783990293546,-0.0197747927159,0.00622344622388,0.953671216965,0.300135731697,-0.304274436664,-0.227711950341,0.277923586902,0.235822012942,-0.266827302628,0.257072605619,-0.17922792678,-0.00753618254205,-0.0862057450353,1.14593055072,0.069433063098,-0.0331792353603,-0.0385909117758,0,0,0.652663600065,0.351633279498,-0.376369760253,0.134603761834,0.000252514293253,-0.0804467921977,-8.19073303874e-23,0.133279913232,-0.470477003798,0.364844870917,0.136247901433,-0.000115185478372,-0.102767793705,0
2.49844500267,1.10490543612,0.78677004994,-0.0178771521896,0.0054909135215,0.955758213997,0.293558269739,-0.219541981332,-0.25209471814,0.257682390551,0.160517364909,-0.256068953391,0.256937233239,-0.302091731613,-0.0206238153993,-0.0623555931907,1.30024989038,0.0630784792719,-0.0976723207784,-0.024615727365,0,0,0.553818440097,0.364106600959,-0.400791160002,0.13521630376,0.00019201811054,-0.0909423991061,-6.96505401619e-21,0.193674165674,-0.505746259752,0.403807745225,0.132329428896,0.000110773860035,-0.0811659162647,0
2.47579310615,1.11967826915,0.789127302651,-0.0168977174908,0.00492677651346,0.959877610207,0.279866337776,-0.140742736749,-0.275778880045,0.219581686053,0.0945651281647,-0.242299503843,0.257201354022,-0.412534366582,-0.0352423285222,-0.0503973684186,1.38465330163,-0.0241494648586,-0.177080177052,-0.0100457472727,0,0,0.442780161024,0.384650017929,-0.43597486586,0.135848603143,0.000121632991129,-0.0992807549582,-3.83319985745e-21,0.268429242684,-0.520948916661,0.415830325455,0.127562901818,0.000184325936471,-0.0648514139398,0
2.45345553922,1.1337158033,0.790829482856,-0.0165611002594,0.00453386735171,0.964366853237,0.264010906219,-0.069120126598,-0.294839002502,0.17933504144,0.0462402198192,-0.226469756072,0.257551094533,-0.508390648362,-0.0467190509985,-0.0404862861221,1.3986172847,-0.104113860704,-0.241924137675,0.00608759652823,0,0,0.329579348085,0.398141390517,-0.473466190307,0.137080314649,0.000114751746967,-0.10685727023,2.50128743365e-21,0.349804473658,-0.522153462599,0.414597282528,0.121900603619,0.000183693281724,-0.0498064793974,0
2.43083191921,1.14695951277,0.791747921471,-0.0172178931534,0.00444252137095,0.968135178089,0.249796032906,-0.00356844560862,-0.305540351494,0.146432995702,0.00239464743216,-0.211453798113,0.257491756552,-0.586116404062,-0.0473868921113,-0.0250757530206,1.34658634576,-0.179979121065,-0.261788275138,0.0222257021815,0,0,0.227119942684,0.390583892858,-0.496402961465,0.138616117598,0.000229898863024,-0.115535289619,-4.92721329248e-22,0.422109928176,-0.519626703578,0.409317378321,0.116823045161,0.00015136346878,-0.0379540891786,0
2.4085907993,1.1606952116,0.791803652501,-0.0197884831578,0.00475932378322,0.972073316574,0.233793139458,0.0387647678277,-0.304056847706,0.120514248532,0.000423417019965,-0.219983619793,0.257608909476,-0.640625485998,-0.0357440047618,-0.00661792681978,1.2329008317,-0.248812064271,-0.261786674618,0.0337758176029,0,0,0.13078198046,0.377135360629,-0.51116979105,0.139753886393,0.000405573336068,-0.125579779219,-4.26277250566e-22,0.484327305493,-0.497526305057,0.384115818855,0.116334044145,0.000124272205569,-0.0367526502939,0
2.38606691427,1.17551670654,0.790823838514,-0.0235127750784,0.00517563475296,0.97633677721,0.214911356568,0.0555508827647,-0.290729596423,0.100089751675,0.0478039498932,-0.262610849916,0.25826179228,-0.667072143219,-0.0147070447628,0.0123592084475,1.05870568442,-0.303701459363,-0.261789999975,0.0369412824512,0,0,0.0417593402129,0.363799343838,-0.521305736412,0.140271945898,0.000589432266382,-0.139463895733,2.3361875678e-21,0.527683451164,-0.475826333737,0.373318622018,0.118665425607,0.000105803049523,-0.0417666571874,0
2.36272958635,1.19075500602,0.788537825075,-0.0271484721452,0.00549351982772,0.97975897789,0.198255196214,0.0697666830611,-0.271177318832,0.0780614487773,0.105910680677,-0.314990492307,0.258712071188,-0.663890538854,0.00841341072483,0.0305467857363,0.829905695693,-0.347337039982,-0.261789999456,0.0327434800565,0,0,-0.0280025684746,0.349860744915,-0.517235120485,0.137882503179,0.000761244365452,-0.159270390438,-7.60834370107e-23,0.560159242188,-0.450573806941,0.361301855449,0.120692723995,7.38654946473e-05,-0.0467919847257,0
2.3377815933,1.2058752675,0.784812394745,-0.0305103119463,0.00567130930722,0.982685625553,0.182663306594,0.0925705713748,-0.250865997312,0.0500301034298,0.15569142968,-0.368127645812,0.259197319549,-0.641636899952,0.0263452268178,0.0443075293449,0.569856805236,-0.400552624639,-0.24297267364,0.025306424126,0,0,-0.0807463012298,0.340371834914,-0.516834424647,0.131697189303,0.000892317714255,-0.185741546561,-1.56538449435e-20,0.590057378386,-0.413777276353,0.331594290408,0.121890336674,1.30140508099e-05,-0.0505878178078,0
2.31005789901,1.22047887987,0.779965548675,-0.0331780426204,0.00558383064345,0.985573351383,0.165870979428,0.119682191078,-0.230528233564,0.024080178925,0.199586026251,-0.425544095576,0.25868139923,-0.643682172572,0.0354863192573,0.0449150848569,0.387274938728,-0.488398343964,-0.177186481451,0.0174852497876,0,0,-0.117097983999,0.33635976979,-0.526609052008,0.122564354581,0.000955903114836,-0.215162351123,6.57061659098e-22,0.617443680373,-0.382158279216,0.29869861375,0.121920897947,-4.9086155317e-05,-0.051999354035,0
2.28051223294,1.23588935919,0.774879393451,-0.0354035757482,0.00536563526839,0.988075435162,0.149749055505,0.147636482579,-0.208252192704,0.00581591378159,0.252259193377,-0.485880427294,0.252251591587,-0.686297262703,0.0346758346802,0.0269971938364,0.368410816478,-0.586388265352,-0.101533785848,0.0101510891691,0,0,-0.134028752714,0.337735037094,-0.54038782503,0.111458493366,0.00093868389448,-0.242775421179,3.00174024648e-20,0.634244734604,-0.370530806703,0.284906278819,0.120968466212,-6.86122114814e-05,-0.0503253218133,0
2.24997886176,1.251975406,0.77074011775,-0.0367060899734,0.00498191639781,0.990234673023,0.13439913094,0.169576768456,-0.187040183188,-0.0116141777089,0.320666334813,-0.548573811008,0.239263911397,-0.673089206534,0.0281228862496,0.00390409426542,0.373530541395,-0.557702799617,-0.0756997150525,0.00353536335751,0,0,-0.128750400311,0.344690846162,-0.553418328621,0.101800941734,0.000838774410014,-0.262942036809,6.0815350066e-21,0.640420410001,-0.375813121406,0.293516778526,0.119651873967,-4.8058451269e-05,-0.0466685417998,0
2.21835410493,1.2682495245,0.768492189922,-0.0393722094595,0.00485100131482,0.991713881493,0.122187837958,0.179404623121,-0.17639187738,-0.0361439450347,0.410150513062,-0.610415192812,0.235204902423,-0.650491668193,0.0282469227926,-0.00675840118719,0.412332604868,-0.451252096626,-0.0935794911731,-0.00319858058356,0,0,-0.106739938951,0.357225215923,-0.563458327811,0.0976023497276,0.000657693247753,-0.272260992937,7.54726102747e-21,0.637134425736,-0.384701239613,0.30410634463,0.119468051672,-2.74330114005e-05,-0.0455122534424,0
2.18445254097,1.28407878114,0.768286308426,-0.0356111638248,0.00393762579188,0.99330419302,0.109832420945,0.167435994968,-0.179720007848,-0.0633205156418,0.530550018137,-0.653105842509,0.24537814794,-0.632998823301,0.0327865020216,-0.000131883859489,0.474971234467,-0.343966397581,-0.0910466913648,-0.0130789205432,0,0,-0.0539163118479,0.376252470483,-0.575017470389,0.101276964121,0.000337206466408,-0.261477393149,-6.1421726756e-21,0.634557751655,-0.390708894159,0.308157559085,0.11948141864,-1.21802393258e-05,-0.0455600119324,0
2.15069235957,1.29821473508,0.769359719857,-0.0304790213704,0.0031479455065,0.994241595268,0.102687627077,0.107083158358,-0.175432829329,-0.0626652584729,0.71482916341,-0.597863003149,0.243582587656,-0.595543729467,0.0368701373234,0.00690194665027,0.518850379344,-0.298870653785,-0.0646785586267,-0.0306554287672,0,0,0.0405323295502,0.388976503401,-0.55947233753,0.114506704714,-2.29864464659e-06,-0.225744948888,2.47265734886e-20,0.612664708055,-0.403245091918,0.318396160262,0.11935344148,1.48818996529e-05,-0.0448775720041,0
2.11815552087,1.31088217363,0.770774970194,-0.0266823675483,0.00242024450563,0.995553970337,0.0903024896979,-0.0262016667319,-0.139618306695,-0.00595564427417,0.945340780031,-0.352228811421,0.203382987593,-0.56043386326,0.0400330725382,-0.00520597545317,0.541962985465,-0.327278588368,-0.0674247584985,-0.0572568662465,0,0,0.136292166733,0.414187524372,-0.561947326028,0.127600801124,-0.000307297626418,-0.185043613848,-3.85523966616e-22,0.578526159877,-0.402962245514,0.313778672691,0.121430899314,7.93752668075e-06,-0.0493434624306,0
2.09246313222,1.32017561066,0.772465149322,-0.0159182697535,0.00118677702267,0.997105300426,0.0743385851383,-0.209158595603,-0.0908527494326,0.0662266895074,1.3026436935,-0.0268284192178,0.168658281915,-0.52520713867,0.0426488935933,-0.0356105896431,0.663513797337,-0.363652879128,-0.103418411942,-0.0855249539018,0,0,0.231107582659,0.486882923453,-0.593401861246,0.134257120694,-0.00046755296049,-0.150557401074,5.83050319943e-21,0.54765156949,-0.385062404335,0.331749114087,0.125101807915,-4.84252398648e-05,-0.0567039861747,0
2.0639099936,1.32901180116,0.775120456188,-0.0198618620634,0.00115723256022,0.998109340668,0.0581538975239,-0.362818002746,-0.0649097539162,0.0950665782585,1.4355321206,0.102232838631,0.187143926888,-0.476930212629,0.0450543345908,-0.0740903788566,0.65219888525,-0.411250552016,-0.136847008232,-0.104050546885,0,0,0.295105296629,0.539245410091,-0.615437050586,0.135603365971,-0.00040377028538,-0.119935262721,-2.04766331474e-20,0.479641636859,-0.395429178239,0.361436347413,0.1273890206,-7.6708184036e-05,-0.0589082919041,0
2.03490114285,1.33587882859,0.778909344269,-0.0234047695994,0.0010094010504,0.998797118664,0.0430761277676,-0.485726012352,-0.0650983837987,0.0987602066225,1.52164746929,0.0507127993912,0.215319671286,-0.391624302591,0.0483247781382,-0.110366214855,0.575166986754,-0.421795479052,-0.152951292553,-0.108951196074,0,0,0.363956000673,0.562122024138,-0.613501881089,0.136889559624,-0.000278624333164,-0.104015317657,2.12706203778e-20,0.412176875184,-0.419249559221,0.395772363848,0.129265523034,-7.38309821555e-05,-0.0587367527671,0
2.00532785786,1.34207916603,0.782900551882,-0.0256846938282,0.000717570190318,0.999279916286,0.0279175415635,-0.585779307267,-0.0773687169809,0.103926828101,1.53259315016,-0.0288189975769,0.223721884532,-0.282067149043,0.0532126133666,-0.142172683568,0.458616277966,-0.405082772145,-0.156468210263,-0.105319276452,0,0,0.436618902336,0.571784716962,-0.591533570308,0.137914025385,-0.000183026814376,-0.095446901126,-1.80609404049e-20,0.349050643603,-0.441651990823,0.424599984072,0.131215214103,-7.19203992508e-05,-0.0599716427802,0
1.97499592942,1.34750376259,0.785924110984,-0.0262428801507,0.000351828086423,0.999565720558,0.0134007874876,-0.667782454335,-0.0946489674082,0.105143933789,1.47927280189,-0.101741787775,0.208392050671,-0.171541442157,0.0587359841861,-0.169524068422,0.309056132374,-0.390347290626,-0.150072346217,-0.0993849039078,0,0,0.507294417528,0.572056296035,-0.557441108527,0.138799164159,-0.000120359794231,-0.0936341345835,-7.55640381459e-21,0.290406679348,-0.461659425654,0.445103294963,0.133215785269,-7.38166484197e-05,-0.0632751929451,0
1.94535140516,1.35228621932,0.787483867445,-0.0306343995035,4.83841831738e-05,0.999529421329,0.00157866359223,-0.734702753288,-0.113563527113,0.101277768786,1.40291390121,-0.175515438341,0.170054921863,-0.072703168847,0.0655068932501,-0.186435668068,0.223946810109,-0.375515634314,-0.141808460035,-0.094819881022,0,0,0.561477809283,0.575610815798,-0.528029219529,0.139132508285,-8.03654743623e-05,-0.0936172206313,-1.64857650156e-21,0.227696018423,-0.470670955733,0.457731732121,0.135603186053,-0.000109286785568,-0.0686680791813,0
1.91546072182,1.35724688383,0.787554668322,0.0345280207694,0.000241164976615,-0.999379336834,0.00698028132319,-0.755780401913,-0.130092189007,0.0968217322071,1.22665099519,-0.224033236696,0.126291399237,-0.0121237434323,0.0671920126072,-0.19140456138,0.160848185128,-0.397681540926,-0.136922007171,-0.0929549857974,0,0,0.615859314409,0.559771083323,-0.498522866275,0.139156319027,-2.32026810967e-05,-0.0914349507671,1.2194639675e-21,0.167490969689,-0.478499147483,0.462286084588,0.137559905863,-0.000153562988859,-0.0739989508391,0
1.88342102363,1.36207131693,0.78592060382,0.0481614097953,0.000496264721733,-0.998786449432,0.0102916928008,-0.72759287586,-0.13930441552,0.0988980896277,0.861796566034,-0.258543945949,0.0856632312929,0.0270846317352,0.0685076688507,-0.186531794989,0.15119302464,-0.42965602749,-0.134669840892,-0.0923050865531,0,0,0.645488423779,0.518783889703,-0.478829512755,0.138631219747,4.72238260188e-05,-0.086509402196,-2.38084610845e-21,0.0891864862986,-0.497257456467,0.464071442615,0.139475128901,-0.000199527923866,-0.0802948932221,0
1.8523550019,1.36496231618,0.78235869502,0.0524248033762,0.000846172508318,-0.998494446278,0.0161163881421,-0.693173528984,-0.13572912951,0.120236398152,0.603353545689,-0.298584422896,0.0480545277068,0.0733407892575,0.0726409210952,-0.180583071334,0.152036020638,-0.451355074752,-0.130219630476,-0.0904514193535,0,0,0.674771734345,0.516624793734,-0.482920539366,0.137895745668,6.90226884415e-05,-0.0797707556513,-2.05257611213e-21,0.0412808861414,-0.485538177122,0.462705574773,0.141405091363,-0.000310264469432,-0.0904721834989,0
1.8192397003,1.36704020135,0.777444390839,0.0546471737325,0.000982450204901,-0.99834394455,0.0179482866079,-0.671083102709,-0.120586049589,0.16470877018,0.37598911478,-0.377879666379,0.0275663643248,0.120601506748,0.0719833658068,-0.182295651174,0.162888296666,-0.478712751865,-0.115690488134,-0.0869547724724,0,0,0.699387281845,0.502908510879,-0.477920283243,0.136768408,8.68058162563e-05,-0.074070966523,1.29532673892e-21,0.00199073256301,-0.475219813729,0.469956844943,0.141985656808,-0.000399318689111,-0.100107008311,0
1.78364461445,1.36722027231,0.772605381089,0.0549893453717,0.000965245417319,-0.998332679272,0.0175240505487,-0.677032266581,-0.0983577293869,0.213963194673,0.299407167976,-0.474126322515,0.0214223212959,0.158623250043,0.0622335470839,-0.19109319358,0.184628837507,-0.520148342294,-0.0855605201737,-0.082137323916,0,0,0.721782324674,0.470137648501,-0.458337150065,0.136229696336,0.000127810034633,-0.071958240739,1.38724335994e-21,-0.0223694366541,-0.464899273218,0.481976915993,0.141045434598,-0.000439964799007,-0.106236372857,0
1.74599893355,1.36501722522,0.769252093757,0.0545826591551,0.000869517389219,-0.998382210732,0.015904514119,-0.660378468736,-0.092094922892,0.2487143738,0.295269322549,-0.450708563109,0.0404590710827,0.196755178402,0.0531533795793,-0.198852463724,0.24143798723,-0.554114949757,-0.0503198575795,-0.0753636807203,0,0,0.736760395053,0.426815075316,-0.434146944088,0.136843891046,0.000203119338763,-0.0753024120422,7.12735622673e-21,-0.0293306268436,-0.454545010186,0.489984821656,0.140521198765,-0.000449820147939,-0.110515427862,0
1.70799420673,1.36207065933,0.768020147546,0.0548108890653,0.00101187825203,-0.998326122761,0.0184303615242,-0.631837112924,-0.107728316522,0.250023752945,0.312996067087,-0.321884539602,0.104979839896,0.198046342642,0.0458302063693,-0.200421970953,0.362450890664,-0.616005720223,-0.0379652258294,-0.0664678066969,0,0,0.727926471056,0.410946960879,-0.436716838872,0.137746290693,0.000221822700814,-0.0812804783658,9.77504186367e-21,-0.0143247420135,-0.435958825793,0.474222111857,0.139843278911,-0.000477528327767,-0.115206900041,0
1.6705570925,1.3587276743,0.768582115803,0.0504571050406,0.00166898069438,-0.998178899288,0.0330169834197,-0.611323557904,-0.132733394744,0.208935055314,0.373165342392,-0.224753877809,0.165773458269,0.160390371809,0.0391131870674,-0.190314928284,0.518551911269,-0.631211745295,-0.0634756072723,-0.0554938167334,0,0,0.679031784934,0.449911220867,-0.490753661552,0.136841717984,8.12850822508e-05,-0.0788116449904,2.56483010562e-21,0.0483177544165,-0.409495898148,0.435430042145,0.137396030691,-0.000440741644758,-0.110419218128,0
1.63486819,1.35468314683,0.769947991845,0.0436612740159,0.002080994891,-0.997911393642,0.0475627109408,-0.577998011054,-0.161205976933,0.173492237632,0.435770309995,-0.198142136839,0.206726637473,0.0646373491307,0.0198655737666,-0.16806075344,0.746291369556,-0.438790974225,-0.0860290976495,-0.0400098860264,0,0,0.609855197301,0.487692350682,-0.546056301813,0.135538894957,-4.48108349812e-05,-0.0731501660986,5.71935461909e-21,0.138102986608,-0.388390731098,0.409579231433,0.133498417411,-0.000280892526374,-0.0920063404589,0
1.60263822816,1.34801361658,0.77131167591,0.0381418764591,0.00189345597755,-0.998041510582,0.0495452210307,-0.537626102035,-0.195802630425,0.177681988335,0.452414076869,-0.219566105659,0.243259585957,-0.0905324096337,-0.0178225523932,-0.138437025929,1.0064457316,-0.0474031589962,-0.0957337338225,-0.0177936349064,0,0,0.549683670591,0.468983269894,-0.54875002597,0.136187115758,-7.57421539328e-05,-0.078272665993,6.90207736048e-23,0.201942221964,-0.41169055338,0.424177857966,0.12957068384,-4.7444779812e-05,-0.0745335649925,0
1.57625810654,1.34632831461,0.772846389026,0.0247298888862,0.00124400970526,-0.998430967331,0.0502249635756,-0.487558403067,-0.234474055821,0.196925888727,0.512012280024,-0.244279344784,0.257025183989,-0.265828923799,-0.0613800713813,-0.112407929334,1.31152099523,0.226787305531,-0.138378271284,0.00618430133909,0,0,0.499085674716,0.405880555164,-0.556281101241,0.138221937628,4.06244676583e-05,-0.089499780438,1.39234647731e-20,0.250841648369,-0.503169293263,0.462354903306,0.12743145029,0.00019196609745,-0.0676886383984,0
1.54632226846,1.34250978003,0.775383109903,0.0228470470756,0.00114309508353,-0.998489379883,0.0499569289386,-0.416266558534,-0.264292976929,0.202566331851,0.468308043767,-0.273130360473,0.255971702869,-0.41157628943,-0.090306344611,-0.0927437289101,1.4638623066,0.20156491077,-0.197687245699,0.0223762243986,0,0,0.412945506555,0.400459691448,-0.561660519928,0.139015834011,9.16378080783e-05,-0.0987573196913,8.43693644547e-21,0.283685036826,-0.52895951495,0.478507621585,0.126743406016,0.000241289984151,-0.0650629614875,0
1.51646720475,1.33915704069,0.77928893999,0.0200505312532,0.0011558040278,-0.998141288757,0.0575374141335,-0.315512351656,-0.283693755124,0.184323327888,0.385693782417,-0.279158757196,0.256261656284,-0.528992990447,-0.0939553146435,-0.0762969474296,1.53613613811,0.062835448292,-0.240819999681,0.0277174469084,0,0,0.317661255716,0.414949948698,-0.583093029957,0.139959465859,9.27184465647e-05,-0.102990117785,-2.33816487788e-22,0.342584893623,-0.515002627703,0.448019308224,0.126414134364,0.000228741905701,-0.0655194450471,0
1.48657389103,1.33482722734,0.783865898817,0.0175056010485,0.00117171730381,-0.997613847256,0.0667741298676,-0.2021754591,-0.28998855839,0.147053546416,0.270109607363,-0.266005310001,0.257315190627,-0.611788737911,-0.0739684722038,-0.0601136379242,1.53089293389,-0.0410686205283,-0.261513411943,0.0275918357074,0,0,0.226428812588,0.424945565549,-0.598887972763,0.140863807738,9.89984172717e-05,-0.107473977934,-4.15104628549e-22,0.408086192923,-0.483942660982,0.392836716157,0.125971897362,0.000183190730145,-0.0669733546135,0
1.45362726211,1.32760093478,0.787657088475,0.0294073298573,0.00218166643754,-0.996825695038,0.0739523470402,-0.100226058128,-0.283290608525,0.101961435261,0.123437074531,-0.25615685513,0.258255440246,-0.652507144436,-0.0387861333237,-0.0409504565983,1.29482765496,-0.132169582135,-0.261789959068,0.0281016025692,0,0,0.115255753937,0.475161568498,-0.597959320035,0.140689683545,2.14600251092e-05,-0.116052564135,-9.4207718866e-24,0.439329664443,-0.410109299251,0.349140002828,0.125500957434,4.04137259003e-05,-0.0671881084645,0
1.4243500037,1.32392378276,0.789216296941,0.0312110632658,0.00266537931748,-0.995884418488,0.0850470811129,-0.0296522514592,-0.272700054064,0.0622906941979,0.0927061332465,-0.260411163353,0.259069381272,-0.690309198515,-0.00339012340436,-0.0204476822806,1.16480823743,-0.211109180101,-0.261789990535,0.0302198342979,0,0,0.0389482159724,0.462274960689,-0.592344570689,0.140312368499,0.000122052434818,-0.130167671248,-1.78339651357e-22,0.486189539367,-0.401064699596,0.325877606812,0.125308212509,8.89401846524e-06,-0.0674113041901,0
1.39434051517,1.32115421906,0.787801265802,0.0340564735234,0.0033666586969,-0.994566440582,0.0983180329204,0.0128194005396,-0.265299469928,0.0276697257637,0.108929059176,-0.295397924519,0.259582888341,-0.712283711964,0.0250907133615,0.00465696091843,0.977786217413,-0.28453954146,-0.261789946388,0.0281617343426,0,0,-0.0265485707653,0.446043708677,-0.573552747812,0.138217030742,0.000247481190541,-0.150172422635,-1.27548405753e-23,0.531204677839,-0.392031699532,0.312166546279,0.12503937611,-2.50914431919e-05,-0.0661452146912,0
1.36321487164,1.31809180716,0.783596669169,0.0370616987348,0.00427657552063,-0.992716670036,0.114550277591,0.0478452148093,-0.263853398454,0.00123387801991,0.148733407038,-0.35029304525,0.259823724704,-0.719396854556,0.0410873083903,0.0305496203507,0.745637554562,-0.345697571811,-0.252691628139,0.0140699371696,0,0,-0.0803916499915,0.436184020942,-0.559275057759,0.133315204023,0.000232914655475,-0.17115612284,1.73903603666e-20,0.575098078264,-0.374475267498,0.296648693042,0.124366470138,-7.47886377501e-05,-0.0633901447366,0
1.33244915084,1.31434352546,0.7776341613,0.0302309840918,0.0039534191601,-0.991096317768,0.129609376192,0.0849784240609,-0.264600479998,-0.0138343765873,0.218109874827,-0.417108449645,0.259706743122,-0.72153461067,0.0436693391982,0.0477573446178,0.588545143393,-0.403596824298,-0.198851590013,-0.0110397171229,0,0,-0.0962720831761,0.402013583436,-0.542268141671,0.125549457917,0.000112846416198,-0.193591304125,-5.25673974988e-21,0.63181426266,-0.389726656038,0.278614029964,0.122712140029,-3.07205671152e-05,-0.0596841195636,0
1.29793109318,1.3073531993,0.771554547028,0.031467821449,0.00470086280257,-0.988524496555,0.147672057152,0.117473674467,-0.254461353716,-0.0272564482049,0.27883567136,-0.496745724773,0.25940916851,-0.751428647449,0.0416409685467,0.0428172562002,0.456340576605,-0.516979344569,-0.101551102865,-0.0338003560901,0,0,-0.119543450482,0.399425935991,-0.543860786664,0.115975778555,-0.000205897577741,-0.216153965103,5.82418950197e-21,0.674427073894,-0.371359999133,0.257356529363,0.119992925407,-4.11850196959e-05,-0.0541866393202,0
1.2619763038,1.30104753733,0.766968381894,0.0324488691986,0.00546153634787,-0.985595524311,0.165887624025,0.1465771385,-0.223089669801,-0.0438432746261,0.345188993326,-0.565798390342,0.255323026217,-0.759870404994,0.0380620686549,0.0186441566956,0.440304470559,-0.58611525106,-0.0290150756133,-0.0405386574566,0,0,-0.131658468747,0.397072115624,-0.560696037864,0.10871498592,-0.000321030550467,-0.234681071535,3.50407450308e-21,0.716460807181,-0.35459073407,0.246182299831,0.117517135007,-5.09290381069e-05,-0.0488479158361,0
1.2228635323,1.29271648807,0.764734975917,0.0410251580179,0.00768364546821,-0.98205280304,0.18392971158,0.166149325882,-0.18309285982,-0.0627699998328,0.398121778733,-0.626462880635,0.242685378491,-0.71542738816,0.0417038726131,-0.00247745886563,0.427232516018,-0.512214742693,-0.0278049560696,-0.0309725087136,0,0,-0.141661014967,0.412157850347,-0.58660190095,0.105608891254,-0.000216170572997,-0.245707933058,5.52494760251e-21,0.736256268958,-0.319085554429,0.253830552224,0.116425081323,-0.000113755839836,-0.0437239924242,0
1.18450600668,1.28581296422,0.764864192997,0.0421537049115,0.00838081073016,-0.979897201061,0.194818764925,0.176820266927,-0.159804079593,-0.0850895162112,0.482796343154,-0.672952259842,0.228648484181,-0.680367372753,0.0557127719959,-0.00369819326829,0.448581708076,-0.372866227838,-0.0469761266612,-0.0170983150601,0,0,-0.112911211475,0.405928709708,-0.600465887641,0.107229876674,6.35364702936e-05,-0.247169599085,1.83850256863e-20,0.754923251111,-0.313476260986,0.26122315902,0.117613436359,-0.000138723701165,-0.0439564627287,0
1.14643069817,1.27689402656,0.766949366488,0.0371008105576,0.00760996062309,-0.978902280331,0.200788274407,0.154944053156,-0.157676354006,-0.0992096872713,0.604853551604,-0.669291136406,0.220342948643,-0.646768755672,0.0693896466466,0.00921177954514,0.496628951141,-0.275108106348,-0.0404049335407,-0.0108156148344,0,0,-0.0391934190662,0.404728689402,-0.604865090219,0.11544885204,0.000143914371783,-0.226347350273,-2.82906122718e-20,0.752373739773,-0.319577521458,0.273228958473,0.118008855295,-0.000131858256199,-0.0434476150008,0
1.11041343743,1.26633987361,0.770519221208,0.031973157078,0.00676044588909,-0.977846384048,0.206757113338,0.0671226351134,-0.151145294216,-0.0807710740672,0.814829181369,-0.487983352877,0.190526975064,-0.598448003754,0.0766258545769,0.0159065382421,0.522056791299,-0.252695371342,-0.0433083017851,-0.0160016790032,0,0,0.0578943248968,0.416885503854,-0.608637145781,0.128089105133,-5.48413360896e-06,-0.184944889759,5.22142338987e-21,0.729035714294,-0.322929396426,0.275491987494,0.119300749891,-0.000132521560055,-0.0464057888638,0
1.07698775181,1.25719976542,0.775132128468,0.0296398326755,0.00685896677896,-0.973803162575,0.225348219275,-0.0766807356639,-0.132138107059,-0.0404234745056,1.04841619868,-0.134540224847,0.133008989238,-0.536458813075,0.0780448750561,0.00439060845487,0.533291914302,-0.269786077198,-0.0793085644332,-0.0294977724552,0,0,0.12336797654,0.468709327788,-0.666176071413,0.137294311186,-0.000221126673309,-0.140591557021,-1.50143162403e-20,0.69510582773,-0.312770314363,0.265318980522,0.122550664125,-0.000184900228701,-0.0558030606941,0
1.04625008832,1.24786785918,0.780330512946,0.0303169880062,0.00770282745361,-0.96873152256,0.246131703258,-0.223211750875,-0.118734613847,-0.0148103278929,1.20954837398,0.116762675773,0.107790830061,-0.464674797765,0.0754389162471,-0.0221432510709,0.51076590746,-0.298533907597,-0.115333735289,-0.0453091785312,0,0,0.170375672878,0.533078194364,-0.726216473402,0.137473855224,-0.000268557510626,-0.10461693263,-1.07416916338e-20,0.636139302902,-0.333858315248,0.292907905599,0.124676205414,-0.000153402088775,-0.0620159714874,0
1.01740585508,1.23588903039,0.785511416402,0.0324091315269,0.0088955508545,-0.963789522648,0.264537751675,-0.351656471669,-0.120023607858,0.000960767057234,1.32871091937,0.131534859816,0.133559085915,-0.384477723326,0.0697523032079,-0.0542708179412,0.448626597216,-0.319299812606,-0.130843027977,-0.0591085515916,0,0,0.23991661988,0.561037914173,-0.729156326111,0.135717366134,-0.000229322188617,-0.0860348123201,2.55869232788e-20,0.558301451298,-0.383119414389,0.338884839998,0.125462846082,-4.83095479543e-05,-0.0609119421163,0
0.99000613508,1.22267359744,0.789897453981,0.0338032320142,0.009864971973,-0.95936113596,0.279975324869,-0.466092575926,-0.132584214155,0.0210771644349,1.38846020484,0.0568838678368,0.165877077953,-0.300548676302,0.0624289094979,-0.0860184442494,0.386490871213,-0.332298473506,-0.134491756618,-0.0702100396156,0,0,0.328889435395,0.562623249025,-0.688169200955,0.13564392828,-0.000192162394307,-0.0814037136291,2.90025534586e-20,0.475289424033,-0.437123264646,0.383629929636,0.126708725895,3.21463369334e-05,-0.0585256771932,0
0.963529566445,1.20888485275,0.792701924922,0.035332929343,0.0108780711889,-0.955076992512,0.294042855501,-0.565725841603,-0.151536906689,0.0393394076405,1.39864299704,-0.0150523221754,0.180249464842,-0.216255734872,0.055578254844,-0.117132890628,0.321126664849,-0.339866641864,-0.129749087161,-0.0791155844927,0,0,0.420182356685,0.549130690516,-0.621142424237,0.136950068097,-0.000163935655662,-0.0869562681831,-6.49255404671e-21,0.389340395289,-0.483759604742,0.419786485794,0.128618362372,6.78670084868e-05,-0.0586270342746,0
0.937530081735,1.19459589877,0.793319459811,0.0372331850231,0.0119492560625,-0.951438426971,0.305345386267,-0.641483372309,-0.16932384879,0.0528409460598,1.32669334474,-0.0970800220397,0.175427248684,-0.136932712946,0.0516793019485,-0.147952297313,0.243623223761,-0.344780077911,-0.116091404331,-0.0843289196491,0,0,0.503241506468,0.529718185906,-0.550525117987,0.138137334865,-0.000110649276808,-0.0954914186331,2.50355660527e-20,0.304673433287,-0.524324395231,0.444138616077,0.131041847089,7.97930183894e-05,-0.0614164118487,0
0.912338121573,1.18073207884,0.791565822932,0.0409493334591,0.0135485995561,-0.948501169682,0.313823461533,-0.707625301793,-0.178014158463,0.0655528652244,1.2010116407,-0.18603204637,0.16792713526,-0.0643639282959,0.0536634183196,-0.175626657834,0.187001783018,-0.350870636836,-0.101970172122,-0.0828827917576,0,0,0.573254151814,0.511135032074,-0.488470017033,0.138653741887,-4.11700853972e-05,-0.10169960868,4.85514396784e-21,0.219679731209,-0.555972389723,0.459316059398,0.133300346404,7.48937074274e-05,-0.0652304730804,0
0.889597833557,1.16603508823,0.787890808087,0.0359288193285,0.0122825345024,-0.945553421974,0.323244482279,-0.762278682513,-0.173991134948,0.0809441475054,1.14416982904,-0.25067343665,0.166711432111,0.00358433303194,0.060245267066,-0.195870742191,0.16164802401,-0.365678628086,-0.0937239152787,-0.0741080641747,0,0,0.651442530615,0.523073691717,-0.440528058777,0.139238700346,-7.03099454169e-06,-0.104462154921,-2.23475578314e-21,0.168473643891,-0.546886614477,0.456399944209,0.134719787493,3.8537316089e-05,-0.0705054934377,0
0.863431758549,1.15004669402,0.783118763252,0.0403264015913,0.0139694437385,-0.944050490856,0.327027946711,-0.75968213791,-0.16205702405,0.106353173927,0.87705442641,-0.298807504734,0.155979729106,0.0458133765969,0.0616324152911,-0.20696682447,0.163985539759,-0.413188979401,-0.087881159467,-0.0604673139751,0,0,0.703069317445,0.505780577188,-0.407824094551,0.138817410626,2.331115817e-05,-0.100655378923,-2.74709626617e-21,0.099807045393,-0.558342036582,0.445606911354,0.136262794072,4.30182035173e-05,-0.0795401386679,0
0.836361876378,1.13248785745,0.777987014894,0.0435209274292,0.0151645932347,-0.943312287331,0.328691214323,-0.720169804178,-0.144854824556,0.1524155148,0.56689479826,-0.350552502014,0.13453621753,0.0904770430832,0.0601023451279,-0.208576575175,0.188461704989,-0.453112632416,-0.0793221846089,-0.0449648164213,0,0,0.748104779529,0.488743452492,-0.381785287209,0.137500303801,2.5751721664e-05,-0.0921090023129,-6.42750605792e-23,0.0443537263277,-0.555789539837,0.427248892264,0.13745287796,5.14139889543e-05,-0.0936209643703,0
0.808238858568,1.11264432263,0.773217436035,0.0437962785363,0.0151989189908,-0.943712234497,0.327502816916,-0.70132690695,-0.125622997609,0.206837944219,0.389182691837,-0.432882080474,0.121125799985,0.128606839883,0.0480901618658,-0.207006659789,0.221745259933,-0.511576411568,-0.0607211928477,-0.0334990099072,0,0,0.7935612492,0.467790045544,-0.353853204395,0.135136372974,3.72307796771e-05,-0.0812329305885,-3.82057410195e-22,0.00222000920523,-0.538492752727,0.414306288206,0.137332557482,3.66991738544e-05,-0.108342196162,0
0.779951442439,1.09020493834,0.769677063414,0.0412105023861,0.0141766509041,-0.944713771343,0.324987024069,-0.690667577838,-0.108748984462,0.255089310221,0.34523584229,-0.497108013648,0.118993902142,0.172885214899,0.0314436774995,-0.204167265538,0.265682460407,-0.551714919928,-0.0283789454752,-0.0355936139822,0,0,0.84233792806,0.424599943334,-0.323605340882,0.133530708032,0.000148505838444,-0.0735782862822,1.0300743468e-21,-0.0249772002397,-0.510534855203,0.408426904128,0.137368812518,-0.000100331383487,-0.12220713886,0
0.749329570165,1.06604945479,0.767923481334,0.0458160154521,0.0155002018437,-0.946149766445,0.320095747709,-0.633329883034,-0.110134967968,0.29334234465,0.316163136178,-0.421916267879,0.142770006584,0.19262203501,0.0124485303931,-0.200634245361,0.331087659815,-0.592778991726,0.00766661082287,-0.0522392354906,0,0,0.867195486948,0.351832055922,-0.303984393182,0.134526191442,0.000390789365927,-0.0715852998728,1.24335039276e-22,-0.0581065507675,-0.489748855474,0.412132004895,0.138701925047,-0.000389753806389,-0.135411533725,0
0.720949652581,1.04083294448,0.767814704445,0.0434436425567,0.0149908373132,-0.944305300713,0.325845777988,-0.592256364688,-0.12744652118,0.29265908016,0.324851743849,-0.285913882697,0.192066940003,0.18925514301,-0.000683194558446,-0.191000778539,0.44231629753,-0.635738149523,0.016440223707,-0.0700316056609,0,0,0.875916867896,0.334204261153,-0.310021530897,0.13671131056,0.000514485140682,-0.0738538635122,8.21387944126e-21,-0.0420439330206,-0.441040471751,0.393235360125,0.139403643435,-0.000840340610467,-0.147333301744,0
0.692895682066,1.0149571969,0.768825480116,0.0354679860175,0.0128664495423,-0.9393876791,0.340774476528,-0.562246405583,-0.154167462943,0.246651826084,0.385801260892,-0.202540469367,0.230617304949,0.148239024492,-0.00760214241218,-0.169149982522,0.608664698269,-0.58617167254,-0.00115373622862,-0.0757355839014,0,0,0.848282924276,0.362057781799,-0.353226871246,0.136366484933,0.000412553233181,-0.0709926641406,-1.56542391442e-20,0.0298501963908,-0.393847417813,0.357483554575,0.138090391624,-0.00106626908605,-0.147161441425,0
0.666793941601,0.989337472313,0.770485135956,0.0272689983249,0.0102817686275,-0.935299694538,0.352654486895,-0.518494180251,-0.179671933172,0.210008573817,0.43377743243,-0.196930212832,0.251597558813,0.0494270055026,-0.0155381327807,-0.133665035438,0.838883026003,-0.288202193822,-0.00950957923538,-0.0674074664712,0,0,0.798146922522,0.379448660607,-0.38500576072,0.135904355909,0.000303940300397,-0.071655021797,-3.87274235878e-21,0.119732745092,-0.361723555124,0.337450294316,0.137440296417,-0.000944454563108,-0.13513848447,0
0.644024829079,0.965094090457,0.772558472769,0.0204106364399,0.00774427410215,-0.934739649296,0.354662120342,-0.453495172669,-0.202208330969,0.205544445439,0.451230616907,-0.223033257328,0.260113819929,-0.080145174753,-0.0261042380898,-0.0906189850949,1.03790641669,0.0953933236573,-0.0206796735242,-0.0495429709554,0,0,0.741111392884,0.359625264122,-0.390630991581,0.136168716931,0.000292063861854,-0.0794022059707,-2.02047596516e-20,0.179518872827,-0.38385659698,0.37126432854,0.136981972314,-0.00047494677978,-0.113240204383,0
0.621258127733,0.942490307846,0.775223588734,0.0165292304009,0.00626687891781,-0.934904456139,0.354458928108,-0.381070481365,-0.223290242318,0.22020498463,0.409655369525,-0.261021423856,0.258396359538,-0.217186206627,-0.0360817708721,-0.0543322576826,1.18486920401,0.211281674957,-0.0637766388744,-0.0280907265842,0,0,0.663138986049,0.35466810194,-0.404219529817,0.136105280711,0.00025313747652,-0.0869624039866,5.41131703124e-21,0.22103125649,-0.427265922961,0.43141089108,0.133581162036,-7.39256267751e-05,-0.0867220272344,0
0.600038414579,0.926837395804,0.778868189889,0.00220559490845,0.000860482919961,-0.931608915329,0.363454550505,-0.297296724193,-0.241854961987,0.222073837161,0.448020979371,-0.268605270948,0.2579069039,-0.354748838079,-0.0421028478556,-0.0376844065098,1.47951799187,0.12747916509,-0.125097144137,-0.0098486514762,0,0,0.578398541252,0.35226514881,-0.48216915565,0.137150245983,0.000210387922346,-0.0885767765763,1.49710743604e-21,0.29825044704,-0.49814730402,0.467316968716,0.130041363292,0.000152842241529,-0.0719013074832,0
0.576832824518,0.900883778226,0.783207154749,0.0117624411359,0.00478217890486,-0.926290631294,0.376595914364,-0.187605762267,-0.253783941428,0.184964639167,0.257995480103,-0.269401279849,0.257899271259,-0.432295102065,-0.0409846993305,-0.0376376169923,1.34210125723,0.0251402353117,-0.186346686726,0.00132367352489,0,0,0.425112682233,0.440469472613,-0.546462863195,0.137359323511,-2.80605024907e-05,-0.0891818736977,9.7140062439e-22,0.352286141273,-0.445817686375,0.460045989836,0.127122191972,7.85762496835e-05,-0.0607345123632,0
0.555316372395,0.880290532269,0.786965135946,0.0108070448041,0.00465342774987,-0.918408155441,0.395459264517,-0.0806290298029,-0.263674282458,0.125169327671,0.15908973609,-0.250718086465,0.258931109638,-0.503521369339,-0.0390412204598,-0.0448218704615,1.31540936969,-0.0571448262575,-0.237438829514,0.00732104619965,0,0,0.287657627681,0.478903202031,-0.622170831855,0.138884007567,-9.30266848849e-05,-0.0933243360271,-3.8355701377e-21,0.43221265759,-0.427859761196,0.436448247088,0.125016987005,5.24282260595e-05,-0.0555805341777,0
0.534839027254,0.860135079038,0.788897912195,0.0125356502831,0.00572629412636,-0.909505724907,0.415462881327,-0.00684530907441,-0.2682125607,0.0725090492843,0.10254143345,-0.251595926454,0.259552382578,-0.571603830999,-0.0343441890157,-0.0477300344351,1.23365163969,-0.16265254092,-0.258860874491,0.0114784510806,0,0,0.163706476074,0.483384122915,-0.657035010429,0.140273828769,-8.04375162713e-05,-0.104668782677,1.74276487402e-21,0.502697844129,-0.406187628033,0.410058732553,0.124441541769,1.11490043917e-05,-0.0540773655286,0
0.513993375077,0.840537648505,0.788684632775,0.0162704866379,0.00785761885345,-0.900341749191,0.434808313847,0.0345383457069,-0.26180743283,0.0344688680292,0.11127305312,-0.28224255587,0.259809826975,-0.622148169242,-0.0218890247554,-0.0398655499376,1.09891510823,-0.251514462486,-0.261084314976,0.0143583631143,0,0,0.0623852879699,0.461125448952,-0.649364339473,0.140273115629,5.45304397071e-06,-0.124756950142,-4.10833130392e-22,0.557974755181,-0.389446425091,0.396907049266,0.124375591176,-2.4959950107e-05,-0.0535002781582,0
0.49263589613,0.82091599662,0.786616008714,0.0211312808096,0.0107042165473,-0.891824603081,0.45176076889,0.0606433235606,-0.246651035581,0.00481359023859,0.144316195836,-0.330601090404,0.25990569192,-0.649663994365,-0.0023472937142,-0.0199755378687,0.911844468942,-0.312308071171,-0.257173000827,0.0150355100632,0,0,-0.0182906539057,0.422196630535,-0.614963118282,0.1363987489,0.000217191241937,-0.160450607999,3.74011867001e-23,0.600129090247,-0.375773842698,0.395619344039,0.124233782971,-5.30106361001e-05,-0.0527090999145,0
0.470995213677,0.800145145678,0.783047688379,0.0252793561667,0.0133409546688,-0.884036779404,0.466542541981,0.0883481322379,-0.229354580063,-0.0207799207038,0.182636503849,-0.380873679869,0.259870386752,-0.652234639052,0.0155966109111,0.00626887514592,0.688196520947,-0.361046037603,-0.233603379234,0.0127975670621,0,0,-0.0840558423556,0.392080089568,-0.586804729985,0.125979932512,0.000471178950773,-0.201468305156,1.15419368687e-20,0.636202650904,-0.357198882304,0.386949083174,0.123484342111,-8.56685846446e-05,-0.0503684228708,0
0.450205182932,0.776277852379,0.778436425101,0.0269442889839,0.0147917913273,-0.876180171967,0.481002628803,0.121336558165,-0.214237207968,-0.0447057252608,0.220070790025,-0.435146616586,0.259454476128,-0.645317501361,0.0249699456311,0.0256836272892,0.465792373365,-0.434872103134,-0.176266400221,0.00724605843425,0,0,-0.135302691648,0.378806718638,-0.584269427945,0.111568504813,0.000601516635812,-0.240394171035,-1.71042878609e-21,0.668926952651,-0.34221664197,0.374763214919,0.122495048181,-0.000107064851947,-0.0482418846008,0
0.428193097274,0.75009626913,0.773552863407,0.0268130078912,0.0152332251891,-0.869063079357,0.49373921752,0.154977529162,-0.198619204566,-0.0628552675147,0.261467364061,-0.496685100813,0.254453136623,-0.672940853427,0.0263687686211,0.0247106530049,0.378375141558,-0.55039437989,-0.0914500316521,-0.000731645151973,0,0,-0.161931634073,0.371734122369,-0.583758912038,0.0956985002147,0.000609421906943,-0.274556536359,2.30997919905e-21,0.693925093745,-0.33696334835,0.368714172522,0.121935711644,-0.00010864203058,-0.0472156226821,0
0.40445455526,0.723279560372,0.769392544721,0.0260583031923,0.0152731919661,-0.862338483334,0.505430519581,0.18770328614,-0.177861737607,-0.0727115112939,0.322281797128,-0.556646330032,0.241509076888,-0.675485507618,0.0223912007344,0.00748163096468,0.379426803938,-0.594860041827,-0.0302430547987,-0.00821800064296,0,0,-0.168284785181,0.372005622533,-0.5862711653,0.0828102585247,0.000520988887636,-0.299008277074,-4.97447271396e-21,0.708463219906,-0.335145578557,0.368418616781,0.121806168837,-0.000104079218941,-0.0473104693474,0
0.37984070179,0.694756945045,0.76681713544,0.0238377358764,0.0143019352108,-0.857172727585,0.514278233051,0.209214431724,-0.159110402769,-0.0833389584604,0.406455676332,-0.617597734211,0.226843212462,-0.630585611852,0.0236733110537,-0.00624512947247,0.385921978143,-0.496957514927,-0.0270351710347,-0.0126118510962,0,0,-0.147053822435,0.372469559697,-0.584513744621,0.0756164751236,0.00046800541479,-0.31262564161,-2.58557007569e-21,0.711481867687,-0.343325068252,0.377416101008,0.121999024846,-8.37084833208e-05,-0.0477833957523,0
0.354910463753,0.665418366058,0.766172858423,0.0207240376621,0.0127025227994,-0.852336645126,0.522428393364,0.208223803813,-0.154079211221,-0.103716778847,0.524148619094,-0.664261003545,0.220861601414,-0.604126339736,0.0317431805764,-0.00407095670567,0.425920348776,-0.356761805551,-0.0193407801956,-0.0150851439685,0,0,-0.109304479268,0.377465336103,-0.588762125926,0.076665971961,0.000395191612187,-0.312080990317,-6.51196890533e-21,0.709129971923,-0.348794976121,0.379308040918,0.122897417501,-7.62812953414e-05,-0.0500496630763,0
0.332016572907,0.635327774355,0.767118696758,0.0142547190189,0.00890858937055,-0.847894787788,0.529897928238,0.163037482492,-0.155325875471,-0.112220962336,0.690712920549,-0.618838188426,0.214960356592,-0.570367847633,0.040037758432,0.0056767012571,0.484557118253,-0.270117969726,0.00424218239887,-0.0204561073333,0,0,-0.0387448686938,0.384007267983,-0.593280155513,0.0910961982426,0.000204277117103,-0.282133558049,1.78517606062e-20,0.694742550475,-0.363258268811,0.382528115646,0.122192193348,-4.19879894145e-05,-0.0486692341765,0
0.31136562314,0.606607059053,0.768916885582,0.00947515014559,0.00608588755131,-0.841338336468,0.540391504765,0.0529304765859,-0.142293303968,-0.0839035719581,0.911753210222,-0.356130003633,0.174353310495,-0.525330317463,0.0467192541121,0.00438232580866,0.52125608884,-0.269389603585,-0.0181569426784,-0.0331688597798,0,0,0.0437891103315,0.399982224063,-0.603387004622,0.113491371168,-8.92537838728e-05,-0.230506069864,-6.56648082273e-21,0.6693511747,-0.368974241405,0.373520976158,0.122646111245,-2.76813681217e-05,-0.0504353714076,0
0.292405071699,0.580882941529,0.771156374297,0.00810320023447,0.00544341746718,-0.830053687096,0.557598054409,-0.10509264327,-0.116495307316,-0.0344899143614,1.11739527323,-0.010781712233,0.120261355341,-0.486169332896,0.0518222664838,-0.0158264134406,0.55059301765,-0.30919638937,-0.0732056903904,-0.0523163415492,0,0,0.103975661746,0.447641420948,-0.648398955074,0.130077428312,-0.000363381955651,-0.177337835928,3.82844438134e-21,0.624788840023,-0.380376132049,0.379002395372,0.124482564529,-8.17603963944e-06,-0.0560893899988,0
0.279657242369,0.559307634808,0.774109187322,0.000502275885083,0.000352686882252,-0.818393647671,0.574657738209,-0.272969420742,-0.0996835356774,0.00140457223341,1.42148633995,0.143173757767,0.117163490426,-0.440700994463,0.0544558887943,-0.0470544245644,0.636846060421,-0.338824543704,-0.113337268573,-0.0709454268217,0,0,0.17018480667,0.532663917701,-0.714382224017,0.135638041125,-0.000400455631073,-0.130953492762,-7.53716543826e-21,0.578859063363,-0.397405468573,0.420305489309,0.126098656347,2.49545291203e-05,-0.0589891916439,0
0.263644517204,0.531176451882,0.778110642431,0.0132264122367,0.00964249391109,-0.807950615883,0.589022815228,-0.399185778011,-0.0996420985985,0.0225896408494,1.410272452,0.0989897398594,0.156723218074,-0.379371255506,0.0536585258417,-0.0802280283389,0.533653648938,-0.376350358865,-0.13231508605,-0.0829682871699,0,0,0.213422801027,0.543979727261,-0.716512043519,0.135899280879,-0.000328676132895,-0.103314448199,1.21761166456e-20,0.476700734942,-0.459345420855,0.445328963431,0.12708233263,9.17998512407e-05,-0.0576574269139,0
0.254968121869,0.508686104112,0.782709849831,0.00558302970603,0.00420825602487,-0.798537552357,0.601904451847,-0.518623508556,-0.113432713041,0.0411883707911,1.56520375184,0.0505256910943,0.17546530176,-0.289271460301,0.0521283293601,-0.107342321449,0.507261122974,-0.371627922045,-0.141048094549,-0.0886732712388,0,0,0.314120812018,0.58304164103,-0.703546186081,0.136605681341,-0.000222189409401,-0.0920940683842,-5.60546818003e-21,0.426644173344,-0.476242295638,0.476617475651,0.128520464502,9.09644930889e-05,-0.0575759262154,0
0.241691505343,0.480137185055,0.78662132426,0.0163372326642,0.0126395691186,-0.790756702423,0.611781954765,-0.587577536761,-0.135744441107,0.0506404228892,1.40556295268,-0.0175359259804,0.162362995727,-0.201023218158,0.0488327884193,-0.132397642374,0.355957332666,-0.378506359947,-0.136841784983,-0.0908142328262,0,0,0.382497929743,0.550642692995,-0.64447306882,0.13680658628,-0.000188142474732,-0.0897845783253,1.25555877901e-20,0.330056048236,-0.5328959628,0.483599147663,0.130283498235,0.000115076466657,-0.058832668948,0
0.232229916231,0.455117295135,0.788643533195,0.0191010404378,0.0150948558003,-0.784348726273,0.619842231274,-0.657505442898,-0.150497482674,0.05801444261,1.31257087089,-0.100560031575,0.138245389138,-0.11511344977,0.0493754830032,-0.156785543356,0.271489423939,-0.371565595531,-0.126352460579,-0.0902104899287,0,0,0.46408633358,0.538228256891,-0.58525052471,0.137696507553,-0.000136129462093,-0.092816598287,-1.97355844201e-20,0.258821532696,-0.558756972209,0.48822960978,0.132405627935,0.000104292385172,-0.0623143383652,0
0.224932768001,0.432528006976,0.788677563647,0.0143804783002,0.0116094658151,-0.777954697609,0.628048539162,-0.732348768588,-0.14885878592,0.0735246841955,1.30144626406,-0.184197274945,0.130179401117,-0.0392478340969,0.0528176617239,-0.178090987798,0.222843645,-0.366599855542,-0.120045214337,-0.0882712975144,0,0,0.5560369066,0.55266917651,-0.533452766056,0.139084006744,-7.72503341242e-05,-0.0968302149983,-8.99426205821e-21,0.210865969856,-0.552784733575,0.491849918053,0.134399150378,6.26994740221e-05,-0.0676903727828,0
0.215647112492,0.406701907694,0.78741876571,0.0195801798254,0.0160117316991,-0.773872613907,0.63283598423,-0.741253483039,-0.141183936712,0.0909663869654,1.08917330828,-0.233230071372,0.133783944108,0.0171758145061,0.0523533684967,-0.191016053572,0.172324951746,-0.378647457614,-0.11149311756,-0.0876256972551,0,0,0.620707023292,0.534024903594,-0.480900026616,0.139359071557,-1.5064607779e-05,-0.0979824799925,2.81240773834e-21,0.141337378956,-0.562887245019,0.486776578393,0.136456589728,2.05463044387e-05,-0.0745631228735,0
0.205905854438,0.378623085633,0.785137684221,0.0300366729498,0.0246260799468,-0.772734642029,0.633539736271,-0.685217491543,-0.130334613277,0.121073434372,0.667851765833,-0.266927709604,0.123366176875,0.0482093635443,0.0462749536743,-0.195666098045,0.153142166174,-0.412509290689,-0.0967862478687,-0.0862016007304,0,0,0.66424501266,0.488551686859,-0.4374262067,0.138948097855,7.83891933682e-05,-0.0950732028944,2.06572524713e-21,0.0604044198844,-0.582837919529,0.479273468141,0.139176218786,-3.00832457517e-05,-0.0860001575553,0
0.197786043315,0.350334737913,0.781761600321,0.0310608930886,0.0255401320755,-0.77178633213,0.634609103203,-0.646743811354,-0.113121503088,0.16781793948,0.418088267301,-0.3142763094,0.0965250821349,0.0930307984258,0.0434377575185,-0.196430636892,0.163580311377,-0.443077457824,-0.0844106545101,-0.0792518854141,0,0,0.715624547384,0.475899785635,-0.412620523466,0.138682227966,0.000126186209374,-0.0891665526666,3.90119348863e-22,0.0185574419033,-0.567619078187,0.463258552981,0.140368550957,-0.000108500637458,-0.0988220676726,0
0.19161865404,0.321539139176,0.777995892403,0.0280614327639,0.0232649855316,-0.769320070744,0.637822806835,-0.644992059868,-0.093373565785,0.210641800914,0.321880251255,-0.388315605748,0.0797997022919,0.134358516089,0.0365737167974,-0.197008346353,0.188617207066,-0.48887072886,-0.0699413832944,-0.0702927261591,0,0,0.768021506697,0.477919173485,-0.387999469349,0.137728437909,0.000126625853011,-0.0826473219843,1.19196093861e-21,0.000908947765584,-0.532740681456,0.447602740883,0.14033084239,-0.000207004240166,-0.110278095089,0
0.184701033031,0.288044762457,0.775153061854,0.0312392804772,0.0253834091127,-0.775466859341,0.630103886127,-0.649598142776,-0.0723271232159,0.248384720936,0.29939862372,-0.449288175166,0.090520407713,0.166896096482,0.0255879229429,-0.196154845307,0.227671007933,-0.52237122867,-0.0444183799814,-0.0673886612058,0,0,0.807195033646,0.414017711112,-0.357639610325,0.136506114286,0.000263396526469,-0.076352836088,2.3603072987e-22,-0.0396575733694,-0.53246084021,0.46635945959,0.140560773685,-0.000249527417545,-0.119656755757,0
0.180681973602,0.254817752205,0.773958434062,0.0317860171199,0.0259267911315,-0.774259448051,0.631537616253,-0.604031849616,-0.0794672286947,0.267935412072,0.298523041695,-0.356945474826,0.126049503469,0.182015002797,0.0134914916606,-0.19500638948,0.30565020027,-0.566454046204,-0.0214255381105,-0.0700877606869,0,0,0.829112337173,0.38930723968,-0.35441764549,0.136424967326,0.000336091507951,-0.0736635579409,-4.25512775324e-21,-0.0413955750457,-0.504904159614,0.460901647804,0.14088393596,-0.000380835815289,-0.124872993878,0
0.177098158725,0.220109430891,0.774220758982,0.0285552423447,0.023735916242,-0.768486618996,0.638787567616,-0.583074001063,-0.100590772737,0.248761675547,0.336995795118,-0.242600007602,0.165412112222,0.180690324874,0.00442593962343,-0.193101874854,0.414720359996,-0.624476332107,-0.028585729325,-0.0725282281637,0,0,0.82612630444,0.398906336183,-0.381656865863,0.136594293942,0.000309887504284,-0.0717924117787,-5.67457009228e-21,-0.000315858180901,-0.469427179439,0.437273668162,0.140520343402,-0.00050694069681,-0.126732178998,0
0.174043528341,0.185476280709,0.775246604498,0.0226238425821,0.0194868557155,-0.757344603539,0.652332365513,-0.55557580505,-0.129047384418,0.207985452117,0.39822498167,-0.181216730038,0.204233074525,0.144065238731,-0.00853733628375,-0.187661858684,0.574852825683,-0.611286500407,-0.0678842567291,-0.0712225958705,0,0,0.787814810798,0.433841034806,-0.427994350006,0.136078773866,0.000197715497801,-0.0695663482763,-3.0080746977e-21,0.0827583991461,-0.430519513302,0.402340050315,0.139128973089,-0.000537323537228,-0.119739796303,0
0.173322915705,0.151924296078,0.776165481508,0.0166403390467,0.0146461445838,-0.750469863415,0.660532772541,-0.510374862937,-0.158355503154,0.188028482401,0.426628066571,-0.179026488331,0.242942696477,0.0511956014944,-0.0382470957298,-0.17473633514,0.800663577603,-0.390915376788,-0.100324090539,-0.0620368644595,0,0,0.742628161043,0.430972435116,-0.43748760224,0.136564772641,0.000152921802218,-0.0748510980452,4.03540340214e-21,0.163873310495,-0.418510796887,0.399599189595,0.137457989059,-0.000371232330822,-0.106541266969,0
0.173614202128,0.120970941992,0.776546228017,0.012323975563,0.0108612757176,-0.750123679638,0.661093533039,-0.465353334208,-0.188007244336,0.201696635581,0.43809827314,-0.211831918897,0.259494274192,-0.0866167839947,-0.080869767353,-0.152356214029,1.01393982501,-0.0573931511489,-0.118047261828,-0.0417349897325,0,0,0.695610738682,0.393193541066,-0.414244430087,0.13714475956,0.000190328008477,-0.087405991836,1.25991034744e-22,0.217623766838,-0.447809857524,0.436503142328,0.134781749182,-7.41112365586e-05,-0.0883716872954,0
0.170462343837,0.096997488478,0.777137185178,0.00181338121183,0.00160791259259,-0.748222351074,0.663443565369,-0.425901580812,-0.216981419941,0.228633957146,0.529688633103,-0.249209481098,0.257628328602,-0.24677937285,-0.115859122816,-0.126137027686,1.33778231035,0.113804790982,-0.157459011356,-0.0162407793105,0,0,0.640324482313,0.356881973556,-0.450748670312,0.137911238201,0.000252105254787,-0.0979794148497,-9.47786180205e-21,0.276431593154,-0.529483723915,0.48399234497,0.131040549543,0.000190260899217,-0.0746007258193,0
0.168303204801,0.0700354379045,0.779377441085,0.00103723153006,0.000928568013478,-0.745055377483,0.667001128197,-0.365925446594,-0.240137604108,0.233528486584,0.502073251375,-0.279302878866,0.256423835389,-0.381959567944,-0.118842755792,-0.0984708122439,1.46981463015,0.0754679397099,-0.207929062171,0.00313554517925,0,0,0.531555022489,0.394995150976,-0.524010604567,0.13817035752,9.84824318166e-05,-0.0990224123583,9.93394427511e-23,0.326315966942,-0.544045795068,0.498636921967,0.127764310647,0.000218405718423,-0.0637664517584,0
0.166316916899,0.0434910926374,0.783711802792,5.57662933716e-05,5.11241196364e-05,-0.737121105194,0.675760686398,-0.269319235155,-0.255564707612,0.199341877745,0.411376212913,-0.275591715392,0.257027611206,-0.477251925913,-0.0905903903523,-0.0732209688091,1.52091940252,0.0123597906395,-0.244796806557,0.0123074278235,0,0,0.398557205003,0.452986940455,-0.628632107263,0.139203465741,-4.01979610595e-05,-0.0940544723639,4.29268030419e-21,0.396911957427,-0.525025087034,0.470940100197,0.125788326254,0.000194562332754,-0.0585075215992,0
0.166776903399,0.0126474410364,0.788781353786,0.0083886468783,0.00790211278945,-0.72785204649,0.685637354851,-0.159516923952,-0.26198780225,0.14577627784,0.224565719406,-0.263681967316,0.257956663233,-0.528729887882,-0.0468845028799,-0.0481509836798,1.33680798441,-0.0449450895942,-0.259450360305,0.0163330845535,0,0,0.243554014599,0.531456164993,-0.704425881298,0.139910265535,-0.000133135540645,-0.0907270111284,7.21643017506e-22,0.445005506038,-0.449188427316,0.428292949495,0.124342959375,9.20397483227e-05,-0.0553958943506,0
0.164807260827,-0.0134692827943,0.792578900179,0.00820154231042,0.0079586841166,-0.717605352402,0.69635617733,-0.0683028211551,-0.263756180432,0.10044479945,0.146219260565,-0.248731820258,0.258812303189,-0.582646663146,-0.00755246065541,-0.0230857933921,1.26640618022,-0.108051308923,-0.261789992543,0.0207282286137,0,0,0.13914326133,0.528950904366,-0.73635643609,0.141369012791,-0.000101535092184,-0.0954965606746,4.24479110101e-23,0.500359057015,-0.435792757799,0.410405965544,0.124306971715,6.45821925622e-05,-0.0555065925034,0
0.162818548049,-0.0395372993414,0.794009220362,0.00944095011801,0.00941166188568,-0.708141505718,0.70594471693,-0.00690445130924,-0.262176881639,0.0686413884606,0.102856517546,-0.249072501832,0.259197062639,-0.629349383366,0.0220293985031,0.00283612320035,1.14258043587,-0.181791127289,-0.261789999981,0.0259618777782,0,0,0.0621013319055,0.496000782582,-0.719049180937,0.142442556519,-1.81049313523e-05,-0.110546083334,-2.64720698262e-23,0.545172400694,-0.423700824175,0.39911109482,0.124526495027,3.71705301769e-05,-0.0563734884162,0
0.16072340106,-0.0660919743029,0.793090343352,0.011609476991,0.0119393235072,-0.697037279606,0.716841459274,0.0307827865948,-0.255512843847,0.0410523169065,0.112257026221,-0.270416326086,0.259479612046,-0.652545912894,0.043354138857,0.0283616489615,0.966749440269,-0.239730645841,-0.261789999996,0.0291175283492,0,0,-0.00334407167962,0.450267033991,-0.684472595373,0.141311528012,0.000167435971896,-0.139583953326,4.03526006712e-22,0.591615815554,-0.396099944097,0.371736995334,0.124715836723,-2.38847173564e-05,-0.0574293141146,0
0.158482186163,-0.0933492294598,0.790208495602,0.0138762304559,0.0147406086326,-0.685295403004,0.727983772755,0.0585414264435,-0.244574267702,0.0115991996626,0.150916145428,-0.312268243069,0.259703937249,-0.650324661696,0.0568825916223,0.050247634554,0.744365928873,-0.285202156996,-0.259451964054,0.0276321545243,0,0,-0.0601637595758,0.407911724192,-0.65218144605,0.134589568787,0.000440146991575,-0.177474984248,-9.30313713063e-21,0.635569909838,-0.360513121997,0.340670951393,0.124488422684,-0.000105524453269,-0.0573277311513,0
0.157222264838,-0.12242235996,0.785767329787,0.0149089377373,0.0163816120476,-0.672916948795,0.739386320114,0.0906664188886,-0.23289780824,-0.0187097897822,0.186587253824,-0.360862448809,0.259754877933,-0.635201638146,0.0623781905763,0.06491726545,0.511571456799,-0.342037978212,-0.225040551345,0.0210982337594,0,0,-0.107660795014,0.384742307351,-0.641483545887,0.123169264317,0.000620658147046,-0.214469758681,6.3513015905e-21,0.674832660172,-0.333823847742,0.321667087684,0.123688751005,-0.000160313222788,-0.0551142543125,0
0.15773092694,-0.153349287016,0.780404546989,0.0148137863725,0.0167912375182,-0.661405265331,0.749694406986,0.124147840576,-0.220559489837,-0.0410163647226,0.219633189491,-0.416721466358,0.259554418497,-0.64934539672,0.0622939722709,0.0627868719036,0.374366464518,-0.449422389192,-0.147136963658,0.0112508255988,0,0,-0.138290181511,0.372077541082,-0.640176427047,0.109256628639,0.000670772270236,-0.249740162377,-1.42033850418e-21,0.704685488958,-0.331508601868,0.323977818424,0.122364117835,-0.000146471842868,-0.0512623011953,0
0.157520455991,-0.185944761122,0.775107687918,0.0149447005242,0.017414405942,-0.651073634624,0.758667588234,0.156097582327,-0.204857036215,-0.0548647329061,0.272009229475,-0.477131298092,0.257539951482,-0.682333999796,0.0565428161384,0.0410961077995,0.371085592177,-0.545773999128,-0.0632815942979,0.00137495179661,0,0,-0.150232528333,0.365817551222,-0.638802384296,0.0942849933329,0.000620380793767,-0.280095366189,7.44250320117e-21,0.722982911465,-0.338860806953,0.335314118184,0.120563595954,-0.000106306814873,-0.0466617353388,0
0.156842203322,-0.220089401696,0.770955041154,0.0142569858581,0.0169973988086,-0.642483234406,0.765978515148,0.18258496012,-0.187317906788,-0.0688254873844,0.340976957503,-0.541669744347,0.25232739268,-0.654898386338,0.0499246314975,0.0149964569832,0.376942773039,-0.519990409953,-0.0389255866058,-0.0055562001653,0,0,-0.139575138115,0.367976186897,-0.64070132872,0.0835875801153,0.000520881472759,-0.299398594745,-3.04276150989e-20,0.732130337171,-0.34555167114,0.345369634691,0.119106598961,-7.61450139881e-05,-0.0429404976359,0
0.15647740345,-0.255802854338,0.768728101511,0.0134571623057,0.0163563266397,-0.635205864906,0.772052407265,0.198848577399,-0.174143155771,-0.0871413393029,0.429685296566,-0.607724804529,0.246595750937,-0.622492946441,0.0538742491723,0.00209931887449,0.418293252044,-0.430610756987,-0.0603447980889,-0.00945973023772,0,0,-0.109996408507,0.37395206563,-0.644216162956,0.0802727293371,0.000430992836683,-0.305617307091,-7.76312191764e-22,0.732606552297,-0.348810142841,0.348319601978,0.119139945578,-6.64448123205e-05,-0.0428728563134,0
0.156624745444,-0.292356656393,0.768660643401,0.010620594956,0.0132450284436,-0.625487029552,0.780049860477,0.194301276586,-0.170115452366,-0.105040156035,0.548242401519,-0.663121783618,0.245650424976,-0.600695758433,0.062821440394,0.00693135245386,0.470767548093,-0.328807439104,-0.0462599719386,-0.0130458846688,0,0,-0.0685842657797,0.393760020594,-0.663945490049,0.0884700967683,0.000239621670006,-0.291826067081,1.99444171412e-21,0.735265683406,-0.332841361609,0.325896473456,0.120664871753,-0.00010666672692,-0.047201340694,0
0.158248685749,-0.328576757258,0.770380414226,0.0071241655387,0.00902125239372,-0.619717180729,0.784741044044,0.142706543865,-0.164383021921,-0.100736454995,0.717832281063,-0.632234154833,0.235277016123,-0.56248316547,0.0680744483494,0.0132320291157,0.515779870575,-0.278763134939,-0.00912526690882,-0.0192541442811,0,0,0.00775274011855,0.413962242917,-0.666478181357,0.105886558854,2.70726614403e-05,-0.254215797359,2.01845372335e-21,0.717120732395,-0.339654990179,0.323340857448,0.12067668966,-9.08366321298e-05,-0.0480402971685,0
0.160518136057,-0.362501830176,0.773069313148,0.00537576992065,0.00702029466629,-0.607947826385,0.79392772913,0.021949463508,-0.141428673591,-0.0621373487664,0.947454131097,-0.380580003916,0.18393630305,-0.511298377548,0.0681995132611,0.00251483450659,0.526955217356,-0.291987480767,-0.0109334134507,-0.0301575940102,0,0,0.0839752152568,0.4412734482,-0.681426368243,0.124645595505,-0.000177207502105,-0.205570016207,1.78578119565e-21,0.683959515565,-0.351948962557,0.326120964126,0.121791218473,-6.76119022757e-05,-0.0511266502174,0
0.16236249341,-0.393091672177,0.775984643356,0.00583820277825,0.00800599716604,-0.58917593956,0.807943999767,-0.141501002084,-0.107367334685,-0.0181837636147,1.15168989838,-0.0203695311056,0.130597944019,-0.463075838572,0.0667482615192,-0.0272633472892,0.535279753352,-0.329932070583,-0.0499338689496,-0.046581864357,0,0,0.135191744599,0.496934412686,-0.727955889011,0.13528182197,-0.00032508147711,-0.159425650534,-2.105821901e-21,0.635164224273,-0.370662219651,0.344340356527,0.123634031164,-3.42456002104e-05,-0.0557504780249,0
0.165576795663,-0.420534848134,0.779098018741,0.00899039953947,0.0129107963294,-0.571378171444,0.820536077023,-0.310969216792,-0.0779323242458,0.0177507826671,1.3300000728,0.135987292629,0.141904292735,-0.423354109719,0.0664061674628,-0.0644503752302,0.553767875797,-0.369911549774,-0.0939133523973,-0.0659068375826,0,0,0.179713822072,0.55577829363,-0.761715216048,0.137469567282,-0.000320350357088,-0.121677792496,2.49670096414e-20,0.559830119997,-0.409444313451,0.390587262442,0.124335635886,3.45124668858e-05,-0.0556796988421,0
0.171567977339,-0.443502389428,0.782888496006,0.0053824824281,0.00802533887327,-0.556983053684,0.830467641354,-0.46229111543,-0.0683151003398,0.0459956509644,1.55082294521,0.105140277056,0.179718611317,-0.363563680855,0.0674521657887,-0.0973913340565,0.560030720809,-0.380278678753,-0.123161659325,-0.0824200510979,0,0,0.266809530326,0.610208851882,-0.754798574958,0.13781176854,-0.000230537251191,-0.104119253766,8.46717934128e-22,0.498282217999,-0.437046247483,0.453130456888,0.125168329809,6.67952296669e-05,-0.0526426832254,0
0.178004198967,-0.474598550855,0.787122629537,0.0135492281988,0.0208547767252,-0.544639587402,0.838301360607,-0.552628110411,-0.0872281596019,0.0542875243439,1.44126110171,0.0436848347941,0.18888167928,-0.280147775903,0.066716007587,-0.125941464455,0.413442079424,-0.388208361797,-0.134502345453,-0.0926433652639,0,0,0.333966229301,0.587458162086,-0.696101517186,0.137568588745,-0.000209668095938,-0.0965676491697,1.31284597196e-20,0.388318285072,-0.501885255979,0.486987287686,0.126437164585,0.000102527857565,-0.0499602831309,0
0.185980353358,-0.501087832959,0.79037305832,0.014730730094,0.0233741980046,-0.532963275909,0.845687150955,-0.625888254389,-0.114919618004,0.0550904960307,1.39241994602,-0.00674509053082,0.17096524525,-0.18708611064,0.066566914534,-0.152868537194,0.313492176506,-0.374111589421,-0.130031351024,-0.0974979326129,0,0,0.418437213216,0.581211254947,-0.636102316889,0.138471513255,-0.000164775488809,-0.097979119218,-1.39917069978e-20,0.307883415576,-0.529847868263,0.508073519826,0.128838536411,9.02305481465e-05,-0.0516295060434,0
0.194461046193,-0.52707745377,0.791367174962,0.0161210782826,0.0261040516198,-0.525198042393,0.850426793098,-0.695514619204,-0.13391713222,0.0589820111956,1.28249059492,-0.0982371123386,0.144772070628,-0.106559980359,0.0690304924594,-0.180491370543,0.229612263098,-0.363975606375,-0.117887090962,-0.0989325121045,0,0,0.496943410815,0.570194715523,-0.572313536517,0.139127147352,-0.000121288252564,-0.101924467149,-2.76463022133e-21,0.231550734159,-0.543148316671,0.512524192508,0.132143727331,5.61698507642e-05,-0.057422530544,0
0.203377695974,-0.550225997614,0.79029869548,0.0128900622949,0.0213359352201,-0.516943275928,0.85565662384,-0.762827841575,-0.141687424603,0.0621279016674,1.26520900292,-0.182113821774,0.125378853196,-0.0306134824344,0.0755858293895,-0.201277887269,0.180724470046,-0.356913798756,-0.111539888049,-0.0994616597891,0,0,0.586787280606,0.584105044606,-0.513699466354,0.140557120192,-5.37181829322e-05,-0.106870027168,2.36277348385e-21,0.180219136121,-0.518689590405,0.50783857819,0.135530396824,-3.30192797643e-05,-0.0661258641,0
0.212658090737,-0.57709586183,0.788150447833,0.0158203896135,0.0264570843428,-0.512966573238,0.857854902744,-0.763596972282,-0.144524089757,0.0681392917389,1.03938483202,-0.22838028875,0.11372839249,0.0226880798005,0.0769305767405,-0.210052413995,0.145293691558,-0.374491689287,-0.104856153764,-0.102857023478,0,0,0.656914406425,0.55418121558,-0.446403585396,0.140734873994,3.50401097368e-05,-0.108433960493,1.17689861976e-20,0.104836177377,-0.514130251691,0.500355022727,0.138768133993,-0.000141574152296,-0.0754323864071,0
0.223188789523,-0.6060643254,0.785282957536,0.0219346862286,0.0365607663989,-0.51399731636,0.856731534004,-0.699061381437,-0.14054333336,0.0919943745491,0.615718762147,-0.252474017954,0.0940844576965,0.0562474506803,0.0715321714958,-0.208880127065,0.134712257037,-0.412165234941,-0.094265800705,-0.109568506479,0,0,0.709185199012,0.497314848786,-0.393295434713,0.140635783144,0.000190061826162,-0.104431486824,8.48403118095e-23,0.0169960812001,-0.515680713429,0.493292833063,0.142688981033,-0.000315920792225,-0.0895663308887,0
0.235086857636,-0.634271131553,0.781515222039,0.0227524396032,0.0379517413676,-0.513682901859,0.856838285923,-0.644029650084,-0.125435669093,0.146031593039,0.344744902364,-0.293586256633,0.0648526062087,0.107383129361,0.0691173876316,-0.202965819825,0.130014226289,-0.433982047636,-0.0865935389412,-0.114923842251,0,0,0.766213352006,0.476555779269,-0.364942841948,0.141008933838,0.000304189727655,-0.0957518947519,-6.78798121099e-24,-0.0333689007246,-0.485725654022,0.482709854355,0.145322646742,-0.000576454858483,-0.102614703011,0
0.248952211945,-0.663475835509,0.777215219581,0.0235532131046,0.0389986336231,-0.516442775726,0.855108916759,-0.647615057339,-0.0998808209225,0.210196814112,0.241293963374,-0.39123276948,0.0451334001452,0.14983920041,0.0629286604658,-0.200252529223,0.139880935859,-0.472294923205,-0.07211513459,-0.114968121052,0,0,0.81356199636,0.453349317574,-0.34796068662,0.140469883937,0.000376875489947,-0.0850880657836,-1.86273088111e-22,-0.0735702495757,-0.458115549615,0.482385968914,0.146471940914,-0.00082653431026,-0.115825036339,0
0.265713881057,-0.693573331941,0.773488419265,0.0235794335604,0.0387881360948,-0.518917381763,0.853618323803,-0.64656573285,-0.0835997763666,0.254625062779,0.246697403573,-0.439361042579,0.0512338593662,0.191623575875,0.0554866601967,-0.20032639244,0.175465208802,-0.506896568349,-0.0458201715708,-0.110215947032,0,0,0.848540302925,0.428825633639,-0.342754211563,0.139036179841,0.000410219191224,-0.0751299647185,-3.68629001067e-21,-0.0920239894756,-0.436316922762,0.484723499285,0.146110272665,-0.000982644174841,-0.125854350978,0
0.283769036151,-0.724201834947,0.771364283372,0.0233777910471,0.0387284085155,-0.516252577305,0.855240821838,-0.607022334109,-0.0924400540052,0.274828408899,0.27047574182,-0.349410569025,0.0880807246221,0.211477387533,0.0461005634365,-0.201631829709,0.257425764226,-0.561111422963,-0.0192941517124,-0.10331825912,0,0,0.863620994192,0.415184927577,-0.349512090201,0.138040800792,0.000408844873445,-0.0700251766822,-2.10984837858e-21,-0.0837045748677,-0.416094271882,0.475855622778,0.144912955958,-0.00108153403732,-0.133857873519,0
0.303135048648,-0.755291639639,0.771137358891,0.0225057955831,0.0376324132085,-0.512766480446,0.85740762949,-0.596114018711,-0.10378299612,0.263258672601,0.31349483292,-0.242540735689,0.136008034212,0.209677551215,0.039111503403,-0.198365993159,0.371920675638,-0.624136004922,-0.0135431842215,-0.0957899540663,0,0,0.861838793818,0.404603304984,-0.354837784423,0.138159089872,0.000412004856893,-0.0714645820396,6.14907890369e-21,-0.0514972818396,-0.396112506398,0.466191080795,0.143655278438,-0.00111618643203,-0.138855252023,0
0.323695332742,-0.786254145231,0.772239594827,0.0186728294939,0.0321297012269,-0.502128005028,0.863994479179,-0.570735291399,-0.12453690996,0.222130232412,0.378373693709,-0.178553784848,0.17549639028,0.175532193012,0.0306919483016,-0.185036003804,0.525034746935,-0.62569476496,-0.0339163212111,-0.0861794501543,0,0,0.830477625012,0.418844769674,-0.376391046663,0.137487263032,0.00032252262936,-0.0723731681945,-1.44360677919e-21,0.0214467461368,-0.382579795638,0.450086127889,0.142045007004,-0.000932092415421,-0.12970933812,0
0.344335487019,-0.815064896013,0.773573906392,0.0145407104865,0.0256499499083,-0.492945492268,0.869560480118,-0.527469382214,-0.150192706445,0.196251123564,0.426515757825,-0.178102691267,0.216753551221,0.0853163329588,0.00922997388759,-0.159521011026,0.75042643517,-0.420148938826,-0.0478855170209,-0.0706118792295,0,0,0.7777377326,0.425819070862,-0.39405257254,0.136731007783,0.000221291148592,-0.0751025436184,-2.04146312732e-20,0.110378714851,-0.382086206255,0.445652840126,0.140060404839,-0.000570406626892,-0.108297663838,0
0.364822422062,-0.840209564258,0.774404172707,0.0113105187193,0.0200290028006,-0.491590321064,0.870522737503,-0.481003332377,-0.181689568207,0.206693037323,0.439194783313,-0.209586579171,0.249761924448,-0.0578795615299,-0.0265854876395,-0.12477546037,0.988501030024,-0.058842602554,-0.0428689012462,-0.0477421358228,0,0,0.714738026241,0.4052195046,-0.399413346952,0.136717167962,0.000184158854087,-0.0831995264276,-1.10598926345e-22,0.177823521061,-0.422640082292,0.476961258551,0.1356153108,-0.000153689007458,-0.084232810258,0
0.37842177989,-0.862182276518,0.775142540362,0.00390716036782,0.006963707041,-0.489301174879,0.872078299522,-0.433553483252,-0.216254535371,0.233505822672,0.520483258838,-0.242047029593,0.257939177042,-0.223209513323,-0.0634228511444,-0.0912579451107,1.30960497765,0.157926949314,-0.0572329987768,-0.0236079208553,0,0,0.646201700549,0.374378452295,-0.452939722989,0.137876986806,0.000201544636781,-0.0914092109178,-8.69956102078e-21,0.237655359612,-0.52476015806,0.531247774693,0.131264660441,0.000155389705096,-0.0710963576753,0
0.395312255085,-0.885826371698,0.776929659699,0.00279837823473,0.00503448955715,-0.485825836658,0.874036669731,-0.362426451207,-0.24682184258,0.242750175622,0.47948699412,-0.26671069106,0.256829703135,-0.360294524071,-0.0867217349377,-0.0664328446885,1.45755407777,0.129022657427,-0.100779983311,-0.00709879631177,0,0,0.532565765454,0.401257031167,-0.52137868233,0.138349204413,8.60054050127e-05,-0.0957256393997,-5.76787075492e-21,0.276966261616,-0.574133279393,0.571837351094,0.128632729104,0.000213278449705,-0.0621917749595,0
0.412252816969,-0.909196086082,0.780373804503,0.00144329550676,0.00267273583449,-0.475151360035,0.879898846149,-0.258808960488,-0.272457696146,0.217833361827,0.379969145698,-0.261350835191,0.257312178528,-0.467106633105,-0.0939907794892,-0.0535959063682,1.51552846286,0.0351891763318,-0.156132775643,-0.000539180182386,0,0,0.404624664775,0.437467853321,-0.601577122391,0.139345137602,-1.2898794015e-05,-0.0987667759961,-2.45249990919e-21,0.343107853065,-0.588009943325,0.564488699904,0.126750114668,0.000218160394461,-0.0570969239024,0
0.42946855424,-0.932389675065,0.784861385444,0.00018784198619,0.000360976991942,-0.461611807346,0.887081921101,-0.144163933956,-0.284440194707,0.167815889007,0.247242067681,-0.239147088111,0.258479170744,-0.538241167138,-0.086907301823,-0.0513633211924,1.50629838748,-0.038816659966,-0.209985042076,0.000824589515105,0,0,0.287041860668,0.453140099908,-0.648148226958,0.140046666988,-5.10729828953e-05,-0.106516336599,-3.18709730959e-21,0.425510235616,-0.569364734526,0.514069114517,0.126242615282,0.000219113947868,-0.0570977928498,0
0.450265325317,-0.95684743233,0.78890130976,0.00633001094684,0.0126191070303,-0.44832777977,0.893757760525,-0.0472949144197,-0.27838082836,0.112917927864,0.104467714406,-0.226479645277,0.259348578,-0.569063944314,-0.068701516309,-0.0529800773643,1.26232341977,-0.123179257647,-0.244286078542,0.00187157362234,0,0,0.157607044051,0.492253828605,-0.649940118864,0.139359905854,-0.000126631794968,-0.122095869487,-3.93422692599e-22,0.474642546264,-0.494351736197,0.460844780359,0.125986102004,0.00014926556324,-0.0584602942252,0
0.465771676257,-0.979457900473,0.791061777682,0.00729134492576,0.0151920747012,-0.432628601789,0.901414752007,0.00369314060474,-0.263605948182,0.0748864887903,0.106262966812,-0.242315526633,0.259786347594,-0.604910167144,-0.0472141569402,-0.0525417123152,1.14231812782,-0.195416149362,-0.257705693117,0.00374518916942,0,0,0.0684798893618,0.462735720267,-0.630638489561,0.136613558404,-2.27112924191e-05,-0.153040135978,3.27399111235e-21,0.5294925766,-0.484026368126,0.439309126527,0.12628102331,0.000137797410492,-0.0606038832194,0
0.481594356964,-1.00258699052,0.790778902973,0.0086966175586,0.019011516124,-0.41589191556,0.909173727036,0.0332832077411,-0.24817960286,0.0488843656268,0.135213597959,-0.280144488157,0.258430375575,-0.634217968663,-0.0259216719801,-0.0459902727679,0.972038561508,-0.257910367927,-0.259790135557,0.00480128917843,0,0,-0.0107694411928,0.431237751879,-0.609068631041,0.129220546757,0.000157034456686,-0.18776482189,1.90199471701e-22,0.575632266035,-0.478926470903,0.430676335741,0.12609384625,0.000128551954245,-0.0602058024392,0
0.497774220421,-1.02658684366,0.78833862911,0.0100414669141,0.0230680368841,-0.398997038603,0.916607022285,0.0604589021742,-0.229348360195,0.0264827116951,0.170981621646,-0.328266690677,0.250055609513,-0.641174268015,-0.00702621704722,-0.0380321566109,0.761147436244,-0.303740888472,-0.249584138066,0.00307303480804,0,0,-0.0808314201788,0.413151412661,-0.601512711691,0.117854384159,0.000306116331167,-0.223507184779,3.61768651188e-21,0.619095183979,-0.463137453885,0.416835159969,0.125197962472,0.000103418219687,-0.0578179422152,0
0.515552364346,-1.05110904507,0.784321062966,0.010729691945,0.0259220581502,-0.382302373648,0.923611283302,0.0907755268119,-0.206422177897,0.00504070490979,0.209634174622,-0.381901381625,0.231326315596,-0.634932779034,0.0059579411236,-0.0371049408479,0.540095263429,-0.359544258202,-0.200970060177,-0.00195632176474,0,0,-0.135758331197,0.4052948391,-0.604258520586,0.104394878064,0.000350098160139,-0.256319402074,-1.11075726225e-20,0.658273354237,-0.44419138546,0.401013616452,0.123831771305,7.64051463461e-05,-0.0541378181153,0
0.53551464955,-1.07640424737,0.779377550684,0.0108548654243,0.0275803469121,-0.366068035364,0.930115938187,0.123329048681,-0.180767742349,-0.0147831024831,0.249856928787,-0.44129635227,0.205324959362,-0.649381927949,0.00989707213071,-0.0498425412001,0.397706832525,-0.462309922483,-0.110205975744,-0.00957984477282,0,0,-0.167944049806,0.400057659788,-0.60610991665,0.0908250483473,0.000295054413839,-0.284127532682,4.460168088e-21,0.688174409769,-0.431584869606,0.390582977218,0.122321708681,6.54989555065e-05,-0.0505961322395,0
0.556309831443,-1.10382468156,0.77436186754,0.0109332883731,0.0292413458228,-0.350047826767,0.936211466789,0.155666235765,-0.152528057899,-0.030076426801,0.29660422653,-0.506575806216,0.177226164226,-0.687324608363,0.00704175526061,-0.0738452520298,0.389090212455,-0.572312413958,-0.0267360954405,-0.0187476631254,0,0,-0.1809719585,0.399909496553,-0.609273654793,0.0797136416982,0.00013460817998,-0.304257334326,-3.28995666997e-22,0.706661992965,-0.421561874348,0.384621945243,0.12133698924,6.30321368694e-05,-0.0488577027994,0
0.577870287516,-1.13257422137,0.770290652744,0.0104843424633,0.0292829349637,-0.336918890476,0.941019773483,0.18331291137,-0.124737757807,-0.0417431346637,0.354950067543,-0.573515270678,0.154217336713,-0.673521875594,0.0133269822632,-0.09256868253,0.392250500161,-0.554347715055,-0.0133802129419,-0.0274432450533,0,0,-0.166815642452,0.40433987522,-0.607707534285,0.0735414390824,-5.75951314081e-05,-0.314072314434,7.61166315238e-22,0.709035096749,-0.421039182352,0.390625278039,0.121041964018,7.5591709479e-05,-0.0484342808496,0
0.600486016405,-1.16137297107,0.76801685958,0.0106075024232,0.0306089464575,-0.327272176743,0.944374680519,0.203334057837,-0.107018077781,-0.0608018134034,0.44244687381,-0.632495793783,0.138902836639,-0.642127849437,0.0317631855928,-0.089819834107,0.416451706155,-0.440249293067,-0.0612346451489,-0.0329574048519,0,0,-0.131643454655,0.406583006115,-0.598159791001,0.0750863596686,-0.000157560668693,-0.312027984495,-2.81412769883e-21,0.695517548067,-0.426457358762,0.399132443356,0.121730268972,9.01413348873e-05,-0.0498986103444,0
0.624676790798,-1.19158675192,0.767874435835,0.00854442920536,0.0254749581218,-0.317880153656,0.947750091553,0.203635638532,-0.1091264337,-0.0951553813291,0.536878333652,-0.673584652303,0.129955113388,-0.61927524692,0.0487820537462,-0.0711202824977,0.478341632873,-0.325596523978,-0.0816868091728,-0.0354528874159,0,0,-0.0712930183669,0.417980669137,-0.598327678699,0.0869864699326,-0.00022218247215,-0.290380796327,5.75668319762e-21,0.680903754616,-0.431412656836,0.407431204107,0.122406452555,9.8714641175e-05,-0.0510342693993,0
0.649797566488,-1.21923843974,0.769597987822,0.00609111133963,0.0183955393732,-0.314276188612,0.949133813381,0.156788874881,-0.119651328352,-0.118500236615,0.701806946055,-0.604222880966,0.111883888066,-0.581921733309,0.0574907875349,-0.0573372647056,0.529658325948,-0.276685485068,-0.0714550144587,-0.0394776724279,0,0,0.0347550622122,0.417918785656,-0.574383924088,0.108720308284,-0.000221987269467,-0.241407088257,8.70091344537e-20,0.640541188572,-0.456533649626,0.435373442091,0.121712153724,0.000129076957654,-0.047798730354,0
0.673772321488,-1.2444407022,0.772636726369,0.0044515049085,0.0140505814925,-0.301991701126,0.953196585178,0.0352628262819,-0.122846647374,-0.107404428047,0.942025637541,-0.307818602969,0.0636508127592,-0.530349170957,0.0587965542054,-0.0619504380501,0.551370735493,-0.293159881756,-0.0983025420237,-0.0493406802416,0,0,0.134379049578,0.435894924248,-0.577371915856,0.128765717023,-0.000295972270936,-0.183732967941,-1.01775062146e-20,0.596260068078,-0.459537762699,0.435612601222,0.123594450158,0.000134314280618,-0.0517586904254,0
0.695399961674,-1.26708799557,0.77655866749,0.0040734433569,0.0138751799241,-0.281660020351,0.959405303001,-0.120552825705,-0.123173503204,-0.0832059673356,1.14713805262,0.0417871922661,0.0292911475078,-0.471390836903,0.0560358727582,-0.0828687927345,0.563792477811,-0.324788068105,-0.141537594487,-0.0645656660199,0,0,0.204955919007,0.490610533954,-0.620968232722,0.136702098319,-0.000365864854697,-0.135230494297,-7.89435812071e-21,0.539827793593,-0.456094788335,0.435679855615,0.12654739221,0.000121890772823,-0.0597518214567,0
0.71755022412,-1.28718393661,0.781107404607,0.00464517669752,0.0170338228345,-0.263054698706,0.964619338512,-0.26415753306,-0.128414519693,-0.0612780682261,1.29291219302,0.151908147121,0.0542618431941,-0.406147763046,0.0515535636113,-0.110418188031,0.52705444946,-0.35094251857,-0.159457892539,-0.0813035368919,0,0,0.270945018508,0.536436976382,-0.643914557388,0.136565484264,-0.000323581164431,-0.105491804195,3.92818735403e-20,0.45725138799,-0.483679659523,0.468359270396,0.128788894845,0.000135702215325,-0.0639554221432,0
0.740298732052,-1.30540387362,0.78602236638,0.00509755779058,0.0198615398258,-0.248545259237,0.968403220177,-0.389566526381,-0.137799177126,-0.0349573268019,1.38436298652,0.102828443278,0.0969963103748,-0.331849687294,0.0488290271587,-0.135452644335,0.471117970209,-0.363486417667,-0.162861276227,-0.0965657010674,0,0,0.350493572927,0.559507168516,-0.63499524931,0.136385469147,-0.000242824834907,-0.0925921345058,2.65170477839e-21,0.36439929857,-0.52521875851,0.518767665307,0.13109841479,0.000144215052319,-0.064467185704,0
0.763326662328,-1.3226963849,0.791057832123,0.0052416138351,0.021477881819,-0.237030819058,0.971250534058,-0.501722542427,-0.149726851118,-0.00584207028244,1.40789731221,0.0498092271445,0.129253570217,-0.253728796298,0.0495981137433,-0.156068048345,0.407890591282,-0.373463247768,-0.167115861061,-0.110150590539,0,0,0.44428357829,0.557713547971,-0.593595013703,0.13721924189,-0.000156812090007,-0.0902125202563,1.69828563785e-21,0.262376213667,-0.570822148559,0.579496193826,0.133185295258,0.000129689140063,-0.0623389189445,0
