0.009546877519097595,0.03643629510998454,0.7092261354375009,-0.004558765038373438,-0.008482973840403968,0.7252704076995229,-0.6883967551721287,-0.01377636899229426,-0.0390929413494838,-0.02611914110738604,-0.05837389756929685,0.05090727707683142,0.1987419282862294,0.1028513123501229,-0.04317950648716113,0.01738353260719276,0.02243681973191297,0.02481674608104098,0.2055663051635242,0.1771700111350926,-0.07413023252068697,-0.04421109282082396,-0.005318083762130851,-0.02115990654622161,0.00593806154664494,-0.002351648198099507,-0.0744328566900848,0.08817942956473221,0.4988474466807568,0.5101344170742385,-0.001099579968830979,0.001358737927808069,0.06291877685860223,0.0641084088308132,5.060367167376697e-10,-6.255287039836938e-10
0.009236170931405526,0.02885194484280739,0.7087759175434944,-0.007578966731351395,-0.01206560964744366,0.7266855017082724,-0.6868225112313346,-0.01698992712108361,-0.04131569211006209,-0.03358588971203402,-0.06139515725913492,0.05479968000727366,0.1576899873101967,0.1738551807046733,-0.06987292474393815,0.01851467736414511,0.04033224387247845,0.03826277174229339,0.171197862684331,0.1242138891684696,-0.1217691467697429,-0.07428917292068456,0.01226862410002589,-0.04435055337245192,0.005140149016687459,-0.001901251501212228,-0.08956583923253798,0.1187905671660261,0.6887480078534441,0.7056743461899796,0.0003323334902618313,-1.778862707186674e-05,0.03828032066377581,0.03957971397596393,0.02110635270771323,-0.02194785753669837
0.008991174836224034,0.02477424374325024,0.7086582993235974,-0.01000350147255751,-0.01422785940370919,0.731085964835024,-0.6820636407230039,-0.03627726988115457,-0.05595915360349326,-0.02980040444327904,-0.06084027889229973,0.05554530832234316,0.1339327533238286,0.2268449360817204,-0.07968533558593197,0.01771833515757036,0.0787134892542054,0.06000427794927347,0.1346014665469865,0.08073188868251702,-0.1593639559417763,-0.09525609586644782,0.02785379460842488,-0.05309219290894718,0.004257168924907765,-0.000928963566130095,-0.08007394222737195,0.1369627363462491,0.7917984540410927,0.8107856672836452,0.002900572953109336,-0.002738843655421203,0.009944080909714851,0.009999728833791962,0.05014032575264605,-0.05112284309561019
0.008844806885679296,0.02409694589061253,0.7089611673812053,-0.01269276776734631,-0.0161500693068935,0.731050471533825,-0.6820141325353595,-0.05133209785535317,-0.0814602481098288,-0.03249676834700003,-0.0585029807706067,0.05537424692896899,0.1246820527046329,0.2563166578788497,-0.08498019541290645,0.01772827798612108,0.1044026675034276,0.1015147964602146,0.1115096113075452,0.05298357226997757,-0.1892935183063568,-0.1161118266615407,0.02833613078891386,-0.06569433261837936,0.002830689128506392,-0.0008749812008484823,-0.07738949199885889,0.1445662973697971,0.8490036557019511,0.877355718876061,0.006069374024916322,-0.005627972859389442,-0.01233674106765679,-0.008584196907340871,0.07872060185105567,-0.07789570767395432
0.00860822245154646,0.02306167274905944,0.7088190562336022,-0.0135972402113817,-0.01758236780054845,0.7331842462556435,-0.6796667098245318,-0.06083080974109778,-0.1085164677970865,-0.03233508595034743,-0.0588432689814393,0.05465773842795039,0.1207964319751423,0.2681940082889218,-0.07949321940500551,0.02092693327012497,0.1284268528499056,0.1496364016002051,0.0968983481406982,0.03309722493524702,-0.2141067981589717,-0.1354315492536976,0.0264862490095465,-0.07156508289231928,0.001684956750155553,-0.000605946660025746,-0.07823611850987554,0.1493975980261558,0.8836725144699762,0.9195079463418123,0.009440302354218206,-0.009296061839750047,-0.02637623719618278,-0.0231862760576325,0.1027718394705005,-0.1068985163140547
0.01093399973389604,0.02507518052941026,0.7088247729282755,-0.01464277879606398,-0.02519043433683659,0.7309387913346892,-0.6818207347750834,-0.07623232069467148,-0.141668553926305,-0.04068498973757893,-0.05402157445664962,0.05991636042256537,0.1190189660913426,0.2707762149910922,-0.07048315845391544,0.03487261742441687,0.1352433511207602,0.1893977849611888,0.08278050552408124,0.01660998431170404,-0.2408353790432539,-0.1498888690185561,-0.002573901711102487,-0.07686365643755405,0.001077165104405314,-0.0004795197870201978,-0.1156856334679364,0.150094390850465,0.8875766722016452,0.9441338815124308,0.01556281735659564,-0.01431683136563238,-0.04649817260175863,-0.03643722157664236,0.126992951975162,-0.1398018417509756
0.01305654126592711,0.02244551933462189,0.7086529540898894,-0.01529243884689665,-0.02979716411672716,0.7304785697896523,-0.682113868355408,-0.07785513407805636,-0.1600579029939574,-0.05027340715229564,-0.0535919228223136,0.05747093581247963,0.1141587729604728,0.2698911315566448,-0.06880166275533708,0.05026878131211515,0.1333121546444493,0.2120361693612879,0.09044842049373508,0.01213942903295574,-0.2658140649948733,-0.167900833974696,0.00241633808904974,-0.08944658031644008,0.0006662829146625778,-0.001022004619151099,-0.1460283821094913,0.1473778944866506,0.8945324440525712,0.9636808158933756,0.02105064824933314,-0.01988740374567539,-0.05449907306702479,-0.04411999039608091,0.1486295674166684,-0.1728545578292607
0.0121436297887017,0.01735737867929572,0.7082482574488298,-0.01715671031933091,-0.03232472012843977,0.730328726571688,-0.6821148810162503,-0.07789830468580008,-0.1653547991625828,-0.06066233925795318,-0.05193896628772018,0.05947957109968262,0.1057694707651794,0.2681321715697976,-0.06528312881953055,0.05268291482002745,0.1360685436587974,0.226382010895865,0.09221499375975009,0.01430695588188659,-0.2879119841380498,-0.1869336099194514,0.01174067632516185,-0.09521452381289477,0.0005867732809927244,-0.0009948823578492061,-0.1748080732765984,0.1437554510206475,0.9045006118325994,0.9777793183500799,0.02575388919862734,-0.02440440162429861,-0.05574792729861103,-0.04526306169567733,0.1662359472815305,-0.1967319744907311
0.00941368789867137,0.01008896076165996,0.7076460669892584,-0.01618691935604262,-0.03354546304763361,0.7265585611653372,-0.6860942666631428,-0.07304351996269157,-0.1584990268465009,-0.07954342685916223,-0.04427445178274626,0.06367329606965365,0.1026290248160767,0.2624859880575413,-0.06955204557782674,0.05046861113179773,0.1444716245222554,0.2374453662223057,0.09162359407590104,0.02046389386748028,-0.3076828331641757,-0.2072837704848931,0.02671157577478372,-0.1164322257375423,0.0004732285659590586,-0.001433141828821081,-0.2044799921193942,0.1254429866782273,0.91569711077884,1.009297486615432,0.0290083231582272,-0.02409182981078418,-0.0523161699788789,-0.03206369940658568,0.1782473942972142,-0.1979052081452598
0.007044021266823025,0.001521792238318208,0.7071475102344711,-0.01801295047896253,-0.03438773679530691,0.7255502469103774,-0.6870733995589042,-0.07061092684291155,-0.1462959964373285,-0.09538328007430598,-0.0422531070834286,0.06826720213895779,0.09886716780327709,0.2563446763435476,-0.06362233241363882,0.04745098228651631,0.1552997700334463,0.2430040051620946,0.08827345653971416,0.0193222020187207,-0.3252960761904519,-0.224562593938133,0.03475520485810553,-0.1177965965623865,0.0005240807934557316,-0.0007434611594408476,-0.2345974512605424,0.1140857212483986,0.9233187489861515,1.026417143370754,0.03169680959043601,-0.02386744634281865,-0.04975963423377372,-0.02668658928168012,0.1873783052828334,-0.199346009558422
0.006926876619589652,-0.004494606371483411,0.7069253365145985,-0.02180680140260914,-0.03613497108323702,0.7227828796364488,-0.6897852101791134,-0.07412376593016599,-0.1461495068802481,-0.1113907782521712,-0.04136091052463552,0.06594186708816702,0.1036742484093164,0.2538055575915703,-0.06143837767926331,0.04815590295852237,0.1602595420008434,0.244098550430042,0.07983767920978727,0.01196596212855821,-0.3361676416378397,-0.2400621218080239,0.03393409234855226,-0.1181932495877696,0.0008204293535232083,-0.0008631426677240964,-0.2679149710208528,0.1081006658985806,0.9231365386924894,1.030303360939825,0.0337120399729216,-0.02296350729859075,-0.04813232811148242,-0.02368132840854512,0.1911462468674288,-0.1942640872446536
0.00523239381566239,-0.0102342912781825,0.7068223062425942,-0.02609472052587579,-0.03951299149885537,0.7238488109893645,-0.6883318152553835,-0.07835895080393596,-0.1461707762060272,-0.1216646809101099,-0.04054142612111837,0.0665677440160265,0.1098573445269202,0.2513097829084197,-0.06004398585606836,0.04548553336067251,0.1650793339591099,0.2407675749848921,0.07192719652989163,0.00844522457194128,-0.343919638962855,-0.2525107760702439,0.03321184849800483,-0.117816997976885,0.0009317751273014266,-0.0007766001562861468,-0.3047115331339534,0.1051338152593439,0.9137505127844026,1.028755837988667,0.03502001337878575,-0.0219408810438186,-0.04740790082002112,-0.02227260864390268,0.1899752399116605,-0.1883650063655046
0.002779771606177288,-0.01712775247720553,0.7066223334862497,-0.03094149282059146,-0.04305450442914753,0.7261880749322687,-0.685448622069196,-0.0817864700728765,-0.1460194904238016,-0.1290341954150175,-0.03908169004939353,0.06770173868712807,0.1162169618809663,0.2501156953591435,-0.05664708776383543,0.04053236516121017,0.1690306521898812,0.236319963739159,0.06496003139075299,0.007491359473686695,-0.3473642767922179,-0.2626885069359806,0.03479567026241003,-0.1166405627066739,0.001078648798505274,-0.0005132457674715621,-0.344504191812469,0.1057007150570339,0.8998818043733874,1.022135736473909,0.0353991266085904,-0.02084345557866182,-0.04605231578912811,-0.02172087383922751,0.1842688893476478,-0.1819208715772045
0.0007113779183152024,-0.02471877163104727,0.7061002968555604,-0.03663572090852855,-0.04629452848258844,0.7297393212706158,-0.6811719045715172,-0.0838720476658536,-0.1459382452034928,-0.1323985608698403,-0.03868926319628312,0.06842491471350245,0.1219590347827811,0.250984625302333,-0.05219795949464309,0.03489978608141542,0.1730159730423303,0.2310828298577489,0.05749368517122348,0.008168668059069833,-0.3481833513935725,-0.2704807142354569,0.03683371382276451,-0.114698082328664,0.001248494085073509,-0.0003575392286024684,-0.3874490714179637,0.1086932027938686,0.8845148849798161,1.012435113759419,0.03476943105272632,-0.01982319846712764,-0.04355197648196438,-0.0217362373064381,0.1745188358037573,-0.1760145669548918
-0.003029028152708533,-0.03436279348040679,0.7050707583454701,-0.04173197940255225,-0.0482869253295252,0.7347467047812601,-0.6753325806966858,-0.08257921516114022,-0.1421472039263355,-0.130748605930305,-0.03641823556070949,0.0690860352936019,0.1266899295346477,0.2558530036669911,-0.04541770411464438,0.02657840621040384,0.1802837123642963,0.227400215819336,0.04995627252871327,0.01247080354837016,-0.3481463152598712,-0.2769672260659549,0.04536932619575363,-0.1128026349744397,0.001604961157694679,-0.0001496673516703121,-0.4298061302385203,0.1138528661989445,0.8694832872082495,1.002448027399957,0.03305360909599897,-0.01887102308218964,-0.03965560277823185,-0.02165634110083777,0.1620401413820081,-0.1707742727746744
-0.004990722334621501,-0.0446068617025636,0.7035252027937301,-0.04690791357510146,-0.04955972165703962,0.7386968344837634,-0.6705747298824903,-0.0829939905208996,-0.1366898452615821,-0.1277924033720642,-0.03507096744331297,0.07317129499170509,0.1348032676454923,0.2608429818161935,-0.02526206510254192,0.02002796278040564,0.1954960316014893,0.2276465519873445,0.04135789268529742,0.01669264446606024,-0.350863801575619,-0.2907220605518011,0.0500402895629899,-0.1129340271496871,0.00181234758223758,0.0008173115751788285,-0.4726771647657964,0.1178416871964049,0.8515632575309553,0.9946033650446499,0.03065131795018403,-0.0181037121394811,-0.0358727828169622,-0.02156875244137903,0.147685512706051,-0.1678983744184242
-0.008224629806797808,-0.05705959080561412,0.7011945957416515,-0.0498002802914092,-0.0512352203161807,0.7464508592627634,-0.6615935300378409,-0.08550418876210192,-0.1300313048287249,-0.1139140425662718,-0.03021205107694675,0.07422276954678665,0.1423655568354436,0.2682878419918376,-0.004324577954479988,0.01567802212625172,0.2289520723068102,0.2333493519859776,0.03288040090957785,0.01979528260124147,-0.3609453642102245,-0.3034799021475609,0.06181406438984294,-0.1134619276495677,0.002626989542982403,0.001043654544975725,-0.5064170572969134,0.1218500675693923,0.8325026402241034,0.9909951506341665,0.02725958132879733,-0.01742694587836372,-0.030385125505071,-0.02090334547371967,0.1311070658186186,-0.1656175731694617
-0.0114336466680095,-0.07034184724255226,0.6978727737993732,-0.05175398761126419,-0.05182001576605165,0.7527539170293654,-0.6542153705999932,-0.09731838815741259,-0.1213133589096341,-0.09307379656331059,-0.02494260719716392,0.07685795508631237,0.1530955740996905,0.2657994971844826,0.01124139017274947,0.01227598625365898,0.2866152861571261,0.2474793882781641,0.02800983274596646,0.02351303572994685,-0.372815677089702,-0.3379391655625683,0.07561299805903822,-0.1111695274194936,0.003469263821946802,0.0005441686372116956,-0.5351827520451591,0.1226337480431403,0.8018938841680868,0.9835514724365344,0.02450908892697549,-0.01718393241650742,-0.03029221688320274,-0.02214368135505623,0.1191413131208891,-0.1666180009566238
-0.01448955849931179,-0.08394915698506512,0.6947937829761458,-0.05565787700862287,-0.05004123743037579,0.75779161262856,-0.6481897462264706,-0.1140445446035475,-0.1085731686988024,-0.06497385065497392,-0.02025336755315614,0.07422598676885182,0.1665970757965744,0.2503872412409851,0.02555218540515026,0.005741334399589443,0.3649263093737157,0.2655015096002904,0.02307269312341473,0.02735519057585407,-0.387148880483026,-0.3703593776302735,0.09202599725902504,-0.1087530993981892,0.004298352431550858,0.0001348630288098296,-0.5585749901807816,0.1235912147524685,0.7648595407142432,0.979636430968241,0.0223529059763595,-0.01682063559495675,-0.03247451036179295,-0.02180089719462528,0.1110493959858642,-0.1654533381153003
-0.01506779726582895,-0.09729668895949542,0.6917666240254804,-0.05490663835910727,-0.05211650340225599,0.7685778031547819,-0.6352615930740613,-0.1572753638123185,-0.1036594881721341,-0.01694448997530778,-0.01430503484612766,0.07131889988047131,0.1910367140413965,0.2165981514027873,0.06101978107854625,0.01583372968027953,0.4759281027323956,0.2782228812326547,0.007156067614185872,0.02311592441208923,-0.3997081554640269,-0.3913606127927372,0.09973009069633941,-0.1103010940966343,0.007024444013273823,0.001112990593988833,-0.5672562755499299,0.1279444941799628,0.733481669640857,0.9708648623162262,0.02126763804773629,-0.01737985342723567,-0.03719341546367225,-0.02475047156371671,0.1100666513731562,-0.1701617012966874
-0.01582498244931385,-0.1128272722371635,0.6894170525513499,-0.05506364878990861,-0.05189964235523405,0.772302041772935,-0.6307328895647477,-0.2167560536696032,-0.08774810258709644,0.03267777420390699,-0.01514450819148899,0.06799588935870324,0.212936259159354,0.16828215170825,0.08845433955973088,0.0263848326616307,0.6186304650104861,0.2954677118284895,0.001464643650013359,0.02067887637879555,-0.4083038948262623,-0.4077074278445963,0.1090131142128654,-0.1129799478967845,0.008713759419809166,0.0006506602380439698,-0.5642841462242498,0.1372004968041496,0.6900667035467811,0.963443754548155,0.02171343771332223,-0.01725879145914323,-0.04786454295074378,-0.02422283949031265,0.1179826237424899,-0.1667601518281487
-0.01935304375250346,-0.1311563966648455,0.6863333682352309,-0.05313222877411628,-0.05210968584001854,0.7720788442525715,-0.6311543433778801,-0.2931221672061862,-0.06267415725264476,0.07958696618624699,-0.02098771552489208,0.06810621513512333,0.2309437211876272,0.1102736974640997,0.1022556038465696,0.0375864764398359,0.7750632562231972,0.3107874724306859,0.008665712186550777,0.01717566508261942,-0.4209321042039444,-0.4186814217852917,0.1284165127076166,-0.109736497226049,0.008347661532780775,0.0003240927750826592,-0.542954225741455,0.1571346438782063,0.6379638821491193,0.9456709312680815,0.02367116121575458,-0.01636553492531624,-0.06088156802164316,-0.0229476188664198,0.1368640600352067,-0.1545281993176564
-0.0229397688526175,-0.1489760346756685,0.6841345513903967,-0.05277138097688231,-0.05192309133328613,0.768898445449302,-0.6350703539938191,-0.3986824615653457,-0.03613396596531984,0.1200664025058785,-0.02595047142343616,0.06200421844583794,0.2526959017323803,0.06431118130151683,0.09576565748984858,0.04637825425340871,0.9345986858921913,0.3152590531436986,0.02175617629886609,0.002982696494105334,-0.4277793696016816,-0.4163983945921541,0.1569849753764697,-0.09740259103975851,0.007893797742854539,-0.001076736392070461,-0.4988868394210669,0.1950560475497062,0.5865672615900437,0.9185417443148816,0.02669724421985719,-0.01338980364373668,-0.07026139685085672,-0.01555891209230531,0.168365125255565,-0.1243902649004492
-0.02570639092012356,-0.1682632462784421,0.6831608241344616,-0.05795328054360131,-0.04477264100774114,0.7699516607218438,-0.633885847801559,-0.4943309746745773,0.0007631805400054126,0.188968212938936,-0.03153799094987411,0.04169155951613909,0.2785575826423069,0.04968723299178444,0.09657456687131852,0.04925347177258876,1.044699660856048,0.3074106779762709,0.04603955407207161,-0.005820423914977174,-0.4268665117105043,-0.4155373403136912,0.2219756255865848,-0.06905891570851715,0.00662276522035932,-0.001492548918923976,-0.3987634737501023,0.270444663688815,0.6119736294764695,0.8411314148853046,0.02428915047138375,-0.01113829730911337,-0.04697892594264539,-0.01803337276262959,0.1971846605900418,-0.09951221666882298
-0.0252574556395356,-0.1923544577924495,0.6830630868561224,-0.06332449037342379,-0.04160779308350038,0.7759872776620752,-0.626180920645358,-0.5769723162527716,0.04036977998946345,0.2412861938474671,-0.02644308132205904,0.01966626469628477,0.2905638213822583,0.0533718908305793,0.09987437146488214,0.04162666983142588,1.098770152332549,0.2843729741626507,0.09196925968821891,-0.03413887910209745,-0.426403764763321,-0.4063607230370152,0.2259316944235628,-0.07229652632881418,0.005631911434795004,-0.001763853192817637,-0.3180172110832236,0.3411580143830942,0.5941282243746793,0.7107440246666119,0.02110713451601207,-0.009423349457173401,-0.03418447247021886,-0.02609728317375625,0.2108202796687372,-0.07960977358259103
-0.02165081112584007,-0.2187749088557199,0.6849834217611276,-0.07372921439521102,-0.03947854882313948,0.7814041243639478,-0.6183955381101128,-0.650037611688375,0.07820842175212105,0.286667605119581,-0.02594172912569613,-0.008003032796704378,0.2908769340145866,0.06962993382593177,0.09426812369163017,0.03001571327320153,1.094772703325908,0.2527601950950665,0.1668474179445931,-0.06423953082348911,-0.4247221536756979,-0.385583039923216,0.2220122036574002,-0.08725624466327443,0.004654129727568323,-0.002836538546612052,-0.2646480548467565,0.4116168271056965,0.4979983640270044,0.5338182735595987,0.01756341097416112,-0.008156977274977823,-0.0342276068607729,-0.03620160239467961,0.2008186501900308,-0.06368781886585506
-0.01887638535463529,-0.2478405601431406,0.6888183861491788,-0.08157001350941701,-0.04307437115461864,0.7828392824416982,-0.6153483479395024,-0.7028801174481324,0.1077695729023632,0.3191929095003948,-0.02550953377378451,-0.02968606966804882,0.2813307100510311,0.07682241736151363,0.09102437982115834,0.02327821587585106,1.032531096028147,0.2278319743158885,0.2537465699181969,-0.09154219249224908,-0.4000910000463363,-0.3667438891753131,0.1862594548791582,-0.1122894018507037,0.004277214812633931,-0.002937618916617467,-0.1978561491959331,0.4786957189227438,0.3745788940357174,0.337695690907629,0.01352789425979817,-0.007171731726195553,-0.03337513094882719,-0.0437244426947838,0.1606553224258671,-0.05095025509266661
-0.01871926524494595,-0.2774527814116896,0.6926996291167559,-0.08771707528297158,-0.0490282087387615,0.7811999974234886,-0.6161400112614106,-0.7371834556146899,0.1255527894352087,0.343212124087768,-0.02869861486988214,-0.03930347543679798,0.2749978768043499,0.07015268569982148,0.08711757808836262,0.01541550653197257,0.9269494994196371,0.2297766207006445,0.3389916913517704,-0.1119315914952733,-0.3751023782596663,-0.3134402371217994,0.2012836149473965,-0.1526593005746241,0.003136940476264868,-0.003117072301700178,-0.1370861704926621,0.5394441072574189,0.2194220857297108,0.1483492394917861,0.01034026955937573,-0.006333317498066725,-0.03707848005792688,-0.04647860835334933,0.128524257998567,-0.04076020407411324
-0.01792070397842808,-0.3102525211469808,0.6958037434303846,-0.09275651674945481,-0.05930773896998158,0.778802626902929,-0.6175316097398366,-0.7475964584498189,0.1263784860213913,0.3546846342258539,-0.04083179622774941,-0.0388594881434724,0.2587296612894425,0.05210506381669593,0.08397045870936329,0.002219712933329577,0.796770662053302,0.2579692364956447,0.4082517359111677,-0.1230757368288233,-0.3262948751009789,-0.2329749464423597,0.2153217648663238,-0.1818189008701008,0.00159852451254037,-0.003496407816836251,-0.1026933676385087,0.5941020538332263,0.09600214517533201,0.008662770476146161,0.008024330081022697,-0.005533418107309293,-0.03467463807365249,-0.04126678569884593,0.1028194064174163,-0.03260816325923454
-0.01534980018215598,-0.3466162912567775,0.6970716087842199,-0.09772909870439905,-0.06521511117137731,0.7784119295705967,-0.616661074208119,-0.7250411581818386,0.1109901302883853,0.3592919347149832,-0.06194373431148527,-0.04255380042964357,0.2427160735648974,0.02467852526937879,0.08777006365644119,-0.01624204289940151,0.6727224163210396,0.3128159648888191,0.4509732391399712,-0.1189081979676917,-0.2744615659957557,-0.1338742635129174,0.219451832200962,-0.2072566247918744,-0.0007042083707371127,-0.00437419394570008,-0.0881372001764857,0.6459310429806505,0.01535102142986115,-0.07506576966242348,0.006334801637528218,-0.004761643552940857,-0.02784760252139691,-0.03136873355202403,0.08225552522542939,-0.0260865306072024
-0.01499141602765957,-0.3834297307122336,0.6953979997629974,-0.09722256225108722,-0.06935418933443857,0.7748227658949298,-0.6207958209121798,-0.6811514040734071,0.09241913898216055,0.3453949453533519,-0.07983250388415869,-0.03562220598848006,0.237739033972542,-0.0005971324790524038,0.1080422167226023,-0.03111594511826559,0.6216967696952775,0.4117640768720214,0.4531061203340516,-0.08915173206087429,-0.2295964225314175,-0.03824831147228425,0.2219798824251255,-0.229938024649795,-0.001500965345483024,-0.005536001991120357,-0.08836640792796092,0.6901227007628378,-0.02229935701573075,-0.1109394841801398,0.005068754081314319,-0.003991432573340584,-0.0188595286508174,-0.02025521122434644,0.06580442032824471,-0.02086922456119461
-0.009420487777242959,-0.4204743015881822,0.686931908724172,-0.0915846305657462,-0.06406725199976047,0.7668430028177481,-0.6320280466045745,-0.6326324516783672,0.06048865863275946,0.3149260999835707,-0.1053366255756795,-0.01701613460845011,0.2520183025208109,-0.006904929493959103,0.1490412914357575,-0.03519985390292293,0.6656999518437717,0.5742185075994055,0.4183189979014096,-0.03462423674432662,-0.2208201438955536,0.04713808912689053,0.2018498265314003,-0.2414037840542183,-0.002674720809189816,-0.008033905558040049,-0.09123216104742746,0.7226350569770925,-0.02235872212542967,-0.120905358167087,0.004059014142425186,-0.003265826191613198,-0.009504489347659057,-0.01140694152855251,0.05264353627498994,-0.01669537968550028
-0.009080304372608882,-0.4606070495351008,0.6710899571002742,-0.07960858751486299,-0.0504833458393945,0.7582338086972102,-0.6451320763496968,-0.5816207819324657,0.01867250720857268,0.2659779835934418,-0.1226901479269059,0.01665624622398218,0.282758430211161,0.004592692765713169,0.1854710869300162,-0.05268193027818294,0.756527574517833,0.7886566782460721,0.360781077472773,0.0354334435680568,-0.2806524247467503,0.1227880522504504,0.1874252878915506,-0.2558220072895069,-0.001467295894119575,-0.008572795698708299,-0.1110201121817476,0.7330403150069921,-0.002803085005422429,-0.09417574991129843,0.003256332143913435,-0.002616821920999993,-0.002291228967378217,-0.002309736974343308,0.04211482903884479,-0.01335630387961675
-0.003502804846252244,-0.4994548221980487,0.6552779199465905,-0.06420996922886084,-0.03630265342268627,0.7527287571375613,-0.6541854594717337,-0.5137386784473631,-0.05709494767687708,0.2027538075531501,-0.1376247627194988,0.05041618115225187,0.3233904677662253,0.01236946640607668,0.1942988461567992,-0.06725268294399581,0.8467754709225003,1.027846835970714,0.2914323980628601,0.09020107716363267,-0.3595475396453052,0.1443250370019935,0.2236405909204806,-0.2574980379477928,-0.001535547826460278,-0.007459178750730899,-0.1731920413558456,0.7221529065209292,0.009686060042924077,-0.04939531040744727,0.002599296204951538,-0.002104782310804813,0.0004219652876273836,0.004537351101335745,0.0336918632355977,-0.01068504315589864
-0.0001634559513685193,-0.538488228764502,0.6444908680884077,-0.04502204309451273,-0.02565589360231171,0.7443081634915596,-0.6658229107794988,-0.4301375780330021,-0.1645306069918392,0.117655563895399,-0.1424107125899215,0.08243013058177046,0.3700278625847695,0.01229614676393405,0.1726404684640477,-0.07606601385281249,0.9069156850559992,1.267294540132792,0.2130326921635624,0.1321569036232264,-0.444334051691699,0.1217780610075501,0.207332922750449,-0.2495226963519495,-0.001718495090603491,-0.006012647212127957,-0.3047776037079351,0.6937302156090507,-0.01236126928288556,0.01139522554456504,0.00214961152016652,-0.001744554809580306,-0.002642748134032902,0.01002580750701036,0.02695349059929678,-0.008548034807681812
0.002121212490355599,-0.5830364994402893,0.6369969896469634,-0.02642970596518308,-0.01956846049787656,0.7340195991034572,-0.6783316107394208,-0.3330587108718574,-0.2808975861746658,0.02055257388503198,-0.1420176109603468,0.109138455391824,0.3860190571126645,0.005246510861129778,0.142414375753994,-0.07852370049325229,0.9343870439538718,1.450968376872521,0.1223959168501428,0.1904556654888185,-0.5144291817747548,0.07676665229685498,0.2050567506296872,-0.2274958240575752,-0.001503603244835575,-0.00508839267277174,-0.4134346070561026,0.5681876492082281,-0.05677814416628997,0.09336815757110353,0.00187710104791259,-0.001806266702691554,-0.007025120068561081,0.01566318316505955,0.02156279247905237,-0.006838436221628794
0.005295720817250337,-0.6237372657703855,0.6398712847470559,-0.01632918532702646,-0.02034126707966275,0.7186460814988839,-0.6948866095316912,-0.2387847123954346,-0.4127873005164751,-0.07877996939645476,-0.1414830395478395,0.1250613337674588,0.391519623636247,-0.03115733800305588,0.1102247843289963,-0.07395418180540625,0.9004702169544827,1.544770913610933,-0.005095273413551072,0.2617326808380178,-0.5558805470611609,0.01896116172912216,0.2215968805665393,-0.2170828713508107,-0.00264159541580817,-0.005598467916479633,-0.5198674830920638,0.4453504946605808,-0.1340697724829721,0.1205069880216601,0.001802434153950827,-0.001748317900504891,-0.01335821575397495,0.007488357805931653,0.01725023398292535,-0.01006340058897451
0.0114591074113414,-0.6721011006714988,0.6481680579248074,-0.01319853820827934,-0.02815102987342297,0.7054121557415878,-0.7081151097372773,-0.1317740699373699,-0.53447220241844,-0.1711179492172877,-0.1408391955563535,0.1264652270137413,0.3610495310599215,-0.0746075971850395,0.08113345346428866,-0.05283665206610307,0.8211187208238917,1.545139770358965,-0.1235640452258651,0.356625855848162,-0.5596946602331468,-0.04717354151281161,0.2216634457684123,-0.2132628241181767,-0.002361591460359287,-0.005468351745714664,-0.6163697497859233,0.3268248214540401,-0.2174947243958658,0.06849169388265798,0.001797143788934731,-0.001739769818888045,-0.01721890440851486,-0.01928757442996912,0.01380018718630847,-0.03519825488219715
0.004156269008045413,-0.7150388522887948,0.6682568537406905,-0.008730322321460844,-0.03778868953050034,0.6863086540276071,-0.7262755866904417,-0.03296550974517704,-0.6216460517750387,-0.2535514524387477,-0.1099394517884802,0.1258298526562455,0.3493619020757394,-0.1418490980696921,0.03103212945304579,-0.0213509754996309,0.7078689911029694,1.448009643420956,-0.2363375243815541,0.4629342254947361,-0.4996406972686785,-0.1177337422789785,0.1875547240487302,-0.2027118177395223,0.0001335375916790527,-0.005799945402926258,-0.7417519814638651,0.2251328414206794,-0.2797871181867583,0.06119355995373255,0.001873305817541129,-0.001177389690794865,-0.01630957132615346,-0.011560749716565,0.01104014975211809,-0.03086535474279029
0.00323467514068073,-0.7647647945981517,0.689644315738658,-0.01448443838273037,-0.0512020626215377,0.6689474039309712,-0.7414026710243571,0.04986919336274319,-0.67666282596203,-0.3230058613959107,-0.08550692196995444,0.113524078484016,0.3085160417915394,-0.1731520489356673,0.001504067976300243,0.01830076285050507,0.5994248418504908,1.25416447057565,-0.3312595387497873,0.5586483876357334,-0.3743132763224136,-0.1464460364832375,0.1623409908778802,-0.1323877790671761,0.002810034569678029,-0.005410011650716745,-0.8401233205017296,0.1157735819486491,-0.3152560041959256,0.01017788938408033,0.001764947452781985,-0.0006561921856623731,-0.01250643862542434,-0.01242291144735631,0.008832120060371502,-0.0246922840252016
0.0009314368759813533,-0.8153760467505882,0.7082659733295983,-0.02336844773577449,-0.06235509521935764,0.6589009807594906,-0.749276487890009,0.1054937472214409,-0.6943751660404437,-0.3551655227282902,-0.0637917182390922,0.1044018874397509,0.264964619177211,-0.1894952000187068,-0.01880625613607015,0.05367998240124999,0.5107490951111685,0.9987281991164809,-0.3862834311240662,0.6246976888763457,-0.1941162803515109,-0.1552231540944032,0.1413954294996402,-0.08126664569594708,0.003627626304774776,-0.004261549750827803,-0.9161862708131945,0.04155599054933144,-0.335926240265006,-0.0375445526215716,0.001556122427557849,-0.0003315474684563974,-0.008778199110327468,-0.01239889125920063,0.007065696071137989,-0.01975382722195733
0.003197359504196923,-0.8704256740022218,0.7221067030998618,-0.03170991843049029,-0.0638640234028473,0.657132105841456,-0.7503954044770702,0.1416155213812874,-0.6641379920669165,-0.3444794395194657,-0.07170762837853453,0.09464747565264822,0.2269098657417878,-0.2015323979958299,-0.021157389826886,0.08343926222696792,0.4823137112331715,0.7385217163544753,-0.40418836463715,0.6377285096160725,-0.01788945859354996,-0.1425201052380904,0.1242658598009219,-0.08710836341159543,0.003780933802491048,-0.003038862318317362,-0.9646317088019046,0.1054175265560132,-0.3393045523560398,-0.06893010120315296,0.001176386265041022,-0.000398357755231092,-0.00248267808761353,-0.01023804719863266,0.01541850796530841,-0.015803061871733
0.005274410851654826,-0.9241533695406423,0.7285570950310515,-0.03048840820029812,-0.06122992484440327,0.6663383993366225,-0.7425055493654364,0.1577506342333072,-0.5946330238891999,-0.3282045917284823,-0.09673539477693867,0.09910674561813455,0.2211163491379599,-0.2260218700260679,-0.0323599391268255,0.1002040994983614,0.5297741315830198,0.5408563643724642,-0.3723667093361791,0.6120526665659377,0.09894350874835176,-0.1065620296949233,0.1171076973721164,-0.109196841949964,0.001899489360781629,-0.002170922987971146,-0.9692608739370845,0.1370758345208058,-0.3276067564752112,-0.07495050869853487,0.0005311913658113337,-0.0003582595616257936,0.006601482495752508,-0.005897006638467233,0.03870554040744254,-0.01264244959998077
0.00706729064031257,-0.9800770934254781,0.7254100415828059,-0.02249380775274734,-0.05697090687586619,0.678430109834626,-0.7321071850844664,0.1369423679346588,-0.5037351530870401,-0.2859078793721448,-0.1334038386180977,0.1138549483375621,0.2233953598595537,-0.2478183238104268,-0.05367627278467013,0.114623319880488,0.667659009754153,0.4610583194974789,-0.3004481516444351,0.5537554495214636,0.1580327619871128,-0.06357093740199422,0.1168486449775391,-0.1435481718703869,0.0003861150857067657,-0.002244540227718892,-0.9589713495645062,0.1613260258570622,-0.3216423011085677,-0.06964721721277398,-3.9313374223358e-05,-0.0002989114619628615,0.009629834790389464,-0.00228043258511791,0.05403929166441399,-0.01011395977910813
0.005808564049151145,-1.033689747974133,0.7137321733412493,-0.01318026483088508,-0.04593730556908621,0.6915717238050246,-0.7207250484126293,0.08538549648453482,-0.4064650322299871,-0.2340513415007797,-0.1663786453481529,0.1247258488744225,0.2306285633948638,-0.2273344811163668,-0.06500939233952102,0.1181183120848436,0.8509514797873647,0.4827648013941756,-0.2034426078033335,0.485023297698577,0.165762442254942,-0.02874336623494999,0.1289774890418695,-0.1861879814649946,-0.001796824022968597,-0.0008193849864687555,-0.9387129424501818,0.1071712130579103,-0.3188721627206622,-0.03107088749965591,-0.0003090037075256824,-0.0002785629389376715,0.008450416742746762,0.003775452998042915,0.05587899970615047,-0.008091167964968912
0.007121398790536361,-1.08530048816198,0.6968035359148171,0.003694289057948007,-0.03283230739141295,0.7042247019352756,-0.7092079814863087,-0.01793955570002142,-0.3115933015433738,-0.1500015759859209,-0.1588643985574419,0.1303563889116783,0.2616992987473701,-0.1473955430854682,-0.06944729062474292,0.1423439367166729,1.101511993426128,0.5491115999672851,-0.08765246279199485,0.3997237725484319,0.1358746055259468,-0.08626215295702523,0.1556749959474021,-0.1744554498935437,-0.00229016952959737,0.0009367297593364197,-0.9008299544341356,0.09634620560657013,-0.3337554218599142,-0.03800315692175123,-0.0002984532530918578,-0.0002250983518392028,0.003159299938240998,0.001015087163092322,0.04762810714009889,-0.006472934381440785
0.002479002174533646,-1.132142261884284,0.6786594882631787,0.01769381982183986,-0.01460855076249426,0.7144876660195959,-0.69927168832336,-0.1516608042002965,-0.2360668815560635,-0.05969759749796378,-0.1244870741853171,0.1340329534524248,0.3119611231829728,-0.08086955376704937,-0.06210665513561995,0.144906486677794,1.342032565218588,0.6522724481313137,0.01369399518497328,0.3056833045651869,0.06343268493673387,-0.2507389551337599,0.1783003490584464,-0.1659861913006365,-0.0001343378451145935,-0.0004743000549822675,-0.86187104810667,0.09571040437163128,-0.3428073049738072,-0.06301817128554997,-0.0002349153936986136,-0.000179771717946928,0.0004274778965556516,-0.002690838739066687,0.03810249567731783,-0.005178347505141359
-0.004178937248202034,-1.179584895344875,0.6626904605805012,0.02639690122210408,0.0009284198913220856,0.7281808177564292,-0.684875929124359,-0.2921867404897701,-0.1512437031704924,0.04259733631557991,-0.1007687363237905,0.1321239179927723,0.3534137112236626,-0.04501478504914856,-0.04838904136174075,0.1415238451167602,1.511167914121169,0.7199094484316807,0.1205240107564197,0.1922551545792085,-0.007449824568726657,-0.3887879557142671,0.2024254493844288,-0.1590699877097479,0.002005467188475878,-0.00104393135288953,-0.7780795152306095,0.117111844874596,-0.3305284681156025,-0.1029246869777044,-0.0001553925627153949,-0.0001725261165959294,0.001775448710752647,-0.006476133059979611,0.0304819965780383,-0.004142678004111874
-0.01196995697685648,-1.2241258788902,0.6561164555113139,0.02122718973094607,0.01853881212555974,0.7364441954743766,-0.6759109895638611,-0.4466347880145384,-0.06739768896523966,0.1698799706799766,-0.08204940723030331,0.1102358542820866,0.3888226634997861,-0.01121034731840561,-0.01605733715818123,0.1277958309347193,1.57074508608978,0.7229603935294227,0.2136215984181981,0.09983370339283633,-0.08369154388003829,-0.4646057672184345,0.1679751232249485,-0.2070317673795644,0.004108862639088503,-0.0002809389036881679,-0.6527583656647197,0.2489609089603448,-0.3132222829671651,-0.185378538053126,-3.95554101604794e-05,-0.0005205408595359056,0.003124693769543468,-0.01379760678548385,0.02438559749077745,-0.003314142403249109
-0.01498069940939606,-1.275289522187515,0.6584495629829911,0.01030295254239215,0.02558858952987594,0.75232213803961,-0.6582176493153998,-0.5725215806826194,0.02630779420597516,0.2931446661714333,-0.07465452593850901,0.08290111666349079,0.3855329632571992,0.03030406198750378,0.02989287790893875,0.109523735053744,1.515162000803858,0.6740472484303425,0.3532898693276404,0.01428232740790873,-0.142864011593378,-0.4868024089964125,0.09039085353036445,-0.2461542124081598,0.005055843851142322,-0.0001597195261250534,-0.4175275155369167,0.3348440470772797,-0.3206930173717787,-0.2552159526916118,3.519964218693041e-06,-0.000709607244138664,0.000623990927833044,-0.01580489321141207,0.01950847804091663,-0.00265131392258589
-0.01909529561984167,-1.331028086718052,0.6697548966879306,-0.004364964056282308,0.02205695502681251,0.7707862296204854,-0.6366969656368476,-0.6601882676310524,0.1121765224930376,0.3882265650599696,-0.0614479258748138,0.06139886886492389,0.3564230515425512,0.07463551042777061,0.07662927430963837,0.07591978393022424,1.3605706434878,0.5971040085226511,0.4786423626478941,-0.04660097199254126,-0.1730308019310182,-0.4522555868717523,0.07648767975387719,-0.2497497443179995,0.005694023325686377,-0.001482235413212481,-0.2829799978251838,0.4113596527845794,-0.3549851148853339,-0.3044334173535251,-0.0001142500119092714,-0.0007998586268982754,-0.00407551036424423,-0.01411744584976479,0.0156067824387754,-0.00212105113805574
-0.02111817518756782,-1.390068462361414,0.6831116963649265,-0.0221826459054838,0.008044360359465163,0.7822530060423208,-0.6225138175372428,-0.7047813614183708,0.1783132953151459,0.4688552575614532,-0.05655537860345813,0.0438664502921547,0.2994999404311185,0.09312549135438239,0.1124852411855368,0.04000374958959725,1.111812313073038,0.5127225640130486,0.5715439842283978,-0.07183269378102183,-0.1614415382526426,-0.3373847835992372,0.0402970037703947,-0.2428996552936858,0.004596642541993956,-0.002746544495523011,-0.1858391189407261,0.4920115715808868,-0.3933543675137918,-0.344570279387537,-0.0002392228599929082,-0.0008494010219969859,-0.006932605672882699,-0.0121298618885207,0.01248542595090178,-0.001696840910428482
-0.02146085660891289,-1.446538353088805,0.6951749821036791,-0.03450678214137939,-0.01240735462648396,0.7898969206557578,-0.6121422990416294,-0.6964818382790002,0.2184570236694976,0.5342607063798412,-0.05819740088232891,0.03290821267103944,0.2418751782382059,0.0856835240688985,0.1302921113437142,0.01457494076283068,0.7984410422014742,0.4379467480166444,0.6337640931962527,-0.05958682079704181,-0.1189474580700891,-0.1513239745026865,0.01747601899205211,-0.2330115421736403,0.002216090156102155,-0.005895432116472191,-0.1158284964179121,0.5798782362689644,-0.4218532002574188,-0.3738858939836358,-0.0003015229040212031,-0.000862375744200768,-0.00708358479926144,-0.009760819240452705,0.009988340760719612,-0.001357472728707596
-0.02409832735794621,-1.512785512423933,0.7049352930300767,-0.03704103939515749,-0.02557465804879754,0.7900853591008095,-0.6113419857990768,-0.6364195408059811,0.2429353242180134,0.5647235663663424,-0.06210986424412097,0.04163131132601117,0.1962901441983163,0.07475749959091064,0.1378823778057444,-0.0004626325763134008,0.5318461322238328,0.4241612990268121,0.6541775123583653,-0.02222854361391356,-0.07455498722360954,0.02990708545963868,-0.006789154932577647,-0.1682061174492191,0.001356538120532244,-0.004399159876608957,-0.08073944026811652,0.6283960054039248,-0.4430019775434491,-0.3678095878479417,-0.0002907332534836257,-0.0007296140073628898,-0.006203923921722053,-0.00413222235122401,0.007990672608383667,-0.001085978231171489
-0.02436726590969946,-1.576622981306182,0.7050046760611732,-0.03663366251918076,-0.03123038020131455,0.7829858195261474,-0.6201740437521387,-0.5717505014653267,0.2538298755749348,0.5495327240645461,-0.0780987372609814,0.07237291124799407,0.1747380171565261,0.07766785018421297,0.1895349946363955,-0.01406079661219342,0.3902538301476225,0.4932975657891548,0.6378030769523541,0.02722550043709549,-0.03820452421891538,0.1211640221067076,-0.005019443283707901,-0.1367874288596681,0.001236890775269159,-0.0001247809812905481,-0.06317499891280395,0.6718233691489359,-0.4454266228019616,-0.3332259152759149,-0.0002455441525386227,-0.0005634814071661222,-0.003389254975549251,0.002339089869630179,0.006392538086699092,-0.000868782592556043
-0.02037143943569746,-1.639921476232344,0.6981670577814729,-0.02742516485389015,-0.02585818361253563,0.7753982574093482,-0.6303465372947991,-0.4938060970689834,0.2314765382281578,0.4992978561952149,-0.1030649688452844,0.1072015535127488,0.1839487972270464,0.08895574323531931,0.2408032879838496,-0.01151199667275553,0.3980560086193065,0.6574382590373044,0.5865532555575448,0.0875214201364722,-0.0126038480715545,0.1415544506611996,-0.006096753054634046,-0.117461318348702,0.0007474767704663506,0.002135680940163391,-0.05991295560458513,0.7025221832192738,-0.4176149460884703,-0.2674566890803193,-0.0001951844074453615,-0.0003948750885421241,0.001829146437767267,0.009564085105431802,0.005114030469357229,-0.000695026082058285
-0.01678777256086959,-1.707033746007864,0.6826995715505905,-0.01050762311617437,-0.01153512888946954,0.7653376306088566,-0.6434398509821824,-0.4128375895968442,0.1716679656827722,0.4084944562628866,-0.1322955127975531,0.1336708107603813,0.2063863589226219,0.1200183919464083,0.2358266601102127,-0.01132728636372225,0.5045113952795698,0.9265171080494349,0.4806488967940242,0.1305637724375594,-0.06500921492938887,0.1459281819783489,0.01439188894826917,-0.1105203557080306,-0.000187741991723473,0.001550287803367235,-0.06273313720335912,0.7060709586696695,-0.352252200513606,-0.1804141456748663,-0.0001644005369424422,-0.0003090144524281056,0.009225193876753355,0.01594045230074454,0.00409122437548363,-0.0005560208722334222
-0.01448719311909707,-1.763286244302105,0.6679328662777636,0.009326512936180684,0.008850364146961552,0.7612162704546341,-0.6483706322822268,-0.3558505560155741,0.07799378227066597,0.281297108372504,-0.1452876516363675,0.1224961529371137,0.2776350977868196,0.1480517339529062,0.201576264706306,-0.03482198604308849,0.6650952980386818,1.192194690586873,0.375304502187203,0.1556464877137871,-0.2323522095252574,0.1191015635089323,0.03342663921642364,-0.1288619644008666,0.004175172638546398,-0.002077676603880336,-0.08316801217391749,0.6897573254984893,-0.2931931922513906,-0.1078213230441436,-0.000187026842132027,-0.0003039240197325718,0.01213760343832575,0.01732653181276632,0.00327297950037923,-0.0004448167211566135
-0.01038195103313581,-1.815666981402806,0.6558853091226163,0.02588885027265815,0.01522350650286547,0.7493460670233966,-0.661497153522133,-0.277626323392987,-0.06330463706887129,0.1530251282496019,-0.1469200947154434,0.1189649177833675,0.3335574536393061,0.1487672043976425,0.1733940841987413,-0.04354118317452831,0.7670458101951561,1.407963418030466,0.2586972674801234,0.169906946487632,-0.3716290967934282,0.07556610260834282,0.1174991255884983,-0.1360719528607419,0.004969076814107394,-0.007295593736649991,-0.249778970301953,0.6474551962925665,-0.268044780408935,-0.04693262544711437,-0.000482196095671953,-0.0003847297196085025,0.009280667492791803,0.01654960235596111,0.002618383609007281,-0.000355853437416852
-0.001946079559907354,-1.872163282104202,0.6519418954179629,0.03924283346751518,0.01147981271517459,0.730973071728088,-0.681180286216409,-0.1775078137954677,-0.2156208407626602,0.01232380771372468,-0.1415108412223524,0.1312935973958738,0.3510030725816011,0.139032240483887,0.1516362334558066,-0.02917719008436166,0.7909749857846454,1.538993677356191,0.1383169041000329,0.2023051242882446,-0.4384470825901747,0.02060316923327535,0.1758528978448984,-0.1860803031414823,0.001636778979368697,-0.0108274607454482,-0.395251432643171,0.5194572464958751,-0.3057858441877556,-0.02725014903163987,-0.000381468479634641,-0.000588217278303621,-0.0001480791007869692,0.01093886937824035,0.002094706887203366,-0.0002846827590832147
0.006443588780286442,-1.933960387569812,0.6580980846808525,0.04674768832196361,3.031260421855954e-05,0.7082896601971131,-0.7043723517966592,-0.07516094291438692,-0.3712990206387668,-0.1198152310953806,-0.1406149444136576,0.1366867848981299,0.3401837649310236,0.08670566383614516,0.1137831621354216,-0.0024144608917848,0.7522890334099627,1.551593437802461,0.001149680810716682,0.2516932742807942,-0.4704605625103642,-0.03367488619817944,0.2160126380558674,-0.2101193370423071,-0.001322178838907895,-0.009232221904943976,-0.5269439858253512,0.4139244971372902,-0.3387444359680587,-0.02630119093777978,-0.0001818877074071619,-0.0005921026240810675,-0.004244733796389926,0.005683230466292572,0.001675765544852659,-0.0002277463959504968
0.007407909903107866,-1.991597812861907,0.6727983911386807,0.04671669643514268,-0.01471086289356279,0.6898044853340032,-0.7223371185258337,0.02732447375917523,-0.4828869518660152,-0.2441342467821935,-0.1304029797152028,0.1409332884135963,0.3209178901458064,0.01903969129197361,0.07135016050487859,0.01347929303997002,0.6748143338317644,1.431973569309962,-0.09510970107766573,0.3248596637987981,-0.4440141834606713,-0.09280740636861977,0.2010153408593815,-0.2190409072459648,-0.0004177639995082849,-0.007597256578494326,-0.6744949629628932,0.311283450406229,-0.3662477197283459,-0.04171140436939648,3.263846973450712e-05,-0.0004926865214249085,-0.005550266423572785,0.0009041497101589879,0.001340612526032025,-0.0001821972757010413
0.007601621301108261,-2.049128196022374,0.692912733775214,0.03805062347430723,-0.03239881436851086,0.6635628117012951,-0.7464495038566258,0.1155672683608955,-0.5617271008841601,-0.361921931846968,-0.1053954267817598,0.1338925253742378,0.2876514706356315,-0.02479220364713786,0.01032454399891385,0.03244535372564465,0.5593421282670581,1.222546019639374,-0.1631992906287178,0.4167643731474386,-0.3424693914142294,-0.1130183865171497,0.1786938793149984,-0.1842303987285951,0.003049888235449282,-0.006885008225291663,-0.7885660816667207,0.2015174082235989,-0.3752360399949994,-0.09078736876157131,0.0001221250981587256,-0.0002604555873515957,-0.003864279285312426,-0.005864504788097422,0.00107249031306033,-0.0001457579230431388
0.01515631452143178,-2.110337218869994,0.7107637299723857,0.02232362533393957,-0.04359884448605612,0.6462339627901035,-0.7615657961384753,0.1858015287229018,-0.5948625924777625,-0.4393468446706786,-0.09590050467581304,0.1173071422024374,0.2483060982597354,-0.03223087546974757,-0.0288672803866819,0.05961587358050707,0.4645141515874721,0.940758005487881,-0.1973435711284991,0.5094704268537862,-0.1729984588691956,-0.09327554835645162,0.1484515634179172,-0.1566091668441113,0.004840930269727514,-0.005081114626694931,-0.865147195970949,0.1173326969162363,-0.3806455865275031,-0.1279972562089223,0.0001409836881593216,-7.302242949972214e-05,-0.002592386357236293,-0.00773914861159308,0.0008579924583452806,-0.0001166063432276223
0.02209400219923867,-2.18041067576829,0.7221081042615211,0.008576288340037376,-0.04715701029952991,0.6382739865249999,-0.7683156784703816,0.2431536351993806,-0.5716335353210747,-0.4809700833284272,-0.1013977569884138,0.1104163769743855,0.1990890633888553,-0.037401206236073,-0.05236105477318351,0.07583090170790228,0.4175715457428657,0.6485276310683635,-0.1864739398345134,0.5859008251186435,-0.001202521917742051,-0.05195223202157063,0.1193075163216279,-0.1233323262265115,0.003833302849524791,-0.001845262308119727,-0.8840590812959486,0.06942040097192614,-0.3814196017267009,-0.174884929027547,4.560050065024463e-05,4.211988532282682e-05,0.001281095342528873,-0.009913323119893151,0.01284002598870428,-9.328507958265676e-05
0.02678511319850936,-2.246332045213191,0.7267362663286037,0.001665024491096603,-0.0463857660482897,0.6427455010564198,-0.76467235419707,0.2671158301680214,-0.5301550604211989,-0.4911125802692935,-0.1253011287837165,0.1189787025582094,0.1785913022660468,-0.07247036112101617,-0.07132940933073913,0.08189299938104605,0.4547830417231507,0.417672169584525,-0.14453850876334,0.6211785138970557,0.1092136210384194,-0.01435449591297872,0.09811061846783628,-0.1193323992808893,0.001218505874735071,-0.0005844311870261527,-0.8735227267622365,0.02965476026560516,-0.3890285803411891,-0.2185787814559523,-0.0002552297857658234,0.0001207321830126958,0.004818887051422982,-0.01057098649973501,0.03557595410996216,-7.462806366621776e-05
0.02944655428444096,-2.308998259450502,0.7223647354743581,0.004823948071037849,-0.04288741909048367,0.6575677775950606,-0.7521582391209034,0.2463794331093065,-0.4643879399141892,-0.4537099221384383,-0.1576961952677096,0.1327907832068978,0.1869340949127543,-0.1664341600415998,-0.1082154480452313,0.08180899336675386,0.5888762460471367,0.2962230723880201,-0.1011487046545212,0.612528164743523,0.1716679009760083,0.02840705019538255,0.08399381084920203,-0.1100683290277074,-0.004322197687586427,-0.002329964893957088,-0.8600585346142019,0.01684632705152182,-0.3994804208062795,-0.2476804240310651,-0.000561301407414369,0.0001213362424627734,0.005304079124128453,-0.009016044792679149,0.050437460989236,-5.970245093398423e-05
0.03538921693617347,-2.377372600671237,0.7103754215915357,0.01471048288896722,-0.03034269710742114,0.66659718024017,-0.7446550353830121,0.2058834989975329,-0.3758946491643864,-0.3940719263360353,-0.1942306104870644,0.1443809510649018,0.2014917627284933,-0.2239407284125997,-0.09832352633728104,0.0853803728364619,0.7984195411388111,0.3009429253234944,-0.03437457063735657,0.5635951873691337,0.1701608475905393,0.06616077753989716,0.08618120632811414,-0.1208709070840659,-0.007466371642418674,0.001327371497668817,-0.8399695088909593,0.007539540173871482,-0.4053816891693651,-0.2430406376350235,-0.0007562238322127615,0.0001041671726874104,0.005120390744587233,-0.003927230092136879,0.05649188995515948,-4.776196074729757e-05
0.03817105404794226,-2.435916059153199,0.6924786606070609,0.03013986998251627,-0.01775135018557076,0.6799198326348437,-0.7324517042056988,0.1305058920608969,-0.2988946715949444,-0.3177541424134899,-0.2013422902274297,0.1562263805199524,0.2441242926083005,-0.2056612823895613,-0.07481796416154193,0.09836073355776126,1.038956166167531,0.3932877791555618,0.02880991939702221,0.4910629753404729,0.1237168668436022,0.005360674282576124,0.1055303775208478,-0.1202793379871052,-0.008368964711411311,0.004403728084904362,-0.8205989407465422,0.01401982548880205,-0.4039914426401957,-0.2367510085166742,-0.0007398827232334486,8.176200301974284e-05,0.004289294503496533,-0.001168735800910074,0.05218244217181453,-3.820956859806605e-05
0.03592034306431512,-2.490304584648487,0.6736749000943416,0.04928297940450497,-0.001677090345931648,0.6891389250122676,-0.7229494569760204,0.01780264212966614,-0.249073625441041,-0.2258721534320602,-0.1601308480439806,0.1709561679370355,0.315901242865092,-0.1473891887940141,-0.0642527133317826,0.1083201367065257,1.291261453020585,0.5620079627528548,0.0813074113424023,0.3878501596855419,0.07819568368512896,-0.1910340539409108,0.1338264324354471,-0.1219053821267826,-0.007430413486760111,0.002518755376778634,-0.7872350863708656,0.02336646997914481,-0.3819353107864835,-0.228226931814783,-0.000556213267268417,6.639819732295066e-05,0.004921689984350554,0.0005011169689331468,0.04174595428605608,-3.056765487798726e-05
0.03950589169739776,-2.544269352483689,0.6601937614012641,0.05472413159527018,0.01589759483888232,0.6995446690592566,-0.7123129873098324,-0.1279196231163674,-0.188701851376292,-0.1189667669782884,-0.120879396371045,0.1625120944408443,0.3681618751183727,-0.0942278071609072,-0.06072098799726343,0.1149128413847346,1.469346047798466,0.6974081000284826,0.1587998688848896,0.2819673167624539,0.01305034357631913,-0.3543309514006255,0.1407716063753309,-0.1327997658872874,-0.003234703916181814,-0.001075232196073718,-0.7256661614105907,0.06966801838327873,-0.353444429819484,-0.2445450055478862,-0.0003630824192765817,3.518919214266304e-05,0.006076621571847777,-0.001833996881055852,0.03339676379708757,-2.445412390185736e-05
0.03371052509361752,-2.597999845868402,0.6525212795718486,0.04928570590349275,0.03655784997579313,0.7138416832194049,-0.6976134274060589,-0.2843888136674187,-0.1023195957777457,0.02720957130152428,-0.09561075493691913,0.1469826531618603,0.399279552070023,-0.0584978520162598,-0.05760970666240178,0.09400558581629107,1.54973928969804,0.741940506856161,0.2288143719930138,0.1969236231890877,-0.05245417629963627,-0.4591144113604747,0.1531966303614849,-0.1159170874712778,0.001818606184352252,-0.001124652547706877,-0.657841213798106,0.1954860266208069,-0.3120483893076671,-0.2698287442891512,-0.0001699099719637731,-8.091965180777194e-05,0.008318774478518844,-0.004172672281069612,0.02671741143638902,-1.956329912086774e-05
0.02780828999288857,-2.654833012248706,0.65644479985419,0.03550697389614761,0.04561262401307838,0.7352318246326935,-0.6753465091215471,-0.4266468089792362,-0.003051536594593522,0.1802716023205473,-0.08850452680967674,0.1190128764232659,0.3916480609311099,-0.02665108417494598,-0.03569623449297836,0.07436134969909577,1.514465939082975,0.7086171061669779,0.3070260864807727,0.1181148205597541,-0.1053143568374678,-0.5022133959270753,0.115384174868455,-0.1310737164606074,0.005228171318470883,-0.001214654421409837,-0.4775722586344722,0.2804416695936648,-0.2936927557785047,-0.2922206981959673,0.0001164540316367389,-0.0001548487888462816,0.006590837705370691,-0.004981274222788792,0.02137392916371721,-1.565063929664222e-05
0.02331883684578909,-2.715006032566399,0.6691431707006195,0.0149853601171024,0.04770768228784447,0.752082707521333,-0.6571689410496085,-0.5376885374560031,0.09273851222478066,0.3100116718814832,-0.07216657364955752,0.0868326387851289,0.3683068847358481,0.0009614976289132705,0.02391463925762487,0.03625253757884916,1.381376688986046,0.6388126858740413,0.4276341820403681,0.05783939378371797,-0.1534206614859008,-0.4911208607992255,0.01955887193003283,-0.1399555873861152,0.008373023698238306,-0.002202602610364321,-0.3319054102042087,0.3619511391879298,-0.3123763992915103,-0.3170524183219222,0.0001234890453108155,-0.0002233364213317485,0.0009334682468418685,-0.005691971261703841,0.01709914333578739,-1.252051143727701e-05
0.026436697368501,-2.776196266645692,0.6849760064416275,-0.004786092647866601,0.03855736497823477,0.766818225685779,-0.640687311938683,-0.6050226462355579,0.1714832119099625,0.4099773202158659,-0.05912385146339598,0.05575157718829205,0.319998603237624,0.02468477919668602,0.06679022064587965,0.01117526832270069,1.13747963615935,0.5492388405926167,0.5181606696443305,0.0254214634687104,-0.1605025080592352,-0.4099151407654105,0.007324721481932838,-0.1437902135704059,0.008697790807615371,-0.004038083457741214,-0.2506952110023781,0.438733613640811,-0.3442491689840304,-0.3371695353143043,3.582580744970517e-05,-0.000268142934885351,-0.003597924291375605,-0.005439905856608042,0.01367931467145849,-1.001640914975618e-05
0.02910136112109994,-2.841277164106783,0.699746641786312,-0.01765767354736461,0.02312560930486644,0.7713963617381319,-0.6356894413598093,-0.6211847536574396,0.2254860787553057,0.4744850746505597,-0.04588216711898341,0.04473446185847536,0.2610468156709874,0.03008721684985524,0.07060007047162731,-0.005763985919248715,0.8275962172924951,0.4966143316536373,0.5807970471335924,0.02626923873126229,-0.1278764715608723,-0.2577482454125583,0.001418362513301261,-0.1551730194770384,0.007419015052978378,-0.005861241990461779,-0.1953863826898382,0.5094212980481156,-0.3716622323174463,-0.3536046834805165,-3.466208157795102e-05,-0.0002880947925178797,-0.005286830292349759,-0.004851166172181496,0.01094345174934157,-8.013142853525625e-06
0.02850026450904096,-2.90932999851632,0.7105061793285556,-0.0241867386079986,0.005887187542535345,0.7745039271146782,-0.6320791165528954,-0.5841595039495221,0.2682470460093503,0.5107708016367799,-0.04006881234951925,0.04995501261817562,0.2035908083553891,0.03316912882154342,0.08320019032819245,-0.02708734796429519,0.5232876997465622,0.4571816698613242,0.6191801780930211,0.05715666706421568,-0.03633502067598196,-0.08482093812844266,0.006596736706949354,-0.1592522176461841,0.004345630073583833,-0.004092382608628177,-0.162503320687654,0.5724486862756091,-0.4042547802260214,-0.3742310837570066,-7.573148187161623e-05,-0.0002984036957212056,-0.006776203238920982,-0.005087068339594589,0.008754761399663609,-6.41053653247027e-06
0.0293315354598455,-2.979387061798985,0.7131285314713959,-0.02301721818215666,0.0009575442483118824,0.7711487331069518,-0.6362381018170091,-0.532180029650269,0.2925742878960494,0.5107996752840396,-0.04256746190204724,0.07247946005759118,0.1788193702658231,0.03661524173482393,0.1287317873670775,-0.03809868312593839,0.3428236485092274,0.5072529311181988,0.6197403711924546,0.1009876111808309,0.02352023006063118,0.03565735105912679,-0.03598839204089816,-0.1541757235138394,0.002305339334657359,-0.001049187897960325,-0.1290331227596992,0.6225531444331766,-0.4306087544333579,-0.3677811887060916,-0.0001127434651722492,-0.0002568186435179571,-0.006725516845990039,-0.0017361832008972,0.007003809119884269,-5.128485087696747e-06
0.03839739448804018,-3.049492191951401,0.7072195998593505,-0.01618381862568445,0.007794256336461096,0.7652007026026569,-0.6435411551091761,-0.4603627325507664,0.2786067300242014,0.4610234464083307,-0.065135947024187,0.100609721668424,0.1779229795651574,0.05545529579627599,0.195931942034902,-0.03307408110683858,0.3103940288004328,0.6686669794873952,0.5660753622023886,0.144073616464959,0.05970684524833796,0.1144476855591281,0.02510891767896392,-0.1481856689478095,0.002045395227393426,0.001052065481903045,-0.1337595840742274,0.6505012145774982,-0.4281932620916647,-0.3379988065953318,-8.471081569419906e-05,-0.0001890179616719953,-0.003057364591673835,0.00293038629773446,0.00560304729580116,-4.102851608981699e-06
0.04512670048844373,-3.119880151273668,0.6940182386645791,-0.004913022677288854,0.02241471825051071,0.7549864046234297,-0.6553388218682832,-0.3827962713864895,0.2334708912512246,0.389280840858658,-0.0961536108532116,0.1367167044506891,0.1939612563846639,0.08390620706218266,0.2177870190797473,-0.03523342533636321,0.3880608029900938,0.9045310499726733,0.4758087270886463,0.1829997129192506,0.04689315924888069,0.134584645499702,0.05897507648466496,-0.1412719399404367,0.0007294201940627638,0.00258993976774071,-0.1520193442186939,0.6656591763205983,-0.403796290990026,-0.2765690139834837,-7.491953488093238e-05,-0.0001242304556523989,0.001578279091736823,0.009334426680858253,0.004482437836580371,-3.28240189110197e-06
0.04953156599354458,-3.183473702229321,0.6771001797772668,0.008292786667052854,0.03982136682322236,0.7486780502870479,-0.6616847175596621,-0.3170996100138105,0.1508070735013451,0.3030402477626898,-0.1219072849195183,0.1333957406889294,0.2368711712780734,0.1136403358620942,0.1766464100658034,-0.05053498790258548,0.5244059158654544,1.15719220417046,0.3812693597312231,0.2320516022257696,-0.09320427784230209,0.1141131409909414,0.08446780994030691,-0.1458733795580479,0.0005373826360128864,0.0018338877683632,-0.1818864127564686,0.6597431911445377,-0.383341528889182,-0.2293644835875755,-8.340565194479931e-05,-0.0001147433052675457,0.003401811470457678,0.01073261498710639,0.003585950269257167,-2.625945020769251e-06
0.05398432085182026,-3.237230528837942,0.6643670397908062,0.02477257379403996,0.05315333496433888,0.7484735903695351,-0.66056667119158,-0.2604994289289579,0.02706154327388645,0.1884702424246963,-0.130605040745028,0.1143062524075121,0.305837220639176,0.1255935583635258,0.1520429597210922,-0.07891962906418599,0.6756389967357241,1.392349486470849,0.2820000950883479,0.2481565449961175,-0.2696943319882197,0.05754408392663494,0.09348048198594702,-0.150806848203584,0.004416119175404649,-0.0034431398047402,-0.2901496733711308,0.647128163906377,-0.3776183270039896,-0.1850279393019182,-0.0001248933663158918,-0.0001204835818259631,0.002441155583757388,0.01110851631087282,0.00286876022136702,-2.100807034878611e-06
0.06585459921323568,-3.29650852919153,0.6563258241599786,0.03936425528785448,0.05402161231101706,0.7397217147024487,-0.669584875580848,-0.1790066409658024,-0.1165393437611305,0.07653430102338134,-0.1334145997283894,0.1049723587746361,0.3324179833725938,0.1258986089239098,0.1318577477264291,-0.06295660240658252,0.7592494801681157,1.535383691707166,0.1765360857695644,0.2782159586342944,-0.3847410574493611,0.001645122535370925,0.1756264269058705,-0.1927522851622025,0.002615441427106395,-0.007496371956322481,-0.3713550274496586,0.5492040339353553,-0.3947208537972857,-0.1479534728919267,-8.230365751830775e-05,-0.0003009181864811415,-0.0009519714838220703,0.01039711650774783,0.002295008177035172,-1.680820093602811e-06
0.07238992564191978,-3.355638900792196,0.6587662916498068,0.04669821999638089,0.04865245362911515,0.7271868891821366,-0.6831189085412901,-0.08557319097957024,-0.2616898690334454,-0.0331529664015158,-0.1319003358951841,0.11228367220901,0.3375715618524289,0.112242094615521,0.1090587493193913,-0.04832016063097642,0.7599847063734529,1.570380715569783,0.06625467464505261,0.3361297368771704,-0.4367457033290312,-0.05629396305519018,0.2021019386629941,-0.1979787181303881,0.0006604172757313738,-0.007404732535794618,-0.4508596613237579,0.4700073873124034,-0.4250847691326325,-0.1271591898531784,1.247406753884952e-05,-0.0003699956601214658,-0.004321356413518955,0.007936110894206204,0.001836006544836803,-1.344713212748502e-06
0.07173355956203496,-3.412090478775983,0.6705148923948083,0.0496785074697603,0.03480634521274096,0.7160704044387565,-0.69538747480482,0.01199264222611532,-0.3924768180981791,-0.1453159950183288,-0.1277624877121196,0.1227640399621292,0.3267861792027896,0.07632005750899365,0.08196226957702636,-0.03799145364794105,0.7099097504313796,1.487421611224664,-0.02981301619952455,0.3929835576835373,-0.4481731924874522,-0.1025400690688445,0.201967547726486,-0.1835931997808366,0.0004731588351605054,-0.007010667345522052,-0.5337345773251777,0.3893376759824009,-0.4544155416573878,-0.1148948191850065,0.0001199505163122327,-0.0003898175753897352,-0.005841763377172004,0.005606873935393529,0.00146880526631514,-1.076022577379186e-06
0.07116283599111561,-3.471542565017069,0.6876063232266385,0.04360844636244588,0.02163116880918065,0.7005904135481398,-0.7119013052286454,0.1006981805217039,-0.4758334992936172,-0.2537806300737426,-0.1157945010662849,0.1226538160649944,0.2929019692233133,0.03288291261224003,0.04687919422215511,-0.03099855524874693,0.6387988364525204,1.306976508570189,-0.09035014934680492,0.4592197393308993,-0.3930727385413097,-0.1380614569714299,0.1702108094654894,-0.1719413335995525,0.001767194892919193,-0.005330233090457293,-0.622326022610454,0.3113576311879352,-0.4688914514183442,-0.1345587033571558,0.0001893642969575748,-0.0003169769439430511,-0.004711337137459325,0.0003124065377853914,0.001175044257659852,-8.608929408382154e-07
0.07193606671949009,-3.531459491163754,0.7030394948817043,0.0326384757891057,0.00816206172422383,0.6836398540990123,-0.7290436616102324,0.175169896373913,-0.5240603863525763,-0.349647792229994,-0.09997791304596773,0.1129282817713255,0.2484527375654901,0.008305997750933856,0.004833862595792634,-0.01257109437973594,0.5515116579901131,1.046369091991504,-0.122068619486889,0.5281669973825477,-0.2729099776409552,-0.1212579715172144,0.1513643686177044,-0.1417705802728928,0.002472834339788874,-0.00455349402359139,-0.7010818816525954,0.235482520741974,-0.4837837417233274,-0.1423522199624709,0.000225912689015598,-0.0002403310212541373,-0.00420095184068636,-0.0008410524895170284,0.0009400357260814341,-6.888905277038056e-07
0.07405570868933131,-3.595651916137701,0.7153991369907376,0.01838061541558931,-0.005118776578661844,0.6682188409546225,-0.7437200627228924,0.2386909368397573,-0.5279949185609943,-0.405053014517733,-0.08887693220709798,0.09834488800470163,0.194050847193557,-0.01537656683386094,-0.01135832918565687,0.01573891423353485,0.4779176098232502,0.73331145444942,-0.1199703505776238,0.5932960560334468,-0.1182050309331426,-0.07007378940119929,0.1387395934376852,-0.1245666999157183,0.003266348408194735,-0.002386870197135,-0.7553679098313171,0.1801208979842167,-0.4937454497285879,-0.183179371797239,0.0002211698443147298,-0.0001267060154439096,-0.003326060775786836,-0.005661161008365254,0.0007520286329700651,-5.51120975659145e-07
0.07675146241339545,-3.661914464900322,0.7225280709810418,0.00662760583010356,-0.004595638634481048,0.665681936865621,-0.7461920087198317,0.2892085471571392,-0.5013557128754881,-0.4165261138198575,-0.1009910909361025,0.07891804094930302,0.1572665370126205,-0.03784960484301594,-0.01872011796472024,0.02489710389823926,0.4495751137513197,0.4605249412110237,-0.1059875999261225,0.6347191943892799,0.02290086946566991,-0.01755929065073601,0.1176025193716899,-0.12707746807924,0.001093336489697347,-0.001614234188385477,-0.7991721209777759,0.133553280574857,-0.4999999997629397,-0.220436252112798,0.000228134536653133,-2.831420724870284e-05,-0.005299769955904391,-0.007615194441749223,0.0006016571230133611,-4.408969412062144e-07
0.07787296312413544,-3.724460229117053,0.7208285744940275,0.003218887057523184,-0.003654896861293622,0.6670899754264916,-0.7449612373677755,0.3033010702763228,-0.4552395820621198,-0.3907549047180916,-0.1147284125551048,0.0740865578695,0.1487859889629248,-0.09687283780331971,-0.04102309890587707,0.03699917376160018,0.5034463927597891,0.305203200712415,-0.07286978832123686,0.6311196393522562,0.1376082412328888,0.03744152063194017,0.100248363546485,-0.1331370167009319,-0.001437578376973128,-0.002497773574785972,-0.7993899680933595,0.094865645749952,-0.4966615538702204,-0.2364429754046698,9.016312266634537e-05,2.33276218875708e-05,0.0005145416815547198,-0.005862036281771863,0.01685085255265087,-3.527230195026201e-07
0.07195748554349798,-3.790706817955759,0.7094169648934021,0.01189334459870288,0.003698996808182779,0.673412340507003,-0.7391621509721326,0.2935519572715207,-0.3882589239103239,-0.341463668056678,-0.1406014727279834,0.09657633954773875,0.1559227266210413,-0.1700703993214111,-0.06235044944173088,0.03623792092315398,0.6497475650832143,0.278751467474834,-0.02100133132933635,0.5846884222347165,0.2022353666335905,0.08289247525478037,0.09060040809024428,-0.1370611952013755,-0.002861864708177438,-0.001419109180840921,-0.7961126985839075,0.07202678781700518,-0.4796039620937788,-0.2287392333986391,-6.728827613000671e-05,2.768680683635716e-05,0.005608174444034168,-0.001956987075979747,0.03208263549844746,-2.821784155793096e-07
0.07444926971923144,-3.852401914441556,0.6927093558216907,0.02542047253814573,0.01278126380463311,0.6802887871271001,-0.7323917018786006,0.2388615275843284,-0.3217385958517872,-0.2638900405390586,-0.163778994969103,0.1199060605906498,0.1896667219579702,-0.1885896427769054,-0.08813714578544742,0.05744779462281185,0.8649021935712531,0.3728801738813891,0.04506345209533465,0.5117348156843624,0.2120373428151602,0.04866666145799035,0.1040569413721585,-0.162251911371477,-0.003385296429466468,0.0004461176239015135,-0.7811101179346366,0.07156078942550183,-0.464715045109259,-0.2103515435111509,-0.0001328691866056691,2.246489269975489e-05,0.00665629876851097,0.001364037023491326,0.03561973230842947,-2.257427324487726e-07
0.06631686157226331,-3.910424643443466,0.6743296178399056,0.04499361047937772,0.02423106120663827,0.6913967897434257,-0.7206656019412301,0.1506419592952414,-0.2760368428975009,-0.1770786368941238,-0.1490539075671517,0.14638969695533,0.2426196064568655,-0.1470425075359334,-0.1088586244638154,0.06863562607431939,1.104925187694342,0.5316757497228192,0.1111683583692341,0.4169960156063498,0.1797056298350986,-0.1370076966053123,0.1218647657826565,-0.1888496694831524,-0.000945239765411599,-0.003489343320020339,-0.7640198698291025,0.08159421062840996,-0.4291213037869921,-0.1891341922700482,-7.496885644406355e-05,2.617267204233443e-05,0.007821549926719336,0.003389504374785289,0.0284957926142702,-1.805941859523277e-07
0.06384162506444567,-3.964452517278644,0.661439766185699,0.05485802491514621,0.03872795081816415,0.6929660005565648,-0.717836238288702,0.01840954045634479,-0.2154970037107395,-0.07194094417717102,-0.1159161996424738,0.1460377493053494,0.2958359365502419,-0.1024558980770698,-0.1021427629267502,0.08520529561060969,1.313027901710273,0.6682027714630172,0.1646098784803988,0.3216925373818099,0.1237189704883263,-0.3265240521817789,0.1437477565272328,-0.2108691837831753,0.002600236525914943,-0.005070755089510812,-0.7154095248238898,0.1011436833074498,-0.3803931010832858,-0.1886429632256585,4.624036942360587e-05,2.864863267271577e-05,0.01010002411811498,0.001767256442128187,0.02279663411551272,-1.444753487616563e-07
0.05674372073658823,-4.015970601132468,0.6550907154186395,0.05797357762275242,0.05148669413131696,0.7064312626368368,-0.7035218943248116,-0.1281970710801348,-0.134436508290211,0.03948514207109814,-0.1159341921175868,0.1457037256485147,0.336147350328816,-0.08764442102719112,-0.09501747278203163,0.07523375178903165,1.439176485728668,0.7311536674953028,0.2298708167196572,0.225179404179049,0.06483854970679864,-0.422961111698913,0.08296169087769018,-0.1849328580938502,0.006657530112504659,-0.003741537670328115,-0.6357436917829544,0.2039311649174533,-0.3172304503277441,-0.2123664053967397,0.0002693390284971857,-2.225518088052088e-05,0.01323751721154687,-0.002149873979976052,0.01823730730457064,-1.155802790091735e-07
0.04905132135789404,-4.067141396134995,0.6593754821848962,0.05080076108457523,0.05888367070205994,0.7205067986567225,-0.6890732537889717,-0.2795566665904842,-0.04419600610514177,0.1428300869593173,-0.114617883654374,0.1391855911130216,0.3492451081021233,-0.06084549422516761,-0.05190826908954309,0.05556723475430349,1.449815224476139,0.7135400436385951,0.3075647399587966,0.131186807629278,-0.0008285599253352441,-0.4659776823465352,0.05435042810655034,-0.1857891901586568,0.006659691881840916,-8.029394813348322e-05,-0.5399897169663403,0.2557252211835436,-0.3035859013966145,-0.2294321510944869,0.0003900518293709136,-5.364568647908462e-05,0.008471988864942296,-0.00327110233477498,0.01458984584640851,-9.246422320736169e-08
0.0460107408000513,-4.119767266821485,0.6723665505893355,0.03724477574771864,0.0605208011013396,0.7356154789402941,-0.6736615815504073,-0.4035589777715681,0.04453897063532049,0.2598423747168469,-0.115508158541337,0.1192540641197661,0.3388732934958597,-0.0228642448914287,-0.006824805024218507,0.04054714012199832,1.347029897089187,0.648530292926303,0.4096500570728216,0.07766303935135654,-0.05824672810786177,-0.4607750506364517,-0.02057369728680909,-0.1870552131160424,0.006767716594976669,-0.001001343089376458,-0.3339091893506428,0.3135494947359935,-0.3355242014685119,-0.2627832791312369,0.0003212084463271417,-0.0001152855587669281,0.0001887769242822173,-0.005922333303119421,0.01167187667912451,-7.397137856584967e-08
0.04525650500685508,-4.173718988952358,0.68838386016543,0.02090239519016132,0.05653098662230072,0.75291977193249,-0.6553465910950868,-0.4861103663591766,0.1229307496982338,0.3523233925186146,-0.1025444183670408,0.0986941034877627,0.311651624824592,0.0211075621809125,0.0433304611120716,0.0158377545238757,1.154057780992994,0.5779786334103053,0.4886094718746692,0.03800293697843994,-0.08813167070826829,-0.4049353481033338,-0.02069624073615994,-0.1661359214506869,0.008288338341686734,-0.002751404838761312,-0.223949213137018,0.3731639407063506,-0.3734211274611775,-0.2828012027042019,0.0001477964567914031,-0.0001593683839757758,-0.004733322096805755,-0.005539992038705662,0.00933750134329869,-5.917710285267394e-08
0.04308208298288674,-4.23046231680798,0.7024662411960011,0.007794089261036691,0.04346938003048854,0.766174386452102,-0.6411134647760106,-0.5218313081484091,0.1804606723420991,0.4257298345665266,-0.08814573279967378,0.08794389844950443,0.2632040600728571,0.04333006280695383,0.06515293412426221,-0.002938073660728611,0.8827075595048112,0.5286904781796073,0.5433317534907365,0.03058537749506454,-0.0749260372111375,-0.2971611800331795,-0.02783815022804883,-0.1512358201648074,0.006705591835456002,-0.003822098906159233,-0.1526981670030103,0.432298035827734,-0.4087579732354642,-0.2960454090280634,1.153610515238442e-05,-0.0001826301088049621,-0.006854080230940226,-0.004484772515298953,0.007470001074592527,-4.734168228184494e-08
0.04118255418312297,-4.29080895336416,0.7133740598143026,0.001267229407796491,0.02887311708910983,0.7748699952732025,-0.6314596009757819,-0.5030963989936338,0.2297439438352937,0.4742346661774918,-0.0818367141667751,0.08767918412635896,0.2091410948396202,0.05432203129717877,0.08708489717659271,-0.01602610890274272,0.5754316139708223,0.4898325997123829,0.5910689562349971,0.0542172398993803,0.00386914161193997,-0.1587018165591375,-0.02800074871776329,-0.1386810595297423,0.003556294277576386,-0.00294562049160832,-0.1032121859701198,0.4932109787985098,-0.4446727871849295,-0.3217456291667071,-7.764390785616514e-05,-0.0002162008393326039,-0.007970073908825879,-0.005551623974991334,0.005976000859655451,-3.788067970081398e-08
0.03848886568519089,-4.351669010528307,0.7174272658808378,0.001716056826827699,0.01936678561319871,0.779511372707209,-0.6260862581019505,-0.4632146408236015,0.2620260316255534,0.4954270989551034,-0.06720158019505136,0.09767972710831505,0.1757691485008367,0.06497516064972494,0.1123234117820772,-0.02175211377086863,0.3553944041541004,0.503717087217058,0.613924619815318,0.08935105368490104,0.08218233594484632,-0.03979147159442717,-0.0219195204456734,-0.1306309802728044,0.002760516325375799,-0.001709636381637046,-0.06673100284498708,0.5469873012838827,-0.477392289934324,-0.3291697301855164,-0.0001275697506935728,-0.0002146666096866645,-0.008106960502354241,-0.003747686682478127,0.004780800688392571,-3.041597443330743e-08
0.03960791135656519,-4.414017241447083,0.712741740722007,0.007799271819367629,0.01959297008675762,0.7765475899507681,-0.6297055878932001,-0.4093136125142209,0.2597585901049531,0.477122637877034,-0.07169257880967171,0.1150563671579255,0.1680298721698376,0.08641895090150216,0.1610212763525913,-0.01982341613159891,0.2623519989214529,0.6110738744787952,0.6013047700595497,0.1338879433914681,0.1384515120701259,0.0696294194093459,-0.0688350959559523,-0.1246717891170363,0.002721436825624118,-0.0007045325046258985,-0.01670458328074557,0.5948934975568267,-0.491701266012009,-0.3171351369983121,-0.0001707439208144008,-0.0001752093347395608,-0.005842966864738351,-0.0003476456091515834,0.003824640550711988,-2.433725793704922e-08
0.0429962843220447,-4.477537378812166,0.7012670185242582,0.01960684243131734,0.02785431583864684,0.7758847027215611,-0.6299544720864431,-0.3417465722325492,0.2304202888996781,0.4136294143005816,-0.08779306241547588,0.136631296017459,0.1753145662609169,0.1074295529798671,0.1989725871075998,-0.01162614460279989,0.2997878191236097,0.8071381450594326,0.5408738163528733,0.1759035717110256,0.1621931853783887,0.1176826687391454,-0.01969402279672143,-0.1288734279693116,0.00187945433886859,0.0007305915377186111,0.004124035591139627,0.6238926442838354,-0.47634554600649,-0.2855255282212257,-0.0001405454787695661,-0.0001175089835792828,-0.0009717261875586334,0.003863484902948778,0.003059712440459427,-1.983625006696764e-08
0.04545294641319048,-4.537967886705419,0.6847356076904679,0.03188493542396109,0.04524190798165936,0.7693085645731667,-0.636475335837582,-0.2912257494899111,0.1702452460193468,0.341901275029228,-0.1185106605534405,0.1365159373652639,0.2134270369438224,0.1349550031323034,0.1828938650653795,-0.01805969615072397,0.4376797793955471,1.044432659831863,0.4670808942520032,0.2117196920705011,0.04668784922693607,0.1000332963831217,0.00466111588361817,-0.1413820004255295,0.0004799334490458225,0.0001349505380189457,0.01148701975777163,0.6371927957345056,-0.4454646657637361,-0.2360791909206064,-0.0001077234255010289,-7.189739399393607e-05,0.00344487002838723,0.008264164850359055,0.002447769952345163,-1.59587431995232e-08
0.04876133497511279,-4.584442401648165,0.6678716278348702,0.04785796349698463,0.06730107084620315,0.7647579647413844,-0.6390034714753052,-0.2646779391928543,0.06972650890615778,0.2562171043665964,-0.1360481905219564,0.1136591921759266,0.3034167828482973,0.156360010596717,0.1551457292467443,-0.03809714075251694,0.6335463829619595,1.301361944721972,0.3764977091223171,0.2303627085596135,-0.1524097095245015,0.04000839874287029,0.01049610407196072,-0.1499729160241031,0.00568994047322411,-0.004208314140411598,-0.04551994928434283,0.6427847985509048,-0.419702595757432,-0.1965666301122852,-0.0001493875496634197,-4.690621821766806e-05,0.005033926915343106,0.009221144242917199,0.001958215961867524,-1.281600874515303e-08
0.05523777643766538,-4.635762423076264,0.6539689195215436,0.06449938633852983,0.07421998554110004,0.7601631858323895,-0.642248514060861,-0.2092218256776367,-0.05531753793130516,0.1425545090339845,-0.1390929565733711,0.1037405247635986,0.3537679931375483,0.1647940465426034,0.1464269384141742,-0.04340482297494333,0.7719473664537931,1.491096460675113,0.2820932013578703,0.2325685360617918,-0.3223888947237621,-0.0175138449900328,0.03178235647168604,-0.1616365923674869,0.007100302854620428,-0.00791874488534604,-0.08456354517940551,0.6128367456601167,-0.3865115384817089,-0.1369600070397771,-0.000178590695466136,-0.0001104608513330034,0.006765178925561026,0.01227929353617838,0.001566572769490458,-1.027668958789442e-08
0.06458845686488682,-4.686977545142149,0.6478512217803339,0.07710971952696986,0.07029321542329578,0.7510645269524741,-0.6519317689556036,-0.1396887129659643,-0.1867930503375388,0.03538986297340131,-0.1408367663161928,0.1094594711862536,0.370860218665973,0.1640229496321768,0.1394005795355761,-0.02499619388565481,0.8295094777189214,1.577834839024167,0.206334340517428,0.2594052077694092,-0.4095804482178698,-0.0781408744537279,0.1230662259824964,-0.2074376997773019,0.003795223440702666,-0.0101556039409902,-0.1517219566426154,0.5083875723926109,-0.3981348307613886,-0.09443760476003454,-0.0001729535043437162,-0.0003318991999078287,0.001912970634028258,0.01167369111705439,0.001253258215579184,-8.291761619019874e-09
0.06505817798882944,-4.736393912081033,0.6527297097609747,0.08229348154811111,0.06399870544245957,0.7388795520877782,-0.6657243844887646,-0.06419703334078625,-0.3180810830933429,-0.07181837708924418,-0.141605958508551,0.1222235697137589,0.3744082484447837,0.1350477134013804,0.1249999300037709,-0.02475559500450392,0.8216934600239312,1.562290619275448,0.1238877698803258,0.3030842505451293,-0.4533337767110878,-0.1259105297160594,0.1748282797018662,-0.2046699603802742,2.810850461101851e-05,-0.007930581538575109,-0.2332604313993915,0.4101500532849879,-0.4250968098507609,-0.07090299247333701,-9.265474865640766e-05,-0.0004451822882422655,-0.002468843030186876,0.008945387690335522,0.00100260657242797,-7.026468909837887e-09
0.05961724035772695,-4.780531614637007,0.6663218165180604,0.07934407849684492,0.0517041897027555,0.7259808241568595,-0.6811630032020199,0.00866200351069943,-0.421819720976229,-0.1716099964743381,-0.1377439695771955,0.1300321362125593,0.362399596585642,0.082290653993007,0.1053746565346591,-0.03114617569347848,0.7776501496908611,1.436396889498052,0.0487082854921348,0.3642852150524891,-0.454623048329537,-0.164301726426049,0.2008020953429817,-0.1851171125976392,-0.0003575781316479445,-0.005725788750425391,-0.3400799781797483,0.3197573162463972,-0.4655274482063887,-0.06114066090116976,8.024042546522657e-05,-0.0004645406187670755,-0.006351718598200384,0.005800685455122231,0.0008020852579326385,-5.777313527947653e-09
0.0611767101761417,-4.830951357175156,0.6830295582504113,0.07250930373308875,0.03655735941743574,0.7102621977249419,-0.6992378499677364,0.07554362135764797,-0.4807753280991385,-0.2623941444352951,-0.1349371179047356,0.124181276280003,0.3266218087168204,0.03012976859188603,0.0723850667014713,-0.01377882243654154,0.7208279238517684,1.234031601112091,0.001052418376860662,0.4269639472307873,-0.4069574242897465,-0.1659404469219171,0.185867519564592,-0.1577066083047954,0.001397831104474015,-0.005980099641200104,-0.4600731410962698,0.2317400539207772,-0.4877362530904532,-0.07259418003333128,0.000225140977517553,-0.0003985022214522318,-0.005951048775655627,0.001471317378543796,0.0006416682252210275,-4.776295944872394e-09
0.05976682457371184,-4.881516235515514,0.7015847601524726,0.06038294947590759,0.01929505787197029,0.6875994563521007,-0.7233177640419202,0.1337854073140818,-0.5090297279882717,-0.3429560264582763,-0.1178843332021699,0.1155710965883235,0.2754355800180575,0.0124917996728765,0.02533352253793155,0.004628697710894686,0.6407356996146039,0.9605211458456552,-0.0274123937351871,0.5078460128482245,-0.3105121514842188,-0.1249411648836608,0.1759138607591306,-0.1236600369432615,0.003675749113059857,-0.005927383735101402,-0.5657719655991924,0.1615125269583636,-0.499999996086916,-0.1139870080178396,0.0003032678840735299,-0.0002512648467984103,-0.005127632163651162,-0.004586606804626222,0.0005133345806834493,-3.821407298747324e-09
0.06218483783031167,-4.935858736696104,0.7136707105740789,0.0446593000877938,0.01097727707792659,0.674699699426596,-0.7366582395502569,0.1918713583998938,-0.5021692855213225,-0.3917754440131976,-0.1118371592940133,0.09375171509906549,0.2191875908324436,-0.008018457542114093,0.00129723604294044,0.02224069419876857,0.5667249505331774,0.6596923661529431,-0.03208548731986389,0.6019403943715782,-0.1777579031903862,-0.04178708300533846,0.1507690601736454,-0.04058669612015631,0.002713035026805606,-0.004301540306234565,-0.6653543823077694,0.07873243531692931,-0.4999999994734128,-0.1527017071237239,0.0003932959525191965,-7.208655864025627e-05,-0.006710563046803212,-0.00725540636906314,0.000410667673339615,-3.059071808304229e-09
0.06262223725095016,-4.991186843247034,0.7196556736682145,0.03309516805596471,0.006746071949674322,0.6652426772952695,-0.7458628430680933,0.2467593745129703,-0.4792195804141877,-0.4053525029444481,-0.1115568008364606,0.07523852276913728,0.1745726427449944,-0.03458747054576965,-0.01919466893930611,0.03578624492909686,0.5228535526580681,0.4039581376159744,-0.02229044515512829,0.6612644591821554,-0.05739792239697852,0.04301943353004347,0.1247262876662718,-0.007871943875076788,0.000840284398545363,-0.003102575858982052,-0.7530528040735778,0.01516225037563214,-0.4999999999510277,-0.1902009454437834,0.0004701362292820357,5.48615627807433e-05,-0.007943313660134226,-0.008414210211304209,0.0003285341710898589,-2.447817953478155e-09
0.06299797513295477,-5.043370307669766,0.7188949362546464,0.02958213346375252,0.006677359986096244,0.6615751460475737,-0.7492653978234151,0.2774396668920373,-0.4429178284868243,-0.3915620043374926,-0.114443254165888,0.06852974710538563,0.1640777745298929,-0.07984147074577658,-0.05254840656640371,0.04681055723425658,0.5362761713714552,0.2550373029065928,-0.0005130583589555306,0.6749622176324764,0.04681757073385524,0.1163270626412219,0.1010075423589188,0.007947546409768115,-0.0004645560116198506,-0.003451740384248847,-0.7798071039512511,-0.02065249617840954,-0.4943054378982134,-0.2113476455467942,0.0001203939778656136,9.573872798397761e-05,0.001513410963824219,-0.006889483891680298,0.0269730042317973,-1.960780833921663e-09
0.06207429582761235,-5.100004796154458,0.7085085772902471,0.03756882444898419,0.009958953312266467,0.6588437935043282,-0.7512750883925752,0.2890979398282024,-0.3916927526866159,-0.352874730415239,-0.1230482732337116,0.07671075742537999,0.1660820967796856,-0.1308340322920415,-0.08667045852026849,0.06024019783636573,0.6364361226001655,0.2317891308293365,0.03162705163659876,0.6503902898369205,0.1091384884349327,0.1825906901122503,0.09708991075832897,-0.04870978214987674,-0.00203153064121712,-0.002993509937212805,-0.7837907318231225,-0.009809404885531465,-0.4865405458892934,-0.1990041802923666,-0.0004281241417264119,7.135516996591574e-05,0.007692249272676851,-0.001877122460688291,0.05458767787965743,-1.568624666903402e-09
0.0595314147834571,-5.156623203245204,0.6917576440969394,0.05136252653277412,0.01819576364039565,0.6587893437564175,-0.7503515213596237,0.2748080834612953,-0.3389508495179522,-0.3130218077180159,-0.1325104667557968,0.09707965351012571,0.1795846599700157,-0.1554785493509004,-0.1170171904820215,0.06936269617139001,0.7954364700146492,0.3235188204178886,0.06764366075052743,0.5924618010299153,0.1245350277404052,0.182980948315425,0.09303045009480852,-0.07479474908359789,-0.003270839077609953,-0.0009560663470804669,-0.7876330251879908,0.01407267337483725,-0.4646796226497022,-0.1747383856802149,-0.0008973299494043865,6.82527985674555e-05,0.0116717732305367,0.002152148955150241,0.07016475292463165,-1.25489973334571e-09
0.05491713935294559,-5.200330048546689,0.6725440890639874,0.07175550735473635,0.02651509295700642,0.661248303699862,-0.7462565094280926,0.2210278234965991,-0.32380023820447,-0.2599986393641103,-0.1154341147134854,0.115654825862171,0.2351533820063744,-0.1321636985704073,-0.1501877800197187,0.08964844434560977,0.9896737506473509,0.5029712739084429,0.08715252558479229,0.5043361442569624,0.1045797130390614,0.03031788916212479,0.1013563927990934,-0.09670893969417356,-0.003415530475763525,-0.001107569792789984,-0.793390936047025,0.03193521532818313,-0.4314871695536094,-0.1497184691993639,-0.0008677086147389695,7.131752176005531e-05,0.0113976611413394,0.004272108053010055,0.0625948488930151,-1.007986354818747e-09
0.04951370214278388,-5.244271621129622,0.6570365182136375,0.08803054398273663,0.04085595672659995,0.6632640031809994,-0.742066220906445,0.1411704370280516,-0.3082402537715788,-0.1987342431010563,-0.08631037429786005,0.1220015674751015,0.2924738849767545,-0.09271421936016512,-0.1633878689072253,0.09905588459053141,1.187484903152181,0.6960949623646936,0.1043313669952409,0.4000080609070233,0.05861462470136836,-0.1601067965352206,0.1110809326906174,-0.1168517685448682,-0.001513914558167595,-0.005435701648303729,-0.7662595008787394,0.05571408021616445,-0.3569225611893065,-0.1161225454213117,-0.000607654075265938,8.988450596825894e-05,0.01506066382096583,0.006424621879545458,0.05007587924465345,-8.063890838483525e-10
0.04801045199365649,-5.283110790319408,0.6472109686125311,0.09285114747028865,0.05274547044346083,0.6683001273205419,-0.7361871498365727,0.01954286833397833,-0.2691844126592627,-0.125655091499207,-0.07575738363276913,0.1160574852361219,0.3274964449358327,-0.06743126258979781,-0.1687116926196486,0.09917120959812203,1.334145876975117,0.8151096343009298,0.1326355158006457,0.2913568799207193,-0.01701403933963859,-0.2968780940045658,0.105356802846256,-0.1283265683312129,0.0001581340501925032,-0.0039818009869874,-0.7149535406478806,0.08463713347280206,-0.2870089630676221,-0.09386224083878367,-0.0003086501218343096,0.0001090333830120742,0.01638095806518541,0.006075028137715019,0.04006070343718096,-6.451112670757733e-10
0.04362565593844725,-5.318281898990229,0.6435469454560699,0.09447348648542682,0.06454041087351828,0.6751090925962459,-0.728791471416508,-0.1147660108112837,-0.2168554126322364,-0.05003859961148905,-0.07781192061770646,0.1127143809395055,0.3540728557155408,-0.06198246307920995,-0.1684671101391721,0.08858206423794704,1.426515757680573,0.8711724802305253,0.1713422817008533,0.1866547069628125,-0.1048367749730027,-0.368445703951699,0.1110433445600802,-0.1446071456016309,0.002318908871316317,-0.001475110534909015,-0.6559712968696695,0.1184762095477568,-0.2539080780135732,-0.07761729623497521,-9.424312108730658e-05,0.0001241014842277304,0.01240171954381076,0.005134367013736306,0.03204856275125733,-5.160890136605106e-10
0.03699567881205051,-5.357737258991359,0.6476440403448357,0.09455928723067089,0.07526254103646661,0.6767744303503044,-0.7262027688870256,-0.230176959455119,-0.1483271323589139,0.04728811875747619,-0.09748163507962576,0.118896246627383,0.3620348031426327,-0.08649478740241974,-0.1426177340750949,0.08855518209280594,1.427430053482271,0.8894171798201307,0.2064402763408251,0.1402408678427912,-0.1843615080711341,-0.4115029459009044,0.1327911118777919,-0.1247670184888746,0.003130727340565123,-0.001273922089119119,-0.5921460181540451,0.2217005703112972,-0.2423697301084307,-0.1020480779798862,2.533924407874275e-05,8.79644197245471e-05,0.007685441830084543,-0.0005425405136369898,0.02563885020433658,-4.128712109284357e-10
0.03084362523492312,-5.392401137191309,0.6593320405802117,0.09090026880290973,0.07951995870508292,0.6872061003159723,-0.7163529109228317,-0.3313829418178596,-0.0897677066229684,0.132555891949928,-0.1098388922908716,0.1281366584541384,0.3663126552867205,-0.09154903257506507,-0.09503605346592174,0.0806826504722714,1.345436541940914,0.8650559211622652,0.2541139048616326,0.1011349187705692,-0.2367597910236433,-0.4216820177467646,0.09594762093420632,-0.1936077173488827,0.002806854379994965,0.0001222156220498442,-0.4931112477362883,0.3324789251929584,-0.2458585266865046,-0.1510785548355214,9.324176448438005e-05,-8.108738403267996e-05,0.003443305385451094,-0.006535247177662072,0.02051108016633976,-3.302969687427723e-10
0.03254227078887845,-5.426833585511633,0.6752836029700997,0.07839020940864433,0.07734531628657765,0.7023871727386937,-0.7032246701371779,-0.401728089190535,-0.0314184756869155,0.20822986571541,-0.1098953508154444,0.1264758400705066,0.3439543747300156,-0.06672416706319785,-0.04807573872389819,0.07722819510735281,1.187061519349407,0.8067148119104336,0.3212483185343118,0.07967258290841456,-0.2661386570335326,-0.3969210595458811,0.1109849287217783,-0.2276249299301325,0.00523478215886039,-0.0004019030558166592,-0.3274038265578593,0.4171841644371394,-0.2583133084417822,-0.1986256958788785,7.950897868430641e-05,-0.0002315739699984272,0.0001424550467253691,-0.009334111423607277,0.01640886413302776,-2.642375749935085e-10
0.03344724622037525,-5.46389111722412,0.691793648805679,0.0647284252393127,0.07545215410015865,0.7183984475350826,-0.6884917385029886,-0.4429651649954128,0.0195917987315225,0.2628254921998519,-0.09795317020906774,0.1192411902168212,0.3143456600905442,-0.02204798625084275,-0.02237640011166937,0.05055111118653314,0.9720281327157902,0.7574718981087382,0.391966007460085,0.07335903628747162,-0.233038823331837,-0.3479851764918356,0.0902266420220517,-0.2265712409856714,0.009774256058760887,-0.003368573505657728,-0.2140959641278232,0.4888671358784507,-0.2797328145452425,-0.2336977184487871,-4.920799869597289e-07,-0.0003211384249642828,-0.002678806925103591,-0.009125463853075165,0.01312709130641846,-2.113900599947464e-10
0.0321768370715839,-5.501129900862913,0.7051056033555182,0.05519389945958063,0.06648134076352663,0.730978846587141,-0.6769075200017078,-0.4531739248560602,0.06493585507381398,0.3083339684160671,-0.0788929036801376,0.1182029817418846,0.2747450833207868,0.02581626088318342,-0.009229045196918093,0.03433796843483184,0.7293411952965452,0.706603657985705,0.4808121061230327,0.09196018441883766,-0.1351847004298196,-0.2728688798497049,-0.003164561650276676,-0.1674189718481023,0.009972704833636497,-0.005258282048196301,-0.1023958233690166,0.526662298257325,-0.3185858286130956,-0.2472798227676835,-0.0001552367746176995,-0.0003028585897873752,-0.006311097473404526,-0.006330260090031138,0.01050167304520755,-2.093619158828647e-10
0.03734667596644895,-5.543542784928749,0.7141083335985386,0.05377940863041407,0.05482383341044834,0.748753710826096,-0.658384388500895,-0.4262911903922898,0.1068266104601879,0.3416533384892265,-0.06454458376497595,0.1130755917440256,0.2222959572932145,0.05261953813872281,0.00149368936889441,0.04048529451755303,0.487971191714012,0.6690485061795752,0.5620062348952455,0.1102380138671217,-0.0001999950466341333,-0.1675573894607541,0.02251087086486013,-0.1397428987844073,0.00615156431602226,-0.006356483912020073,-0.05657036489150211,0.5710890191272768,-0.3567494057885606,-0.2666244801159979,-0.0002004038004654285,-0.000292924962973234,-0.008011566887028818,-0.005657617793611033,0.008401338436195119,-2.379328680540366e-10
0.03901827190504804,-5.585138322511165,0.7172521057169907,0.05292768029930349,0.05047110403191629,0.7584933792697203,-0.6475639905985621,-0.3904233043067407,0.1354695255758587,0.353109294373607,-0.05231425127714454,0.1097705482214417,0.1927495521561317,0.0671109694871872,0.018023059020047,0.03353462283680736,0.3111898906115536,0.668782819420937,0.611268642156406,0.1475838573573173,0.11302049048678,-0.05619744425727229,0.02621592934922261,-0.1364013038322783,0.003923732061904267,-0.007113322521701903,-0.0216956943736225,0.6159938310576948,-0.3878243134184671,-0.2782802601619059,-0.0002196445013150789,-0.000274155632702319,-0.007944554676436042,-0.004329398099197582,0.006721070748948208,-1.990185324799063e-10
0.04025725150149402,-5.625912865577907,0.7131054023180887,0.05724303006961007,0.05045110984500984,0.7592329763738066,-0.646330572238717,-0.3566874406437398,0.1451210019355673,0.3327792751098059,-0.04326508747881314,0.1143733316483411,0.1854844663782202,0.09268116680691808,0.04506665191126866,0.03350506740818519,0.2238221457526889,0.7382573447293809,0.6322021014614948,0.1799201778512703,0.1910431783612777,0.02673474452809715,0.02880302280821,-0.1373574710022595,0.003961255453673554,-0.006418715404991807,-0.007812223279419376,0.6617634088457215,-0.3973527275703372,-0.2801908315536205,-0.000191052926705679,-0.0002421802694412094,-0.005171944341247145,-0.002421853317218226,0.005376856599052531,-2.631433792560725e-10
0.04208709499747515,-5.669192416791191,0.7024227124687218,0.06721982912352475,0.05791646286494657,0.7579304574150622,-0.6462728523034308,-0.3148638547140246,0.1363045028732738,0.2907912118721386,-0.04265845635800302,0.1260982372272683,0.1943843672238354,0.1117124923141238,0.07235265177115921,0.03279413477514381,0.2340894932634032,0.8802557979556773,0.6331723283126331,0.2081602267715979,0.243568393812414,0.06782210287062305,0.02728492426585237,-0.1430482797818678,0.003131702949750484,-0.003113164801964384,-0.01450076270209805,0.6953198727502463,-0.3844253967073759,-0.2717886869442185,-0.0001515243618702232,-0.0001948807699668982,-0.00094169895982325,-0.0001449662630270389,0.00430148527924693,-3.853751464505021e-10
0.04580531160226567,-5.712615669405532,0.6852104067790019,0.07913379042960336,0.06990797563054668,0.7574137911410441,-0.6443408004657422,-0.2783069002565656,0.1073745387920362,0.2353174918665042,-0.05934390449570977,0.1161241980972729,0.214243009824774,0.1172818748980055,0.09290336503459345,0.03167872253734721,0.3123674363451393,1.082657361439367,0.5922765202266205,0.2320607113894318,0.2284383140710577,0.07310285668951361,0.04026396631727863,-0.1621262257371995,0.001015177082366092,-0.004472775685458268,-0.02965211680516114,0.7194046294118822,-0.3374932636002964,-0.252247304731587,-0.0001397493791544828,-0.0001437172462359818,0.005510765290731793,0.002429206398872659,0.003441188223395414,-6.099653724854706e-09
0.05229059668379855,-5.749506377637712,0.6638194806817695,0.09193353699598451,0.09173317431134023,0.7536653922095972,-0.6442994071794008,-0.2759105393996086,0.05593147920879519,0.180625472095155,-0.08613864135070391,0.09099118924969551,0.2697969487382302,0.1352077463857548,0.1015867814893111,0.01823347283488315,0.4854074802229481,1.314068190881108,0.5234742166469243,0.2294956131673959,0.1000799701570382,0.05285904299124285,0.06134488330349387,-0.1741579719154802,0.003067191913088288,-0.007196379456686777,-0.0553939126092684,0.7310229760762803,-0.2806655002715078,-0.2296642946279494,-0.0001682188963866507,-0.0001044770331740546,0.01002080348765539,0.004107250822954801,0.002752950578669952,-7.613566756526465e-09
0.05595116859670879,-5.776386149533222,0.6469903726024995,0.1050541452046659,0.1136977276193402,0.753679262843475,-0.6387519252959097,-0.2958157430560101,-0.01632105098340897,0.1173570328481942,-0.1022577377534352,0.07170647977880149,0.3480992865374851,0.1365885325705328,0.1229197608279799,-0.0146601051540234,0.6886070431350311,1.523090364602261,0.417933486758696,0.2013370700956359,-0.05271284439586041,0.01840097740064333,0.07911869482763136,-0.1837985366652636,0.006291015339768074,-0.009403584713811784,-0.07897732661735896,0.7141657652855453,-0.2040273499261112,-0.1795212172698195,-0.0002102892687746106,-0.0001099219584426312,0.01479349025815967,0.008459101749665653,0.002202360462929964,-6.149445821322107e-09
0.05723541259876243,-5.7975194912257,0.6386345169060852,0.1131928936552919,0.1218516841615835,0.7510904846957502,-0.6389073639366121,-0.2884578305651301,-0.1105416309320132,0.04687367856301512,-0.1050680788116537,0.07857888307314341,0.3994564239730547,0.1358327082363514,0.1398922672301564,-0.05127206397401617,0.7956037653404121,1.651793170606148,0.3177952164834828,0.179545105487944,-0.1534890226468213,-0.03980395775914235,0.08086526216927413,-0.1673518139420348,0.004185257083496865,-0.009452374029989561,-0.1812410140984854,0.6748537167347288,-0.1296329724012391,-0.09551379997508425,-0.0005241137817118721,-0.0002066535542602905,0.01693335983460577,0.01498798066158685,0.001761888415537105,-6.16282193518418e-09
0.06199360733104316,-5.810429408808255,0.6382611978655119,0.1138964742955254,0.1220721722071688,0.7452782491132797,-0.6455124393180321,-0.2813283919580815,-0.2142241817161527,-0.0109278371736486,-0.1059429330384827,0.08437857427649334,0.426019178803564,0.1482697614728843,0.1535978694283949,-0.05987149725175363,0.8433622667377473,1.690387549873372,0.207880746033608,0.1796811336224618,-0.2160929868475092,-0.1030651615601959,0.1393511930169665,-0.2045856404325316,0.003203463349945891,-0.009233167579138817,-0.2659397827883845,0.6446150315833697,-0.1048081762285879,-0.03824074271466968,-0.0006304584996578808,-0.0002509186667160336,0.01165072547857207,0.01479862965804437,0.001409510732419202,-2.037255668099603e-08
0.06444164948463325,-5.826467993840742,0.6438350649617902,0.1094472417291892,0.1185912993524475,0.7433487919837597,-0.6491455757009021,-0.2652021280060393,-0.2969120856009134,-0.06011325034982489,-0.1134994585731424,0.1089513762508929,0.4202343595262374,0.1456081554101556,0.180655140094266,-0.06866929216367702,0.8470517544501327,1.656253294090085,0.1126406439543685,0.1688173271430158,-0.2562291197480394,-0.1514710249654894,0.1688779437131394,-0.2442326318706191,0.003280763110748797,-0.009453332450400606,-0.3573781488778586,0.5394853500798087,-0.1083878806134859,0.04523819598903939,-0.0006083455793749976,-0.0005810286846158098,0.005387303039439331,0.01811208213876322,0.001127608585934609,-1.632586380725528e-08
0.06818231395603551,-5.837912179238243,0.6545196541984406,0.106573143237007,0.1079864466198211,0.7415816323888366,-0.6534812736341551,-0.2466127423169335,-0.364203453968781,-0.08702844140232302,-0.1152057134247237,0.1193938165320541,0.4141257776673878,0.1332128357455181,0.1874671898480824,-0.05499990618580852,0.8113830404572114,1.559585408979911,0.02055525731565212,0.1758486209323452,-0.2747862663821886,-0.1918565933632739,0.181117170478498,-0.2491788363191229,0.003311491056654123,-0.008960104775081388,-0.4454784813734574,0.466951124732886,-0.1122895972853779,0.1388557834374866,-0.0005279445680129956,-0.0007799618675612378,0.002202135279380816,0.02106894632453942,0.0009020868687116871,-1.663776365841119e-08
0.06701343948321989,-5.848997563459225,0.668163658368941,0.09862634918443512,0.09475349553809118,0.7429673954919221,-0.6552053628945756,-0.2253301482953022,-0.3956517100956695,-0.1015376753963764,-0.1138578452240541,0.119239702069418,0.3852631244979847,0.1173884656309377,0.1749106806243742,-0.0493267138337431,0.7490229695469585,1.412038742420639,-0.05318115704986188,0.1866669214887515,-0.2769506824803311,-0.2252683630415727,0.1685529018682981,-0.2484068454722677,0.002728229699342952,-0.006822167359001321,-0.5377858044550633,0.3962187983958331,-0.1023779443680016,0.2423266289073041,-0.0004670373460389627,-0.001134751532172296,0.002357454206238128,0.0190362680388987,0.0007216694949581403,-0.009619710082798074
0.06705237048724992,-5.859620486646974,0.6806437255716992,0.08908233124101753,0.08275847147392851,0.7465409272686676,-0.6541345561677677,-0.1977140656865617,-0.4163721874746013,-0.1077992956064512,-0.1167626333842844,0.1083273243091673,0.3508326023231568,0.104662622894578,0.1556591048024422,-0.03726260416194016,0.6718295195671108,1.263774664953456,-0.1039632360416829,0.1753487964838804,-0.2676638362523255,-0.2402480572866215,0.1405552194796256,-0.2212118920624226,0.002433345086628287,-0.007502346508226085,-0.6420235459975381,0.3495062075231626,-0.07921494259406855,0.3216880486747362,-0.0004607933761530977,-0.002096176033844429,0.004104040220444507,0.00689555118051724,0.0005773355959676568,-0.03616704937206743
0.06939260497958298,-5.869092401821985,0.6914053399934496,0.07833493694799171,0.06943271277034546,0.7474947390120343,-0.6559682547197201,-0.1721752556184884,-0.4167362809451229,-0.09965660270657817,-0.1222634372827152,0.09348704873153034,0.3140724335190219,0.1007994055864023,0.1371337632705027,-0.01875101914971795,0.5864759080578894,1.096785032710294,-0.1462175574088466,0.1884983706989266,-0.2654445051082429,-0.2392014804460617,0.1257969378724365,-0.2251955316164982,0.001651616927533374,-0.006941583475070156,-0.7210477391729886,0.2835085521636804,-0.0583613411679842,0.419927362556149,-0.000444434084732685,-0.003806588320358079,0.004674387312450789,0.003048672422507687,0.0004618684852424655,-0.0716173979487422
0.07066599684118482,-5.880109413673171,0.6994416044297361,0.06968835725925579,0.05876981094512525,0.742761901516268,-0.6633207367781582,-0.1433234594893284,-0.3945135265649241,-0.0885527704409864,-0.127022325844233,0.07669325946016387,0.2811616299142105,0.09884592084158236,0.1200382101990215,-0.001805149889643554,0.506624020338357,0.9366565485858745,-0.1833873963041441,0.2123589116436031,-0.2524326489761508,-0.2309646195749882,0.1125553027109034,-0.2414507136998664,0.001344350270823993,-0.005029484659893496,-0.7857435642949432,0.2323672240382193,-0.0417447429957957,0.5442260225263735,-0.0004143083991421071,-0.005194988726856801,0.004419700695132061,0.01016861000154837,0.000369494820201212,-0.1056957046875407
0.06865282000272456,-5.887975498545416,0.7034722043019125,0.06240396544462051,0.04737699340044385,0.7403763411536347,-0.6676106942321083,-0.1245558245927446,-0.3630389098248071,-0.07153202863479075,-0.1227647278830953,0.07210034629012751,0.2561750652318503,0.09524295848928983,0.1034294865351949,0.006272359775157935,0.4423951204677683,0.7992782753262666,-0.2097247029045187,0.235168635849751,-0.2418904157849847,-0.2121236978251733,0.1176753225083788,-0.2317330477248069,0.001184408107241847,-0.003909203053064677,-0.8325634527373046,0.1882536344996161,-0.03685985418113154,0.6581859520515353,-0.0003588324589578235,-0.005707229943692731,0.00280919641154957,0.01711631961187606,0.0002955958628212696,-0.1305828330742645
0.06604780317468482,-5.897201807436938,0.705927577132325,0.05964486717220991,0.03880628240046703,0.740191627358025,-0.6686201590255437,-0.1038342370799172,-0.3201999527323283,-0.05147249385980723,-0.118797985615091,0.06314492355267069,0.242700304170316,0.09109358284969371,0.08163562200248288,0.01556515432845079,0.3992344672293453,0.692533646224705,-0.2194932725383259,0.2521699711058984,-0.2474141542890292,-0.1860061059550289,0.1251271343119467,-0.2278115936869235,0.001619123614430638,-0.004597546897574097,-0.8638106421826368,0.1687269294311073,-0.02658085550232301,0.7503806032363349,-0.0003046043804509383,-0.005127912773925714,0.002695410318229309,0.02113361219921307,0.0002364766980334853,-0.141841987521915
0.06656290747836187,-5.907132538396282,0.7054625231019476,0.05700013628428509,0.03465042949495693,0.7380871108400064,-0.6713998428740061,-0.08786790483657408,-0.2724719630757874,-0.02547319235937118,-0.1168401086964104,0.05554876223661933,0.2324451377606118,0.09063001211118897,0.05772461643378531,0.02477642480573164,0.3761564855022199,0.614905792934651,-0.2149968466388676,0.2688955078958518,-0.2550802031086503,-0.1776966505659976,0.1399763339383575,-0.2134522543300504,0.001397866304315347,-0.004516066336195028,-0.8838467784891103,0.1429705864593415,-0.005128813765028109,0.8489318283297367,-0.0002606868773870986,-0.004083636105041728,0.004053264678112209,0.02659928050750766,0.000189181387901952,-0.1496004411067734
0.06206119028724278,-5.915180541326685,0.7038525065828664,0.05466799267212686,0.03327335157546037,0.7374000179592585,-0.6724176590228883,-0.0761763469471587,-0.2279497219455281,-0.001280598199487717,-0.1150716631167864,0.05228961164084888,0.2284004901849486,0.0924432155495829,0.03262184096197247,0.02068250020575728,0.3682627437794631,0.5546456958348946,-0.2008126656205709,0.2739501950130593,-0.2675584647641884,-0.182704696379731,0.1587336530587043,-0.1941793042714435,0.001365285964163169,-0.004327455614813743,-0.8941133517484863,0.1281652048490142,0.03289151980081372,0.9367126896076189,-0.0002233901233134053,-0.00284959833420648,0.006833665029147909,0.0286557153579364,0.0001513451456962189,-0.1465590569386135
0.05537618680473399,-5.921777544829312,0.7028216415992405,0.05272743561116965,0.03377393149857427,0.7378732372443899,-0.6720284405019508,-0.07065735070962097,-0.1945234389684636,0.01615622879003659,-0.1114898040816356,0.0551251118073833,0.23175222234667,0.09036890577148766,0.005861531768247737,0.01066077230709681,0.3746700044489683,0.512939639643925,-0.1731794031819867,0.2621224761752142,-0.2802158139620203,-0.2004131496108529,0.1811689000569087,-0.1712769448457367,0.001236035953680468,-0.004438743919932597,-0.8919668258763616,0.1155006379519959,0.09630259759621033,1.023931405254986,-0.0001737534746756359,-0.00149164000922136,0.01144399834498358,0.03103764513947175,0.0001210761528192096,-0.146302316474078
0.04861532852996139,-5.927861706037736,0.7037326125015178,0.04917883553054898,0.03505576227027867,0.7353528257794941,-0.6749879682524882,-0.06461841162713944,-0.1641731086737392,0.01911112172581281,-0.1103781077691761,0.0613892319719038,0.2328144507429404,0.09587769069748397,-0.009474122297550598,-0.004723573830917305,0.3803829964093077,0.4776751390619797,-0.1351895727937513,0.2421848249594383,-0.2865140393862209,-0.2119689253748048,0.2046411106320297,-0.1485405868975185,0.001578474208312489,-0.003694192547904047,-0.8779115304956294,0.1022884978760729,0.1843807950463129,1.096411041842674,-8.833923189637538e-05,-4.59868085310058e-05,0.01688178602879243,0.03178396771551655,9.686097303042903e-05,-0.1505361276001571
0.04444876012015679,-5.933729804143306,0.7057263501598557,0.04780606397694279,0.03394668408227754,0.7361308651164091,-0.6742948556157147,-0.05871312998010948,-0.1383129820870207,0.02322533969901856,-0.1046227241423274,0.06629751239432921,0.2298249333190838,0.1002979637600706,-0.02401501315914856,-0.004469925521492799,0.3789663252852203,0.4394628591676248,-0.0876456188942515,0.2198755049770716,-0.2898322141089654,-0.217062395831448,0.2231467568029163,-0.1440374988002291,0.001595161190966923,-0.003417602080026329,-0.8558712364864306,0.09106734036761834,0.2866852387650738,1.141356286023342,3.477079597955871e-05,0.001402539648086235,0.02142054702485461,0.029147442176416,7.748905302397853e-05,-0.1586357414556093
0.04094622618654556,-5.938082426068469,0.7078058920866442,0.04415379888832834,0.03167443519767955,0.7344328434530435,-0.6765024542868374,-0.05118201669867842,-0.1157780611253301,0.02390540918194739,-0.1012598409350569,0.0674604173342442,0.2231026108899972,0.1021853110210051,-0.04147510640664503,-0.003731155871537833,0.3619577849638534,0.3964977022492465,-0.03949635189134445,0.1960700929515435,-0.2884864153477191,-0.2182920186014554,0.2367031446287232,-0.1455268676311055,0.00121071154656741,-0.002976947413433187,-0.8167737043863439,0.07844282936137865,0.3952864003199019,1.16508914267783,0.0004193422540401703,0.002366571186274318,0.02241906792250489,0.02380974294901572,0.008920954112991137,-0.1661920481012857
0.03371926248815005,-5.938957842187804,0.7089892109817726,0.04096836018887982,0.02315112927681731,0.7365667876641756,-0.6747258598769723,-0.04817580706386625,-0.1042204730404241,0.0315470800331638,-0.08476631189178044,0.08404998982806657,0.2127850905275026,0.1043832872014355,-0.05650708362918836,-0.004641698956536341,0.3325111955178209,0.3504246254446737,-0.0006815972720945557,0.1705595199138668,-0.2903430875303631,-0.2113033445568314,0.2623804688655714,-0.1455846525154733,0.001164876364774127,-0.002049933738762587,-0.7462605122651872,0.05992657796370651,0.4961950937784847,1.188103912951398,0.001362016975476231,0.002269880451154963,0.02213616234979651,0.0176631573960481,0.03725549474457402,-0.1581787336844712
0.03272683282404279,-5.94204804632215,0.7095752367391754,0.03646118213239306,0.01582417848161684,0.7316917215492978,-0.6804758645162333,-0.03573066074808761,-0.08931527267368151,0.02000838965766528,-0.08273362619398876,0.08942790232469239,0.1953868784177025,0.1031207926532497,-0.07301672669425012,0.008153314030240218,0.2868659408871908,0.3032365016021019,0.0489986998548814,0.1508206386671634,-0.2882940154186615,-0.2033495085954731,0.2689461290462396,-0.1523866657457396,0.0007705967636236186,-0.00165710416740276,-0.6946255065567931,0.04052537655629815,0.5679183592203957,1.198076949722234,0.002992856609305722,0.002027776290797701,0.007272098356759554,0.01207283229450679,0.05913952076812643,-0.1557237625076331
0.0349037340772874,-5.946628523714486,0.7094203206900843,0.03087130712395545,0.007271628754988777,0.7253586056610061,-0.6876401522636888,-0.02397306448758604,-0.07162507196539314,0.005568522660414884,-0.08417280005790428,0.0921852448031268,0.1695175328948248,0.09743619884207802,-0.09089251054633909,0.02307730433540156,0.2379849962803902,0.2543451675863876,0.08980442250060691,0.1350635921371467,-0.2827200891766196,-0.1971997474342614,0.2747096559941197,-0.158095823505559,0.0002094922807800899,-0.0016110610133574,-0.6220030725414074,0.01883940012199518,0.6406494351588833,1.197931732765587,0.006000268342437791,0.001516242969913004,-0.004219785561230129,0.006520087617614547,0.1053364768099119,-0.1582763855613222
0.03348121993224962,-5.948821380069858,0.7094501493909867,0.02658237515933717,0.004731250691505762,0.7158586273413957,-0.6977230240279271,-0.01762842432380506,-0.06250464204431234,-0.02165568027462313,-0.08383633228509714,0.09324878249972683,0.1597685984326983,0.09021571349046978,-0.112522552711758,0.0267658600057778,0.2018180183627457,0.220570862349085,0.1170739169374654,0.1105505334082639,-0.2683241258196499,-0.1902894680757448,0.2674524457405765,-0.1539494590433511,-0.0001280102455834329,-0.001935135166672448,-0.5591760047285992,-0.002686269944004298,0.7151442094884952,1.190223472255474,0.008436236852510678,0.0006375149129637541,-0.00528949352061621,0.000779727288403729,0.1454039455785167,-0.165920364728859
0.03009182800498876,-5.949801395545471,0.7093193516826071,0.02207619514059397,0.003427634757482731,0.7197661689787777,-0.6938570133116027,-0.007477034092640586,-0.0506020777108275,-0.0240226438000358,-0.08666712939098647,0.08831557694144489,0.1520132113537954,0.09270183509087757,-0.1386889426371049,0.01830864767771427,0.1730406184678312,0.186908018808788,0.1422867229655841,0.08216661130429896,-0.2543285432850579,-0.1743552831374389,0.2713621690331264,-0.1386122447296004,0.0005018278578218458,-0.002190030811304183,-0.48725601393013,-0.01976307373722831,0.8148951989967251,1.175263094758883,0.008542470037148355,-0.0009011903187003473,0.006006840887340836,-0.006014906860238324,0.1607866989227554,-0.1725911399226926
0.02462098118630041,-5.953658155251269,0.7096390523945904,0.01860744618203839,0.003993031703370505,0.7191067840466764,-0.6946389362700922,0.008484718777580747,-0.03653397911339516,-0.02568361329791648,-0.08640131697825713,0.0917976898770982,0.1450226318987322,0.09623903126202908,-0.1588825040916512,0.009150403924965463,0.1437082140113969,0.1593576544081077,0.1595184576729095,0.06493531494648581,-0.2399655911238857,-0.1641070222471363,0.2539496780610954,-0.1199292171688999,0.000524285642845743,-0.00177418375271181,-0.4181618501156214,-0.03755905342604472,0.8920952931339036,1.166066882624647,0.008460335189268166,-0.002950535257597313,0.01055720506544768,-0.01125105989197085,0.1792518208805694,-0.1795871153492012
0.02023128214798132,-5.956223368350771,0.7093351252616481,0.0169091446107095,0.004792750868788592,0.7162733555420331,-0.6975984450299472,0.02262053198475078,-0.01949023638500328,-0.01156318893828209,-0.08421993233119991,0.09574627108534986,0.1425005415557163,0.0990361738513357,-0.1783083906002683,0.004256786304801185,0.1204698941030146,0.1334721077943535,0.16633901264642,0.06655834224059559,-0.2274427524620013,-0.157956361129371,0.2357929461373604,-0.1087571629926633,0.0003535444054534329,-0.001596650153339037,-0.3605383821255312,-0.05750221990632215,0.962160773449188,1.166470905334335,0.007963192406227641,-0.005022718616357892,0.013722671621664,-0.01384219714005633,0.198726840607828,-0.1866380162733441
0.01831992248889452,-5.959927565081562,0.7087100539297568,0.01577222843863048,0.004811901723075512,0.7158084001746478,-0.69810201020431,0.03301452896952733,-0.003428208028660325,0.002581716885754278,-0.08382603092200215,0.09890337568848392,0.1358461100026021,0.1052625412862613,-0.1928144621717849,0.004628057256296437,0.1079828354642562,0.1103976923877784,0.1695023900016541,0.06121135740404861,-0.2192984505337209,-0.1546150092476012,0.2145900386558812,-0.09799411889281881,0.0005199873568503178,-0.001161315672782908,-0.3091856523122012,-0.07528259551723183,1.020610365275447,1.166341772968028,0.007191762554582806,-0.007371381677568204,0.01494449735881011,-0.01683252568419532,0.2176396423746739,-0.1928434523673741
0.01732524291405976,-5.962707073657896,0.7088025440552412,0.01626121164247602,0.003874557415294712,0.7169551296380631,-0.6969188639191957,0.04251431665679773,0.007852252202400255,0.01937398631593627,-0.08632362399042112,0.1002556656647326,0.133962382369472,0.0913848431546183,-0.1956200667174798,0.007587889153465862,0.09938602187952636,0.09490355534762181,0.1651363754155227,0.05942260781349789,-0.2229499880442276,-0.14892754552287,0.1919129565363381,-0.09062318055034257,-0.0006858259382398743,-0.0003007172122521074,-0.2589534051236242,-0.09172018689921384,1.069040268833217,1.163003690009576,0.006431981521666806,-0.009511566174522309,0.01467622374783351,-0.01948047644392469,0.2399599369558706,-0.1954029696909589
0.01471238348140069,-5.964830394377495,0.7085898934928534,0.01543285716193944,0.003972236923414069,0.7132521585237491,-0.7007263421727887,0.04682280860083647,0.01664058101459761,0.04280312982014008,-0.08598715451187752,0.1022999336477234,0.1328874427913158,0.08218504459854366,-0.2033413728453303,0.008474659035692146,0.09424098495789011,0.08396713268879417,0.1477740512632129,0.06766965706216377,-0.2246687218184392,-0.1470495003723685,0.1725758593955707,-0.08480260917262997,-0.0006264916027991619,-0.0003918051613066485,-0.2125112004409034,-0.1096116663813313,1.093646569533084,1.159968498207174,0.006420280471572909,-0.01160287176772722,0.0098007054150606,-0.02178788165125668,0.2608954034209174,-0.1993760500785544
0.01374593358630045,-5.965694648570055,0.7083620615839896,0.01563250610050809,0.002732026772565486,0.7113425962285957,-0.7026662590259281,0.04939938936425983,0.0212185697589797,0.05921960490605195,-0.08413271370211033,0.105165433179392,0.1329641944019906,0.07537425423355155,-0.2100564228528147,0.01319957433564144,0.09082042998942856,0.07745541897918612,0.132872123613982,0.0729850334810964,-0.226620542154966,-0.1457270426559416,0.1512086611861551,-0.08088091707073622,-0.0004463820709415961,-0.0002908356361455926,-0.1677015584043914,-0.1275923096505547,1.09585420468808,1.155587203818095,0.007829384594565867,-0.01370517130589626,0.00118911619356887,-0.02411594296479547,0.2836220162199616,-0.2042478108492592
0.0119930847525565,-5.96704037391996,0.7083810855767431,0.01509982547894284,0.001984410634993094,0.7096030576136861,-0.7044370504241275,0.05021690879270681,0.02353096058317892,0.06911346457965785,-0.08240032381872421,0.1073987880143428,0.1333390490270371,0.06964720922205823,-0.216533802712566,0.01416757561641041,0.08925381973766625,0.07397739434167544,0.1214699922175804,0.07698171849944421,-0.2283207798814438,-0.1454002640174892,0.1295945008022347,-0.07460170384441284,-0.0003454716051861422,-0.0002370722482790179,-0.1218900772961245,-0.1449827395581817,1.084560221343851,1.149702882790075,0.01138179564031002,-0.01587569430206334,-0.009456799911308546,-0.02652082954314042,0.3102136216515832,-0.209694024029387
0.01206177684859344,-5.967625306413639,0.7082705383330854,0.01438006104715114,0.002493135252129052,0.7087635629313598,-0.7052951226130373,0.05112502098346793,0.02440737025433607,0.07438652922209563,-0.08286420384415227,0.1070498505049243,0.1359568909814725,0.06473249577489368,-0.2223112513944751,0.01463786761074318,0.08867958689962019,0.07348185654435936,0.1184933947716671,0.07892621068104072,-0.2289222600355554,-0.1463337250243054,0.1110608783693409,-0.06779708879362246,-0.0003052922643831818,-0.0001990050024489302,-0.07850880708580606,-0.1619964049902518,1.074667265224156,1.141590871304572,0.015890022770341,-0.01813122630926343,-0.0172499786109629,-0.02906872833369421,0.330813587655834,-0.2152341169766707
0.01218512155609106,-5.968778345142272,0.708163022988028,0.01456717739093225,0.003498360515898083,0.7088084770225381,-0.7052418746200142,0.0533396947945005,0.02612188263332417,0.07622054146029038,-0.08426950008479209,0.1053740447825211,0.1396440221191547,0.06147525963951325,-0.2271995806713676,0.01467710962225596,0.09038751723459708,0.07600886493106021,0.1223182240161882,0.08107520457861189,-0.2294162853827238,-0.1484950858115397,0.09835853440007977,-0.06277362525215599,-0.0002173320652115754,-0.0001617781019693696,-0.03894703038739798,-0.1777777600451839,1.070075004527483,1.135170367218233,0.01975971705613823,-0.02012505859277983,-0.02070917245856108,-0.03031004996759418,0.3411516284482027,-0.2190125103708497
0.01408864796639355,-5.970057103189921,0.7080566025258541,0.01417043917542178,0.005118707556449428,0.7096989552917532,-0.7043439432154729,0.05728381071481761,0.02836528267354359,0.07415738946903883,-0.08786225876510122,0.101516725638281,0.1426114523509633,0.06012491626866986,-0.2315348381272229,0.01459333851788579,0.09043315889444901,0.07842149934674049,0.1272532341198084,0.08228136839111161,-0.2288560919568073,-0.151610112142942,0.08817932761767182,-0.05944562677863757,-0.000147478142094896,-0.0001626178717337549,-0.006464927019649153,-0.1918483618446484,1.058023272062232,1.131174143207099,0.02205794747102374,-0.02171777102259875,-0.02229140647807447,-0.03038883470789517,0.3345427596889975,-0.2205916566758733
0.01444841130195969,-5.970731520320022,0.707955198285417,0.01391983643691805,0.006160012676618355,0.7095479923328151,-0.7044926819874461,0.05982648955405206,0.03017159040432565,0.07241124980645695,-0.08973134665919008,0.09944298303699087,0.1455356154121318,0.05915163428551679,-0.2358720720110687,0.01410276320217051,0.08996322933106689,0.07968367724936419,0.1297475113738294,0.08365266040192298,-0.2282902797328426,-0.1550794825189754,0.08027617482543206,-0.05623150536182348,-0.0001336549930293803,-0.0001716175775723091,0.01962352357538952,-0.2052093788200974,1.046485242755175,1.128041387215016,0.02368394195084393,-0.02313572908610544,-0.02295775583276542,-0.03051157875631188,0.3226718066515749,-0.2220148138820174
0.01552685861886543,-5.971694969280771,0.7080433900778048,0.01393478163838733,0.006898906766450051,0.7094106732752417,-0.70462381707496,0.06132408395297698,0.03180495595235548,0.07010918797924243,-0.09105970108966564,0.09809140593870912,0.1472077908822677,0.05770893422969431,-0.2378062303321366,0.01516971528418153,0.0906172764981989,0.08036384081814471,0.1301992350474056,0.08439920293980255,-0.2278928135852947,-0.1578456109418474,0.0725554675321009,-0.05277100173481016,-0.0001666872256023296,-3.864881963939666e-05,0.04007511080864046,-0.2189883736445419,1.036824138988209,1.124019154563569,0.02492054193488646,-0.02464180715615468,-0.02330694934448915,-0.03144258814414355,0.3089967363848271,-0.224508948611729
0.01551003590967422,-5.972537095683355,0.7077844798595468,0.0143693033828497,0.006748902642623065,0.7097771064913855,-0.7042474242296726,0.06399069769464387,0.03476068590022863,0.06955431111848552,-0.09034488643773882,0.09912823863394142,0.1480239547121485,0.05640890536457842,-0.2398672282309939,0.01746217361279844,0.0897309360719348,0.07887201309439808,0.1302847459582531,0.08267286337049878,-0.2289102809608805,-0.1605404928467059,0.06661829093974483,-0.0510034738065645,-0.0001644045879694866,-2.040081416822063e-05,0.05478285924638176,-0.2324881386429373,1.030052769706023,1.126776275767641,0.02554819121318962,-0.02626474577539949,-0.0229449158541265,-0.03154602317388017,0.2933813675948263,-0.2278489137189137
0.01545055621726881,-5.973201364440809,0.7078805718623299,0.01452454569852977,0.0068843352154262,0.7102147556490788,-0.7038015660391871,0.06525836175721271,0.03655817602195016,0.06799767289777083,-0.08975707960654018,0.09976267408828553,0.1486881745637154,0.0561337623987198,-0.2421450867199326,0.01780793697273996,0.09048623028088672,0.0781827447807352,0.1272993671522568,0.08153514124954055,-0.2301443210103114,-0.1620356749482497,0.06149647662555895,-0.04934209349428929,-0.0001035620916447201,-2.541012501585721e-05,0.0686609689009415,-0.2448509402141517,1.025380335521797,1.130606771840625,0.02594750326208407,-0.02766717659261404,-0.02281699940382874,-0.03144322438664265,0.2786190835547102,-0.2302645198427247
0.01525948307497223,-5.973403103322307,0.70798298809796,0.01467187448283705,0.006862844659951636,0.7104636200056144,-0.7035474981199573,0.06582947779158572,0.03748874783766117,0.06544270175474118,-0.08973822046071453,0.09970503613602542,0.1501274907497034,0.05677407071678332,-0.2438333296806263,0.01664883750953069,0.09097851497424778,0.07787988694829499,0.1236195311661377,0.08009089263979677,-0.2310565728505086,-0.162999184222188,0.05847446088148538,-0.04745545647587893,-4.866175441686347e-05,1.50543133035959e-05,0.08049344999392061,-0.2560790792939507,1.023024452254011,1.134433784433527,0.02602965050232326,-0.02882217329132642,-0.02252521044182541,-0.0312856235686024,0.264380877413402,-0.2318552567294276
0.01498625474052002,-5.97282298648702,0.7080259856134955,0.01482713302163731,0.006743729557207629,0.7094792787130776,-0.7045380268763277,0.06481570466764858,0.03671283008362774,0.06380180141925759,-0.08849264253303579,0.1007518449100504,0.1523822264485127,0.05607289627552398,-0.2455561309556496,0.01626073600564608,0.09130960658836802,0.07835621799254237,0.1183801856445285,0.07937138707887256,-0.2317628941787752,-0.1632280182727367,0.05535952344274879,-0.04499466713798477,-9.851558693332113e-05,2.504957975823292e-05,0.0904548941192968,-0.2673907832310661,1.024245301151852,1.13526569808378,0.02682292521912612,-0.03005487835446818,-0.02373370080248216,-0.03216417104085247,0.2578456537641585,-0.2345940141522796
0.01497281232777998,-5.972980765449274,0.7081663222994729,0.01490054424236367,0.006619260891170086,0.7098623154227605,-0.7041517253470116,0.06463033363367812,0.0358261894786072,0.06067630236603403,-0.08812108809154355,0.100957995565538,0.1533082374833233,0.05502348609585193,-0.2468099943742455,0.0159662213254276,0.09157888845596611,0.07981500358600434,0.1131061563254952,0.07908115610726554,-0.2323890160162541,-0.1631963452727795,0.05116379304266185,-0.04292985861261477,-0.0001205929399038599,4.755255251873533e-05,0.09951515144965575,-0.2777914995011469,1.024376573331855,1.135784784408328,0.02760824135711653,-0.03114017669558486,-0.02513927860588671,-0.0327028920855376,0.2522444118347341,-0.2367943919949204
0.01486199599775883,-5.972722467292154,0.7082412068510981,0.0149694043984575,0.006460340979617944,0.7101232593871113,-0.7038885830895456,0.06435446895602952,0.03436205872626674,0.05628847914592269,-0.08782797958152029,0.1009609586728352,0.1541926612679458,0.05474599452766742,-0.247264855581844,0.01548764541900418,0.09171710467170743,0.08171271577394756,0.1090278034029036,0.0784721588812651,-0.2327905756624636,-0.1631796519937349,0.0475441705280048,-0.04110165055322006,-7.825574964107648e-05,9.561796502961942e-05,0.1072870848158903,-0.2871969210614831,1.024148307106789,1.136129917455583,0.0283384547879404,-0.03206141336086362,-0.02643651471987617,-0.03297357889000423,0.2472445185031125,-0.2383685238587557
0.01570286658654356,-5.972541305978507,0.7079936170747544,0.01495578710751854,0.004177880243605923,0.7100909352042994,-0.7039387285050795,0.06299986225990704,0.03117236753384734,0.04979903790097896,-0.0858016097131008,0.1025693288804992,0.1495439316750581,0.05455447262383376,-0.2466037987203047,0.01979286374550566,0.0893407224358161,0.08254990426817141,0.106338157223199,0.08062906467998487,-0.2343299513159344,-0.1629092126795293,0.04079004492670003,-0.04244641897968799,-3.684716151006777e-05,0.0001976945197094485,0.1137405103479572,-0.2962874415557896,1.027680895310987,1.136723219960358,0.02950786101307899,-0.03284568447711642,-0.02790595365967473,-0.03307900379051223,0.2454258952196686,-0.2399124172344202
